image_id,category,ocr_text,human_label,image_path
TE-104.jpg,BRAND_DEPENDENT,इतनी tastyBiryani खाने के बादभी HEAL MY FEELINGS,"[1,0,0,0,0,0,0]",test_images/TE-104.jpg
TE-177.jpg,BRAND_DEPENDENT,"Porn hub 0 Previous 102 ^ 103| 101!* /05N 105|; Last Error: हमारी सारी की सारी videos देख डाली हैंl जाओ कोई लड़की ढूंढो , साले ठरकी| और अब xvideos पर मत जाना, वहां भी सब कुछ यही है, बस नाम अलग हैl तुमने","[1,0,0,0,1,0,0]",test_images/TE-177.jpg
TE-184.jpg,BRAND_DEPENDENT,बचपन में जवानो में अंदर से ख़त्म,"[1,0,1,0,0,0,0]",test_images/TE-184.jpg
TE-195.jpg,BRAND_DEPENDENT,d b पढ़ाई खर्चे जिम डाइटिंग सुबह का रिश्तेदार अलार्म नरक,"[0,0,0,1,1,0,0]",test_images/TE-195.jpg
TE-285.jpg,BRAND_DEPENDENT,जवान बूढ़ा ८> डिप्रेशन इलाज नहीं बुढ़ापा Filfer डिप्रेशन का इलाज जल्दी कराएं; आत्महत्या रोकें| Dr.Pavan Sonar,"[1,0,1,0,0,0,0]",test_images/TE-285.jpg
TE-303.jpg,BRAND_DEPENDENT,मेरी anxiety जब रात के २:३० बजे बाहर किसी गाडी की आवाज़ आती है ये कौनसी बला है२,"[1,0,0,0,0,0,0]",test_images/TE-303.jpg
TE-343.jpg,BRAND_DEPENDENT,HealthifyMe पर वो बेवक़्तत खाया हुआ समोसा log करना पड़ रहा है मेरे फ़ोन ने आख़िरकार ऐप का layout darkmode कर दिया,"[0,0,0,1,0,0,0]",test_images/TE-343.jpg
TE-378.jpg,BRAND_DEPENDENT,"शरुष्च्चाप्य दे दो वरना कोई नहीं बचेगा ! ""0 मसाला -52(1","[0,0,0,1,0,0,0]",test_images/TE-378.jpg
TE-425.jpg,BRAND_DEPENDENT,"७७ख ९0% Charged MESSAGES nOw Anxiety क्या होगा अगर तुम काफी नहीं हो MESSAGES nOW Depression सब नफरत करते हैं MESSAGES nOW Zomato तेरा कचरा आ रहा है, मोटू तुमसे","[1,0,0,0,1,0,0]",test_images/TE-425.jpg
TE-549.jpg,BRAND_DEPENDENT,ग्रेविटी बेखबर ग्रिफिन FT. ज़ोहरा,"[0,0,0,0,0,1,0]",test_images/TE-549.jpg
TE-583.jpg,BRAND_DEPENDENT,Health App मैं custom में मेरी cold recipe बना सकता coffee के हूँ क्योंकि मुझे calorie results ingredients और उनकी अलग अलग calories पता हैं मैं आ रहे हैं यहीं काम करता हूँ ये तो बाकी ये तो बाकी search search results से results से बहुत ज़्यादा है बहुत ज़्यादा है,"[0,0,0,1,0,0,0]",test_images/TE-583.jpg
TE-586.jpg,BRAND_DEPENDENT,"Mut h Cmatrt GOLD FLAKE [|1-31+'2%0@1%""78 -000120900>03071100 ULTRA OCLH TOLL FCCE Kya balanced dieft hai? RNGFISHD TBEVL yeh","[0,0,0,1,0,0,0]",test_images/TE-586.jpg
TE-629.jpg,BRAND_DEPENDENT,Mummy nOW खाना खाया कि नहीं?,,test_images/TE-629.jpg
TE-8.jpg,BRAND_DEPENDENT,"8018200 अरे Alexa, मेरी cure my depression!!","[1,0,0,0,0,0,0]",test_images/TE-8.jpg
TE-149.jpg,CELEBRITY_DEPENDENT,जबआपने bingestreakरीकदीही; परअबवापस Gestrlctngपरआयएऔरखानेकीबीमारी ( ७अभीभीहै०,"[0,0,0,1,0,0,0]",test_images/TE-149.jpg
TE-158.jpg,CELEBRITY_DEPENDENT,"जितनी भी चीज़ें भैंने खोई हैं, उनमें से मुझे अपने दिमाग की सबसे ज़्यादा याद आती हैl किशोर कुमार","[0,0,0,0,0,1,0]",test_images/TE-158.jpg
TE-185.jpg,CELEBRITY_DEPENDENT,"meः *looks in mirror* my body dysmorphia: तू बदसूरत है, घिनौना है, मैं तुझे मौर डालूँगा, मुझे २२००० दे","[0,0,0,0,1,0,0]",test_images/TE-185.jpg
TE-21.jpg,CELEBRITY_DEPENDENT,जब मौत बार बार ज़िन्दगी में आए पर फिर भी hope बना रहे,"[1,0,0,0,0,0,0]",test_images/TE-21.jpg
TE-238.jpg,CELEBRITY_DEPENDENT,काफी फैल गए हो भाई?,"[0,0,0,1,1,0,0]",test_images/TE-238.jpg
TE-26.jpg,CELEBRITY_DEPENDENT,लोगों को लगता है असलियत में depression ऐसा दिखता है ऐसा दिखता है,"[1,0,0,0,0,0,0]",test_images/TE-26.jpg
TE-40.jpg,CELEBRITY_DEPENDENT,नीँद उड गईँ है,"[0,0,0,0,0,0,1]",test_images/TE-40.jpg
TE-470.jpg,CELEBRITY_DEPENDENT,मैं गलती से 6 घंटे की depression nap लेने के बाद रात 8:४६ बजे ऐसे उठता हुआ,"[1,0,0,0,0,0,1]",test_images/TE-470.jpg
TE-141.jpg,CULTURAL_REFERENCE_DEPENDENT,"जब कोई पूछता है कि आखिरी बार अच्छी नींद कब आई थी॰. बात उन दिनों की है, जब मैं छोटी थी... मुझसे","[0,0,0,0,0,0,1]",test_images/TE-141.jpg
TE-147.jpg,CULTURAL_REFERENCE_DEPENDENT,सरकार औहुल्लै की मेरा Jlo मैं २६वीं बार औटियाँ 'हॉट भाभी पिक्स' वाला भैया गूुगल कर रह्मा हूँ The govemment,"[1,1,0,0,0,0,0]",test_images/TE-147.jpg
TE-160.jpg,CULTURAL_REFERENCE_DEPENDENT,मेरी Engineering degree रिश्तेदारों के ताने मैं Instagam Reels oanks॰n,"[1,1,0,0,0,0,0]",test_images/TE-160.jpg
TE-197.jpg,CULTURAL_REFERENCE_DEPENDENT,BGMI में मरना असली जिंदगी में मरना,"[1,0,1,0,0,0,0]",test_images/TE-197.jpg
TE-214.jpg,CULTURAL_REFERENCE_DEPENDENT,"अपना 'fighter मेंटल हेल्थ सलाह अर, इतना ""भाई, सबसे अच्छा ""सिर्फ ' भगवान' ही लाइफ फबुँता नेटं है!"" antidepressant तो तुम्हारे मन की खालीपन 'योग और प्राणायाम' है॰"" भर सकते हैं॰ "" तुफकलाषू नृहमं डुओ है है, सब ""मेरे पास् इसके लिए एक ""हाँ यार, मेरी भी़॰हालत रोना जबरदस्त प्रोड़क्ट हैlक्या खराब है, रमेश' बंद करो और आगे बढ़ो| ' Amway के बारे में सुना है? के बारे में बताया था?"" चुनेंः तुम्हारी तुमने मैंने तुम्हें","[1,0,0,0,1,0,0]",test_images/TE-214.jpg
TE-232.jpg,CULTURAL_REFERENCE_DEPENDENT,दोस्त दोस्त न रहा... मैं तुम्हारा दोस्त नहीं हूँl ओह.. मैं भी तुम्हारा दोस्त नहीं हूँl यह कामिक डंकन लेथलिन के सहयोग से संभव हई MrLovenstein com,"[1,0,0,0,1,0,0]",test_images/TE-232.jpg
TE-299.jpg,CULTURAL_REFERENCE_DEPENDENT,"अनारकली तरह रखो ठीक है, कोशिश करूँगा मुक्ो","[0,0,1,0,0,0,0]",test_images/TE-299.jpg
TE-309.jpg,CULTURAL_REFERENCE_DEPENDENT,Nikocado स्टोर से खरीदें दिल से ऋतिक रोशन क्लासिक हूडी ब्लैक / ४XL विवरण *,"[0,0,0,1,1,0,0]",test_images/TE-309.jpg
TE-33.jpg,CULTURAL_REFERENCE_DEPENDENT,आपने २०२० के भहान कोरोना के दौरान क्याकिया? भारत प्या्ज़ क सोना ताज़ा प्याज़ डिलीवरी मैरा काम बहुत खतराक थ०० औैं ऐएिक ष्याज्ज डिलीवरी ट्रक पर टैलगनर थJ दाुदाजी सँकट बैच्ा,"[0,0,0,0,0,0,0]",test_images/TE-33.jpg
TE-333.jpg,CULTURAL_REFERENCE_DEPENDENT,"३ दिन का चैलेंज लें! old loni Old Olonlt Untriny कोई दारू नहीं फरवरी २९, ३० और ३१ को!","[0,0,1,0,0,0,0]",test_images/TE-333.jpg
TE-342.jpg,CULTURAL_REFERENCE_DEPENDENT,MESSAGES nOw पापा ये CBI वाले घर पर क्यों आए हैं? मम्मी को दुखी किए बिना कैसे मरें   x ALL IMAGES VIDEOS NEWS MAPS,"[1,0,1,0,0,0,0]",test_images/TE-342.jpg
TE-374.jpg,CULTURAL_REFERENCE_DEPENDENT,"चल छैया छैया! Pic #9 - कभी-कभी ऑफिस में बोर हा जाता हूँlये लो, मरी हुई मक्खयाँ Meme Guy","[0,1,0,0,0,1,0]",test_images/TE-374.jpg
TE-385.jpg,CULTURAL_REFERENCE_DEPENDENT,"Fl; तेल शैदा 0 ? कैश ०२ ज़नेग़. २११ ०० हर! DEVF सोउ चिगल नर्गर १ 2 ,0o0.000 लगता है फास्ट फूड सस्ता है? फिर से सोचें| ,0०० भारत पें मधुगेह जौर बोरापे की चिकित्सा लागत चौँकाने वाली हे| नधृरेह फि२ २०२३ में, ये लागत लगभग २१.५ लाख करोड़ थी| कुल रिफाइंड कोलेस्ट्रॉल काऊबर्गर डाइन इन =125.00 २250.00  ऑज्स =  साहज फार्ई <474.00 .000.00 पाउडर A74_00 71,47. .000.  * उपन्योम '  सरचार्ज र1 47. पधारें | थन्यवादा","[0,0,0,0,0,0,0]",test_images/TE-385.jpg
TE-411.jpg,CULTURAL_REFERENCE_DEPENDENT,"काम न करने के लिए, मैं एक loading icon gif यूज़ कर रहा हूँ ताकि teacher को लगे कि यह load ही नहीं होे रहा > IIT चाहता हैः आपकी location जानना 0 Knew your location Block Allow",,test_images/TE-411.jpg
TE-506.jpg,CULTURAL_REFERENCE_DEPENDENT,"मुझे लगता है कि २०२०s के लिए यह बहुत गलत है कि हमें पुरानी फ़िल्मोंरह 'roaring' वाला हिस्सा भी नहीं मिला , हम सीधे depression में चले गए ७:3३ PM 8/20/20 Twitter Web App १,२५8 Retweets and comments 9,५०१ Likes",,test_images/TE-506.jpg
TE-619.jpg,CULTURAL_REFERENCE_DEPENDENT,ही खाने की calories दिन में 7 बार check करता हुआ मेरे कर्मों का हिसाब रखने वाले चित्रगुप्त भैं एक्,"[0,0,0,1,0,0,0]",test_images/TE-619.jpg
TE-70.jpg,CULTURAL_REFERENCE_DEPENDENT,"जब आप भयंकर डिप्रेशन और एंग्जायटी से जूझ रहे हों, लेकिन कोई ' पंजाबी वेडिंग बजा दे > म्मूजिक'","[1,0,0,0,0,0,0]",test_images/TE-70.jpg
TE-74.jpg,CULTURAL_REFERENCE_DEPENDENT,"क्रिकेट अरे, यह थोड़ा हाइलाइट्स अजीब है ओएमजी , पान जीने दो यार| ऑटो मास्टर Cx हेरोइन","[1,0,1,0,0,0,0]",test_images/TE-74.jpg
TE-256.jpg,INTERNET_CULTURE_DEPENDENT,"भाई लोग याद रखो किसकै लिए मेहनत कर रहे हो -Dr0-HL""-[G1+-"" Bi F2wnun TE-ED-YIELTa""""LEEtTIEL[ APPPOINTMENT LETTER -704+41010""7-1""1^ 5000 ccooaoraiwnt 0?""""""""71 Cwemwm ँtcrtet Uपclmultwttr-tr""iitu b-wuutu% रस RuTL-7 Tv T-r mTफ-nwrnitrtawa wrrDu-uuTLTTTIW Wlula7wcatTuEwmto0 {--117+F""v7|""0#""0 {रण"""" -~""-""47|0 मए Oilucrratttँey lt[""lL9n C""""o+{^%""00 Tll aP(८ AUEIEEYn चलो! ङn7""","[0,0,0,0,0,0,0]",test_images/TE-256.jpg
TE-611.jpg,INTERNET_CULTURE_DEPENDENT,पहला हाफः सब सर्फेकुक्छ हीरो की लाइफ में ट्रैजेडी इंटरवल बॉलीवुड के बाद बॉलीवुड फिल्म,"[0,0,0,1,0,0,0]",test_images/TE-611.jpg
TE-90.jpg,INTERNET_CULTURE_DEPENDENT,"लड़काः मुझे बहुत डिप्रेशन है थेरेपिस्टः हाहाहा! वाह वाह! क्या शायरी है! लड़काः नहीं , सच में डिप्रेशन है थेरेपिस्टः वाह वाह! क्या एक्टिंग है! लड़काः प्लीज़ हेल्प करो आपके पसंदीदा ' दुखी' मीम्स की कड़वी सच्चाई","[1,0,0,0,0,0,0]",test_images/TE-90.jpg
TE-107.jpg,LANGUAGE_DEPENDENT,"ये ले, भुगत! हाहा! तरा पोपट हुआ! मैं तो मस्त शिकंजी... आआआ! हाय! ज़िन्दगी जिन्दगी चटाक!","[0,0,0,0,1,0,0]",test_images/TE-107.jpg
TE-14.jpg,LANGUAGE_DEPENDENT,मैं बिखरा,,test_images/TE-14.jpg
TE-170.jpg,LANGUAGE_DEPENDENT,जब ०.०५ सेकंड में मूड खुश से एकदम उदास हो जाए *डिप्रेस्ड पलटी*,"[1,0,0,0,1,0,0]",test_images/TE-170.jpg
TE-175.jpg,LANGUAGE_DEPENDENT,"Haleigh @Satansplusone कभी-कभी मैं भूल जाती हूँ कि इंटरनेट वाले 'sad jokes असल ज़िंदगी में लोगों को हज़म नहीं होते| मैंने एक बंदे को बोला, 'काश धरती फ्लैट होती तो मैं कोने से कूद जाती' , और भाई साहब तो सच में टेंशन में आ गएI",,test_images/TE-175.jpg
TE-251.jpg,LANGUAGE_DEPENDENT,"को लगता हैः हवस मिटा रहे होl 4C1 असलियतः डिप्रेशन में हूँ, बस दिमाग का 'केमिकल लोचा' ठीक कर रहा हूँl JLYTHL दुनिया","[1,1,0,0,0,0,0]",test_images/TE-251.jpg
TE-259.jpg,LANGUAGE_DEPENDENT,Killer कोई आखिरी इच्छा? Meः शुक्रिया Killer मैं तुम्हें मारने वाला हूँ! Meः पता है... इसीलिए तो किलर औैं किलर,"[0,0,1,0,0,0,0]",test_images/TE-259.jpg
TE-268.jpg,LANGUAGE_DEPENDENT,दही JAKE * CUARK TUOBUR खायी खाया,"[0,0,0,1,0,0,0]",test_images/TE-268.jpg
TE-306.jpg,LANGUAGE_DEPENDENT,देख रहे हो विनोद? अब ये पेंट भी ढीली हो गई है! ढॅंस eट> पतले होने की Vibe ही अलग  ब्रो! जोवनायेंस कॉप IN5|6N|4,"[0,0,0,1,0,0,0]",test_images/TE-306.jpg
TE-362.jpg,LANGUAGE_DEPENDENT,कहती है ७०% पानी हूँ is HzO पर अंदर से ३०% ३०% of me हूँ WANTSaDTE Tpro ^9?^ दुनिया You,"[1,0,1,0,0,0,0]",test_images/TE-362.jpg
TE-370.jpg,LANGUAGE_DEPENDENT,"मुझ खा ले, पर मेरा दिमाग मत खा| मैंने तुम्हारे लिए मफलर बुना हैl खाना कभी प्यार नहीं करेगा| तुमसे","[0,0,0,1,0,0,0]",test_images/TE-370.jpg
TE-384.jpg,LANGUAGE_DEPENDENT,"sara mchenry @yellowcardigan मैंः खाती हूँ मैं (खुद से): यह तो बहुत बुरा हुआ| अब तो इटिंग ' के पेपर में मेरी सप्ली आ जाएगी , एक ऐसा इम्तिहान जिसमें फेल होना ही आम बात हैl",,test_images/TE-384.jpg
TE-418.jpg,LANGUAGE_DEPENDENT,ख्यालों का बवंडर एडम यंगमैन x मोंटी दत्ता lanl,"[0,0,0,0,0,1,0]",test_images/TE-418.jpg
TE-431.jpg,LANGUAGE_DEPENDENT,वीभूतजी मुझे डिराने आयोथा मेरी Incognito Zab हिस्ट्री,"[0,0,0,0,0,0,1]",test_images/TE-431.jpg
TE-434.jpg,LANGUAGE_DEPENDENT,९्कग @,,test_images/TE-434.jpg
TE-446.jpg,LANGUAGE_DEPENDENT,मेन अकाउंट vs स्पैम अकाउंट ठीक जिंदगी झंड 22,"[1,0,0,0,0,0,0]",test_images/TE-446.jpg
TE-457.jpg,LANGUAGE_DEPENDENT,sara mchenry @yellowcardigan मैंः *खाता मेरी अंतरात्माः *सत्यानाश! 'डाइटिंग' के पेपर में *सप्ली* आ गई| अब तो घर वाले पक्का *बेदखलाल* कर देंगे| र*,,test_images/TE-457.jpg
TE-471.jpg,LANGUAGE_DEPENDENT,वाचकः आइशा  जानसन आज़ाद खयाल शेरॉन एम॰ ड्रेपर उपन्यास,"[0,0,0,0,0,1,0]",test_images/TE-471.jpg
TE-479.jpg,LANGUAGE_DEPENDENT,हमेशा के लिए ये बिंज-पर्ज' का ड्रामा बंद करना| नए थेरेपिस्ट के सामने शक्ल इसैलि हँई नदैलके २ दिन का जबरदस्ती वाला कंट्रोल|,"[1,0,0,0,0,0,0]",test_images/TE-479.jpg
TE-492.jpg,LANGUAGE_DEPENDENT,इंस्टाग्राम पर Ben dcmdणा CUU स्क्राल कर रहा था Bernie एक मीम देखा वो एक रैंडम Berni मीम पेज से था वो मेरा ही tmic मीम था! 0,"[0,0,0,1,0,0,0]",test_images/TE-492.jpg
TE-509.jpg,LANGUAGE_DEPENDENT,दिमाग खाली|,,test_images/TE-509.jpg
TE-519.jpg,LANGUAGE_DEPENDENT,"ज़िंदा है? @ि बस सांसें चल रही हैं < बेटा,","[0,0,0,1,0,0,0]",test_images/TE-519.jpg
TE-526.jpg,LANGUAGE_DEPENDENT,डेंटिस्टः अंदर दिखाओ मैंः अंदर चुका हूँ से टूट,,test_images/TE-526.jpg
TE-615.jpg,LANGUAGE_DEPENDENT,जब आपके अंदर का शशि थरुर जाग जाएः थरूर सोरस,"[0,0,0,1,0,0,0]",test_images/TE-615.jpg
TE-632.jpg,LANGUAGE_DEPENDENT,"BigKidProblems BKD @BigKidProblems जब कोई तारीफ कर दे तो क्या करें (Pro Tips): -अजीब सी हंसी (hehehe... ) -फटी आवाज़ में हंसना -इधर उधर देखना (जैसे कोई बुला रहा हो) -फ़ोन में बिजी होने का नाटक करना .""चल झूठे! "" बोलना -टॉपिक चेंज कर देना -सीधा नौ दो ग्यारह हा जाना",,test_images/TE-632.jpg
TE-9.jpg,LANGUAGE_DEPENDENT,दिल पर बहुत बोझ है. अपने मन का बोझ हल्का कर लो अब काफी हल्का महसूस हो रहा है FHIS COMIC MADE POSSIBLE THANKS TO DAN PAPPAS @MrLovenstein MRLOVENSTEIN COM धडाम,"[1,0,1,0,0,0,0]",test_images/TE-9.jpg
TE-201.jpg,LIFESTYLE_CONTEXT_DEPENDENT,आम रात 3 बजे Arijit Singh के sad एक बड़़ा bowl ठंडा Maggi तुम्हारी,"[0,0,0,1,0,0,0]",test_images/TE-201.jpg
TE-296.jpg,LIFESTYLE_CONTEXT_DEPENDENT,Beluga Today at ७:५४ PA कल रात पूरी रात मच्छर काटा बेड के कोने से पैर टकराया मेरा परांठा जल गया चाय में अदरक नहीं थी imgflip com आज तो हम सब sad हैं,"[1,0,0,0,0,0,1]",test_images/TE-296.jpg
TE-521.jpg,LIFESTYLE_CONTEXT_DEPENDENT,क्या मैं ज्यादा सोच रहा हूँ? रिश्ते काम काज वय गलत कह दिया? क्या यह क्या गैंने खुद का बड्तैं सही है? असफलता गड़वड धोखेवाज़ खयाल करं दी? महसूस करना राजनीति जुगाड़ परबात करना बच्चे साफ़ सफ़ाई क्या इसे नाखू़न ??? हाथ से काटना धोना है? त्योहारों हा चय? पौधे का ड्रामा अMभIर शाम की सब्जी कौन सा कैसे चाय मंडी कौन सी रंग? बाँटें? मैं कैसे मिठाई? मदद कितना करू? वेज या शगुन दू? नॉननवेज? बडा बनने छोटी छोटी की कोशिश बातें खाना पीना जिंदगी के सवालों के जवाब १०१ चार्ट्स में b५ MICHELLE RIAL मैंने कुछ,"[0,0,0,0,0,1,0]",test_images/TE-521.jpg
TE-226.jpg,MEDIA_CONTEXT_DEPENDENT,ऐसी चीज़ ढूँढना जो है ही नहीं Anxegy,"[1,0,0,0,0,0,0]",test_images/TE-226.jpg
TE-294.jpg,MEDIA_CONTEXT_DEPENDENT,"बेकार क महारथी बेकार देवी बेकार राक्षस बेकार हीरो बेकार विलेन बेकार MC बेकार राजकुमारी बेकार चिल्लाने वाला बेकार शिनोबी बेकार तुम YOU सच में , कभी कुछ काम का भी कर लिया करो, नल्ले कहीं के","[0,0,0,0,1,0,0]",test_images/TE-294.jpg
TE-323.jpg,MEDIA_CONTEXT_DEPENDENT,Bigg Boss चाहते हैं कि आज आप जीने की एक वजह ढूँढें,"[0,1,0,0,0,0,0]",test_images/TE-323.jpg
TE-336.jpg,MEDIA_CONTEXT_DEPENDENT,खुश उदास ढनावग्रस्त शरने का मना Race ९३ देखने के बाद =A= लोगों का हाल...,"[1,0,1,0,0,0,0]",test_images/TE-336.jpg
TE-354.jpg,MEDIA_CONTEXT_DEPENDENT,मैं सोच रहा हूँ मेरी application अभी भी सरकारी दफ्तर में क्यों अटकी है 1२ १०,"[1,0,0,0,0,0,0]",test_images/TE-354.jpg
TE-47.jpg,MEDIA_CONTEXT_DEPENDENT,"महाभारत अर्जुन को इंसान बनाती है जब वह trauma और depression से गुज़रे| इसके बाद भी वह गांडीव के योग्य थेI Depression आपकी की कीमत कम नहीं करता , चाहे आप भगवान हों या इंसान |","[1,0,0,0,1,0,0]",test_images/TE-47.jpg
TE-497.jpg,MEDIA_CONTEXT_DEPENDENT,mamas got problems जब कोई मुझसे पूछता है कि आखिरी बार मैं चैन की नींद कब सोई थी. बात उस ज़माने की है... जब अंग्रेज हुकूमत करते थे|,"[0,0,0,0,0,0,1]",test_images/TE-497.jpg
TE-505.jpg,MEDIA_CONTEXT_DEPENDENT,P0 मेरीझा़ मेरा अचानक शाकाहारी बनने मेरी कम खाने की का फैसला बीमारी (ED) 7c0,"[0,0,0,1,0,0,0]",test_images/TE-505.jpg
TE-525.jpg,MEDIA_CONTEXT_DEPENDENT,मेरा दिमाग जब एक अच्छा दिन बीतने के बाद अचानक Mental Health Episode हो जाता है मैंने deal बदूलदी है॰ दुआ करो कि मैइंसे औरनॅ बदलूँ,"[1,0,0,0,0,0,0]",test_images/TE-525.jpg
TE-98.jpg,MEDIA_CONTEXT_DEPENDENT,"लेकिन DEPRESSION तो प्यारे , तुम्हें पता नहीं ऐसा नहीं दिखता. DEPRESSION कैसा दिखता हैl #DARKMEME","[1,0,0,0,0,0,0]",test_images/TE-98.jpg
TE-140.jpg,MEME_FORMAT_DEPENDENT,असली बात boobs का size वा इंसान जिससे जुड़े हैंl सच में? lg@anime forever4o बोलचाली ०० ्वीँ,"[0,0,0,0,1,0,0]",test_images/TE-140.jpg
TE-196.jpg,MEME_FORMAT_DEPENDENT,"हमेशा से था रुको, तुम Depressed हो? ६९","[1,0,1,0,0,0,0]",test_images/TE-196.jpg
TE-484.jpg,MEME_FORMAT_DEPENDENT,"इस साल आपने ५,२५,५०० मिनट खाने के बारे में सोचने में बिताए| Therapy लोI",,test_images/TE-484.jpg
TE-550.jpg,MEME_FORMAT_DEPENDENT,"मैंः हाय, क्या मैं अपने eating disorder या recovery में से किसी एक के साथ खुश रह सकता हूँ? बस इतना दे सकता हूँ : दोनों में नाखुश और किसी एक को भी commit नहीं कर पाना| made with mematic","[0,0,0,1,0,0,0]",test_images/TE-550.jpg
TE-589.jpg,MEME_FORMAT_DEPENDENT,चाय का समय,"[0,0,0,1,0,0,0]",test_images/TE-589.jpg
TE-591.jpg,MEME_FORMAT_DEPENDENT,नही] हुम्है खुह Mental Jodels और Dedsion Fameworks डस्तैमाल करदैे होगे२ Radonal फैसला ब्लैनै कैलि॰ 34% 34% बस कर बस् कर डाला डाल्ा 14% 14% 0.1% २% 95% 2% 0.1% IQ score 5५ 70 8५ १०० ११५ 130 145 imoflip com,"[0,0,0,0,0,1,0]",test_images/TE-591.jpg
TE-112.jpg,NICHE_SUBCULTURE_DEPENDENT,करुछ Bolywood ians कहते हैंSaXbestadt७ क्रुछ हैं Salmanbest है पर दिलसे हिमजानते हैं हमें Bolywood पर्संद है क्योंकि हम अपनी ज़िंदगी से भागना चाहते हैं कहते,"[1,0,1,0,0,0,0]",test_images/TE-112.jpg
TE-172.jpg,NICHE_SUBCULTURE_DEPENDENT,Mechanical Engneers मैं तुम सबको slngle औरफalla बना दूँगी४ ऊँ भडस्वाह्ा& Dechanical Englneers कुः्कुछ बदलाहीनहीं॰ळ,"[0,0,0,0,1,0,0]",test_images/TE-172.jpg
TE-249.jpg,NICHE_SUBCULTURE_DEPENDENT,धरती expbre करने के Space explore करने के बहुत देर से पैदा हुआ बहुत जल्दी पैदा हुआ बस एक नल्ला बनने केलिए सही time पर पैदा हुआ लिए लिए,"[0,0,0,0,1,0,0]",test_images/TE-249.jpg
TE-279.jpg,NICHE_SUBCULTURE_DEPENDENT,"एक 'संस्कारी' परिवार में ED के साथ रहने का starter pack *किसी 'संस्कारी' अंकल का random ज्ञान* कोई nशिगरेeनेहीं अंडा, मखाना, मेरा प्यारा शराब, सिगरेट </3 SUN WDH १० ११ १६ १७ १८ ११ 13 १४   १५ २४ २५  २६ २० २१ २२ २३० ३१ 27 २८   २१ ढीले कपड़े पहनने का बहाना हर हफ़्ते मंगलवार/ गुरुवार प्रसाद / शीरा देखकर घबराहट क्योंकि ऋसंस्कार> व्रत का इतज़ार","[0,0,0,1,0,0,0]",test_images/TE-279.jpg
TE-346.jpg,NICHE_SUBCULTURE_DEPENDENT,कुछकहतै है कुछकहतै Deepika be$3 Alia best पर सच तौ यै है romantic movies इसलिए एक्ै द्ृन्े हैक्यीकि हर्मै arrange marriage की reality स्रै बचनॉ है,"[0,0,1,0,0,0,0]",test_images/TE-346.jpg
TE-37.jpg,NICHE_SUBCULTURE_DEPENDENT,पढ़़ाई येढीकहै वेब सीरीज़ परफ्रुझेये ज़्यादा पसंद है,"[0,1,0,0,0,0,0]",test_images/TE-37.jpg
TE-595.jpg,NICHE_SUBCULTURE_DEPENDENT,हमा लड़के हृझ् डिंडा लौकी हः हृस लड़के लड़के लड़के,"[0,0,0,1,1,0,0]",test_images/TE-595.jpg
TE-78.jpg,NICHE_SUBCULTURE_DEPENDENT,"पागल Fan तेरी Heroine असली नहीं है इससे कुछ नहीं होता! और बोलो , क्या बात है? अगर तेरी heroine असली होती, तो तुझे अजीब समझती और creep बुलाकर ignore कॅर देती इतना दर्द हो रहा है कि रोना आ रहा हैl","[0,0,0,0,1,0,0]",test_images/TE-78.jpg
TE-88.jpg,NICHE_SUBCULTURE_DEPENDENT,रिश्तेदार तुम्हें नल्ला नहीं बोल सकते अगर तुम्हारे कोई रिश्तेदार ही ना हों|,"[0,0,0,0,1,0,0]",test_images/TE-88.jpg
TE-166.jpg,POP_CULTURE_DEPENDENT,बिनासोचे समझे कभी औ्ैंकौनहूँ: कुछभीकरना ख्नेकाभन होना कभी किभीयम (moodswngs बनते बिगड़ते रिश्वे ५अकेलापनकाडर DIA औवरथिकिंग औरड्रमा कै अड्डेमे स्वागन ह्ै] खुशी,"[1,0,1,0,1,0,0]",test_images/TE-166.jpg
TE-168.jpg,POP_CULTURE_DEPENDENT,चलो एक खेल खेलते हैंl अरे.. ये क्या एक गिलास  में ज़हर है| कर रहे हो? पहले नियम तो सुन लो,"[0,0,1,0,0,0,0]",test_images/TE-168.jpg
TE-174.jpg,POP_CULTURE_DEPENDENT,लोग कहते हैं South Indian movies बहुत over the top होती हैं और realistic नहीं होतीं मैंः अच्छा? तो फिर ये समझाओ मेरी क्लास की सारी लड़कियाँ रोने लगती हैं अगर मैं उनसे नज़र भी मिला लूँ I,"[0,0,0,0,1,0,0]",test_images/TE-174.jpg
TE-178.jpg,POP_CULTURE_DEPENDENT,"तुम ResZero की कहानी कुछ memes में नहीं बता सकते- कभी कभी लगता है अप्रुन ही भगवान है| मैंने सोच लिया है, मुझे मरना हैl भेरे करण अर्जुन आएंगे| अरे यार फिरसे वही शुरूl","[1,0,1,0,0,0,0]",test_images/TE-178.jpg
TE-188.jpg,POP_CULTURE_DEPENDENT,"मैंः 'हाय राम, मैं कितनी मोटी हो गई हूँ कोई भी दोस्त रिश्तेदारः ' अरे पागल, तू बिल्कुल मोटी नहीं है' मैंः झूठबीले कुत्ताकाडे","[0,0,0,0,1,0,0]",test_images/TE-188.jpg
TE-200.jpg,POP_CULTURE_DEPENDENT,"सपने देखना छोड़ दो, अपनी औकात में रहो नाना पाटेकर Inade with mematic",,test_images/TE-200.jpg
TE-213.jpg,POP_CULTURE_DEPENDENT,"LZ सेक्टर सर्वाइवल टिप #139 कृपया अपने और अपने   colleagues में sleep deprivation के लक्षण   पहचानें जब संभव हो तो आराम की वकालत औँव यह संभव न हा, तो cutting chaz पिलाएं|",,test_images/TE-213.jpg
TE-222.jpg,POP_CULTURE_DEPENDENT,Anxetyऔर depess७n ३इडियट्स जिवानी है दीवानी जिंदगीना मिलेगी दोबारा बिरयानी सें डलायची,"[1,0,0,0,0,0,0]",test_images/TE-222.jpg
TE-236.jpg,POP_CULTURE_DEPENDENT,POULEY COROYIYIUS कोई सवाल? लाइक कमेंट शेयर 3 मुझे कोई प्यार क्यों नहीं करता? लाइक कमेंट 4 hrs,"[0,0,0,0,1,0,0]",test_images/TE-236.jpg
TE-244.jpg,POP_CULTURE_DEPENDENT,"Javhar Singh @javharsingh13 मैंः *sad playlist खोलता हूँ* उदास मैंः अरे यार, फिर से वही स्यापा शुरूl","[1,0,0,0,0,0,0]",test_images/TE-244.jpg
TE-255.jpg,POP_CULTURE_DEPENDENT,जब तुम 'ray of sunshine बनने की कोशिश करते हो लेकिन लोग तुम्हें test करते रहते हैं,"[1,0,0,0,0,0,0]",test_images/TE-255.jpg
TE-275.jpg,POP_CULTURE_DEPENDENT,"Depression: दोस्ती हम नहीं Aretya ""तौडैंगे्ना छोड़ेंगे "" तेरा ण्यह तोड़ेंगे"" मगर साथ","[1,0,0,0,0,0,0]",test_images/TE-275.jpg
TE-291.jpg,POP_CULTURE_DEPENDENT,"हमने उससे पूछा कि depression कैसा महसूस होता है, उसने यह draw किया|","[1,0,0,0,0,0,0]",test_images/TE-291.jpg
TE-34.jpg,POP_CULTURE_DEPENDENT,मेरे parents: तुम successful क्यों नहीं हो? Also my parents: वही pareniss तुमसे कुछ नहीं हरोगा,"[0,0,0,0,1,0,0]",test_images/TE-34.jpg
TE-364.jpg,POP_CULTURE_DEPENDENT,प्रिय ज़िन्दगी हम यहाँ से॰ यहाँ तक कैसे पहुँच गए?,"[1,0,1,0,0,0,0]",test_images/TE-364.jpg
TE-379.jpg,POP_CULTURE_DEPENDENT,ये तो यमराज की किताब है! अब मैं किसे मारूँ? ये क्या है? की जो चीज़ पहले से ही मरी हुई है उसे तुम नहीं मार सकते! ेरा यमराज किताब भविष्य,"[1,0,1,0,1,0,0]",test_images/TE-379.jpg
TE-467.jpg,POP_CULTURE_DEPENDENT,असलियत में ऐसा हैः Arijit Singh चन्ना मेरेया असलियत में ऐसा दिखता हैः कुछ खास घर नहीं है| दिखता,"[1,0,0,0,0,0,0]",test_images/TE-467.jpg
TE-50.jpg,POP_CULTURE_DEPENDENT,AB: पूरा नामः विजय दीनानाथ चौहान| मैंः पूरा नामः मोटा सांड| मोटा सांड N 5 =1999 prime,"[0,0,0,1,1,0,0]",test_images/TE-50.jpg
TE-540.jpg,POP_CULTURE_DEPENDENT,तैयार हो जाओ बोरियत आरही है,"[0,1,0,0,0,0,0]",test_images/TE-540.jpg
TE-546.jpg,POP_CULTURE_DEPENDENT,जब मम्मी कहती हैं कि मैं अपनी बहन जितनी पतली कभी नहीं हो सकती क्योंकि मेरी हड्डियों का ढांचा बड़ा हैl जिंदगी भर का ताना!,"[0,0,0,0,1,0,0]",test_images/TE-546.jpg
TE-650.jpg,POP_CULTURE_DEPENDENT,मैं पति से झगड़ा कर रही हूँ क्योंकि मैं bored हूँ और hormonally charged हूI हमारा Money Plant मार दिया! 801 3 तुमने,"[0,1,0,0,0,0,0]",test_images/TE-650.jpg
TE-99.jpg,POP_CULTURE_DEPENDENT,"१४ साल की बच्चीः ""Arijit Singh के गाने बहुत ही sad होते हैं"" मैंः ""अरे, इतने भी नहीं"" बच्चीः ""तुम्हें क्या पता, लाइफ में कभी असली दुःख देखा ही नहीं है"" मैंः तुमने","[1,0,0,0,0,0,0]",test_images/TE-99.jpg
TE-32.jpg,REFERENCE_DEPENDENT,बहुत ज्याादा स्ट्रैस्ा इंजीनियरिंगा मैडिकला स्ट्रूडैेंट्स स्ट्रूरडेंटुस् जिंदगी झंड है,"[1,0,0,0,0,0,0]",test_images/TE-32.jpg
TE-44.jpg,REFERENCE_DEPENDENT,भारतीय मच्छर अंग्रेज lorluilte l tuIL| भारतीय मच्छर अंग्रेज ledultswlin can| भारतीय मच्छर,"[0,0,0,0,0,0,0]",test_images/TE-44.jpg
TE-442.jpg,REFERENCE_DEPENDENT,"bisexualgambit जागने के बहुत depressed? Depression वाली नींद के enough depressed नहीं? कंबल में लिपटे Exstential Crisis में स्वागत है! scientia-rex बस कर पगले , रुलाएगा क्या? 203,646 notes 0   लिए लिए",,test_images/TE-442.jpg
TE-602.jpg,REFERENCE_DEPENDENT,ITR ४ १:भ८ एunurivy com CA March closing के समय नींद नहीं आती ITR ITR ITR ITR ITR ITR ITR,"[0,0,0,0,0,0,1]",test_images/TE-602.jpg
TE-644.jpg,REFERENCE_DEPENDENT,% का मत करो Exam Season / Office Deadline का असली चेहरा हर Student Employee की कहानी c किमदही,"[0,0,1,0,0,1,0]",test_images/TE-644.jpg
TE-1.jpg,UNIVERSAL_HUMAN,पता नहीं मैं और कितना झेल पाऊँगा,"[1,0,0,0,0,0,0]",test_images/TE-1.jpg
TE-10.jpg,UNIVERSAL_HUMAN,मेरा anorexia हर कुछ हफ्तों में कुछ दिनों के अचानक मेरी बॉडी छोड़ रहा हैl made with mematic लिए,"[0,0,0,1,0,0,0]",test_images/TE-10.jpg
TE-100.jpg,UNIVERSAL_HUMAN,इतनी उदास थी कि कभरे से बाहर भी नहीं निकल पाई|,"[1,0,0,0,0,0,0]",test_images/TE-100.jpg
TE-101.jpg,UNIVERSAL_HUMAN,सुसाइड य जोक्स अब का अंत हद पार कर रहे हैं! नीचे है जाक्स,"[1,0,1,0,0,0,0]",test_images/TE-101.jpg
TE-102.jpg,UNIVERSAL_HUMAN,"समीर आज आती  सामने की रहा था| फिर उसने ऐसा नहीं करने का फैसला किया, क्योंकि इससे काम पर जाने वाले लोगों को परेशानी होती| सही सोचा समीर| सहुँई र्रेैना के कूदने","[1,0,1,0,0,0,0]",test_images/TE-102.jpg
TE-103.jpg,UNIVERSAL_HUMAN,लोग हमेशा मुझे बताते हैं कि मैं उदास और थका हुआ हुआ   दिखता दिखता   हूँ| मुझ पता कि मैं उदास और थका हुआ हूँ| मैं उदास और थका म्स थका हुआ हूँ | दिखता,,test_images/TE-103.jpg
TE-105.jpg,UNIVERSAL_HUMAN,"औसत वजन ९० किग्रा ५४०० किग्रा मेरे parents पर मेरे होने, useless, ugly और Oकिग्रा untalented का बाझ होने","[0,0,0,0,1,0,0]",test_images/TE-105.jpg
TE-106.jpg,UNIVERSAL_HUMAN,आखिरकार मेरा दिमाग खराब हो ही गया.. इसे वापस करने की तकलीफ मत करना. वैसे भी यहठीक से काम नहीं कर रहा था| Vine ३ es + ० { Lif e,"[0,0,0,0,1,1,0]",test_images/TE-106.jpg
TE-108.jpg,UNIVERSAL_HUMAN,सारे fear foods की लिस्ट बनाना be like अपने,"[0,0,0,1,0,0,0]",test_images/TE-108.jpg
TE-109.jpg,UNIVERSAL_HUMAN,बौ२ @क @mnbontragsng ैं॰ सौने की कोशिशओं momen&,"[1,0,0,0,1,0,1]",test_images/TE-109.jpg
TE-11.jpg,UNIVERSAL_HUMAN,Mia ने बनाया मैं *_ भयंकर डिप्रेशन,"[1,0,0,0,0,0,0]",test_images/TE-11.jpg
TE-110.jpg,UNIVERSAL_HUMAN,"हो सकते थे मन ठीक है नहीं, पर पूछने ना तुम्हारा? के लिए thanks ये हम","[1,0,0,0,0,0,0]",test_images/TE-110.jpg
TE-111.jpg,UNIVERSAL_HUMAN,fb/savantcarehealrh instagram savantcare अकलापन से अलग-्थलग होने का भयानक अहसास दूसरों,"[1,0,0,0,0,0,0]",test_images/TE-111.jpg
TE-113.jpg,UNIVERSAL_HUMAN,मुस्कुराइए . कल और ६ होणा| क्षी वुग़,"[1,0,0,0,0,0,0]",test_images/TE-113.jpg
TE-114.jpg,UNIVERSAL_HUMAN,मैरा सुकून DZululg appas तूम्हें बाहर जाकर नाए ढौस्त् नहीं बनाने? बिल्कुल न्हीj,"[1,1,0,0,1,0,0]",test_images/TE-114.jpg
TE-115.jpg,UNIVERSAL_HUMAN,टूटे हुए लोग कभी-कभी बिखर जाते हैंl बस यही होता हैl,"[1,0,0,0,0,0,0]",test_images/TE-115.jpg
TE-116.jpg,UNIVERSAL_HUMAN,मुझे एहसास हुआकि ओबमेरा कोई मकसदनहीं बचा0,"[0,0,1,0,1,0,0]",test_images/TE-116.jpg
TE-117.jpg,UNIVERSAL_HUMAN,मैंसीज वोलोस २०२१,,test_images/TE-117.jpg
TE-118.jpg,UNIVERSAL_HUMAN,टॉक्सिक लोग मैं उन्हें रोकने की कोशिशमें भैरी नाज़ुक Dutalitath 0330,"[1,0,0,0,0,0,0]",test_images/TE-118.jpg
TE-119.jpg,UNIVERSAL_HUMAN,नींद न आना अकेलापन शक ओबाइल डिप्रेशन घबराहट मभैं Uzilenshi,"[1,0,0,0,0,0,1]",test_images/TE-119.jpg
TE-12.jpg,UNIVERSAL_HUMAN,"Please, मुझसे बोर मत होना| हर बार यूही होता हैl लोगों का interest खत्म् हो जाता हैl वो थक जाते हैंl अचानक वो या call करना बंद कर देते हैं| बमुझे छडटटी हीनe ल्यगतीह्ै| कारनुझेब भू लकज दुत हैहैऔूँ़बरा नै ब्स एक याद बनकरॅ रह जाता हँ| कभी कभी सोचता क्कै क्या मेरी ही ग़लूती हैl पर फिर् समझ आता है लोग् मेरी ज़िंदगी में कभी रुकते ही नहीं| और मैं इसमें कुछ नहीं कर सकता| मुझमें मुझसे पुरानी",,test_images/TE-12.jpg
TE-120.jpg,UNIVERSAL_HUMAN,खुद को अपने सारे फालतू कांड याद दिलाने के बाद stupid trashy mistakes youive made [मनहूसियत भरी आवाज़ें],"[1,0,0,0,1,0,0]",test_images/TE-120.jpg
TE-121.jpg,UNIVERSAL_HUMAN,मैं अपनी mental health ठीक करने की कोशिश करते हुए एक छोटी सी problem:,,test_images/TE-121.jpg
TE-122.jpg,UNIVERSAL_HUMAN,वोभी क्या दिन थे १९९६ में. जब मैं था ही नहीं|,,test_images/TE-122.jpg
TE-123.jpg,UNIVERSAL_HUMAN,"कलरिंग कॉन्टेस्ट #५ कलरिंग कॉन्टेस्ट #५ बदलाव लाएं बदलाव लाएं अकेलेपन को दूर करने के लिए, इस अकेले लड़के अकेलेपन को दूर करने के लिए, इस अकेले लड़के के लिए मस्त दोस्तों से भरा कमरा बनाएं! के लिए मस्त दोस्तों से भरा कमरा बनाएं! बधाई हो! बधाई हो! आपने बदलाव है! आपने बदलाव लाया है! प्रोग्राम और वर्ष और टर्मः /E: colouring contest tc प्रोग्राम और वर्ष और टर्मः Please relum en nm inra cho लाया completed","[1,0,1,0,0,0,0]",test_images/TE-123.jpg
TE-125.jpg,UNIVERSAL_HUMAN,मैंः *हजारों काम पडे़े हैं* और फिर मैंः,"[1,0,0,0,0,0,0]",test_images/TE-125.jpg
TE-126.jpg,UNIVERSAL_HUMAN,"मैं telepathy से कोशिश कर रहा हूँ कि कोई मुझे पहले text या बात करे, ताकि मैं 'चेप' या annoying न लगूँl","[0,0,0,0,1,0,0]",test_images/TE-126.jpg
TE-127.jpg,UNIVERSAL_HUMAN,सिंपल हैः बस  OVERTHTNK है और ककभरनभ भी लेने का मज़ा नहीं लेना | प्लान TMPULSE DECTSLON ठूै,"[0,0,0,0,0,1,0]",test_images/TE-127.jpg
TE-128.jpg,UNIVERSAL_HUMAN,"कल मैं होशियार था इसलिए मैं बदलना चाइता था आज भैं समझदार हूँ, इसलिए कोॅूदल रहाहूँ] दुनिया ैंखुद","[0,0,1,0,0,0,0]",test_images/TE-128.jpg
TE-129.jpg,UNIVERSAL_HUMAN,"जब आप किसी को बताओ कि आप depressed हो और वो शुरू हो जाएं कि 'भगवान पर भरोसा रखो, सब ठीक हो जाएगा'","[1,0,0,0,0,0,0]",test_images/TE-129.jpg
TE-13.jpg,UNIVERSAL_HUMAN,"Family function के लिए निकलते हुए मैं, पूरा प्लान तैयार है कि 'पेट खराब है' या श्व्रत है' बोलकर खाना skip कर दूँगा|","[0,0,0,1,0,0,0]",test_images/TE-13.jpg
TE-130.jpg,UNIVERSAL_HUMAN,एंटीडिप्रेसेंट्स Brit Weel $ <$ मेरे orgasms,"[1,0,0,0,0,0,0]",test_images/TE-130.jpg
TE-131.jpg,UNIVERSAL_HUMAN,"जीवनसाथी वह है जिसकी हम आकांक्षा करते हैं और अपने बारे में समझना हैं, वह है जिसे हम वह है जिसे हम पूर्णता, पवित्रता और अनंत प्रेम मानते हैं| सोरिन सेरिन WOMENSDESTNY GOM आपका भविष्य आज से शुरू होता है! चाहते",,test_images/TE-131.jpg
TE-132.jpg,UNIVERSAL_HUMAN,"TOZEND: नींद पूरी हो रही है तेरी? I६ः कभी-कभी जब मैं छींकता हूँ,तो मेरी आँखें बंद हो जाती हैं|",,test_images/TE-132.jpg
TE-133.jpg,UNIVERSAL_HUMAN,[NO_TEXT],,test_images/TE-133.jpg
TE-134.jpg,UNIVERSAL_HUMAN,"मेरे depression को नाटक समझना और मेरे symptoms का मज़ाक उड़ाने से मैं ठीक नहीं हो जाऊँगा| मेरी ialll मेरे depression रो नाटक तमर्ाना ओ६ येरे symptoms ता मन्ाळ उदाने रे र्े ठीक नहो हो जाऊँगा| मेरी iamll वौ sign मुझे नहीं रोक सकता, क्योंकि मुझे पढ़ना नहीं आता!","[1,0,0,0,0,0,0]",test_images/TE-134.jpg
TE-135.jpg,UNIVERSAL_HUMAN,"Deep depression में मैं, मुझसे कुछ नहीं मैरी Anue@ भरुझै हा रहा बताती हुई कि अगर मैँनै कुछनही किया नौ plece @f shit हूँ A फैएक","[1,0,0,0,1,0,0]",test_images/TE-135.jpg
TE-136.jpg,UNIVERSAL_HUMAN,्य]  मैं बोर हो रहा हूँ,"[0,1,0,0,0,0,0]",test_images/TE-136.jpg
TE-137.jpg,UNIVERSAL_HUMAN,"Insomnia आपकी math skills तेज़ करता है क्योंकि आप रात यही हिसाब लगाते रहते हैं कि अगर 'अभी सो जाऊँ तो you're able to ""fall asleep right now ' someecards user card पूरी","[0,0,0,0,0,0,1]",test_images/TE-137.jpg
TE-138.jpg,UNIVERSAL_HUMAN,OCD और Positivity @ocdpositivity कोई नहींः मैंः *अचानक बहुत ज़्यादा guilt feel होना* 5:51 AM 4/21/19 Twitter for iPhone,,test_images/TE-138.jpg
TE-139.jpg,UNIVERSAL_HUMAN,अचानक आया डिप्रेशन झैं॰,"[1,0,0,0,0,0,0]",test_images/TE-139.jpg
TE-142.jpg,UNIVERSAL_HUMAN,पक गएक्या? memegenerator net,"[1,0,0,0,0,0,0]",test_images/TE-142.jpg
TE-143.jpg,UNIVERSAL_HUMAN,"मेरा दिमाग कैसे काम करता हैl थरकी lol शायद कल मर जाऊँ, मज़ा आ जाएगा","[0,0,1,0,1,0,0]",test_images/TE-143.jpg
TE-144.jpg,UNIVERSAL_HUMAN,"जितना सोचता हूँ, उतना ही मोटा लगता हूँl","[0,0,0,1,0,0,0]",test_images/TE-144.jpg
TE-145.jpg,UNIVERSAL_HUMAN,कभी मत भूलना कि तुम किसी के मुस्कुराने की वजह होl क्योंकि तुम एक मज़ाक हो| reddit,"[0,0,0,0,1,0,0]",test_images/TE-145.jpg
TE-146.jpg,UNIVERSAL_HUMAN,"Social distancing का एक ही फायदा है, अब रिश्तेदारों की शादियों में न जाने के नहीं बनाने बहाने पडते|","[0,1,0,0,0,0,0]",test_images/TE-146.jpg
TE-148.jpg,UNIVERSAL_HUMAN,"मैंने अभी पढ़ा कि virginity खोने की average उम्र १७ साल है चलो, चिnज़lमैँ तैं किसी चीज़ average से ऊपर हूl","[0,0,0,0,1,0,0]",test_images/TE-148.jpg
TE-15.jpg,UNIVERSAL_HUMAN,"सिर्फ बिजली ही थी, जो मैं महसूस कर सकता था|",,test_images/TE-15.jpg
TE-150.jpg,UNIVERSAL_HUMAN,जब कोई आपसे कहता है कि अपने life पूरे करने के अपने अंदर झांक कर eggoals लिए,"[0,0,0,1,1,0,0]",test_images/TE-150.jpg
TE-151.jpg,UNIVERSAL_HUMAN,मैं और मेरे दोस्त + *मरने का plan बनाते हैं* मैं : *्मरने की कोशिश करता दोस्त :,"[0,0,1,0,0,0,0]",test_images/TE-151.jpg
TE-152.jpg,UNIVERSAL_HUMAN,मैं अपना fav comedy show देखते हुए| enotjo- kin,,test_images/TE-152.jpg
TE-153.jpg,UNIVERSAL_HUMAN,"00 Jio 11:50 PM 78% संदेश 765.742.0244 विवरण संदेश आज ११:०९ PM HELP हाय, मैं रोहन हूँ, मैं आपकी क्या मदद कर सकता हू? बहुत कुछ... मुझे लगने लगा है कि वो जो कह रहे हैं वो सच है वो क्या कह रहे हैं? लोग मेरी DP पर गंदे कमेंट्स कर रहे हैं","[1,0,0,0,1,0,0]",test_images/TE-153.jpg
TE-154.jpg,UNIVERSAL_HUMAN,जब conversation खत्म पर realize हो कि ७८% टाइम तो बस तुम अपनी ही राम सुना रहे थे| होने कहानी,"[1,0,0,0,0,0,0]",test_images/TE-154.jpg
TE-155.jpg,UNIVERSAL_HUMAN,तुम कितने lucky हो ? मैंः,"[0,0,1,0,0,0,0]",test_images/TE-155.jpg
TE-156.jpg,UNIVERSAL_HUMAN,"क्या तुम महसूस कर सकते हो? नींद की गोलियों से तुम्हारे पैरों का भारीपन, शराब से होने वाली चक्कर, कलाई से खून बहते हुए नब्ज की धीमी धड़कन? बस यही हैl यही तो है जिसका हम इंतज़ार कर रहे थे, यही है वो खामोश सुकून| मरने की खूबसूरती  तुम्हारी",,test_images/TE-156.jpg
TE-157.jpg,UNIVERSAL_HUMAN,"कोईः तुम इतना घबराए हुए क्यों हो? मैंः Anxiety सिर्फ एक शौक नहीं, एक lifestyle है",,test_images/TE-157.jpg
TE-159.jpg,UNIVERSAL_HUMAN,अभी मेरा व्रत चल शायद मैं इसे जल्दी तोड़ रहा है दूँ और कुछ 'comfort food खा लूँ :) बस एक (१) आसानी 'लगता है ये एक इशारा से बदलने वाली चीज़ है कि अब कभी खाना मेरे पास नहीं है नहीं खाना चाहिए',"[0,0,0,1,0,0,0]",test_images/TE-159.jpg
TE-16.jpg,UNIVERSAL_HUMAN,amelia elizalde @ameliaelizalde abhi dump hui hoon aur meri roommate mujhe better feel karane ke liye mere saath taash khel rahi hai par woh jeetti ja rahi hai aur dheere se ' sorry bol rahi hai,,test_images/TE-16.jpg
TE-161.jpg,UNIVERSAL_HUMAN,"Therapist: ""तुम्हें अपने 'दिल के बच्चे' (inner child) से फिर से जुड़ना चाहिएI"" मेरा दिल का बच्चाः AB0RTED DREAMS V० - DPOSTER उठालेरैबाबा veams aborted","[0,0,1,0,0,0,0]",test_images/TE-161.jpg
TE-162.jpg,UNIVERSAL_HUMAN,"अंदाज़ा भी नहीं, जब तुम्हारा सबसे करीबी दोस्त कहता है ""सब ठीक है"", वो अंदर ही अंदर टूट रहा होता है, अकेले में सिसकियाँ भरता , खुद को खत्म करने की सोचता , ऑँसू बहाता, और उसे जीने की एक ही वजह रोकती है, बस तुम| तुम्हें",,test_images/TE-162.jpg
TE-163.jpg,UNIVERSAL_HUMAN,जब में सबको दूर कर फिरः दूँऔ्र,"[1,0,0,0,1,0,0]",test_images/TE-163.jpg
TE-164.jpg,UNIVERSAL_HUMAN,खुद को ये समझाते हुए कि 'recovery सीधी नहीं होती' जब मैं एक healthy period के बाद फिर से restrict करना शुरू कर दूँ,"[0,0,0,1,0,0,0]",test_images/TE-164.jpg
TE-165.jpg,UNIVERSAL_HUMAN,"BINGO Nedlected kid edition घंटों तक वाह! त्नेम बअपनी हर रात 5 घंटे Socially random उम्र बहुत Video Games की नींद awkward Wikipedia समझदार हो! articles पढ़ना हम सब कृछ देते ध्यान न खींचने कम से कम Anxiety हैं, तुम कितने घर है, के लिए अच्छे जगह लेने की एहसानफरामोश तुम्हारा नहीं नबर काशश हा तुम अपना तुम emotions अकेलापन potential Free spacel क्यों नहीं खुद से नफरत बबाद कर Depression दिखात? रहे हा Philosophy बहुत सारी अंदर ही अंदर psychology movies, shows रिश्तों से उम्मीद रोते- घुटन दोष और science और Youtube छोड़ दी चुतेचस्प जाना पसंद है देखना मम्मी को खुश बिना किसी डायरी लिखने कोई ambition करने के लिए ना के बराबर को पता चले की कोशिश की नहीं है sports martial दास्त गायब हा जाना पर छोड़ दी arts किया पर छोड दिया चाहता हूँ ये हमारा","[0,0,0,0,0,0,0]",test_images/TE-165.jpg
TE-167.jpg,UNIVERSAL_HUMAN,"जब आप अपनी गिरती mental health पर meme बनाते बनाते हो, लेकिन लोग आपको 'edgy और 'cheesy' बोलते हैं [दुखी आवाज़] २meirl4meirl","[1,0,0,0,1,0,0]",test_images/TE-167.jpg
TE-169.jpg,UNIVERSAL_HUMAN,"खोल ठीक फैँकैनै कचरा जा रही हूँ| चल, अंदर घुस जाI खोल","[0,0,0,0,1,0,0]",test_images/TE-169.jpg
TE-17.jpg,UNIVERSAL_HUMAN,bbycas mental illness क साफ़ लक्षण मम्मी-पापा क्या्ये आलस है? a#+#,"[1,0,0,0,0,0,0]",test_images/TE-17.jpg
TE-171.jpg,UNIVERSAL_HUMAN,"३९ बहुत कुछ करना है और time नहीं है Time नहीं है, oh मेरे पास खोने को बहुत कुछ है, मेरा दिमाग खराब हो रहा है मेरा दिमाग खराब हो रहा है, oh मेरा दिमाग खोने को कुछ नहीं , खोने को कुछ नहीं मेरा दिमाग खराब हो रहा है, मेरा दिमाग खराब हो रहा है खोने को कुछ नहीं , खोने को कुछ नहीं मेरा दिमाग खराब हो रहा है, मेरा दिमाग खराब हो रहा है, oh मेरा दिमाग 2%^^+","[0,0,0,0,0,1,0]",test_images/TE-171.jpg
TE-173.jpg,UNIVERSAL_HUMAN,"जब छुट्टियाँ खत्म हो गई हैं, सारा STRESS वापस आ गया है, और मुझे लग रहा है कि मेरी बेचैनी फिर से बढ बिल्कुल ठीक नहीं हैI"" Tangela Williams - Spann % ""अब",,test_images/TE-173.jpg
TE-176.jpg,UNIVERSAL_HUMAN,मैं मैरे बर्थडे पर जब भैरी भभ्मी नै मैरी नानी कौ भैरै Eating Disorder कै बारेमें बता दिया,"[0,0,0,1,0,0,0]",test_images/TE-176.jpg
TE-179.jpg,UNIVERSAL_HUMAN,तुम इतने चुप क्यों हा.. जब दिन खराब होता है तो मैं चुप रहता हूँl Ikyson पर हमेशा चुप रहते हो. चुप रहना मतलब depression... बहुत दुख की बात है तुम तो,"[0,0,0,0,1,0,0]",test_images/TE-179.jpg
TE-18.jpg,UNIVERSAL_HUMAN,पर तुम anorexic नहीं दिखती.,"[0,0,0,1,0,0,0]",test_images/TE-18.jpg
TE-180.jpg,UNIVERSAL_HUMAN,OIFRThINKING तेरी जान ले लेगी,,test_images/TE-180.jpg
TE-181.jpg,UNIVERSAL_HUMAN,"चुप कर, किसी को फर्क नहीं पड़ता अरे यार, क्या कह रहा हैl *किसन * पूछा?? qू तुझसे इतना शात है १?","[1,0,0,0,1,0,0]",test_images/TE-181.jpg
TE-182.jpg,UNIVERSAL_HUMAN,मैं मरा नहीं हूँ बस थका हुआ और बदसूरत हूँ कृपया मुझे सोने दो!!!,"[0,0,0,0,0,0,1]",test_images/TE-182.jpg
TE-183.jpg,UNIVERSAL_HUMAN,"लोगः जब तूम बिलूकुल नीच गिर चुके हो, तोँ अब सिर्फ ऊपर ही उठ सकते हा मैंः","[1,0,0,0,0,0,0]",test_images/TE-183.jpg
TE-186.jpg,UNIVERSAL_HUMAN,मैं दूसरों की problems मेरी Problems के solutions ढूँढते हुए,"[0,0,0,0,0,1,0]",test_images/TE-186.jpg
TE-187.jpg,UNIVERSAL_HUMAN,"घोर बोरियत तुम्हें यह बताने के लिए '्पकाऊ' हो, मुझे और कितनी बार उबासी लेनी पड़ेगी? DIYDESPAIR CON कि तुम","[0,1,0,0,0,0,0]",test_images/TE-187.jpg
TE-189.jpg,UNIVERSAL_HUMAN,खाना आने का इंतज़ार करते हुए...,,test_images/TE-189.jpg
TE-19.jpg,UNIVERSAL_HUMAN,मैंः sad और depressed हूँ घरवालेः बस sad होना बंद कर दो मैंः अरे बाप रै॰ क्या idea हैl ये तो मैंने सोचा ही नहीं था| मैं बहुत,"[1,0,0,0,0,0,0]",test_images/TE-19.jpg
TE-190.jpg,UNIVERSAL_HUMAN,जब की बोतल पर लिखा हो 'Repairs damage' पर तुम अंदर से तरह टूट चुके होl PanicAide.com शैम्पू पूरी,"[1,0,0,0,1,0,0]",test_images/TE-190.jpg
TE-191.jpg,UNIVERSAL_HUMAN,२१ साल का मैं जब एहसास होता है कि मुझे romcom और feel-good shows इसलिए पसंद हैं क्योंकि मैं depressed और वो shows उस को दिखाते हैं जो मुझे कभहॅ नहीं मिली| CARR JUIO made with mematic मुझे खुशी,"[1,0,0,0,1,0,0]",test_images/TE-191.jpg
TE-192.jpg,UNIVERSAL_HUMAN,"मेरे साथ रहो तो भूख लगने पर बोल देना, भूखा मरता रहता हूँ, मेरे भरोसे मत मत रहना| मैं खुद",,test_images/TE-192.jpg
TE-193.jpg,UNIVERSAL_HUMAN,"कोईः अरे , बाहर चलें क्या? मैंः यार sorry आज बहुत busy हूँ, schedule tight हे T-Mobile 1२:४7 PM 94% मार्च इवेंट डिटेल्स एडिट टेंशन में ठूँसना 6 AM रानान्धाना 7 AM 8 AM फालतू का सोचना (Overthinking) 9 AM १० AM ११ AM Noon टेंशन लेना पर कुछ करना नहीं PM २ PM टेंशन में ठूँसना ३ PM फिर से रोना 4 PM 5 PM अपनी हर एक गलती पर पछताना 6 PM","[1,0,0,0,1,1,0]",test_images/TE-193.jpg
TE-194.jpg,UNIVERSAL_HUMAN,काश मैं बस अपना दिमाग बंद कर पाता. .. और हर वक़्त negative सोचना छोड़ पाता.. SANVELLO,,test_images/TE-194.jpg
TE-198.jpg,UNIVERSAL_HUMAN,"५१२ "" <7ू मुझे हर वक्त मरने के ख्याल आते हैंl","[0,0,1,0,0,0,0]",test_images/TE-198.jpg
TE-199.jpg,UNIVERSAL_HUMAN,जब आप बहुत *्थके हुए हों* पर आपको न आए* *नींद,,test_images/TE-199.jpg
TE-2.jpg,UNIVERSAL_HUMAN,"LOAEL K७vieOR( क्या कभी तुम्हारैदिमाग में इतनी सारी बातें चली हैं कितुमू उन्हें शब्दों में बयां ही न करपाओ२ यह सोचना कि असल में कितने लोग पूसंद करते हैंl यह महसूसौर कैना किनुम कितने अकेले हो, और बात कुम्ें पैसंल्लिककूो ईं नहीॅहै फिरअचानॅक तुम पूरी तरह depressed feelकरने लगते होl","[1,0,0,0,1,0,0]",test_images/TE-2.jpg
TE-20.jpg,UNIVERSAL_HUMAN,खतरा उच्च वोल्टेज खतरा फ्लेगा का खतना Ars Flash Hatarol cclldloगuruwnts n MPN : ५२ calr ठaln pimia aro -oprocrisls PRE Feluie or SSCIa  Dtenn duto DANGER यह न केवल आपको मार डालेगा बल्कि मरते समय तक आपको दर्द भी देगा आर्फ,"[0,0,1,0,0,0,0]",test_images/TE-20.jpg
TE-202.jpg,UNIVERSAL_HUMAN,"0 gle school मुझे school मुझे depressed school मुझे suicidal school मुझे anxious school मुझे रुलाता है school मुझे बेवकूफ महसूस कराता है school मुझे बीमार करता है school मुझे बहुत थका देता है school मुझे उदास करता है school मुझे थका देता है school मुझे बहुत stressed करता है शिक्षा विभागः 'मुझे यहाँ कोई समस्या नहीं दिख रही"" मुझे यहाँ कोई समस्या नहीं दिख रही","[1,0,1,0,1,0,0]",test_images/TE-202.jpg
TE-203.jpg,UNIVERSAL_HUMAN,नींद नहीं आ रही बचाओ,"[0,0,0,0,0,0,1]",test_images/TE-203.jpg
TE-204.jpg,UNIVERSAL_HUMAN,चाय की एनर्जी खुशी बॉस ने इन दोनों तस्वीरों में फर्क ढूँढने को कहा हैl मेरा दिमाग ये दोनों एक ही हैंl कड़क,,test_images/TE-204.jpg
TE-206.jpg,UNIVERSAL_HUMAN,"sU @sharinganv मैं फोन कटने का वेट कर रहा हूँ ताकि मैसेज करके पूछ सकूँ - ' हाँ भाई, क्या काम था?","[1,1,0,0,0,0,0]",test_images/TE-206.jpg
TE-207.jpg,UNIVERSAL_HUMAN,":4^""::,,` कोई नहीं जानता कि मैं कौन हूँ, असली मैं नहीी ऐसा लगना है कि किसी को जानने की परवाह ही नहीं हैl -ऐ६ 7","[1,0,0,0,1,0,0]",test_images/TE-207.jpg
TE-208.jpg,UNIVERSAL_HUMAN,दिमाग का दही हो गया हैl,"[0,0,0,0,0,1,0]",test_images/TE-208.jpg
TE-209.jpg,UNIVERSAL_HUMAN,"kwp बच्चाः *किसी भी चीज़ के passionate होता है * माता पिताः 'ये सब फालतू काम है' बोलना ही है randomriverreader Teenagerः # अपना passion छुपाता है क्योंकि उसकी बेइज्जती हुई थी * माता पिताः मेरा बच्चा मुझे कुछ बताता क्यों नहीं? पक्का मोबाइल की वजह से होगा fleshwerks Adult: *चुपचाप , dull और बिना किसी passion के, बोरिंग जिंदगी जी रहा है* माता पिताः *तुम्हें कुछ ऐसा ढूँढना चाहिए जिसके तुम passionate हो!* लिए लिए",,test_images/TE-209.jpg
TE-210.jpg,UNIVERSAL_HUMAN,"बस एक polite लंबा आदमी concert में epttt SORRY Professor Barclay @AlbertBarclay69 ये शर्ट तो मुझे भी चाहिए| हाइट तो नहीं है, पर लोगों को disappoint करने का टैलेंट परा हैl","[1,0,0,0,1,0,0]",test_images/TE-210.jpg
TE-211.jpg,UNIVERSAL_HUMAN,ठीक हूँ,,test_images/TE-211.jpg
TE-212.jpg,UNIVERSAL_HUMAN,"० ५: 59 १६ सितंबर, २०२० अपनी ज़िंदगी बर्बाद कर ली इसलिए हम अकेले हैं #rabell art हमने",,test_images/TE-212.jpg
TE-215.jpg,UNIVERSAL_HUMAN,जब आपका १००% किसी और का ८% हो  MIAGIEJ IOLOSZ २०1९ BLUE _ TRONIBONE,"[0,0,0,0,1,0,0]",test_images/TE-215.jpg
TE-216.jpg,UNIVERSAL_HUMAN,'skinni होना है तो ठूसना बंद कर मुझे,"[1,0,0,1,0,0,0]",test_images/TE-216.jpg
TE-217.jpg,UNIVERSAL_HUMAN,मैं और मेरी परानी गल़त थेरेपी में सीखी हुई बातें थेरेपी में सीखी बातें आदतें हुई,"[0,0,0,0,0,1,0]",test_images/TE-217.jpg
TE-218.jpg,UNIVERSAL_HUMAN,ज़्यादा सोचना,,test_images/TE-218.jpg
TE-22.jpg,UNIVERSAL_HUMAN,उदासी पैसे की तंगी भोटापा कोई दोस्त न होना मैं जो अपनी लाइफ ढीक करने के कुछ नहीं कर रहा लिए,"[1,0,0,0,1,0,0]",test_images/TE-22.jpg
TE-220.jpg,UNIVERSAL_HUMAN,"तो, इस बिल्ली स्केल पर आज आपका मूड कैसा है? 2 3 4 5 7 8","[1,0,0,0,0,0,0]",test_images/TE-220.jpg
TE-221.jpg,UNIVERSAL_HUMAN,"स्नोमैन ठंड लग रही है, शकल भी अच्छी नहीं है, और मैं यहाँ से हिल भी नहीं सकता...","[0,0,0,0,1,0,0]",test_images/TE-221.jpg
TE-223.jpg,UNIVERSAL_HUMAN,"dajermster 4,०५५ ३४६ दृश्य 0.07",,test_images/TE-223.jpg
TE-224.jpg,UNIVERSAL_HUMAN,36 001 ये सोचकर कि मुझे अब अपनी eating habits मैं super excited हूँ सुधारनी होंगी और रोज़ क्योंकि मेरा dream college अपनी body image में admission हा गया issues से लड़ना होगा Inade Wth mematic,"[0,0,0,1,0,0,0]",test_images/TE-224.jpg
TE-225.jpg,UNIVERSAL_HUMAN,उस इंसान के sorry का wait करना जिसको पता भी नहीं कि उसने तुम्हारा दिल दुखाया है,"[1,0,0,0,0,0,0]",test_images/TE-225.jpg
TE-227.jpg,UNIVERSAL_HUMAN,Kidnapper २० मिनट झेलने के बाद वापस फेंक के चला गया| मुझे,"[0,0,0,0,1,0,0]",test_images/TE-227.jpg
TE-228.jpg,UNIVERSAL_HUMAN,मैं वो चीज़ें करता जो च हुह्े लगता है लोग हें ताकि वो मुझे छोड़ के ना जाएँ हूँ मुझसे,"[1,0,0,0,1,0,0]",test_images/TE-228.jpg
TE-229.jpg,UNIVERSAL_HUMAN,बस 5 मिनट खुश होने के बाद मैंः ४ ( नमस्ते dai joubu डिप्रेशून,"[1,0,0,0,0,0,0]",test_images/TE-229.jpg
TE-23.jpg,UNIVERSAL_HUMAN,"धचुष रहुना चूाहता हूँ ताकि कौई 0 लॅफडान होर ज़र॰॰ ढतिक्कहैबीला व नाक्यूडी, तुरम्हेंबोलने कlपूराँ हिकहै ण्चो॰॰॰","[1,0,0,0,1,0,0]",test_images/TE-23.jpg
TE-230.jpg,UNIVERSAL_HUMAN,कष्ट कष्ट कष्ट कष्ट कष्ट कष्ट कष्ट कष्ट कष्ट कष्ट कष्ट कष्ट अरे बाप रे! ज़़रा समय तो देखो,"[1,0,1,0,0,0,0]",test_images/TE-230.jpg
TE-231.jpg,UNIVERSAL_HUMAN,"मेरा दिमाग जब मैं उसे बिना interest वाली चीज़ सिखाने की कोशिश करता हूँ: mod uoloader 2018-10-16 10:37 Error 5""10:37 6 70:37 10:37 Files copy नहीं हो पाईं क्योंकि नहीं 5 10:37 10:37 10:42 OK 10:37 09:28 starbound 2018-10-16 10:37","[0,1,0,0,0,0,0]",test_images/TE-231.jpg
TE-233.jpg,UNIVERSAL_HUMAN,"मैंः *्पूरा दिन सोता हूँ* फिर मैंः यार, मैं कितना थका हुआ हूँ Lghrer Blue",,test_images/TE-233.jpg
TE-234.jpg,UNIVERSAL_HUMAN,० लोगों को आप पसंद हैं (पर इसमें हैरानी की कोई बात नहीं I),,test_images/TE-234.jpg
TE-235.jpg,UNIVERSAL_HUMAN,मर जाना ही बेहतर है,,test_images/TE-235.jpg
TE-237.jpg,UNIVERSAL_HUMAN,"मैं, अपनी जिंदगी का मजा लेते हुए एक dumb बनकर","[0,0,0,0,1,0,0]",test_images/TE-237.jpg
TE-239.jpg,UNIVERSAL_HUMAN,शायद मुझे खुद से नफरत करने की आदत है| 0n- 18333,"[0,0,0,0,1,0,0]",test_images/TE-239.jpg
TE-24.jpg,UNIVERSAL_HUMAN,"जब कोई पूछे रात कैसी रही Sad Boi नींद तो ज़्यादा नहीं आई, पर हॉ, कुछ घंटे anxiety ज़़रूर हुई","[1,0,0,0,0,0,1]",test_images/TE-24.jpg
TE-240.jpg,UNIVERSAL_HUMAN,मैं ज्यादा नहीं खाता| भूख लगने पर भी? सच बताऊँ तो उठकर खाने में बहुत आलस आता हैl,"[0,1,0,1,0,0,0]",test_images/TE-240.jpg
TE-241.jpg,UNIVERSAL_HUMAN,"Jess Zeidman @jzeidz तुम बचपन में 'क्लास टॉपर' थे, अपना रास्ता anxiety depression असफलता का डर जो तुम्हारे हर फैसले को परेशान करता है गहरा अपराधबोध कि तुम अपनी पुरानी क्षमता तक कभी नहीं पहुँच पाओगे सुडोकू में अच्छे उपरोक्त सभी १२:0०4 PM 1/31/19 Twitter for iPhone","[1,0,0,0,1,0,0]",test_images/TE-241.jpg
TE-242.jpg,UNIVERSAL_HUMAN,जब तुम किसी पार्टी में हो और एकदम से depression और anxiety हिट करे और तुम से कट जाओ| दुनिया,"[1,0,0,0,0,0,0]",test_images/TE-242.jpg
TE-243.jpg,UNIVERSAL_HUMAN,"मैंः यार काश मैं किसी से अपने दिल की बात कह पाता कोईः ""क्या हुआ भाई, सब ठीक?"" मैंः ""हाँ बस थोड़ा थका हुआ हू'","[1,0,0,0,0,0,0]",test_images/TE-243.jpg
TE-245.jpg,UNIVERSAL_HUMAN,"जब आप २०० में किसी बच्चे को नोच लो, सिर्फ मुफ्त के नशे के लिए","[0,0,1,0,0,0,1]",test_images/TE-245.jpg
TE-246.jpg,UNIVERSAL_HUMAN,अगर मैं अपनी family और friends को लan hurt बिना को मार सकता खुदनैकए का डeटकnतत भी नहीं सोचता| किए,,test_images/TE-246.jpg
TE-247.jpg,UNIVERSAL_HUMAN,मोटा और दुखी होने से अच्छा है मैं पतली और दुखी रहूँ |,"[0,0,0,1,0,0,0]",test_images/TE-247.jpg
TE-248.jpg,UNIVERSAL_HUMAN,थोड़ा दिमाग का दही करने दो,"[0,0,0,0,0,1,0]",test_images/TE-248.jpg
TE-25.jpg,UNIVERSAL_HUMAN,हालत खराब हो रही है और किसी को खबर तक नहीं..,"[1,0,0,0,0,0,0]",test_images/TE-25.jpg
TE-250.jpg,UNIVERSAL_HUMAN,"हाँ Zyada सोचना यह भी एक कला है, क्योंकि अपनी अच्छी-खासी ज़िंदगी हर कोई बर्बाद नहीं कर Buzzle com सकता! शायद श्लै खो गया फेँस गरथ tainly","[0,0,0,0,0,1,0]",test_images/TE-250.jpg
TE-252.jpg,UNIVERSAL_HUMAN,यह दुनिया बहुत ज़ालिम है और मैं इसे अब और नहीं देखना चाहती|,"[1,0,1,0,0,0,0]",test_images/TE-252.jpg
TE-253.jpg,UNIVERSAL_HUMAN,कलकै ७ou७nal  ऋलिकैह सै @U७it &त करना बस थही सौचतै किनई jeans म औैरै पैर पतले लिग रहैहै खा नहीः,"[0,0,0,1,1,0,0]",test_images/TE-253.jpg
TE-254.jpg,UNIVERSAL_HUMAN,मैं Publi@ रर्ें @W kward नृ हौनै कजी कोशिशा,,test_images/TE-254.jpg
TE-257.jpg,UNIVERSAL_HUMAN,"मैंः शायद रास्ता ढूँढना ज़रूरी नहीं है, ज़रूरी है खोए रहने में comfortable होना| वही मैंः मैं कहाँ फँस गया हूँ? मैं कौन हूँ? सब बकवास है! Anxie tees",,test_images/TE-257.jpg
TE-258.jpg,UNIVERSAL_HUMAN,मुझै एक sleep ढisou७ler है॰॰॰ ॰ उसकानाम बच्चै हैं॰,"[0,0,0,0,0,0,1]",test_images/TE-258.jpg
TE-260.jpg,UNIVERSAL_HUMAN,Me: selfie डालता हूँ anxiety: [किसी को पसंद नहीं आया| My,"[0,0,0,0,1,0,0]",test_images/TE-260.jpg
TE-261.jpg,UNIVERSAL_HUMAN,"""सब कैसा चल रहा है?"" मैंः दारू मीम्स फोन पछतावा नशा कर्ज़ भैं तनाव चिंता","[1,1,0,0,1,1,0]",test_images/TE-261.jpg
TE-262.jpg,UNIVERSAL_HUMAN,मेरा दिमाग खराब हो रहा है,"[0,0,0,0,0,1,0]",test_images/TE-262.jpg
TE-263.jpg,UNIVERSAL_HUMAN,"Oh. cool. Research: Depression में आपका दिमाग शारीरिक रूप से तेज़ी होता ह gaddy @gaddyzalex जब मैं छोटा था तो बड़ लोगः ""तुम अपनी उम्र से ज्यादा समझदार हो"" मैंः से बूढ़ा carticr Carvier","[1,0,0,0,1,0,0]",test_images/TE-263.jpg
TE-264.jpg,UNIVERSAL_HUMAN,क्या तुम मेरे लिए कुछ feel करते हो? मुझे तुम पर तरस आता है,,test_images/TE-264.jpg
TE-265.jpg,UNIVERSAL_HUMAN,"""अपने पड़ोसी नमस्ते जैसा पड़ोसी प्यारॅ करो"" अबे साले तू धरती पर है, किसी गध काम का नहीं से खुद बाझ","[0,0,0,0,1,0,0]",test_images/TE-265.jpg
TE-266.jpg,UNIVERSAL_HUMAN,मैरी anxeित मैं मेरा self esteem,"[0,0,0,0,1,0,0]",test_images/TE-266.jpg
TE-267.jpg,UNIVERSAL_HUMAN,जब पता चल कि कल रिश्तेदारों से मिलना है @animetmx,"[0,1,0,0,0,0,0]",test_images/TE-267.jpg
TE-269.jpg,UNIVERSAL_HUMAN,"जब मैं 5 मिनट से ज्यादा अकेला होता हूँ मेरे suicidal, depressed, और paranoid thoughts","[1,0,1,0,0,0,0]",test_images/TE-269.jpg
TE-27.jpg,UNIVERSAL_HUMAN,कैशियरः कैसे हो? मैंः ठीक हूँ *्तीन घंटे बाद वापस आता है* बोला दीदी| मुझे डिप्रेशन हैl 1 1 मैंने झूठ,"[1,0,0,0,0,0,0]",test_images/TE-27.jpg
TE-270.jpg,UNIVERSAL_HUMAN,मुझे लग रहा है मेरा दिमाग खराब हो रहा है FX,"[0,0,0,0,0,1,0]",test_images/TE-270.jpg
TE-271.jpg,UNIVERSAL_HUMAN,मैं खुद को 5 साल में कहाँ देखता हूँ ५ साल पहले मर गया,"[0,0,1,0,0,0,0]",test_images/TE-271.jpg
TE-272.jpg,UNIVERSAL_HUMAN,"यार, मुझे बस सोना हैl Coavणor CW Wषण""0""9","[0,0,0,0,0,0,1]",test_images/TE-272.jpg
TE-273.jpg,UNIVERSAL_HUMAN,हम सबने कुछ न कुछ झेला है| कुछ लोग बस खुद को संभाल लेते हैं और आगे बढ़ जाते हैंl हम में से कुछ को ऐसा लगता है जैसे हमें लात-घूंसों से मारा गया हो और फिर रोड रोलर से कुचल दिया गया हो|,,test_images/TE-273.jpg
TE-274.jpg,UNIVERSAL_HUMAN,मैं ज़िंदा हूँl शिट|,,test_images/TE-274.jpg
TE-277.jpg,UNIVERSAL_HUMAN,"है भगवान्, डस्ः साल हिमारै ग्रुष कै साभी ढौस्तों कौ एक ऐैसा पार्टनर झिलै जौ सच में उनका साथ ढै और खानै कै साथ उनकै रिश्ते का मज़ाक न उड़ाएा कौई ऐैसा जौ उनकैे सारे Isafe foods न चुराए और बिना वृजहकउनाकी बीँडी पर दैगैटिव कर्मैटनाकरै [ धन्यवाढा Phovoir Dreaistime com This waioma ked como image t Ior prevewna purposes oniy Oreomrtime dreon","[0,0,0,1,0,0,0]",test_images/TE-277.jpg
TE-278.jpg,UNIVERSAL_HUMAN,मैं पागल हो रही हूँ और किसी को परवाह नहीं है!! Peanuts @ UFS Inc <<#442,"[1,0,0,0,0,1,0]",test_images/TE-278.jpg
TE-28.jpg,UNIVERSAL_HUMAN,भैंस,,test_images/TE-28.jpg
TE-280.jpg,UNIVERSAL_HUMAN,मैं ग़म में दुनिया नहीं छोड़ना चाहता,,test_images/TE-280.jpg
TE-281.jpg,UNIVERSAL_HUMAN,"वैसे बात तो सही है[ कितना mean है तुम अरे , cake क्या कहता है, किसको फ़र्क पड़ता है! हम तो बस इसे खाएंगे और सुबह निकाल देंगे! ~ वैसे वो गलत हाँ, खिला के और नहीं कह रही| मोटी कर दे हमें| अपनी बर्बांद ज़िन्दगी रही हो कर","[1,0,0,0,1,0,0]",test_images/TE-281.jpg
TE-282.jpg,UNIVERSAL_HUMAN,चलो किस्मत आज़माते हैं = >्रै॰ट पनौती = पनौती पनौती पनौती पनौती कै,"[1,1,0,0,0,0,0]",test_images/TE-282.jpg
TE-283.jpg,UNIVERSAL_HUMAN,"अरे मेरे दिमाग! रात को इतना thinking so much at night, need to sleep.","[0,0,0,0,0,0,1]",test_images/TE-283.jpg
TE-284.jpg,UNIVERSAL_HUMAN,"nct"" nct1२7 LIVE 21.6K Rohit_07: भाई तपस्या कर रहा है Crazy Rahul: इसका गेम बज गया","[0,0,0,0,0,0,1]",test_images/TE-284.jpg
TE-286.jpg,UNIVERSAL_HUMAN,"जब भी ठीक होने की कोशिश करो, हालात और बिगड़ जाते हैं|","[0,0,0,0,1,0,0]",test_images/TE-286.jpg
TE-288.jpg,UNIVERSAL_HUMAN,"""अब जब छुट्टियाँ खत्म हो गई हैं, सारी टेंशन वापस आ गई है, और मुझे फिर से घबसूट लगी हैl यह बिल्कुल ठीक नहीं हैI"" Tangela Williams - Spann % होने",,test_images/TE-288.jpg
TE-289.jpg,UNIVERSAL_HUMAN,"मैंः *class एक से eye contact करता हूँ वो लडकीः जभासा सालें, कमीने कहीं केI < लड़की","[0,0,0,0,1,0,0]",test_images/TE-289.jpg
TE-29.jpg,UNIVERSAL_HUMAN,मैं इतना depressed नहीं हूँ कि अच्छे memes बना सकूँ| PIMCC कड़वा सच|,"[1,0,0,0,1,0,0]",test_images/TE-29.jpg
TE-290.jpg,UNIVERSAL_HUMAN,"""मैं तो पहले से ही तुम्हारा कफन खरीदने की सोच रहा था| ""","[1,0,1,0,0,0,0]",test_images/TE-290.jpg
TE-292.jpg,UNIVERSAL_HUMAN,"Lockdown संटैं adidc मैं  दिनओं १०वींबार गेर्मिंग, गैमिंग ad adidas","[0,1,0,0,0,1,0]",test_images/TE-292.jpg
TE-293.jpg,UNIVERSAL_HUMAN,मेरा फट रहा है दिमाग,"[0,0,0,0,0,1,0]",test_images/TE-293.jpg
TE-295.jpg,UNIVERSAL_HUMAN,"जीत रहा है क्या, बेटा? नहीं पापा, मैं नहीं जीत रहा, अब तो मैं games भी नहीं खेलता , मज़ा ही नहीं आता| बस घंटों तक बैठ कर बिना सोचे-समझे phone scroll करता रहता हूँl हर रात यही होता हैl मैं थक गया हूँ पापा|","[1,0,0,0,1,0,1]",test_images/TE-295.jpg
TE-297.jpg,UNIVERSAL_HUMAN,मैं बिना कुछ उखाड़े २०२० में entry @beawaraofficial -= wwwbeawara com लेते हुए,"[0,0,0,0,1,0,0]",test_images/TE-297.jpg
TE-298.jpg,UNIVERSAL_HUMAN,पूरा दिन थृकान Onelastconn रात को नींद नहीं आती,"[0,0,0,0,0,0,1]",test_images/TE-298.jpg
TE-3.jpg,UNIVERSAL_HUMAN,मैंः आज का दिन बहुत अच्छा होगा| @circleofidiots Anxietyः घंटा होगा,,test_images/TE-3.jpg
TE-300.jpg,UNIVERSAL_HUMAN,Me when my therapist does her मेरी शक्ल जब therapist सच में अपना damn job and makes me realize the काम करती है और मुझे मेरी हरकतों unhealthiness of my ways. का आईना दिखाती हैl,"[1,0,0,0,0,0,0]",test_images/TE-300.jpg
TE-301.jpg,UNIVERSAL_HUMAN,कभी नहीं होगा अब यह पहले जैसा,"[0,0,1,0,0,0,0]",test_images/TE-301.jpg
TE-302.jpg,UNIVERSAL_HUMAN,आत्महत्या कहा कि मौत की वजह आत्महत्या थी और फिर उन्होंने अपना सिर हिलाया क्योंकि वे समझ नहीं पाए कि कोई इतनी तरह से मरना क्यों चाहेगा| उन्हें क्या पता था कि यह इंसान तो ही मर चुका था बँत आत्महत्या तो बस एक तरीका था उस बचे हुए मलबे से छुटकारा पाने का जो पीछे रह गया था| -जोसेफिन अगस्त उन्होंने बुरी पहले,,test_images/TE-302.jpg
TE-304.jpg,UNIVERSAL_HUMAN,"मेरे विचार से, कोशिश न करने से हारना हमेशा होता है, क्योंकि आप कभी नहीं बता सकते कि आगे क्या हो सकता है| जीन क्रेतिएं qvotelcncy बेहतर",,test_images/TE-304.jpg
TE-305.jpg,UNIVERSAL_HUMAN,"जब आप बिल्कुल नाच गिर जात हा, ता सिर्फ ऊपर हीजा सकते हो! मैंः 0701?]","[1,0,0,0,1,0,0]",test_images/TE-305.jpg
TE-307.jpg,UNIVERSAL_HUMAN,"किसिंग आइलैंड्स , ग्रीनलैंड जरा देखो तो, यहाँ ज़मीन को भी रोमांस मिल रहा है और एक मैं हूँ...","[1,0,0,0,1,0,0]",test_images/TE-307.jpg
TE-308.jpg,UNIVERSAL_HUMAN,"अनिद्रा का विलाप नींद मुझसे रूठ गई है, द्वारा एन॰पी॰ हंट और हालाँकि मैंने संघर्ष किया है मैं अपनी ज़िंदगी के बोझ से बच नहीं सकता| यादों में उलझा और शून्य की लालसा में, ताकि मैं सो सकूँ , क्योंकि सपनों में मैंने चाहा है उन 'अगर-मगर' से बचनाः मुझे क्या करना चाहिए था या क्या करना था, हालाँकि कोई सबक या सुकून कभी खरीदा नहीं गयाl चाँद के नीचे, उन तारों को गिनते हुए जो उसने पकड़े हैं, मैं जागता हूँ, सोचता हूँ कि मुझे क्या सिखाया गया था; बेकार है जब मापा जाए कि यह क्या लाया है, NPHuntWriter Con फिर भी मैं विचारों की कब्र में दफन पड़ा हूँl",,test_images/TE-308.jpg
TE-31.jpg,UNIVERSAL_HUMAN,"चेहरे पे हँसी है, तो सब खैरियत ही होगी , है ना?","[1,0,0,0,0,0,0]",test_images/TE-31.jpg
TE-310.jpg,UNIVERSAL_HUMAN,"ऐ पेट, तू बस bore हो रहा है, भूखा नहीं हैl तो चुप कर|","[0,1,0,1,0,0,0]",test_images/TE-310.jpg
TE-312.jpg,UNIVERSAL_HUMAN,जब कोई मुझे text करने के बजाय call करने की कोशिश करता है [फ़ोन बज रह्या है] ये कया बकवास है२,,test_images/TE-312.jpg
TE-313.jpg,UNIVERSAL_HUMAN,सोचन ज़्यादा,"[0,0,0,0,0,1,0]",test_images/TE-313.jpg
TE-314.jpg,UNIVERSAL_HUMAN,आँखें फटी की फटी,"[0,0,0,0,0,0,1]",test_images/TE-314.jpg
TE-315.jpg,UNIVERSAL_HUMAN,"Depression ऐसे ही hit करता है| एक स्बह उठते हो, और डर लगता है कि तुम्हें जीना पड़ेगा|",,test_images/TE-315.jpg
TE-317.jpg,UNIVERSAL_HUMAN,"मैं, लोगों को GoalLadakh जाते हुए देखते हुए","[0,1,0,0,0,0,0]",test_images/TE-317.jpg
TE-318.jpg,UNIVERSAL_HUMAN,मैं डायटीशियन ने लगातार दो हफ्ते मेरी अपॉइंटमेंट कैंसिल कर दी क्या यह इशारा है कि मैं भूखा रहना जारी रखूँ?,"[0,0,0,1,0,0,0]",test_images/TE-318.jpg
TE-319.jpg,UNIVERSAL_HUMAN,"क्या पता तुम्हें low motivation नहीं, बल्कि overthinking, डॅर , anxiety और चिंता (ow serotonin की वजह से) आगे बढ़ने से रोक रही हो? HOLLYWOOD PRODUCIION ORECTOR TAKE CNMERA SCELE DAIE","[0,0,0,0,0,1,0]",test_images/TE-319.jpg
TE-320.jpg,UNIVERSAL_HUMAN,11 १२ 1० २ 9 3 8 4० 7 5 6,,test_images/TE-320.jpg
TE-321.jpg,UNIVERSAL_HUMAN,"जब आप कभी 'शर्मा जी का बेटा' या टॉपर माने जाते थे और सब आप पर भरोसा करते थे॰ लेकिन अब आप इतने depressed हैं कि काम नहीं कर पाते, इसलिए सब आपसे निराश हैं","[1,0,1,0,1,0,0]",test_images/TE-321.jpg
TE-322.jpg,UNIVERSAL_HUMAN,03 १x0| ज़िंदा रहने का अब कोई मतलब नहीं है KIP ALWAKKreArKk Aaocon,"[0,0,1,0,0,0,0]",test_images/TE-322.jpg
TE-324.jpg,UNIVERSAL_HUMAN,मेरे बचे-कुचे २8 २८ Facebook followers मैं Depression और suicide वाले memes,"[1,0,1,0,0,0,0]",test_images/TE-324.jpg
TE-325.jpg,UNIVERSAL_HUMAN,"अरे [insert name herel, तुम हमेशा ये मास्क क्यों किभी नहीं पीता पहनते हो? और मेरी लाइफ सॉर्टेड है चलो इसे पहने ही रखो| अगर दारू में कैलोरी नहीहिोत्ती , कभी नहीं पीता और मैं पक्का शराबी होता मेरी लाइफ सॉर्टेड","[0,0,0,1,0,0,0]",test_images/TE-325.jpg
TE-326.jpg,UNIVERSAL_HUMAN,८ मुझे जीना नहीं है डिप्रेशन मुझ मरना नहीं है एंग्जायटी मुझ नह्ींक रहासूस करना डिसोसिएशन <,"[1,0,1,0,1,0,0]",test_images/TE-326.jpg
TE-327.jpg,UNIVERSAL_HUMAN,जब आखिरी बार चैन की नींद सोई थी ४0 0 892,"[0,0,0,0,0,0,1]",test_images/TE-327.jpg
TE-328.jpg,UNIVERSAL_HUMAN,"दिमाग खो रही हूँ यकीन है कि मैं अपना दिमाग खो रही हूँ, हकीकत क्रूर रही है, मेरे पैरों के नीचे से जमीन खिसक रही है, मैं नियंत्रण खो रही हूँ; सोना मुश्किल है, सरल कार्यो पर ध्यान केंद्रित नहीं कर सकती, के लिए पर्याप्त सोच नहीं सकती, आसपास के लोग सभी चिंतित हैं, चौंकाने वाले रहस्य उन्होंने सीखे हैं मैं जमीन खो रही हूँ, मैंने नियंत्रण खो दिया है, इस सारे तनाव ने अपना असर डाला है इस सारे तनाव ने अपना असर डाला है मेरा काम का प्रदर्शन नीचे चला गया है, मुझे बस परवाह नहीं है, मैं भर चुकी हूँ, इसे हिला नहीं सकती, यकीन मानिए मैंने कोशिश की है, फिर भी मेरा प्यारा पति अभी भी मेरे पक्ष में खडा है, मुझे आगे बढ़ने के लिए मजबूर कर रहा है, जब मैं बहुत देर तक सोती हूँ ता मुझे ऊपर उठाता है, शॉवर शुरूँ करता है और मेरे बाल धोता है, उसका मीठा कोमल स्पर्श मुझे दिखाता है कि वह परवाह करता हे, मुझे अपनी बाहों में कसकर पकड़ता है, इस डर से कि मैं खुद को नुकसान पहुँचाऊँगी| पूछने =",,test_images/TE-328.jpg
TE-329.jpg,UNIVERSAL_HUMAN,जब 'safe clothes भी टॉइट होने लगें लग गए तुम्हारे,"[0,0,0,1,1,0,0]",test_images/TE-329.jpg
TE-330.jpg,UNIVERSAL_HUMAN,बताओ कौन suicide करने की जगह memes देख रहा है,"[0,0,1,0,0,0,0]",test_images/TE-330.jpg
TE-331.jpg,UNIVERSAL_HUMAN,वह उदास है वह आह़त वह मर रही है वह अकेली वह तन्हा है वह उलझी उसे आंका जाता है उसे अनदेखा किया जाता है वह आत्महत्य़ा के विचार मे है वह तनाव में है वह भ्रमित है वह बर्बाद है वह अवसाद में है उसे गलत समझा जाता है वह थक है पर जी रही है वह आहतॅ है पर दिखाएगी नहीं वह चिल्ला रही है पर खामोश है वह दर्द में है पर मुस्कुरा रही है वह मैं हूँ हुई है चुकी,,test_images/TE-331.jpg
TE-332.jpg,UNIVERSAL_HUMAN,मुझे एक sleeping disorder हैl जिसका नाम बच्चे हैl someecards user card +k,"[0,0,0,0,0,0,1]",test_images/TE-332.jpg
TE-334.jpg,UNIVERSAL_HUMAN,मेरा दिमाग खो गयाहैlअगर मिले तो extreme caution के साथhandleकरेंयह गंदाहो सकताहै और definitely dangerousहै! The Be s t ० f Life,"[0,0,0,0,0,1,0]",test_images/TE-334.jpg
TE-335.jpg,UNIVERSAL_HUMAN,"जब कोई आपसे पूछे कि आपकी रात कैसी ज्यादा नींद तो नहीं आई, पर कुछ घंटे anxiety में निकल गए गुज़री","[0,0,0,0,0,0,1]",test_images/TE-335.jpg
TE-337.jpg,UNIVERSAL_HUMAN,भेरी भभ्ओी कौ लगा भरै fexts काभतलब हिैकैpy depression से बाहर आ रहा हूँ असल में भैंने तो बस नशा करना शुरू किया है,"[1,0,1,0,0,0,0]",test_images/TE-337.jpg
TE-338.jpg,UNIVERSAL_HUMAN,मैंढीक हूँ सब बढ़िया है दोस्त और परिवार बख  थकान ह्ै नीढन आना दोस्त और परिवार आत्महत्या कुख्याल बैकाबू रोना अस्तित्वक्रा संकड रात भररैना ्धोना Depression attack Anxiety,"[1,0,1,0,0,0,1]",test_images/TE-338.jpg
TE-339.jpg,UNIVERSAL_HUMAN,घर मुझ घर जाना है जाना है घर मुझे बस जाना है खुश रहना है Twilथr @ coplog मुझ मुझ,"[1,0,0,0,0,0,0]",test_images/TE-339.jpg
TE-340.jpg,UNIVERSAL_HUMAN,मैं बहुत खुश था और फिर मैं जाग यय,,test_images/TE-340.jpg
TE-341.jpg,UNIVERSAL_HUMAN,"अब यह एक लत बन गई है, किसी वजह की ज़रूरत नहीं| मुझे","[0,0,1,0,0,0,0]",test_images/TE-341.jpg
TE-344.jpg,UNIVERSAL_HUMAN,वज़न बढ़ना और सोचना कि भैं ठीक होरही हूँ पॉज़िटिव प्रेग्नेंसी टैस्ट mematic के साथ बनाया गया,"[0,0,0,1,0,0,0]",test_images/TE-344.jpg
TE-345.jpg,UNIVERSAL_HUMAN,अगर तेरे friends कुएँ में कूदेंगे-- Meः,"[1,0,1,0,0,1,0]",test_images/TE-345.jpg
TE-347.jpg,UNIVERSAL_HUMAN,टिंडा तुम में से कुछ लोग प्रता नहीं क्यों made with mematic,"[1,0,0,0,0,0,0]",test_images/TE-347.jpg
TE-348.jpg,UNIVERSAL_HUMAN,"""तेरी smile सब बता देती है"" मैंः मरना है","[1,0,1,0,0,0,0]",test_images/TE-348.jpg
TE-349.jpg,UNIVERSAL_HUMAN,खुद के लिए रहो| करें न करें नंगे पैर बासी खाना हरियाली पाबंदी मटरगश्ती मैले कपड़े 0 * ) गोचर ठीक शुक्रवार रात १२:००  बजे भूखे,,test_images/TE-349.jpg
TE-35.jpg,UNIVERSAL_HUMAN,funnycutegifs tumblr com फालत बटन चेतावनीः बेकार है,"[0,0,0,0,1,0,0]",test_images/TE-35.jpg
TE-350.jpg,UNIVERSAL_HUMAN,हैष्पं दर्ल्ड स्लीप डैउ = ३ आज रात आपको गहरी नींद और अच्छे सपने आएं! KAP SoMaNG,"[0,0,0,0,0,0,1]",test_images/TE-350.jpg
TE-351.jpg,UNIVERSAL_HUMAN,मेरे दिमाग की आवाज़ें कहती हैं 'तुझे मर जाना चाहिए',"[0,0,1,0,0,0,0]",test_images/TE-351.jpg
TE-352.jpg,UNIVERSAL_HUMAN,मुझे नींद की बीमारी है. जिसका नाम बच्चे हैं|,"[0,0,0,0,0,0,1]",test_images/TE-352.jpg
TE-353.jpg,UNIVERSAL_HUMAN,"|२ I0 2 3 cY॰ई 4 lt| 5 ""] mg 6-4-83 यह ठंडा एहसास कि मैं अभी भी ज़िंदा हूँ, धीरे-्धीरे होने लगा है Mowica ""rulna Wैlul0 813-0169 500 LA)3)","[1,0,1,0,0,0,0]",test_images/TE-353.jpg
TE-355.jpg,UNIVERSAL_HUMAN,"काफी टाइम बाद वेट चेक किया, सोचा था उससे तो कम ही है वो ऐप जो स्केल से कनेक्टेड हैः 'अरे बेटा, ही हो ना? पिछली बार से तो बहुत फैल गए हो!' ये तुम","[0,0,0,1,1,0,0]",test_images/TE-355.jpg
TE-356.jpg,UNIVERSAL_HUMAN,Bladeः ओये बदसूरता मैंः मुझे अकेला छोड़ दो| Blade पर तेरे ज़ख्म भर रहे हैं और तुझे पता है तुझे और चाहिए| मैंः नहीं| Bladeः  फट्ू मत बन हुैझे पता है तू मुझे इस्तेमाल करना बकवास बंद कर| मेरा तुझसे हो गया| Bladeः Lol तूने पहले भी यही कहा था हमेशा रेंगते हुए वापस आती हैI FAILURE. अगली बार अपने हाथ पर यही क्यों नहीं गोद लेती? तुझे पता है तू यही हैl एक बड़ी| मोटी| बदसूरत| Failure. मैंः मुझे पता है.. Bladeः तो मुझे इस्तेमाल करI तुझे पता है तू चाहती हैl मैंः .ठीक हैl Bladeः   मुझे पता था तू नहीं रोक पाएगी..... Failure. चाहती  और तू,,test_images/TE-356.jpg
TE-357.jpg,UNIVERSAL_HUMAN,मेरा दिमाग खरराब हो रहा है थोड़ा,,test_images/TE-357.jpg
TE-358.jpg,UNIVERSAL_HUMAN,WHO: दो गज़ की दूरी बनाए रखें| मैंः समझ गया| बस llacin,"[0,1,0,0,0,0,0]",test_images/TE-358.jpg
TE-359.jpg,UNIVERSAL_HUMAN,ये तूने क्या डिप्रेशन बस एक मूड है इसे फिर से गोली मारो SRGRATO बंटी! किया? !,"[1,0,0,0,0,0,0]",test_images/TE-359.jpg
TE-36.jpg,UNIVERSAL_HUMAN,Bruno Lemos @brunolemos पता चलता है कितने isolated थे जब world pandemic आता है और तुम्हें अपनी lifestyle में almost zero changes करने हैं कि तुम पड़ते,,test_images/TE-36.jpg
TE-360.jpg,UNIVERSAL_HUMAN,"maggie mull @infinitesimull क्या तुम imagine भी कर सकते होः बिस्तर पर गए, तुरंत नींद आ गई, सुबह एकदम fresh उठे, पूरा दिन अच्छा गया, और फिर अगले दिन भी यही repeat हुआ?",,test_images/TE-360.jpg
TE-361.jpg,UNIVERSAL_HUMAN,स्थानीय महिला पर अपनी रसोई में गिलास के नीचे कैद कॉकरोच को जानलेवा दवाओं का कॉकटेल इंजेक्ट करने का आरोप|,"[0,0,1,0,0,0,0]",test_images/TE-361.jpg
TE-363.jpg,UNIVERSAL_HUMAN,मैं बोर होके फ़ोन लॉक करता हूँ ५ मिनट बाद वापस अनलॉक करता हूँ क्योंकि मैं बोर हो रहा हूँ Via admin- chintu,"[0,1,0,0,0,0,0]",test_images/TE-363.jpg
TE-365.jpg,UNIVERSAL_HUMAN,"जब reality और suicidal thoughts बचने के सिर्फ video games का सहारा हो, पर अब उनमें भी interest खत्म हा रहा हो sUR F.co लिए","[1,1,1,0,0,0,0]",test_images/TE-365.jpg
TE-366.jpg,UNIVERSAL_HUMAN,L५ ८ L छ 39 |ट ीलै,"[0,0,0,0,0,1,0]",test_images/TE-366.jpg
TE-368.jpg,UNIVERSAL_HUMAN,-किसी को मारना चाहती हो? -बस खुद को|,"[0,0,1,0,0,0,0]",test_images/TE-368.jpg
TE-369.jpg,UNIVERSAL_HUMAN,MB मीज़ाने कैर S ठ8स्रे ज़िदा रहो यस्क तक JECT: गेम वो अल्टीमेट गेम जिसमें रोज़ सुबह उठो और वही घिसा पिटा रूटीन बार-बार दोहराओ| भाड़ में जाए सब| ८ उठो २ काम पर जाओ; या मत जाओ ३ फिर से सो जाओ! ा <्ह फ= चावी,"[1,0,1,0,0,0,0]",test_images/TE-369.jpg
TE-371.jpg,UNIVERSAL_HUMAN,"मैं अपने मन को शांत करना चाहृता था, ताकि मेरे विचार मेरी अपनी शांति पर केंद्रित हो सकें| मैं अपने प्रेम की शांति को अपने दिल में में वैसे ही बंद करना चाहता था, जैसे एक गहरे गुलाब में ओस की बूंद| स्रोतः ""फिलिप स्पीक्स' लेखकः कैरिल हाउसलैंडर quolessayings net",,test_images/TE-371.jpg
TE-372.jpg,UNIVERSAL_HUMAN,"UTSCAL अगर २०२० एक CODE होता Jan2021  365; Sapne = 100; Tension  1; static void Zindagi _ Jhand( ){ for( Jan2020=0, Jan2020<=Jan2021, January2020++){ Sapne  Sapne 1; Tension = Tension*२; Println( "" हाथ धोते रहो, घर में रहोI""); public",,test_images/TE-372.jpg
TE-375.jpg,UNIVERSAL_HUMAN,अपनी human Depressed failures पर हा जाओ depression memes बनाने जाओ अकलessiक अeकलessiक रहाकयों गक  मैं रहाक्याकिहीैं * मैं कुछ मछहैस्ह हूनहीं कुछहषै्ह हूनह्तीं पाता और पाता औरु अकेला ही मरूँगा अकेला ही मरूँगा,"[1,0,0,0,1,0,0]",test_images/TE-375.jpg
TE-376.jpg,UNIVERSAL_HUMAN,अगर boobs छोटे लगते हैं तो मेरी जीने की देख लो ठ तुम्हें मेरे इच्छा,"[0,0,1,0,0,0,0]",test_images/TE-376.jpg
TE-377.jpg,UNIVERSAL_HUMAN,बाकी बच्चे क्या बनना चाहते हैंः मैं क्या बनना चाहता हूँः NDlA मरना| PPE.M. E,"[1,0,1,0,1,0,0]",test_images/TE-377.jpg
TE-38.jpg,UNIVERSAL_HUMAN,वो एक Serotonin का molecule जो मुझे दिन भर ज़िंदा रखने की कोशिश में लगा हैl,"[1,0,0,0,0,0,0]",test_images/TE-38.jpg
TE-380.jpg,UNIVERSAL_HUMAN,मदद की ज़रूरत है इससे पहले कि यह तुम्हारी जान लेे लेेI' 'मैं पहले ही मर चुका हूँI' 'तुम्हें,"[0,0,1,0,0,0,0]",test_images/TE-380.jpg
TE-381.jpg,UNIVERSAL_HUMAN,"उठो! एक tension जो मुझे रात के 3 बजे solve करनी है, पता नहीं क्यों| TheAwkwordYericom","[0,0,0,0,0,1,1]",test_images/TE-381.jpg
TE-382.jpg,UNIVERSAL_HUMAN,"१९० +3)00060 irdo 7nero 0 कत९ l९ 0७! Sv २ 05 pe | wovldn / [ (iel Ur॰   l१९ Ilo wa५ oणl Jr Qx ९१ ' ७t [n९v 6: ३० 5v अभी Maggi खाते-खाते Iapped 2 0 To0mn 1!0 Smlaller रो पड़ा क्योंकि सब कुछ dnd  smalle + ०४| ी rel Iike ] ""४  ""a५९ बहुत draining लग रहा   Kठing To :  है और मैं थक गाया हूँ w 0n } १0 २४ ९ ५ actvally d ४f अच्छी चीज़ों के होने की ०  Someon९ 0 9v० 4म onee भीख माँगते माँगते| Wlove  tww॰ 0w फ 6104:? 4 Tny o९c२v९ 0  ho bv 7० Rrplod९ 0! Oune १०n ०$r 30 many  dtsappoir mdn? 1० Iel 0*29 lor o0८९ १५२  . ~an1 ७० S.((2s$ tl dnd ?i05 Slomn? )ज^ 0v४* s Tr"" ) 40-$ p1 Povnd don",,test_images/TE-382.jpg
TE-383.jpg,UNIVERSAL_HUMAN,मुझे उठा लो और इँसी कर सकता बात से जान निकल रही है ० 0 प्लीज बस खत्म कर दो मुझे यार मैं कुछ ढंग का नहीं,"[0,0,1,0,1,0,0]",test_images/TE-383.jpg
TE-386.jpg,UNIVERSAL_HUMAN,"जब सालों तक eating disorder के बाद भूख लगना बंद हो जाए, और आपको कई दिनों बाद यह realize हो","[0,0,0,0,0,0,1]",test_images/TE-386.jpg
TE-387.jpg,UNIVERSAL_HUMAN,सब ठीक है? ह्ाँ एकदम भस्त,"[1,0,1,0,0,0,0]",test_images/TE-387.jpg
TE-388.jpg,UNIVERSAL_HUMAN,"erin @erinbcmurray क्या किसी और की लाइफ भी ऐसी चल रही है कि बस ये आखिरी मुश्किल हफ्ता निकल जाए, फिर तो लाइफ सेट है! लेकिन ऐसा... हर हफ्ते होता है",,test_images/TE-388.jpg
TE-389.jpg,UNIVERSAL_HUMAN,जब बच्चे आज ८३वीं बार बोलें कि वो 'so bored हैं Solll,"[0,1,0,0,0,0,0]",test_images/TE-389.jpg
TE-39.jpg,UNIVERSAL_HUMAN,therecoveringproblemchild @MemeDaddyBae Therapist: तो इस हफ़्ते डोपामाइन (dopamine) के लिए क्या किया? मैंः मैंने इंटरनेट पर बहुत सारे मीम्स (memes) शेयर किए ताकि मुझे वैलिडेशन (validation) मिले| Therapist: पर पानी की बोतल स्प्रे करता ह* तुमने बढ़ाने *मुझ,,test_images/TE-39.jpg
TE-390.jpg,UNIVERSAL_HUMAN,*^%(> 7 मीम्स Swpereler Skeenee Superelmer  मीम्स Swperelmer,"[0,0,0,0,0,1,0]",test_images/TE-390.jpg
TE-391.jpg,UNIVERSAL_HUMAN,आज मेरा बस गायब होने का मन कर रहा है,,test_images/TE-391.jpg
TE-392.jpg,UNIVERSAL_HUMAN,जब CaD मँं मुझजै कुछ २ी नहीं आता 0 बस्र खत्म ह्रौ जाए फिर घर जाकर anilne दैखूँगी खह,"[0,0,0,0,0,1,0]",test_images/TE-392.jpg
TE-393.jpg,UNIVERSAL_HUMAN,Future का सोच के ही... थक गया|,"[1,0,0,0,0,0,0]",test_images/TE-393.jpg
TE-394.jpg,UNIVERSAL_HUMAN,चींटियोंकोमारताथा अब lOCKOOWH मेंये मेरे जिगरी यार बन गएहैं imgflip com भैंइन,"[0,1,0,0,0,0,0]",test_images/TE-394.jpg
TE-395.jpg,UNIVERSAL_HUMAN,"jen merritt!!! @jennifermerr आज मेरे roommate ने कहा, "" मैं सोने जा रहा हूँ| मैं थका नहीं हूँ| बस मुझे जाग नहीं है"" और ममुझे...यह बात बहुत हुई| feel",,test_images/TE-395.jpg
TE-396.jpg,UNIVERSAL_HUMAN,पूरी जिंदगी क़ैद॰०,,test_images/TE-396.jpg
TE-397.jpg,UNIVERSAL_HUMAN,"Maria Wojciechowski @RiaWojo मैं ज्यादा बाहर नहीं जाती क्योंकि मैं कंगाल हूँ, लेकिन भाई साहब, जब मैं अमीर हा जाऊँगी , तो मुझे कोई और बहाना ढूँढना पड़ेगा|",,test_images/TE-397.jpg
TE-398.jpg,UNIVERSAL_HUMAN,भैं ७/mayo bro मौत बुढ़ापा करियर प्यार शादी नौकरी,"[0,0,1,0,0,0,0]",test_images/TE-398.jpg
TE-399.jpg,UNIVERSAL_HUMAN,मैं जब लगभग 1 (एक productive काम कर लूँ मह्ा विच्चय,,test_images/TE-399.jpg
TE-4.jpg,UNIVERSAL_HUMAN,मैंः चलो सोने का time हो गया| मेरा दिमागः Top ५० % डै &ैँ,"[1,0,0,0,1,1,1]",test_images/TE-4.jpg
TE-401.jpg,UNIVERSAL_HUMAN,भाड़ में जा,"[0,0,1,0,0,0,0]",test_images/TE-401.jpg
TE-402.jpg,UNIVERSAL_HUMAN,*कुछ छोटी सी परेशानी होती है* मैंः बूस अबतो सुसाइड हीएक रास्ता बचा है,"[1,0,1,0,0,0,0]",test_images/TE-402.jpg
TE-403.jpg,UNIVERSAL_HUMAN,अरे यार दिमाग! सोने दे न!! नहीं!!! क सोना है Z(Zic trll LOL ! कमज़ोरों काम,"[0,0,0,0,0,0,1]",test_images/TE-403.jpg
TE-404.jpg,UNIVERSAL_HUMAN,मेराbirhday जो मेरा थ्यान भटकाने आ रहा है Crushको pढ़pose करने का सौचने हुए मैं,"[0,0,0,0,0,1,1]",test_images/TE-404.jpg
TE-405.jpg,UNIVERSAL_HUMAN,"099000 मरने में शायद दर्द हो, परमरने केबाद कोई दर्द नहीं होता","[0,0,1,0,0,0,0]",test_images/TE-405.jpg
TE-406.jpg,UNIVERSAL_HUMAN,पूरे दिन सोने के बाद फिर से सोने की तैयारी करते हुए मैं,"[0,0,0,0,0,0,1]",test_images/TE-406.jpg
TE-407.jpg,UNIVERSAL_HUMAN,"मुझे s भिनट, ब & फा दही करने > ब्","[0,0,0,0,0,1,0]",test_images/TE-407.jpg
TE-408.jpg,UNIVERSAL_HUMAN,बीप बीप आत्मा दुखी,"[1,0,0,0,0,0,0]",test_images/TE-408.jpg
TE-409.jpg,UNIVERSAL_HUMAN,सारा ऑफिस में पार्टी गाजर का हलवा हो रही है॰ तो मैंने बनाया ताकि मेरी सोचा मैं बनाने की इच्छा भी कुछ पूरी हो जाए औ़र मैं मीठा ले जाऊँगा| खूद न खाऊ क्योंकि ये दूसरों के लेए हेl पार्टी में इतनी सारी पार्टी में इतनी सारी activities थीं activities थीं कि किसी को कि किसी को का टाइम ही का टाइम ही ख्हीने मिला और मिला और सब वापस सब वापस मु्घझे लाना पड़ा| लाना पड़ा मैंने बहुत फै,"[1,0,0,0,0,0,0]",test_images/TE-409.jpg
TE-41.jpg,UNIVERSAL_HUMAN,"लोग कहते हैं, ""काटना बंद करो॰"" उन्हें समझ नहीं आता कि ये इतना आसान नहीं हैl","[0,0,1,0,0,0,0]",test_images/TE-41.jpg
TE-410.jpg,UNIVERSAL_HUMAN,एक बहुत बुरी sleeping disorder हैl उसका नाम है पढ़ाई| someecards user card मुझे,"[0,0,0,0,0,0,1]",test_images/TE-410.jpg
TE-412.jpg,UNIVERSAL_HUMAN,मुझे महसूस होता है खालीपन उलझन दुख सुन्न भटका हुआ गुस्सा कमजोर बेकार धुंधला थका हुआ घबराहट दबा हुआ अस्थायी बेचैन,,test_images/TE-412.jpg
TE-414.jpg,UNIVERSAL_HUMAN,"लोग कहते हैंः 'जवानी का फायदा उठाओ , बहुत एनर्जी होती है' मैं रोज़ः",,test_images/TE-414.jpg
TE-415.jpg,UNIVERSAL_HUMAN,लोगः थोड़ा हॅँस भी लिया कर| में: Unelastconn,"[0,0,0,1,0,0,0]",test_images/TE-415.jpg
TE-416.jpg,UNIVERSAL_HUMAN,जब तुम अंदर से खत्म हो चुके हो पर फिर भी दिन भर ढोना पड़ता हैl K खुद को,"[1,0,0,1,0,0,0]",test_images/TE-416.jpg
TE-417.jpg,UNIVERSAL_HUMAN,Anonymous 05/02/19(Thu)09:49:59 N0.52223965 1506610241340.png ३६ KB PNG >रशायद एक और दिन हिलाने और वीडियो गेम खेलने से मेरी ज़िंदगी सुधर जाएगी,"[0,0,0,1,0,1,0]",test_images/TE-417.jpg
TE-419.jpg,UNIVERSAL_HUMAN,"jolly spooks @tiredspook दोपहर की 3 घंटे वाली depression nap vs रात की नींद 17/12/2016, 08:23","[1,0,0,0,0,0,1]",test_images/TE-419.jpg
TE-42.jpg,UNIVERSAL_HUMAN,कोरोनावायरस जानलेवा हो सकता है मेरा इम्यून सिस्टम अच्छा है और मैं नहीं मरूगा शांत मैं नहीं मरूगा वैनिक पैनिक,"[1,0,1,0,0,0,0]",test_images/TE-42.jpg
TE-420.jpg,UNIVERSAL_HUMAN,मैं कमरे में एक random जगह को बनाने की कोशिश कर रहा ुहूँ किँत मुडेबेवक्वैख रहा हैः घूरते,"[0,0,0,0,0,0,0]",test_images/TE-420.jpg
TE-421.jpg,UNIVERSAL_HUMAN,[OCR_ERROR],"[0,0,0,0,0,0,1]",test_images/TE-421.jpg
TE-422.jpg,UNIVERSAL_HUMAN,"जब आपको खाना चाहिए पर पतला भी होना है, पर पता है कि आप मोटे नहीं हो, पर अपनी बॉडी से नफरत है, और पता है कि जीने के खाना जरूरी है, पर सच कहूँ तो जीने का मन ही नहीं करता लिए","[0,0,1,1,1,0,0]",test_images/TE-422.jpg
TE-423.jpg,UNIVERSAL_HUMAN,सोकर उठने के 2 मिनट बाद Zoom call पर मैं,"[0,0,0,0,0,0,0]",test_images/TE-423.jpg
TE-424.jpg,UNIVERSAL_HUMAN,"जब आप ठूस-ठूस के खा लेते हो, पर आपने अभी एक घंटा लगाकर टॉयलेट साफ किया होl Kal M}","[0,0,0,1,0,0,0]",test_images/TE-424.jpg
TE-426.jpg,UNIVERSAL_HUMAN,सुबह का सियापा lip de oya philipd egoya net phil,"[0,0,0,0,0,0,1]",test_images/TE-426.jpg
TE-427.jpg,UNIVERSAL_HUMAN,उस्ू इंसान की यादैजिसे भेरी कोई पखाह नहीं परकैं आज भी करता हूँ रतके३बजेमै,"[0,0,0,0,0,0,1]",test_images/TE-427.jpg
TE-428.jpg,UNIVERSAL_HUMAN,मैं समझा रही हूँ कि मुझे eating dsoder है और सबका एक ही lelp माँग रही हूँ सबका एक ही जवाबः 'बस कर और खाना खा' imgflip com,"[0,0,0,1,0,0,0]",test_images/TE-428.jpg
TE-429.jpg,UNIVERSAL_HUMAN,वो कपड़े जिनमें मै lhot लगूँगा IA७k औै३ भैरी body insecudty,"[0,0,0,1,0,0,0]",test_images/TE-429.jpg
TE-43.jpg,UNIVERSAL_HUMAN,हूँ| हूँ/ मैं ठीक मैं ठीक कभी-कभी| कर रहा था| मज़ाक,"[1,0,0,0,0,0,0]",test_images/TE-43.jpg
TE-430.jpg,UNIVERSAL_HUMAN,सोओओओओओ... भूत चढ़ गया! हे भगवान! मैं हिल नहीं पा रहा! अजीब आवाज़ें आ रही हैं!!! शिट!!!!! अरे बाप रे! !,"[0,0,0,0,0,0,1]",test_images/TE-430.jpg
TE-432.jpg,UNIVERSAL_HUMAN,"सुबह 4 बजे बाथरूम जाते टाइम मैं, कोशिश कर रहा हूँ कि नींद न खुले","[1,0,0,0,0,0,0]",test_images/TE-432.jpg
TE-433.jpg,UNIVERSAL_HUMAN,"जब लाइफ में सब कुछ गलत हो रहा हो, पर अब आदत सी हो गई है 99","[1,1,0,0,0,0,0]",test_images/TE-433.jpg
TE-435.jpg,UNIVERSAL_HUMAN,+र रर य  ट्रेंडीज़िस्ट (,,test_images/TE-435.jpg
TE-436.jpg,UNIVERSAL_HUMAN,मेरा दिमाग खराब हो रहा है और किसी को पड़ी नहीं है!!   Peanute @ LFS Inc. शल्ज़,"[0,0,0,0,0,1,0]",test_images/TE-436.jpg
TE-437.jpg,UNIVERSAL_HUMAN,ये कलयुग की लव स्टोरी है कोई happy ending नहीं|,"[1,0,0,0,0,0,0]",test_images/TE-437.jpg
TE-438.jpg,UNIVERSAL_HUMAN,र्ा Y८k,,test_images/TE-438.jpg
TE-439.jpg,UNIVERSAL_HUMAN,मैंः मुझे अकेलापन छोड़कर लोगों से बात करनी चाहिए कोईः हाय मैंः,"[0,1,0,0,0,0,0]",test_images/TE-439.jpg
TE-440.jpg,UNIVERSAL_HUMAN,मैं किसी भी relationship के 3 महीने बाद @bigkidproblomns यह बोरिंग हैl मैं अब बोर हो गया हूँ| बहुत बोर हो गया (via Bigkidproblems),"[0,1,0,0,0,0,0]",test_images/TE-440.jpg
TE-441.jpg,UNIVERSAL_HUMAN,"मेरी Anxiety मेरा ADIHD मेरा Depression पूरा दिन कुछ करने का मन न करना, पर फिर भी ३०+ घंटे तक जागते रहना","[0,1,0,0,0,1,0]",test_images/TE-441.jpg
TE-443.jpg,UNIVERSAL_HUMAN,ई मेरा बिस्तर एक ड्ूँ जादुई जगह है 8 जहॉ मुझे अचानक वो सारे काम याद आ जाते हैं जो मुझे aunty acid करन WWW facebook com auntyacid,"[0,0,0,0,0,0,1]",test_images/TE-443.jpg
TE-444.jpg,UNIVERSAL_HUMAN,रात नींद नहीं आ रही क्योंकि फ़़ोन फ़ोन चला रहा हूँ चला रहा हूँ क्योंकि नींद नहीं आ रही मैं हर,"[0,0,0,0,0,0,1]",test_images/TE-444.jpg
TE-445.jpg,UNIVERSAL_HUMAN,इस CHRISTMAS पर बस एक ही चीज़ चाहिए कि मेरा पेट ठीक से साफ हो जाए UL UUUUUU UUUEIELUG,"[0,0,0,1,0,0,0]",test_images/TE-445.jpg
TE-447.jpg,UNIVERSAL_HUMAN,"जब scientists टीनएज depression का पूरा blame टेक्नॉलॉजी और सोशल मीडिया पर डालते हैं अरे, थोड़ा क्रेडिट हमारे School और Coaching centers को भी दो!","[1,0,0,0,0,0,0]",test_images/TE-447.jpg
TE-448.jpg,UNIVERSAL_HUMAN,"जब ०.२5 seconds में reply नहीं किया, तो मैं message < करने के तड़प रहा हूँ तुमने लिए &ँ  = * e","[1,0,0,0,0,0,0]",test_images/TE-448.jpg
TE-449.jpg,UNIVERSAL_HUMAN,"दोस्तः ""तू ठीक है ना?"" मैंः ""हाँ"" दोस्तः ""पर तेरे memes तो आजकल बस suicide औ़र depression के बारे में ही होते हैंI"" मैंः","[1,0,1,0,0,0,0]",test_images/TE-449.jpg
TE-45.jpg,UNIVERSAL_HUMAN,डिप्रैेशन एंग्जायटी भैं जौ बस् अपनी लाइफ जीने की कोशिश कर रहा हूँ,"[1,0,0,0,0,0,0]",test_images/TE-45.jpg
TE-450.jpg,UNIVERSAL_HUMAN,"OVERTHINKER हूँ| मुझे इससे नफरत हैl मैं सबसे simple चीज़ों का भी राई कॉ पहाड़ बना देता हूँ| अप्ने ही दिमाग में problems create कर लेता हूँl बिश हूँए मैं बस overthinking बंद कर पाता , यह चीज़ों को असलियत से भी बदतर बना रहा हैl छोटी छोटी बातों पर overthink करना बंद करना सीखना होगा| पर अफ़सोस, नहीं कर सकता| inateenager dealwitrit tublr मैं एक मुझे मैं कुछ",,test_images/TE-450.jpg
TE-451.jpg,UNIVERSAL_HUMAN,मैं अपने ही ख्यालों में उलझ जाता हूँ जस्टिन माइकल TheMindsJournal THEMINDSJOURNAL,"[0,0,0,0,0,1,0]",test_images/TE-451.jpg
TE-452.jpg,UNIVERSAL_HUMAN,की दही दिमाग,"[0,0,0,0,0,1,0]",test_images/TE-452.jpg
TE-453.jpg,UNIVERSAL_HUMAN,"माँ का दिमाग लोगों ने मुझे क्या बताया तुम बहुत कुछ भूल जाओगी| तुम्हें बहुत थकान होगी| तुम जितनी organized नहीं रह पाओगी| तुम्हें पहले जितना smart महसूस नहीं होगा| लोगों ने मुझे क्या नहीं बताया सिफ अपने लिए ही नहीं , बल्कि एक (या अधिक) छोटे इंसानों के लिए भी सुमच साफओगपन तुम्हारे दिमाग में जितना  सोचा था, उससे कहीं ज़्यादा प्यार की क्षमता होगी| तुम्हारा दिमाग पहले से कहीं ज़्यादा जानकारी रख पाएगा ( और हाँ, कभी॰कभी तुम कुछ भूल भी जाओगी | तुम्हारा दिमाग adapt करना सीख जाएगा| तुम पाओगी कि तुम्हारा पुराना दिमाग और ' mom brain' कैसे एक साथ अच्छे से काम कर सकते हैंl अपने दिमाग पर भरोसा रखो| अपनी instincts पर भरोसा रखोI तुम जितना सोचती हो, उससे कहीं ज़्यादा smart होl तुम्हारा पुराना दिमाग अभी भी वहीं है! तुम अभी भी तुम ही होl हमारा Mwww पहले तुमने Vlloge",,test_images/TE-453.jpg
TE-454.jpg,UNIVERSAL_HUMAN,ज़्यादा सोचना OARIUS TRovx,"[0,0,0,0,0,1,0]",test_images/TE-454.jpg
TE-455.jpg,UNIVERSAL_HUMAN,"Tweet carlos horse era @cowboykilos कॉलेज वाले असाइनमेंट देना बंद करेंगे क्या? हद है, मैं अपने डिप्रेशन पर फोकस करने की कोशिश कर रहा हूँ 6:51 PM 10/1/20 Twitter for iPhone ३३७ Retweets 9 Quote Tweets 1 ३६१ Likes ^",,test_images/TE-455.jpg
TE-456.jpg,UNIVERSAL_HUMAN,"४t मैं deep depression में, Anxlety मुझैे बौल कुछ भी करने के रही है कि अगर कुछ लायक नहीं नही किया तौ मैं एकदम बेकार हूँ","[0,0,0,1,1,1,0]",test_images/TE-456.jpg
TE-458.jpg,UNIVERSAL_HUMAN,"मुझे सबसे ज़्यादा डर अपना दिमाग खोने से लगता हैl आप अपनी पहचान खो देते हैं आपको पता नहीं रहता कि आप कौन हैं, कहाँ हैंl स्टीफन किंग ovocelancu",,test_images/TE-458.jpg
TE-459.jpg,UNIVERSAL_HUMAN,"जब तुम्हारा mental breakdown चल रहा हो और तुम रोने लगो, लेकिन भी एक ही समय पर memes पर हंस लेते हो फिर","[1,0,0,0,1,0,0]",test_images/TE-459.jpg
TE-46.jpg,UNIVERSAL_HUMAN,"नहीं यार, कल रात रात भर जग आं. तो मैं १३ घंटे थे क्या? सोया था इतनी देर सोने के DERRESS ION बाद भी तुम थके हुए कैसे हो सकते हो? AHUCKURANJS THINGS","[1,0,0,0,0,0,0]",test_images/TE-46.jpg
TE-460.jpg,UNIVERSAL_HUMAN,"Friend family: ""क्या हाल है?"" Meः ""बस चल रहा है"" १J78Y ७३","[1,0,0,0,0,0,0]",test_images/TE-460.jpg
TE-462.jpg,UNIVERSAL_HUMAN,माथा दबाने से social situations में anxiety और stress कम होता है मैंः,"[1,1,0,0,0,0,0]",test_images/TE-462.jpg
TE-463.jpg,UNIVERSAL_HUMAN,"मैं भी morning person बन सकती हूँ, अगर सुबह दोपहर १२ बजे होेI your cards someecards com","[1,0,0,0,0,0,0]",test_images/TE-463.jpg
TE-464.jpg,UNIVERSAL_HUMAN,क्या कभी इतना BORE हुए हा कि गुस्सा आने लगे?,"[0,1,0,0,0,0,0]",test_images/TE-464.jpg
TE-465.jpg,UNIVERSAL_HUMAN,"मेरा दिमाग शांत ही नहीं होता , बस चलता रहता हैl ~ Justin Richelle Mead QuoteMaster.org",,test_images/TE-465.jpg
TE-466.jpg,UNIVERSAL_HUMAN,मैं रात के 2 बजेः अब सोने का time है मेरी उदासीः जरCल नमस्ते,"[1,0,0,0,0,0,1]",test_images/TE-466.jpg
TE-468.jpg,UNIVERSAL_HUMAN,दिमाग की 4 औँगाने हैं (चौथी सोच रही हैः क्या पेंगुइन के घुटने होते हैं?) Wwit. Soekod 00^ चाहती,"[0,0,0,0,0,0,1]",test_images/TE-468.jpg
TE-469.jpg,UNIVERSAL_HUMAN,सोच रहा हूँ कृपया प्रतीक्षा करें,"[0,0,0,0,0,1,0]",test_images/TE-469.jpg
TE-472.jpg,UNIVERSAL_HUMAN,४ मेंसे 3 हिस्से मेरे दिमाग के सोना चाहते हैं॰. बाकी एक जानना चाहता है कि क्या PENGUINS के होते हैं! घुटने,,test_images/TE-472.jpg
TE-473.jpg,UNIVERSAL_HUMAN,अकेला ओर थका हुआ हूँ|,"[1,0,0,0,0,0,0]",test_images/TE-473.jpg
TE-474.jpg,UNIVERSAL_HUMAN,*महीनों से depression ने वाट लगा रखी है* हर उठ कर अपना best देने की कोशिश करता हूँः Iili पिक्चर अभी बाकी है रोज़ FELD COORS W| 1|19 (0|()8) Olll |,"[1,0,0,0,0,0,1]",test_images/TE-474.jpg
TE-475.jpg,UNIVERSAL_HUMAN,मैं थक गया हूँI मैं थक गया हूँl मरते दम तक कामः थक गया हूl नींद नहीं आ रहीl OENMISDOOOLG,"[0,0,0,0,0,0,1]",test_images/TE-475.jpg
TE-476.jpg,UNIVERSAL_HUMAN,मेरी नींद की वाट लग गई हैl,,test_images/TE-476.jpg
TE-477.jpg,UNIVERSAL_HUMAN,र्ैं ठूस ्ठूस कै खाने से पहले ही तैयारी' के लिए laxatives लेता हूँ और चो सोने से पहले ही अपना असर दिखा देती हैं made with niematic,"[0,0,0,1,0,0,0]",test_images/TE-477.jpg
TE-478.jpg,UNIVERSAL_HUMAN,"""मेरा दिमाग बंद नहीं हो रहा| यह एक nonstop train जैसा हैI"" ~ जस्टिन रिशेल मीड Richelle Mead Quote Master.org",,test_images/TE-478.jpg
TE-48.jpg,UNIVERSAL_HUMAN,खुद को नुकसान  लोगों के मीठे बोल ँसू मैं मेनिया हरकतें वाली पहुँचाने अनजान gूँ गुस्सा डिप्रेशन,"[1,0,1,0,1,0,0]",test_images/TE-48.jpg
TE-480.jpg,UNIVERSAL_HUMAN,"सोने से पहले मैं बहुत सोचता हूँ दिमाग में सीन चलते रहते हैंl जो बातें कहनी हैं, उनकी प्रैक्टिस करता हूँl अनगिनत ' अगर-्मगर' होते हैंl अगले दिन के प्लान बनाता हूँl जिन्हें मिस करता हूँ, उनके बारे में सोचता हूँl जिन्हें नापसंद करता हूँ , उनके बारे में भीl",,test_images/TE-480.jpg
TE-481.jpg,UNIVERSAL_HUMAN,मेरा दिमाग खराब हो रहा है LOSING MYMINID MEME ` for TheNinjaCat TNC) oulube,"[0,0,0,0,0,1,0]",test_images/TE-481.jpg
TE-482.jpg,UNIVERSAL_HUMAN,ऑफिस में इतना बौरहौ रहा था किकाम करा शुरूकर दिया OLUL(3940,"[0,1,0,0,0,0,0]",test_images/TE-482.jpg
TE-483.jpg,UNIVERSAL_HUMAN,"मेरी recover कीकोशिश %1?% मेरीमम्मी जोहिमेशाबोलतीरहती हैं किचोकितनीमोटीहोरही है परसाथही छिवनुभी कॅरतीहैकिसैनेतो आज कुछखायाही नही॰ और कितनी खुशहैंकि उनकी collarbones फिरसे दिखने लगी हैं, और","[0,0,0,1,0,0,0]",test_images/TE-483.jpg
TE-485.jpg,UNIVERSAL_HUMAN,अरे! Overthinking से निपटना aColorfulJourney com,"[0,0,0,0,0,1,0]",test_images/TE-485.jpg
TE-486.jpg,UNIVERSAL_HUMAN,"Messages ignore कर रहा हूँ, जब तक social की energy वापस नहीं आती| होने","[0,1,0,0,0,0,0]",test_images/TE-486.jpg
TE-487.jpg,UNIVERSAL_HUMAN,"""अब जब छुट्टियाँ खत्म हो गई हैं, तो सारा STRESS वापस आ गयया हैl फिर स ANXIETY FEEL हा रही है| यह बिल्कुल भी ठीक नहीं हैI"" Tangela Williams - Spann % मुझे",,test_images/TE-487.jpg
TE-488.jpg,UNIVERSAL_HUMAN,जब पता चलता है कि Monday सुबह उठने में बस ३ घंटे १२ मिनट बचे हैं,"[0,0,0,0,0,0,1]",test_images/TE-488.jpg
TE-489.jpg,UNIVERSAL_HUMAN,"जब आप ऑफिस में बोर हो रहे हों और स्क्रीन के साथ मस्ती करने लगें 987750 90""707^ Cxer0n 01390 3:1*:%4889 v४e nN(08 4 असली कला को किसी स्पष्टीकरण की आवश्यकता नहीं हेती|","[0,1,0,0,0,0,0]",test_images/TE-489.jpg
TE-49.jpg,UNIVERSAL_HUMAN,frothqueen काम ज़रूरी Public में सोना,"[1,0,0,0,0,0,0]",test_images/TE-49.jpg
TE-490.jpg,UNIVERSAL_HUMAN,आजकल अपना temperature check करते हुए भैंस,"[0,0,0,0,1,0,0]",test_images/TE-490.jpg
TE-491.jpg,UNIVERSAL_HUMAN,"कोरोनावायरस मुझे नहरीं मार सकता००००c क्योकि डिप्रेशून ने मुझे पहले ही झार दिया है४॰००० (और्ैरैददजी, पापा औरदीस्ती ६े%","[1,0,1,0,0,0,0]",test_images/TE-491.jpg
TE-493.jpg,UNIVERSAL_HUMAN,"depressive episode 'bounce back"" करने कीं कोशिश Tweet को Moment में जोड़ें sorry मैंने अभी देखा! ! मैं इस इस conversation का Mute करें हफ्ते बहुत बीमार था :( ""rr7l[i1 Tweet Delete करें 8६ 8:00AM /=:|[17 Cancel 8:01AM 2l*IfI[] 8:02AM 731[717 आज कौन सा दिन है 8:03AM 2:1[][1 आज कौन सा दिन है 8:04AM 17![1[1 आज कौन सा दिन है 8:05AM Shit मैंने अभी देखा!!!! तुम कैसे हो? From इस हफ्ते की अनुपस्थिति Zit प्रिय प्रोफेसर.. २. Dolo ६५० 3. देर से जवाब देने के लिए माफ़ी चाहता हूँ 4. बहुत बीमार था और इसलिए क्लास नें 5. हहीते आ सका| नुझे आपको पहले ही बता देना lm॰  [ - चाहिए था॰ और असविधा के लिए खेद हैl कपया hey Utloatr / मैं इस","[1,0,0,0,1,0,1]",test_images/TE-493.jpg
TE-494.jpg,UNIVERSAL_HUMAN,मै३ मुझे वो एक ईमेल जो भेजना है आज,"[0,0,0,0,1,0,0]",test_images/TE-494.jpg
TE-495.jpg,UNIVERSAL_HUMAN,मैं सोच रहा हूँ फ़ायदे शशश. ज्यादा नुकसान बीच का,"[0,0,0,0,0,1,0]",test_images/TE-495.jpg
TE-496.jpg,UNIVERSAL_HUMAN,मैं रात के 3 बजे सोने की कोशिश करते हुए बचा हुआ Homeiotk बचपनकी crngey हरतें Eutueक LDixe टेंशन आजकी Gngej हरकर्तें Depression,"[0,0,0,0,1,0,1]",test_images/TE-496.jpg
TE-498.jpg,UNIVERSAL_HUMAN,जब सब 'Social Distancing की बातें कर पर तुम तो पूरी ज़िंदगी सबसे दूर ही रहे होः,"[1,1,0,0,1,0,0]",test_images/TE-498.jpg
TE-499.jpg,UNIVERSAL_HUMAN,क्या? डिप्रेशन? नहीं भाई बस थोड़ी थकान हैः चिंता मत करमैं ठीक हूँ भाई,"[1,0,0,0,0,0,0]",test_images/TE-499.jpg
TE-5.jpg,UNIVERSAL_HUMAN,"""भरी महफ़िल में भी इंसान तन्हा हा सकता हैl एहसास को जानता हूँ| xxxtentacion मैं इस",,test_images/TE-5.jpg
TE-500.jpg,UNIVERSAL_HUMAN,"जब मैं late reply जब मुझे 5 सेकंड में करता हूँ reply नहीं मिलता यार...लोग हर वक्त फोन पक्का वो मुझसे नफरत से नहीं चिपके करते हैं, अब भैं पता लगाकर ही रहूँगा @MasiPopal रहते| क्यों","[1,0,0,0,1,0,0]",test_images/TE-500.jpg
TE-501.jpg,UNIVERSAL_HUMAN,THE  BAIT कोई गधा ही फँसेगा. सब ठीक हा जाएगा cP८D^0 इसमें,"[1,0,1,0,0,0,0]",test_images/TE-501.jpg
TE-502.jpg,UNIVERSAL_HUMAN,eating eating disorder होना disorder होना,"[0,0,0,1,0,0,0]",test_images/TE-502.jpg
TE-503.jpg,UNIVERSAL_HUMAN,सब ठीक है Smolsvoernova,"[1,0,0,1,0,0,0]",test_images/TE-503.jpg
TE-504.jpg,UNIVERSAL_HUMAN,ज़्यादा सोचना.. खुशियोंको खत्म करने का सबसे तेज तरीका| अज्ञात,,test_images/TE-504.jpg
TE-507.jpg,UNIVERSAL_HUMAN,"जब आप बिना किसी या डर के खा रहे हो, और तभी घरवाले याद दिला दें कि 'मोटी हो जाएगी , थोड़ा देख के खाया कर'| @bulimicfuckingbarbie guilt","[0,0,0,1,1,0,0]",test_images/TE-507.jpg
TE-508.jpg,UNIVERSAL_HUMAN,"मैंः मुझे कितना मज़ा आ रहा है दिमागः सोचो अगर अचानक mood खराब हो तुम चुप nonverbal) हो जाओ , और दोस्तों तजंको लकदूम तुम rude हा मैंः [धीरे से] मत कर यार|","[1,0,0,0,0,1,0]",test_images/TE-508.jpg
TE-51.jpg,UNIVERSAL_HUMAN,यहु अकेलापन आखिर कब खत्म होगा?,"[1,0,0,0,0,0,0]",test_images/TE-51.jpg
TE-510.jpg,UNIVERSAL_HUMAN,सेरी जिम्मेदारियाँ झैं,"[1,1,0,0,0,0,0]",test_images/TE-510.jpg
TE-511.jpg,UNIVERSAL_HUMAN,सुकून वाली नीदः जो नींद मुझे मिलती हैः लो॰ सनुबहु हो गर्ईु0,"[1,0,0,0,0,0,1]",test_images/TE-511.jpg
TE-513.jpg,UNIVERSAL_HUMAN,Life Hack #Gl by Borderline Personality Disorder देर तक सोना जिम्मेदारियों से बचने का एक आसान और refreshing तरीका है!,,test_images/TE-513.jpg
TE-514.jpg,UNIVERSAL_HUMAN,"मैं मेरी mental खुद का नुकसान करने वाली आदतें, health अकेले रहना, depression वाली गलत तरीके से deal करना, & खाने सोने की बुरी आदतें नींद,","[1,0,0,1,0,1,1]",test_images/TE-514.jpg
TE-515.jpg,UNIVERSAL_HUMAN,Just Sally @MustardSally1 मैंने एक को हाथ हिलाया क्योंकि मुझे लगा उसने मुझे हाथ हिलाया| पता चला वो किसी और औरत को हाथ हिला रहा थाIता उस awkward situation से बचने के लिए मैंने अपना हाथ ऊपर ही रखा और एक ऑटो रूक गया और मुझे एयरपोर्ट ले गया| अब मैं नेपाल में हूँ और और एक नई ज़़िंदगी शुरू कर रही हूँ| आदमी,,test_images/TE-515.jpg
TE-516.jpg,UNIVERSAL_HUMAN,"अगर अचानक घूमना बंद ४६५ मीटर प्रति सेकंड की रफ़्तार ारसेदेपूर्वे क्ूीम ओर उड़ जाओगे और तुरंत मर जाओगे| Denise Alvarado अगर यह रही तो हम में से ज़्यादातर लोग धीरे ्धीरे , दर्दनाक तरीके से और डरते हुए मरेंगे| हम्म... G५ Spe पृथ्वी घूमती","[0,1,0,0,0,0,0]",test_images/TE-516.jpg
TE-517.jpg,UNIVERSAL_HUMAN,लोगः ' मैंने सुना है ZANDU BALM से stress और anxiety कम होती है' मैंः @planetmunchkin,"[1,0,0,0,0,0,0]",test_images/TE-517.jpg
TE-518.jpg,UNIVERSAL_HUMAN,बातें जो आप सिर्फ 10 सुबह 4 बजे सोचते हैं जैसे कि. ४ सही है॰ये ८७ comebacks एकदम परफेक्ट होते नौ घंटे पहले जब मैं सच में वो बहस कर रही थी| oicxmom mcht at lOpmET हर रात IOpm ET by Robyn Welling 093 Evyl,"[0,0,0,0,0,0,1]",test_images/TE-518.jpg
TE-52.jpg,UNIVERSAL_HUMAN,सोचो अगर २०२० बस २०२२ का ट्रेलर था? ISarcasmlol PanicAide com,"[1,0,0,0,0,0,0]",test_images/TE-52.jpg
TE-520.jpg,UNIVERSAL_HUMAN,मैं यह सोचते हुए कि आज रात किस बात की टेंशन लेकर अपनी नींद खराब करूँ भविष्य भूतकाल,"[0,0,0,0,0,1,1]",test_images/TE-520.jpg
TE-522.jpg,UNIVERSAL_HUMAN,पता नहीं नींदआ रही है या बस बोरहो रहा हूँ दिन के उस आलसी वक़्त में मेरा अक्सर यही हाल होता है...,"[0,1,0,0,0,0,0]",test_images/TE-522.jpg
TE-523.jpg,UNIVERSAL_HUMAN,"Sunday को, लगता है मेरे सबसे जरूरी चीज़ है बस अपने दिमाग को स्विच ऑफ कर देना| रेबेका स्टीड WWWWOWAU.com मुझे लिए",,test_images/TE-523.jpg
TE-524.jpg,UNIVERSAL_HUMAN,मेरी मम्मी मुझे लोगों से मिलवाते हुए : @infjjokes memes ये कुभकर्ण अपनी पूरी जिंदगी सौना रहता हैl,"[0,0,0,0,0,0,1]",test_images/TE-524.jpg
TE-527.jpg,UNIVERSAL_HUMAN,"जब आपको लगता है कि आपको Eating Disorder नहीं है, लेकिन फिर पता चलता है कि खाना चबाकर थूकना भी उसी का एक लक्षण है यह मामला गंभीर हो गया हैl","[0,0,0,1,0,0,0]",test_images/TE-527.jpg
TE-528.jpg,UNIVERSAL_HUMAN,सुकून,"[0,0,0,1,0,0,0]",test_images/TE-528.jpg
TE-529.jpg,UNIVERSAL_HUMAN,जब सरकार social distancing की सलाह देती है पर तुमने 6 महीने से किसी इंसान से बात नहीं की हेल्थ imgfiip com,"[1,1,0,0,0,0,0]",test_images/TE-529.jpg
TE-53.jpg,UNIVERSAL_HUMAN,मैं उदास हूँl मुझे कहीं जाना चाहिए| अब मैं एक अलग जगह पर उदास हूँl घूमने,"[1,0,0,0,0,0,0]",test_images/TE-53.jpg
TE-530.jpg,UNIVERSAL_HUMAN,"बिना डुनजी सुबह उठ गया, एक साले तढैयाा बजौं थ्ारे के जिसके पीछ्ै फैरी बिल्लीी पृर्दे फाड़ रही थी! RIM JI[LIOTOOII सोए लिए","[0,0,0,0,0,0,1]",test_images/TE-530.jpg
TE-531.jpg,UNIVERSAL_HUMAN,खुद को समझाते हुए कि मेरे शरीर को 'binge की ज़रूरत थी' क्योंकि मैं fast पर था मेरी आंतें जिन्हें इतना सारा खाना झेलना पड़ रहा है जो वो पचा भी नहीं सकतीं,"[0,0,0,1,0,0,0]",test_images/TE-531.jpg
TE-532.jpg,UNIVERSAL_HUMAN,"Elly Belle Follow @literElly कोईः तो ज़िंदगी कैसी चल रही है? मैंः NYT Minus Context @NYTMinusContext यह बहुत थकाने वाला है, और मुझे यह ढंग से आता भी नहीं| १1:२8 PM - ११ 2017 Sep",,test_images/TE-532.jpg
TE-534.jpg,UNIVERSAL_HUMAN,Izuku Midoriya @ProDeku सोचो काम करके कोई इतना खुश हो,"[0,1,0,0,0,0,0]",test_images/TE-534.jpg
TE-535.jpg,UNIVERSAL_HUMAN,"जब रात के 2 बज रहे हों और anime episode सस्पेंस पर खत्म हा जाए मुझे नींद नहीं, जवाब चाहिए|","[0,0,0,0,0,0,1]",test_images/TE-535.jpg
TE-536.jpg,UNIVERSAL_HUMAN,मेरा दिमाग बस चलता रहता है,,test_images/TE-536.jpg
TE-537.jpg,UNIVERSAL_HUMAN,"Z ३ मैं deep depression Ammlet में, कुछ करने की समझातै हुए कि अगर हालत में नहीं कुछ नही किया तो मैँ एकदम बैकार हूँ झुझ्जे","[1,0,0,0,1,0,0]",test_images/TE-537.jpg
TE-538.jpg,UNIVERSAL_HUMAN,मैं सोने की कोशिश में बेइज्जती की यदें [|| पुरानी,"[1,0,0,0,0,0,1]",test_images/TE-538.jpg
TE-539.jpg,UNIVERSAL_HUMAN,मेरी मदद करॅने कीकोशिश इंटरनेट के मेरी मदद करने की कोशिश इंटरनेट के 'Depressed  लोग Depressed लोग उपाय उपाय u/Bjaguar इंटरनेट के 'Depressed इंटरनेट के 'Depressed मेरी दद करने की कोशिश मेरी मदद करनेकीकोशिश उपाय उपाय OULTURD.COल,"[1,0,0,0,1,0,0]",test_images/TE-539.jpg
TE-54.jpg,UNIVERSAL_HUMAN,काश मेरे दिमाग का भी कोई O३F SHITCH होता| THEGOODVIBE.CO,,test_images/TE-54.jpg
TE-541.jpg,UNIVERSAL_HUMAN,मेरी हालत जब थेरेपिस्ट अपना काम करती है और मेरी ही गलतियों का अहसास रदिलो तैर हैl,"[0,0,0,0,1,0,0]",test_images/TE-541.jpg
TE-542.jpg,UNIVERSAL_HUMAN,*मैं रात के 3 बजे अचानक motivation के जोश के साथ* my depression *मेरा depression *मैं 5 सेकंड बाढध३,"[0,1,0,0,0,0,0]",test_images/TE-542.jpg
TE-543.jpg,UNIVERSAL_HUMAN,"०४ Current Mood दिल में तूफ़ान, चेहरे पे मुस्कान| Insta@theinsidefeelings",,test_images/TE-543.jpg
TE-544.jpg,UNIVERSAL_HUMAN,"अकेला मैं इस बड़ी भीड़-भाड़ वाली इसगह्हेरे अकेला चलता हूँ, दुःख और उ्दासी पर खुदी हूई है| वो साल और वो ऑँसू, जिन्हें मैं मिटाँ नही सकता, मैं आगे बढ़ने की कोशिश केरता हूँ, पर यह दोड़ हार रहा हूँl ^(||  अजनबियों मैँज एकबखो्ड हुर्ई भीदीभ्ती सेड़किर पहूँ सडक्राहू बिन्क्ल आाकेलाहीं ख़तीl जैसे ही कुछ लोग मुझे वापस अपने पैरों पुर खूड़ा करने में म्दद करने की कोशिश करते हैं, हूँ और भाग जाता हूँ ताकिं वे मुझे रोते हुए न देख सके| तो अब मैं अपने दिमाग की गहराइयों में अकेला हूँ, पागूलपन , और गुस्से, और नफरत और डर के साथे| मैं खरोंचता हूँ और्ँ काटता हूँ और अपने बाल खींचता हूँ, मै आत्मनदेया से भरा हूँ॰ मैं निराशा में खो गया हूँl अब मेरे आस-्पास कोई नहीं है, यह सब मुझ पर निर्भर है, धकेल दिया है, इसुलिए मुझे ही आजाद होना होगा| मैं इससे ऊपर उठ ठकक्ुहा नौ सकता मैं यहूँ लूडाई जीत सकता हूँ, लेकिन वह भूख रोशनी की ओर ले जाती है॰ अभी के लिए, अंधेरा हैकिर्न अभी के लिए, डर है, अभी के लिए, पीडा़ है, आजादी करीब हैl देखो अध्ययन नहीं बोलते और आँकड़ों ने दिखाया है, झक्न नहाबबुलतमे सूर ककूँ मैं अकेला नहीं हूँl डैन लीवर में बिल्कुल  मैं मुड़ता मैंने उन्हें दूर",,test_images/TE-544.jpg
TE-545.jpg,UNIVERSAL_HUMAN,"मुझे अपनी बॉडी बिल्कुल पसंद नहीं है lol शायद डाइट करूँ? डाइटिंग बहुत मुश्किल है, मैं बस इसे चबॉकर थूक दूँगा! ये भी बहुत मुश्किल है, मैं बस उल्टी कर लूँगा मुझे कोई प्रॉब्लम नहीं है, तुम सब पागल हो","[0,0,0,1,0,0,0]",test_images/TE-545.jpg
TE-547.jpg,UNIVERSAL_HUMAN,"यह drain उतना ही helpful है जितना depression में ""सब ठीक हो जाएगा"" बोलने वाले लोगI","[1,0,0,0,0,0,0]",test_images/TE-547.jpg
TE-548.jpg,UNIVERSAL_HUMAN,सार्लौं पुरानी वो गलती जब मैं नासमझ बच्चा था मैं रत कै ३ बजे,"[1,0,0,0,1,0,1]",test_images/TE-548.jpg
TE-55.jpg,UNIVERSAL_HUMAN,फिलहाल,"[0,0,0,1,1,0,0]",test_images/TE-55.jpg
TE-551.jpg,UNIVERSAL_HUMAN,"उदासी का साया गहराता जा रहा है, अंधेरी खाई का मुँह फैलता जा रहा है, गिरता जा रहा हूँ, मेरे अंदर के राक्षस मुझे नीचे दबा रहे हैं| क्या मेरे जीने की कोई एक भी वजह बची है, या मेरे दिल के धड़कने का कोई मक़सद? समझ नहीं आता मैं अब तक ज़मीन के नीचे क्यों नहीं, जब मुझे अपना कोई भविष्य नहीं दिखता, न ही जीवन की कोई नई उम्मीद| अगर रोशनी फिर से पाने का कोई रास्ता है, और मुझमें दर्द से लड़ने की ताक़त है, कि मै फिर से अपना पुराना रूप पा सकूँ, तो मैं वही करूँगा| पर मुझे कोई अंदाज़ा नहीं कि शुरुआत कहाँ से करूँ, सच तो यह है, अब बस उदास बैठा रहता हूँ| उबरने की चाह नहीं बची, मैं खो गया हूँ और नहीं जानता कि किस राह पर जाऊँ| मैं डूबता, मुझमें",,test_images/TE-551.jpg
TE-552.jpg,UNIVERSAL_HUMAN,"नाम बताने के एक मिनट बाद ही, मैं उसे याद करने की कोशिश करते हुएः","[0,0,0,0,0,1,0]",test_images/TE-552.jpg
TE-553.jpg,UNIVERSAL_HUMAN,ै१ पककथया हूँ Clucxmeine cont,"[0,1,0,0,0,0,0]",test_images/TE-553.jpg
TE-554.jpg,UNIVERSAL_HUMAN,"मैंः बहुत थकान हो रही है दोस्तः अगर तू रात के 3 बजे तक फोन न चलाता और सो जाता, तो शायद- मैंः तुझे मेरी ज़िंदगी के रगहरी साँस लेते हुए*   बारे में कुछ नहीं पता","[0,0,0,0,0,0,1]",test_images/TE-554.jpg
TE-555.jpg,UNIVERSAL_HUMAN,जब शीशे में अपनी 'lockdown body पर नज़र है. पड़ती,"[0,0,0,1,1,0,0]",test_images/TE-555.jpg
TE-556.jpg,UNIVERSAL_HUMAN,"मेरा दिमाग सिर्फ भटकता नहीं है, कभी॰कभी तो पूरा गायब हो जाता है!","[0,0,0,0,0,1,0]",test_images/TE-556.jpg
TE-557.jpg,UNIVERSAL_HUMAN,"मैं: * panic attack आता है, ओवररिएक्ट करता हूँ, रोता हूँ और टूट जाता हूँ * चीजेंः * ठीक हो जाती हैं * मैंः 0 ::::7;","[1,0,0,0,0,0,0]",test_images/TE-557.jpg
TE-558.jpg,UNIVERSAL_HUMAN,"मैं, एक भयंकर Borderline अकेलेपन का मज़ा ले रहा हूँ मैं, एक भयंकर Borderline, अकेलेपन का मज़ा ले रहा हूँ","[1,1,0,0,0,0,0]",test_images/TE-558.jpg
TE-559.jpg,UNIVERSAL_HUMAN,मैं क्लास पेन को टेबल में बोर हो पर दबाता हूँ रहा हूँ,"[0,1,0,0,0,0,0]",test_images/TE-559.jpg
TE-56.jpg,UNIVERSAL_HUMAN,जब् आप बहुन Gepnessed हो और कंबल में छुपॅना चाहते हो लेकिन बाहर ३५ डिग्री गर्मी हा,"[1,0,0,0,0,0,0]",test_images/TE-56.jpg
TE-560.jpg,UNIVERSAL_HUMAN,व5ऊ,"[0,1,0,0,0,0,0]",test_images/TE-560.jpg
TE-561.jpg,UNIVERSAL_HUMAN,फ़ील करना हा हीलिंग है,"[1,0,0,0,0,0,0]",test_images/TE-561.jpg
TE-562.jpg,UNIVERSAL_HUMAN,काश वेट लूज़ करना उतना ही आसान होता जितना का दही होना| PICTUREQU TES दिमाग,,test_images/TE-562.jpg
TE-563.jpg,UNIVERSAL_HUMAN,"जब आपका एक नइ emotional problem का पता चलता है, जिसे solve करने के लिए आपके पास time, energy, या motivation नहीं हैl १० Depressing Iemes जब आपका कुछ भी करने का mood नहीं होता","[1,1,0,0,0,0,0]",test_images/TE-563.jpg
TE-564.jpg,UNIVERSAL_HUMAN,"दिमाग का दही हो गया है, फिर भी मैं overthinking कर रहा हूँ| Anxie tees",,test_images/TE-564.jpg
TE-565.jpg,UNIVERSAL_HUMAN,"जब कोई पूछे रात कैसी रही नींद तो ज़्यादा नहीं आई, पर कुछ घंटे anxiety ज़रूर होे गईँ","[0,0,0,0,0,0,1]",test_images/TE-565.jpg
TE-566.jpg,UNIVERSAL_HUMAN,"#""79 वो major disorder जिसे ""Reading कहतेतुहम problemsofabooknerd tumblr com sleep",,test_images/TE-566.jpg
TE-567.jpg,UNIVERSAL_HUMAN,"मैंः "" बहुत परेशान हूँ यार, किसी से बात करनी चाहिए "" Anxiety और Depression: ""सब से कट जा और चुपचाप सो जा""","[1,0,0,0,0,0,1]",test_images/TE-567.jpg
TE-568.jpg,UNIVERSAL_HUMAN,"wwwithemindsjournal com इस में कोई भी चीज़ आपको उतना परशान नहीं कर सकती , जितने आपके खुद के विचार| द माइंड्स जर्नल दुनिया",,test_images/TE-568.jpg
TE-569.jpg,UNIVERSAL_HUMAN,"अरे यार, बता भी दे कब खाना है","[0,0,0,1,0,0,0]",test_images/TE-569.jpg
TE-57.jpg,UNIVERSAL_HUMAN,भैं अपनाबर्थडे अकेले मनाते हुए क्योकि किसी कोमेरी परवाह नहींहै imgfiip com,"[1,0,0,0,0,0,0]",test_images/TE-57.jpg
TE-570.jpg,UNIVERSAL_HUMAN,गरतिर्जोू गतिज ऊर्जा गरत्तरजाू स्थितिज ऊर्जा स्थितिज ऊर्जा स्थितिज ऊर्जा,"[1,0,0,0,0,0,0]",test_images/TE-570.jpg
TE-571.jpg,UNIVERSAL_HUMAN,"लोगों को eating disorders और self harmers का मज़ाक उड़ाना बंद करना चाहिए| यह एक मानसिक बीमारी हैl अगर आप खुद को मोटा या बेकार न समझने का चुनाव कर सकते, तो क्या आप नहीं करते? उनका मज़ाक उड़ाकर आप केवल उनकी आदतों और भावनाओं को और खराब कर रहे हैंl","[1,0,1,1,1,0,0]",test_images/TE-571.jpg
TE-572.jpg,UNIVERSAL_HUMAN,मैं जब depression से बचने के सो रहा हूँ पिछली नींद से उठने के बाद realize करते मैं अब भी depressed हूँ लिए हुए कि,"[1,0,0,0,0,0,1]",test_images/TE-572.jpg
TE-573.jpg,UNIVERSAL_HUMAN,Eating disorder स recovery Eating disorder स recovery खाना खाने पर होने वाला दर्द,"[0,0,0,1,0,0,0]",test_images/TE-573.jpg
TE-574.jpg,UNIVERSAL_HUMAN,दिमाग हाथ से निकल रहा है (w,"[0,0,0,0,0,1,0]",test_images/TE-574.jpg
TE-575.jpg,UNIVERSAL_HUMAN,Adedamola @Mr9On27 एक बार जब आप २५ साल के हो जाते हैं तो अलार्म लगाने की ज़रूरत नहीं पड़ती| आपकी problems आपको ज़बरदस्ती उठा देंगी|,,test_images/TE-575.jpg
TE-576.jpg,UNIVERSAL_HUMAN,मैं काफी नहीं हूँ मैं रोता हूँ   मैं उदास हूँ॰ मैंने सब बिगाड़ दिया मैं भूखा रहता हूँ हूँ [ मुझे खुद से नफरत है. मेरी जिंदगी झंड है मुझे कुछ महसूस नहीं होता मैंने खुद को खो दिया बोलता हूँ को काटता हूँ बुरा इंसान हूँ॰ मैं अकेला हूँ मैं चुप मैं झूठ मैं खुद मैं एक,,test_images/TE-576.jpg
TE-577.jpg,UNIVERSAL_HUMAN,2019 निढल्ला 2020 ज़िम्मेदार नागरिक,"[1,1,1,0,0,0,0]",test_images/TE-577.jpg
TE-578.jpg,UNIVERSAL_HUMAN,LEFT 2 ठीक से खाना ताकि खाना पीना hospital छोड़ देना न जाना पडे़े मेरा दिमाग,"[0,0,0,1,0,0,0]",test_images/TE-578.jpg
TE-579.jpg,UNIVERSAL_HUMAN,"कैसे हो? ""a0<""98%< मैं ठीक हूँ, पूछना बंद करो|","[1,1,0,0,0,0,0]",test_images/TE-579.jpg
TE-58.jpg,UNIVERSAL_HUMAN,जब आप मान लेते हैं कि आप average ही हैं हो MIAGIEJ IVOLOSZ २० १९ BLUE _ TRONIBONE बॅधाई ठीक ठाक,"[1,0,0,0,0,0,0]",test_images/TE-58.jpg
TE-580.jpg,UNIVERSAL_HUMAN,Birthday मनाऊँ Birthday ना और ठूस ठूस के मनाऊँ और खाऊँ भूखा मरूँ मेरा भुक्कड़ मन,"[0,0,0,1,0,0,0]",test_images/TE-580.jpg
TE-581.jpg,UNIVERSAL_HUMAN,"अरे भाई, ये क्या है? नहीं, बस मुर दिमाग","[0,0,0,0,0,1,0]",test_images/TE-581.jpg
TE-582.jpg,UNIVERSAL_HUMAN,witch pony @molly7anne मैं २५ साल का हूँ और पूरी तरह से burnt out हो चुका हूँl मुझे अगले ५० साल और क्या करना है? EMI भरूँ? ट्रैफिक का रोना रोऊँ? पालक खरीत्ता रहूँ और उसे सड़तने हुए देखूँ ? गाड़ी की सर्विसिंग कराऊँ ? हद है यार ११:०६ AM २५ Oct १९ Twitter for iPhone,,test_images/TE-582.jpg
TE-584.jpg,UNIVERSAL_HUMAN,मैं 2 घंटे सोने के बाद मैं १२ घंटे सोने के बाद,"[0,0,0,0,0,0,1]",test_images/TE-584.jpg
TE-585.jpg,UNIVERSAL_HUMAN,क @ प्लान आज नहीं है बिखरना 1 2. ???,"[1,0,0,0,0,1,0]",test_images/TE-585.jpg
TE-587.jpg,UNIVERSAL_HUMAN,जब बाज़ार में कोई स्कूल का मिल जाए और उसने अभी तक ना देखा हो woliohitz मुझे,"[1,1,0,0,0,0,0]",test_images/TE-587.jpg
TE-59.jpg,UNIVERSAL_HUMAN,तुम बहुत थके हुए लग रहे होl ' मैं हूँl ' किस चीज़ से?' मैंने कंधे उचकाए| ` हर चीज़ सेI ',,test_images/TE-59.jpg
TE-590.jpg,UNIVERSAL_HUMAN,Nick Peterson @NickPetersonTV अलार्म बस 5 मिनट और अलार्म बस 5 मिनट और अलार्म बस 5 मिनट और अलार्म सॉरी मैं लेट हूँ॰ ट्रैफिक बहुत खराब था,,test_images/TE-590.jpg
TE-592.jpg,UNIVERSAL_HUMAN,ऑफिसभेंघडी को ऐसे देखना जैसे... Things You Do When Youre Bored With Your Dead-End Job | MadameNoire,"[0,1,0,0,0,0,0]",test_images/TE-592.jpg
TE-593.jpg,UNIVERSAL_HUMAN,मैयहाँ क्याकररहा हूँ मै अभीभी जिंदा हूँ और ख़ुदकी नही मारूँगा शायदर्फ अपनी बीमारी का नाटक कर रहा हूँ मुझे भदद चाहिए ्ैं बसन therapist का समय बर्बाद कर रहा हूँ और दूसर्री कामौका छीन रहा हूँ अब मुझसे और और health @aresystem के resouges नहीं होगा बर्बाद कर रहा हूँ allnn,"[0,0,0,1,0,0,0]",test_images/TE-593.jpg
TE-594.jpg,UNIVERSAL_HUMAN,"दिमाग खराब होने की यही तो मुसीबत है; जब तक यह पूरी तरह चला जाता है, इसे वापस पाने के लिए बहुत देर हो चुकी होती हैl बल ब्रायसन PICTUREQUOTES con- PICTUREQU TES",,test_images/TE-594.jpg
TE-596.jpg,UNIVERSAL_HUMAN,१२ घंटे सोने के बाद| मैंः एक झपकी चाहिए|,"[0,0,0,0,0,0,1]",test_images/TE-596.jpg
TE-597.jpg,UNIVERSAL_HUMAN,बस अब सोने दो,,test_images/TE-597.jpg
TE-598.jpg,UNIVERSAL_HUMAN,मुझे ऐसी नींद चाहिए जैसे LWANTTO SLEEP LIKE AयAषय की वाला छुट्टियों गर्मी brreak,,test_images/TE-598.jpg
TE-599.jpg,UNIVERSAL_HUMAN,"सुबह का पहला thoughti ""्नहीं यार"" ]] १0 9 8 5 १ ०",,test_images/TE-599.jpg
TE-6.jpg,UNIVERSAL_HUMAN,"कहते हैं जब नींद नहीं आती, तो मतलब तुम किसी और के सपनों में जाग रहे हो॰॰. जब पता चलेगा तू कौन है, कसम से तेरा मुँह तोड़ दूँगा|","[0,0,0,0,0,0,1]",test_images/TE-6.jpg
TE-60.jpg,UNIVERSAL_HUMAN,मुझे नफ़रत है कि मैं कभी 'काफ़ी' नहीं होता|,"[0,0,1,0,0,0,0]",test_images/TE-60.jpg
TE-600.jpg,UNIVERSAL_HUMAN,:(08:180[{13)[4[:[ Insomnia Depression रोना Anxiety अकेलापन Existential dread बस थकान है 0,"[1,0,0,0,0,0,1]",test_images/TE-600.jpg
TE-601.jpg,UNIVERSAL_HUMAN,"लाश का वज़न ठोक कितना है? वज़न किलोग्राम ""कंकाल"" तुम्हारी","[0,0,0,1,1,0,0]",test_images/TE-601.jpg
TE-603.jpg,UNIVERSAL_HUMAN,"Thefatposipunk @Thefatposipunk बच्चों को मोटापे के ताने मारने से वो बड़े होकर पतले नहीं बनते| बल्कि ऐसे रएसे adults बनते हैं जिनका अपनी body के साथ रिश्ता बहुत messed-up हो जाता हैl ११:0६ AM Dec 6, २०२१ Twitter Web App",,test_images/TE-603.jpg
TE-604.jpg,UNIVERSAL_HUMAN,उदास दिलों को नींद कहाँ,"[1,0,0,0,0,0,1]",test_images/TE-604.jpg
TE-605.jpg,UNIVERSAL_HUMAN,कृछकर दिखाने डिप्रेशन कीचाह,"[1,1,0,0,0,0,0]",test_images/TE-605.jpg
TE-606.jpg,UNIVERSAL_HUMAN,वोः नाश्ता कर लिया? मैं: bulade with mematic,"[0,0,0,1,0,0,0]",test_images/TE-606.jpg
TE-607.jpg,UNIVERSAL_HUMAN,मैं decide कर रही हूँ कि आज किस बात पर दुखी होना हैः वजहेंः का बैंक बैलेंस हेल्थ मेरी बढ़ता वगैरह छूँ trauma बचपन खाली मेंटल वजन,"[1,0,0,1,1,0,0]",test_images/TE-607.jpg
TE-608.jpg,UNIVERSAL_HUMAN,"मैं अपने बचपन के रूप को क्या बताऊँगी ANDREA HICKEY द्वारा BUZZFEED के लिए जब तक सो सा सुन हैनेरी सकती ल्ले, बात?!?","[0,0,0,0,0,0,1]",test_images/TE-608.jpg
TE-609.jpg,UNIVERSAL_HUMAN,आपको ऐसा क्यों लगता है कि आप अपना दिमाग खो रहे हैं - और अपने बाल भी,"[0,0,0,0,1,1,0]",test_images/TE-609.jpg
TE-61.jpg,UNIVERSAL_HUMAN,"मेरे पैदा होने के बाद डॉक्टर मुझे मेरी माँ को देते हुए कह रहा है कि ये थोड़ा ""ैदल' है","[0,0,0,0,1,0,0]",test_images/TE-61.jpg
TE-610.jpg,UNIVERSAL_HUMAN,"&& अक्सर ऐसा है कि रात हौना लरेलाग्नी ह्लै,श्िकलु वो नींद पूरी होसनुँब्क्े नाद सुलझ जाती हैl JOHN STEINBECK",,test_images/TE-610.jpg
TE-612.jpg,UNIVERSAL_HUMAN,अपने सारे bodychecks हमेशा के लिए delete करने के बाद मैं सब ठीक हैl,"[0,0,0,1,1,0,0]",test_images/TE-612.jpg
TE-613.jpg,UNIVERSAL_HUMAN,school makes mel school मुझे depressed करता है school मुझे suicidal feel कराता है school anxious करता है school रूलाता है school बेवकूफ feel कराता है school - बीहुत रकरत्ैहौ है school दुखी करता है school थका देता है school मुझे बहुत stress देता है शिक्षा विभागः एक और बेहतरीन काम (७,"[1,1,0,0,0,0,0]",test_images/TE-613.jpg
TE-614.jpg,UNIVERSAL_HUMAN,रात 2 बजे सुबह १० बजे ऊर्जा ऊर्जा प्रेरणा प्रेरणा जोश जोश,"[0,1,0,0,0,0,1]",test_images/TE-614.jpg
TE-616.jpg,UNIVERSAL_HUMAN,Strict parentsः हम बच्चे को पढ़ाई में नैसते ्ैमै्ल ताकि उसे सरंकारी जाए| उनका बच्चाः ulCluckcold,"[1,0,1,0,0,0,1]",test_images/TE-616.jpg
TE-617.jpg,UNIVERSAL_HUMAN,लि ] रि है क माता-पिता की सलाहः स्पष्ट सामग्री ४ पाग,"[0,0,0,0,0,1,0]",test_images/TE-617.jpg
TE-618.jpg,UNIVERSAL_HUMAN,[OCR_ERROR],"[0,0,0,0,0,0,1]",test_images/TE-618.jpg
TE-62.jpg,UNIVERSAL_HUMAN,"दोस्तः क्या तुम नींद ले रहे हो? मैंः कभी कभी जब मैं छींकता हूँ, मेरी आँखें बंद हो जाती हैं पूरी",,test_images/TE-62.jpg
TE-620.jpg,UNIVERSAL_HUMAN,आज मैं calories नहीं गिनूँगा,"[0,0,0,1,0,0,0]",test_images/TE-620.jpg
TE-621.jpg,UNIVERSAL_HUMAN,झै३ कुछ नहीं कर रह्ा Depessed हूँ इसलिए इसलिएकरुछ deptessed हूँ नहींकररहा,"[1,1,0,0,0,0,0]",test_images/TE-621.jpg
TE-622.jpg,UNIVERSAL_HUMAN,जब दिमाग का दही हो जाए WWWW. रेबेकाकूनट्ज़साइट. com,"[0,0,0,0,0,1,0]",test_images/TE-622.jpg
TE-623.jpg,UNIVERSAL_HUMAN,मैंः एक पीस केक से कुछ नहीं होगा केकः हा मटा,"[0,0,0,1,0,0,0]",test_images/TE-623.jpg
TE-624.jpg,UNIVERSAL_HUMAN,# लझन नक शार घबराहट दिमाग,"[0,0,0,0,0,1,0]",test_images/TE-624.jpg
TE-625.jpg,UNIVERSAL_HUMAN,Ui@ Iढ़ke 4<00 लोग शायद कहेंगे 'तुम इतनी मोटी हो कि तुम्हें eating disorder नहीं हो सकता ' क्योंकि मैं॰॰ जंग हार रही हूँ,"[0,0,0,1,0,0,0]",test_images/TE-625.jpg
TE-626.jpg,UNIVERSAL_HUMAN,"Meः आज तो मैं ये meal enjoy करूँगा, अपने eating disorder की कोई tension गहमुँह्रो जितना मन करेगा उतना खाऊँगा , भाड़ में जाए सब| Me ठीक 2 second बादः पछतवा","[0,0,0,1,0,0,0]",test_images/TE-626.jpg
TE-627.jpg,UNIVERSAL_HUMAN,CLASSICAL ART MEMES Uषclxoakcotii chubioiiutu m है रहना औ्रै अकेला Attention चाहिए,"[1,1,0,0,0,0,0]",test_images/TE-627.jpg
TE-628.jpg,UNIVERSAL_HUMAN,"@skinnyrebec हैं? क्या मैं anorexic हूँ? मैंने कभी binge नहीं किया, कभी भी नहीं! ' क्या?!' हाँ भरई बोलो!! क्या IVendy १०:५२ AM 08/12/21 Twitter for iPhone","[0,0,0,1,0,0,0]",test_images/TE-628.jpg
TE-63.jpg,UNIVERSAL_HUMAN,दही दिमाग का,"[0,0,0,0,0,1,0]",test_images/TE-63.jpg
TE-630.jpg,UNIVERSAL_HUMAN,मेरा रोज़ का schedule: -pm- सो कर उठना २pm- 4pm- उल्टे सीधे ख्यालों से Spm- लड़़ना और ठूसनठूस 7pm- करं खाने कीतलबे को रोकना 8pm- Opm- 1lpm- भयानक ठूसन्ठूस कर खाना 3am- गुड नाईट,"[0,0,0,1,0,0,0]",test_images/TE-630.jpg
TE-631.jpg,UNIVERSAL_HUMAN,*वज़न 1 ग्राम कम हुआ* सर्च Im Lool- Google BMI कैलकुलेटर Google  Feeing,"[0,0,0,1,0,0,0]",test_images/TE-631.jpg
TE-633.jpg,UNIVERSAL_HUMAN,"दुनिया से मन भर गया है, बस बिस्तर प्यारा है",,test_images/TE-633.jpg
TE-634.jpg,UNIVERSAL_HUMAN,मैं अपनी overthinking केॅ बारे overthink कर कर रहा हूI problem,"[0,0,0,0,0,1,0]",test_images/TE-634.jpg
TE-635.jpg,UNIVERSAL_HUMAN,"( रुको , मैं ज्यादा सोच रहा हूँ॰.. ध","[0,0,0,0,0,1,0]",test_images/TE-635.jpg
TE-636.jpg,UNIVERSAL_HUMAN,इस जीव ने भारी दबाव और अंधेरे में जीना सीख लिया हैl Same.,"[1,1,0,0,0,0,0]",test_images/TE-636.jpg
TE-637.jpg,UNIVERSAL_HUMAN,मेरा खराबहो रहा है! दिमाग,"[0,0,0,0,0,1,0]",test_images/TE-637.jpg
TE-638.jpg,UNIVERSAL_HUMAN,HEATHER ROBERTS HEATHER ROBERTS ART HEATHE TSART HEATHEI रुक जर RISART HEATHER RTSART HEATHER ROBERTS ARI ~R ROBERTSART HEATHER ROBERTS ER ROBERTS ART HEATHER ROBERTS मझ HER ROBERTSART HEATHER ROBERTS HER ROBERTSART HEATHER ROBERTSA HEATHER ROB TSART HEATHER ROBERTS AR EATHER ROE TSART HEATHER ART HEATI 0^ Nobhink ART HEATh ART HEATHER ROBERTS ART EATHEI OBERISART HEATHER R ERTSART HEATHER करन  Rc द BERTS ART HEATHERROBE T$ BERTS ART,,test_images/TE-638.jpg
TE-639.jpg,UNIVERSAL_HUMAN,रात के 3 बजे जब अचानक याद आए कि २०११ वाली बहस में मुझे क्या बोलना चाहिए था,"[0,0,0,0,1,0,1]",test_images/TE-639.jpg
TE-64.jpg,UNIVERSAL_HUMAN,कोई तुम्हें प्यार करता है मैं नहीं. मुझे लगता है तू चूतिया है,"[1,0,0,0,0,0,0]",test_images/TE-64.jpg
TE-640.jpg,UNIVERSAL_HUMAN,मैंने परवाहु करना बहुत पहले छोड़ दिया था|,"[0,1,0,0,0,0,0]",test_images/TE-640.jpg
TE-641.jpg,UNIVERSAL_HUMAN,Emotional problems से ध्यान हटाने के लिए थोड़ा physical pain से बेहतर कुछ नहीं हैI ई. सार्नो Qvotes pub -जॉन,,test_images/TE-641.jpg
TE-642.jpg,UNIVERSAL_HUMAN,"कभी ्कभी मेरा दिमाग बंद हो जाता है, और मैं बस थोड़ी देर के लिए कहीं खो जाता हूँl और यह जानकर अच्छा लगता है कि जब मैं वापस होश में आता हूँ, तो मैं तुमसे कह सकता हूँ, मुझे लगता है हमें एक शेर खरीदना चाहिए ' और तुम इस पर गंभीरता से विचार करोगे| दैनिक अजीब तारीफ",,test_images/TE-642.jpg
TE-643.jpg,UNIVERSAL_HUMAN,मुझे लगता है मेरा दिमाग खरब हो रहा है पर किसी को फर्क ही नहीं दिखता|,,test_images/TE-643.jpg
TE-645.jpg,UNIVERSAL_HUMAN,शिर्फ कै जलान जशथ जिय,"[1,1,0,0,0,0,0]",test_images/TE-645.jpg
TE-646.jpg,UNIVERSAL_HUMAN,"Overthinking बंद करो| असली में जियो, ना कि लगातार सोचने वाली दुनिया मेंl Remez Sasson www SuccessConsciousness com दुनिया","[0,0,0,0,0,1,0]",test_images/TE-646.jpg
TE-647.jpg,UNIVERSAL_HUMAN,ो ? कस क4 कल्न कितना ों? कैसे? ? क्यों ? क्या क्याँ ? कब ? क्या? कनो कितना लमौप सा कौन सा न्ितना ४याeI ! ५ कीन स कितना ! क्याँ कहॉ ? कब,"[0,0,0,0,0,1,0]",test_images/TE-647.jpg
TE-648.jpg,UNIVERSAL_HUMAN,"IG: @bixquotes @Bixquotes कभी-कभी मेरे लिए यह बताना मुश्किल होता है कि मैं कैसा महसूस कर रहा हूँ क्योंकि मुझे हमेशा समझ नहीं आता कि मैं ऐसा क्यों महसूस कर रहा हूँl मुझे कोई ऐसा चाहिए जो मेरी खामोशी को समझने के लिए पर्याप्त धैर्यवान होl कभी-कभी मैं अपना मन हल्का नहीं करना चाहता , बस कोई ऐसा चाहिए जो मेरे साथ हो ताकि मैं अकेला महसूस न करूँl 8:०5 PM 6/22/20 Twitter for iPhone d TikTok",,test_images/TE-648.jpg
TE-649.jpg,UNIVERSAL_HUMAN,"जब लोग पूछें कि तुम हमेशा इतने उदास क्यों दिखते हो और तुम जवाब दो 'अरे बस थका हुआ हूँ देखा, भस्त टोपी पहनाई नाI","[1,1,0,0,0,0,0]",test_images/TE-649.jpg
TE-65.jpg,UNIVERSAL_HUMAN,"restaiped thoughts मैं अक्सर अपने अस्तित्वपर सवाल उठाती हूँ| मुझे बताया गया है कि इस दुनिया सैसबकी अपनी जगह है, हम सबका एक मकसद है| तो फिर मेरा इस दुनिया में होने का आखिर क्या मकसद है? मैं तो बेकार हूँl बिल्कुल","[0,0,0,0,0,1,0]",test_images/TE-65.jpg
TE-651.jpg,UNIVERSAL_HUMAN,ज़्यादा सोचना कैेसे बंद करें @ 1|7:'5,"[0,0,0,0,0,1,1]",test_images/TE-651.jpg
TE-652.jpg,UNIVERSAL_HUMAN,Overthinking का बादशाह नोच फालत नोघ फामन जोष जाm्ाू,,test_images/TE-652.jpg
TE-653.jpg,UNIVERSAL_HUMAN,ओवरथिंकिंग,"[0,0,0,0,0,1,0]",test_images/TE-653.jpg
TE-654.jpg,UNIVERSAL_HUMAN,"sumersprkl मैंः चलो दिमाग , दो काम हैंl एक अर्जेंट है, पर में ज्यादा मज़ा आएगा| कौन सा शुरू करूँ? मेरा दिमागः भाड़ में जाए सब, अगले ७२ घंटे तक कुछ नहीं करेंगे| मैंः समझ गया, आपका दिन शुभ होl थोड़ा दूसरे",,test_images/TE-654.jpg
TE-655.jpg,UNIVERSAL_HUMAN,Test खँं मुझ्ै सचमुच्च कुछ नहली़ आताा durng @ fest खुत्म होनै कै बाढ घर जाकर anime दिख लैना,"[0,0,0,0,0,1,0]",test_images/TE-655.jpg
TE-656.jpg,UNIVERSAL_HUMAN,"दुनिया भर के adventures, opportunities और challenges 3 #ैं","[1,1,0,0,0,1,1]",test_images/TE-656.jpg
TE-657.jpg,UNIVERSAL_HUMAN,"zander @finah पिछले साल मैं बहुत और depressed था, लेकिन इस साल मैंने सोचा कि सब कुछ कुछ बदल दूँगा , तो अब मैं depressedऔर दुखी हूँ| दुखी",,test_images/TE-657.jpg
TE-658.jpg,UNIVERSAL_HUMAN,"बस खिड़की से बाहर देखो] दर्द का पता कीनह्यींचलेणा बैचा,","[0,0,0,0,0,1,0]",test_images/TE-658.jpg
TE-659.jpg,UNIVERSAL_HUMAN,हर बात की ओवरथिंकिंग,"[0,0,0,0,0,1,0]",test_images/TE-659.jpg
TE-66.jpg,UNIVERSAL_HUMAN,"मतलब, बचपन में खुद को बचाने के लिए जो आदतें बनाईं, अब बड़े होकर उसी सियापे को ठीक करना पड़ेगा? ThinkingTooLoudorg Imageः Pixabay/ Tobikoz शब्दः Reddit यूजर से प्रेरित| जब तक आप न चार्हें, आपकी ID पोस्ट नहीं करूँगा|",,test_images/TE-66.jpg
TE-660.jpg,UNIVERSAL_HUMAN,दिमाग का दही अलग नज़रिया RB56,"[0,0,0,0,0,1,0]",test_images/TE-660.jpg
TE-661.jpg,UNIVERSAL_HUMAN,दिमाग का दही हो गया है,"[0,0,0,0,0,1,0]",test_images/TE-661.jpg
TE-662.jpg,UNIVERSAL_HUMAN,कभी कभी बस Music ही सहारा होता है जोमन को दनिया की टेशन कर देता हैl से दूर,,test_images/TE-662.jpg
TE-67.jpg,UNIVERSAL_HUMAN,राज़ छुजाबव प् मुरुरर्वहाल हजेजम्त जमतप रै लिखा होld,"[0,0,1,0,0,0,0]",test_images/TE-67.jpg
TE-68.jpg,UNIVERSAL_HUMAN,खुश था. थ,,test_images/TE-68.jpg
TE-69.jpg,UNIVERSAL_HUMAN,"2 _ वैज्ञानिकों ने डिप्रेशन को न्यूक्लियर में बदलने का तरीका ढूँढ लिया है मैंः ^ 008 ""7337  एनर्जी","[1,0,0,0,0,0,0]",test_images/TE-69.jpg
TE-7.jpg,UNIVERSAL_HUMAN,मैं डॉक्टरः क्या किसी को मारनम्ह्ै thoughts आते हैं? डॉक्टरः क्या तुम्हें suicidal thoughts आते हैं? Osilvercrowv1,"[0,0,1,0,0,0,0]",test_images/TE-7.jpg
TE-71.jpg,UNIVERSAL_HUMAN,सब कुछ दुख रहा हैI हर वक़्त|,"[1,0,0,0,0,0,0]",test_images/TE-71.jpg
TE-72.jpg,UNIVERSAL_HUMAN,जब गलती से चैट खुल जाए और वो typing कर रहे हों,"[0,1,0,0,1,0,0]",test_images/TE-72.jpg
TE-73.jpg,UNIVERSAL_HUMAN,बेडरूम किचन बाथरूम अकेलापन,"[0,1,0,0,0,0,0]",test_images/TE-73.jpg
TE-75.jpg,UNIVERSAL_HUMAN,सुबह के ५:१३ बज गए| ये तुम्हारा हर आधे घंटे का reminder है कि जी हाँ तुम बेकार होl,"[0,0,0,0,1,0,1]",test_images/TE-75.jpg
TE-76.jpg,UNIVERSAL_HUMAN,"क्या आपके साथ भी ऐसा होता है? रात को नींद नहीं आती, सुबह उठा नहीं जाता| sO-relatable tumblr com",,test_images/TE-76.jpg
TE-77.jpg,UNIVERSAL_HUMAN,fb/savontcorehealth instogrom / sovontcore अकलपन,,test_images/TE-77.jpg
TE-79.jpg,UNIVERSAL_HUMAN,"जब anxiety attack के बीच में कोई पूछे ""सब ठीक है?"" 4 १७९9 ८ 1999","[1,0,0,0,0,0,0]",test_images/TE-79.jpg
TE-80.jpg,UNIVERSAL_HUMAN,g्लँ,,test_images/TE-80.jpg
TE-81.jpg,UNIVERSAL_HUMAN,हम सच में यहाँ फोन पर scroll कर रहे हैं जब कुछ दिन अच्छे बीते हों लेकिन जबकि हम़ एक मरती हुई दुनिया पर फिर mental illness वापस आती अंतरिक्ष में तैर रहे हैं महसूस हा ऐंग्जायटी गलन आदरते दूर हट पनौती डिप्रेशन वालीनीद सबसे कटना,"[1,0,0,0,0,0,0]",test_images/TE-81.jpg
TE-82.jpg,UNIVERSAL_HUMAN,"Hilton Collins @HiltonCollins क्या आपको पता है कि एक पिरान्हा ३० सेकंड से भी कम समय में एक छोटे बच्चे को हड्डडी तक खा सकती है? खैर , आज एक्वेरियम से मेरी नौकरी चली गई...",,test_images/TE-82.jpg
TE-83.jpg,UNIVERSAL_HUMAN,मैं messages ignore करते हुए जब तक फिर से social होने की energy न आ जाए,"[1,1,0,0,0,0,0]",test_images/TE-83.jpg
TE-84.jpg,UNIVERSAL_HUMAN,"*मैं सोने की कोशिश कर दिमाग : क्या मैं आपको रपिछ्ालूँ ५ सालों के आपके कांडों का एक अच्छा कलेक्शन दिखाऊँ? मैं : प्लीज, नहीं!!!!!!! दिमाग : /menesncthoणhsड यह रिवाइंड टाइम हैl","[0,0,0,0,0,0,1]",test_images/TE-84.jpg
TE-85.jpg,UNIVERSAL_HUMAN,*Meme देखा* *हँसा* *चलो अब वापस दुःख में*,"[1,0,0,0,0,0,0]",test_images/TE-85.jpg
TE-86.jpg,UNIVERSAL_HUMAN,[OCR_ERROR],,test_images/TE-86.jpg
TE-89.jpg,UNIVERSAL_HUMAN,"r/bipolar ulparis christine 9h i.redd.it सीधा दिल पे लगी HOEGIVESNOF KS HOZ @hgnf _emmers वो feeling कितनी बुरी होती है जब text notification का आवाज़ सुनकर excite हा जाओ... लेकिन वो बस chemist का message निकले कि तुम्हारी antipsychotics pick up के लिए ready हैंl 2/13/18, 6:57 PM",,test_images/TE-89.jpg
TE-91.jpg,UNIVERSAL_HUMAN,Self esteem को बेहतर feel कराने कोई task पूरा कम है करने की कोशिश करता हूँ +अपनी नालायकी की वजह से पूरी तरह fail हो जाता हूँ* मैं इतना बेकार हूँ कि मुझे मर ही जाना चाहिए खुद कलिए,"[0,0,1,0,1,0,0]",test_images/TE-91.jpg
TE-92.jpg,UNIVERSAL_HUMAN,जब मम्मी पूछे कि कल रात बाथरूम में कौन रो रहा था|,"[1,0,0,0,0,0,0]",test_images/TE-92.jpg
TE-93.jpg,UNIVERSAL_HUMAN,घंटों उन चीज़्ों पर मैं overihink करना जो भैरै हाथ में नहीं है,"[1,0,0,0,0,0,0]",test_images/TE-93.jpg
TE-94.jpg,UNIVERSAL_HUMAN,Confession २०ः काश मेरा वजूद ही न होता| confessions of a depressed girl tumblr,,test_images/TE-94.jpg
TE-95.jpg,UNIVERSAL_HUMAN,इतना बुरा नहीं ज़ॉम्बी इतना बुरा नहीं  RIP Iफ2 परमाणु युद्ध थोड़ा डरावना लोगों से मिलना ्जुलना,"[0,1,0,0,0,0,0]",test_images/TE-95.jpg
TE-96.jpg,UNIVERSAL_HUMAN,"Tweet Akilah Hughes @AkilahObviously यार, anxiety और depression वालों के लिए एक app बननी चाहिए| जिसमें extroverts उनके बदले phone calls और appointments हैंडल कर लें| 20:35 24/02/2016 Twitter Web Client २८१ Retweets ५८५ Likes",,test_images/TE-96.jpg
TE-97.jpg,UNIVERSAL_HUMAN,ना ना भय॰॰ बस आज रात सोने दे! चिंत॰,"[0,0,0,0,0,0,1]",test_images/TE-97.jpg
TE-205.jpg,VISUAL_SYMBOL_DEPENDENT,"बस १० मिनट और सो लो, late नहीं होगे","[0,0,0,0,0,0,1]",test_images/TE-205.jpg
TE-276.jpg,VISUAL_SYMBOL_DEPENDENT,SALES CEN SALES CEN,,test_images/TE-276.jpg
TE-461.jpg,VISUAL_SYMBOL_DEPENDENT,"जब anxiety, depression और bills ने घेर लिया हो और कोई पूछे 'सब ठीक है?'","[1,0,0,0,0,0,0]",test_images/TE-461.jpg
TE-512.jpg,VISUAL_SYMBOL_DEPENDENT,[ तुम इलाज डिप्रेशन चिंना पुराना नींद न दर्द आना,"[1,0,0,0,1,0,1]",test_images/TE-512.jpg
TE-87.jpg,VISUAL_SYMBOL_DEPENDENT,जब मेरे सारे suicidal memes सच में मदद की पुकार थे पर सबने सोचा कि मैं बस 'cool' बन रहा था,"[1,0,1,0,0,0,0]",test_images/TE-87.jpg
