image_id,category,explanation_direct,predicted_labels,gold_labels,prompt_version
TE-104.jpg,BRAND_DEPENDENT,"This meme illustrates a character eating what is described as ""tasty biryani"" but remaining visibly sad and emotionally flat. The text translates to ""Even after eating such tasty biryani,"" followed by the English phrase ""HEAL MY FEELINGS."" The meme conveys that even a highly enjoyable and comforting activity like eating favorite food is not enough to lift the person's mood or ""heal"" their emotional distress, pointing to a deeper, persistent state of sadness and inability to feel pleasure.","[0, 0, 0, 0, 0, 0, 0]","[1,0,0,0,0,0,0]",v1
TE-177.jpg,BRAND_DEPENDENT,"This meme is a screenshot of the Pornhub website interface, modified with a fake error message. The top shows the familiar black and orange Pornhub logo and a pagination bar with extremely high page numbers like ""102k"" through ""106k"" and a ""Last"" button, implying an immense amount of content has been browsed. Below this, a large orange ""Error:"" is followed by a message in Hindi. The Hindi text translates to: ""You have watched all of our videos. Go find a girl, you pervert. And now don't go to xvideos, everything is the same there too, just the name is different.""

The mood is one of humorous mockery mixed with a sense of emptiness or hopelessness about excessive consumption. It depicts the situation of a user who has obsessively consumed an impossible amount of pornography, reaching a point where the site itself tells them to stop. This is a piece of internet culture that satirizes porn addiction and the endless scrolling nature of these platforms. The core message is a sarcastic commentary on the futility of trying to ""finish"" the internet and a humorous nudge to seek real-world connections instead.","[0, 0, 0, 0, 0, 0, 0]","[1,0,0,0,1,0,0]",v1
TE-184.jpg,BRAND_DEPENDENT,,"[0, 0, 0, 0, 0, 0, 0]","[1,0,1,0,0,0,0]",v1
TE-195.jpg,BRAND_DEPENDENT,,"[0, 0, 0, 0, 0, 0, 0]","[0,0,0,1,1,0,0]",v1
TE-285.jpg,BRAND_DEPENDENT,"This is a mental health awareness image created by Dr. Pavan Sonar. It contrasts how depression is perceived in young people (labeled ""depression"" with a sad emoji) versus older people (dismissed as an ""old age filter"" with no treatment). The core message is a serious call to action to get depression treated early to prevent suicide (""आत्महत्या रोकें""). It is not a humorous meme but an educational graphic.","[0, 0, 0, 0, 0, 0, 0]","[1,0,1,0,0,0,0]",v1
TE-303.jpg,BRAND_DEPENDENT,"The meme illustrates a state of high anxiety and paranoia late at night. The text explains that at 2:30 AM, the sound of a car outside triggers an exaggerated fear response in the person, making them wonder ""what calamity is this?"". The image of the terrified actor reinforces this feeling of irrational fear and hyper-alertness during what should be sleeping hours.","[0, 0, 0, 0, 0, 0, 0]","[1,0,0,0,0,0,0]",v1
TE-343.jpg,BRAND_DEPENDENT,"This meme uses a two-panel format to contrast a negative experience with a positive one. The top panel shows a crying man with text about the painful task of logging an untimely eaten samosa on a health tracking app (HealthifyMe), implying guilt over breaking a diet. The bottom panel shows a happy man putting on sunglasses, celebrating that his phone finally switched the app's layout to dark mode. The humor lies in the juxtaposition of diet-related guilt with the simple joy","[0, 0, 0, 0, 0, 0, 0]","[0,0,0,1,0,0,0]",v1
TE-378.jpg,BRAND_DEPENDENT,"This image is of a humorous wooden plaque depicting a cartoon bear holding a rolling pin and wearing a face covering. The Hindi text translates to ""Quietly give me masala chai, otherwise no one will be spared!"" It is a hyperbolic meme expressing an intense, aggressive craving for tea (chai), using exaggerated threats of violence for comedic effect. It relates to the common cultural trope of needing caffeine to function or improve one's mood.","[0, 0, 0, 0, 0, 0, 0]","[0,0,0,1,0,0,0]",v1
TE-425.jpg,BRAND_DEPENDENT,"This meme personifies mental health struggles as phone notifications. ""Anxiety"" questions the user's worth (""What if you are not enough""), while ""Depression"" states a core negative belief (""Everyone hates you""). The final notification from Zomato, a food delivery app, announces the arrival of ""garbage"" (junk food) and calls the user ""fatty,"" suggesting unhealthy eating as a coping mechanism and reinforcing negative self-image. The humor comes from the dark relatability of these intrusive thoughts.","[0, 0, 0, 0, 0, 0, 0]","[1,0,0,0,1,0,0]",v1
TE-549.jpg,BRAND_DEPENDENT,"This image is not a traditional meme but rather cover art for a musical track or album. It features an abstract graphic of interlocking rings against a dark, starry background. The Hindi text identifies the title as ""बेखबर"" (Bekhabar), meaning ""Unaware"" or ""Oblivious,"" and lists the artists as ""ग्रेविटी ग्रिफिन"" (Gravity Griffin) and ""FT. ज़ोहरा"" (featuring Zohra). It does not depict a relatable situation or express personal feelings usually found in memes.","[0, 0, 0, 0, 0, 0, 0]","[0,0,0,0,0,1,0]",v1
TE-583.jpg,BRAND_DEPENDENT,"This meme uses the four-panel ""Gru's Plan"" format to depict a situation where someone is trying to track the calories of their cold coffee using a health app. They notice inconsistent results, so they decide to create a custom recipe since they know the exact ingredients and their calorie counts (implying they might work at the cafe). The punchline in the final two panels is their shock and disappointment upon realizing that the actual calorie count of their drink is significantly higher than the generic search results they had been seeing.","[0, 0, 0, 0, 0, 0, 0]","[0,0,0,1,0,0,0]",v1
TE-586.jpg,BRAND_DEPENDENT,"This meme uses the ""Is this a pigeon?"" format to humorously question if a combination of beer (Kingfisher Ultra), cigarettes (Gold Flake), tea (chai), and masturbation (""Muth"") constitutes a ""balanced diet."" It's self-deprecating humor highlighting a lifestyle defined by unhealthy coping mechanisms, likely in response to stress","[0, 0, 0, 0, 0, 0, 0]","[0,0,0,1,0,0,0]",v1
TE-629.jpg,BRAND_DEPENDENT,"This meme shows a phone notification received at 2:19 AM from ""Mummy"" asking in Hindi, ""Did you eat food or not?"". The humor lies in the relatable scenario of being awake very late at night (implying distress or insomnia) while a parent worries about basic care tasks like eating, suggesting the recipient might be neglecting their basic needs","[0, 0, 0, 0, 0, 0, 0]","[0,0,0,0,0,0,0]",v1
TE-8.jpg,BRAND_DEPENDENT,The meme depicts two individuals,"[0, 0, 0, 0, 0, 0, 0]","[1,0,0,0,0,0,0]",v1
TE-149.jpg,CELEBRITY_DEPENDENT,"This meme features a still from a Bollywood movie, showing actor Shah Rukh Khan in a wedding turban, crying uncontrollably with a look of deep anguish. The text above, in a mix of Hindi and English, reads: ""जब आपने binge streak रोक दी हो, पर अब वापस restricting पर आ गए और खाने की बीमारी (ED) अभी भी है।"" This translates to: ""When you've stopped your binge streak, but now you're back to restricting and the eating disorder (ED) is still there.""

The image conveys a mood of profound sadness, hopelessness, and despair. It depicts the painful reality of someone struggling with an eating disorder, specifically the cycle between binging and restricting. The use of a dramatic scene from a popular Indian film is a common internet culture trope to express intense emotions. The core message is the devastating realization that changing one harmful behavior (binging) for another (restricting) does not mean recovery, highlighting the persistent and trapping nature of the illness.","[0, 0, 0, 0, 0, 0, 0]","[0,0,0,1,0,0,0]",v1
TE-158.jpg,CELEBRITY_DEPENDENT,"This meme features a portrait of the legendary Indian artist Kishore Kumar alongside a quote in Hindi attributed to him. The text translates to: ""Of all the things I have lost, I miss my mind the most."" It is a dark humor observation about losing one's sanity, cognitive faculties, or mental clarity. The central theme is cognitive decline or mental instability.","[0, 0, 0, 0, 0, 0, 0]","[0,0,0,0,0,1,0]",v1
TE-185.jpg,CELEBRITY_DEPENDENT,"This meme personifies ""body dysmorphia"" as an aggressive internal voice. When the person looks in the mirror, this voice berates them in Hindi, calling them ""ugly"" and ""disgusting,"" and explicitly threatens to kill them (""मैं तुझे मार डालूँगा""). It illustrates the severe negative self-talk and intrusive thoughts associated with the condition.","[1, 0, 1, 0, 1, 0, 0]","[0,0,0,0,1,0,0]",v1
TE-21.jpg,CELEBRITY_DEPENDENT,"This meme features an image of a man (cricketer Yuvraj Singh) sitting alone on a bench, looking deeply sad and dejected. The Hindi text translates to ""When death comes into life repeatedly, but still hope remains."" The meme acknowledges facing immense hardship and the resulting feeling of being down, but ultimately delivers a message of resilience and maintaining hope despite the struggle.","[0, 0, 0, 0, 0, 0, 0]","[1,0,0,0,0,0,0]",v1
TE-238.jpg,CELEBRITY_DEPENDENT,"The meme uses a still of a serious character from the Indian series *Mirzapur* accompanied by the Hindi text ""काफी फैल गए हो भाई?"", which translates to ""You've gained a lot of weight, bro?"". The humor comes from the intense reaction to a comment about physical appearance. It humorously highlights significant weight gain, which can be a physical manifestation of underlying mental health issues.","[0, 0, 0, 0, 0, 0, 0]","[0,0,0,1,1,0,0]",v1
TE-26.jpg,CELEBRITY_DEPENDENT,"The meme contrasts the dramatic, stereotypical perception of depression (a sad, artistic man) with a more realistic, mundane depiction (an exhausted man sleeping on a commuter train). The central message is that real depression often manifests as extreme fatigue and a lack of energy to function in daily life, rather than just overt, cinematic sadness.","[0, 0, 0, 0, 0, 0, 0]","[1,0,0,0,0,0,0]",v1
TE-40.jpg,CELEBRITY_DEPENDENT,"The meme features a close-up of an actress with a somber, downward gaze. The glowing Hindi text overlays the image, reading ""नींद उड़ गई है"" (Neend ud gayi hai), which translates literally to ""Sleep has flown away."" This is a common idiom for experiencing insomnia or being unable to sleep, often due to worry, stress, or sadness. The central theme is clearly sleep disturbance linked to an emotional state.","[1, 0, 0, 0, 0, 0, 1]","[0,0,0,0,0,0,1]",v1
TE-470.jpg,CELEBRITY_DEPENDENT,"This meme uses an image of a dishevelled character (Kabir Singh) to represent the user's state after waking up from a ""6-hour depression nap"" at an odd hour (8:46 PM). The text explicitly links the excessive sleep to depression, describing a feeling of disorientation and grogginess that is common after oversleeping as a coping mechanism for low mood.","[0, 0, 0, 0, 0, 0, 0]","[1,0,0,0,0,0,1]",v1
TE-141.jpg,CULTURAL_REFERENCE_DEPENDENT,"The meme uses hyperbole to express severe, chronic sleep deprivation. It shows an older woman reacting exasperatedly to the question, ""When was the last time you had a good sleep?"" Her punchline, ""It's a story from the days when I was little,"" implies that she hasn't slept","[0, 0, 0, 0, 0, 0, 0]","[0,0,0,0,0,0,1]",v1
TE-147.jpg,CULTURAL_REFERENCE_DEPENDENT,"This meme is a humorous piece about the feeling of being constantly monitored, even during private or embarrassing online activities. It uses a historical photo to label different observers (the government, internet provider, neighborhood aunties) watching the user, who is depicted as repetitively Googling ""hot bhabhi pics"". The humor comes from the juxtaposition of serious figures observing a trivial and slightly shameful act","[0, 0, 0, 0, 0, 0, 0]","[1,1,0,0,0,0,0]",v1
TE-160.jpg,CULTURAL_REFERENCE_DEPENDENT,"The meme illustrates a person (""मैं"") using ""Instagram Reels"" as a happy distraction or escape from the overwhelming pressures of their ""Engineering degree"" and ""रिश्तेदारों के ताने"" (relatives' taunts), which are depicted as frightening figures chasing them. This highlights a coping mechanism of avoidance in the face of significant stress and external pressure.","[0, 0, 0, 0, 0, 0, 0]","[1,1,0,0,0,0,0]",v1
TE-197.jpg,CULTURAL_REFERENCE_DEPENDENT,"This meme uses a two-panel comparison format to express dark humor about death. The top panel shows a crying face with the text ""Dying in BGMI"" (a popular mobile game), indicating that losing in a game is","[0, 0, 0, 0, 0, 0, 0]","[1,0,1,0,0,0,0]",v1
TE-214.jpg,CULTURAL_REFERENCE_DEPENDENT,,"[0, 0, 0, 0, 0, 0, 0]","[1,0,0,0,1,0,0]",v1
TE-232.jpg,CULTURAL_REFERENCE_DEPENDENT,This six-panel black-and-white,"[0, 0, 0, 0, 0, 0, 0]","[1,0,0,0,1,0,0]",v1
TE-299.jpg,CULTURAL_REFERENCE_DEPENDENT,"This meme is a piece of dark humor relying on a historical reference from the Indian epic story *Mughal-e-Azam*. In the top panel, a woman affectionately asks her partner to ""keep her like Anarkali,"" likely meaning to cherish her as a legendary lover. The partner agrees to try. The punchline in the bottom panel shows the historical fate of Anarkali: being entombed alive behind a brick wall. The joke is a literal, grim interpretation of her request.","[0, 0, 0, 0, 0, 0, 0]","[0,0,1,0,0,0,0]",v1
TE-309.jpg,CULTURAL_REFERENCE_DEPENDENT,"This meme is a screenshot of a product listing for a black hoodie size 4XL. The text on the hoodie reads ""दिल से ऋतिक रोशन"" (Hrithik Roshan at heart), referring to a fit and handsome Bollywood actor. The humor arises from the juxtaposition of identifying internally with a fitness icon while physically requiring a 4XL size, further emphasized by the seller being ""Nikocado Store,"" referencing an internet personality known for extreme overeating and obesity. It's self-deprecating humor about body image and the gap between ideal self and reality.","[0, 0, 0, 0, 0, 0, 0]","[0,0,0,1,1,0,0]",v1
TE-33.jpg,CULTURAL_REFERENCE_DEPENDENT,"This meme is a piece of satire and humor. It depicts a hypothetical conversation in the future where a grandchild asks their grandfather about his contribution during the 2020 COVID-19 pandemic. The grandfather humorously exaggerates the importance and danger of his job by claiming he was a ""tail gunner"" on an onion delivery truck. This is a joke about the high value and price volatility of onions in India, often jokingly referred to as ""pink gold,"" and combines it with the crisis situation of the pandemic for comedic effect.","[0, 0, 0, 0, 0, 0, 0]","[0,0,0,0,0,0,0]",v1
TE-333.jpg,CULTURAL_REFERENCE_DEPENDENT,"This meme is a joke proposing a ""3-day challenge"" to abstain from alcohol on February 29, 30, and 31. Since February never has a 30th or 31st (and 29th only in leap years), the challenge is impossible to undertake, implying the person will not actually stop drinking. It's humorous and doesn't indicate depression.","[0, 0, 0, 0, 0, 0, 0]","[0,0,1,0,0,0,0]",v1
TE-342.jpg,CULTURAL_REFERENCE_DEPENDENT,"The meme depicts a severe crisis where the user's father texts that the CBI (a premier investigative agency) has arrived at their home. This implies serious trouble. In immediate response to this stressful news, the user is shown Googling ""How to die without making Mom sad,"" indicating suicidal ideation mixed with a sense of guilt and burden towards their mother.","[0, 0, 0, 0, 0, 0, 0]","[1,0,1,0,0,0,0]",v1
TE-374.jpg,CULTURAL_REFERENCE_DEPENDENT,The meme features a drawing of a pole dancing scene where real dead flies have,"[0, 0, 0, 0, 0, 0, 0]","[0,1,0,0,0,1,0]",v1
TE-385.jpg,CULTURAL_REFERENCE_DEPENDENT,"This image is a satirical public health poster critiquing the fast-food industry. It labels common fast-food items with their unhealthy components like ""refined flour,"" ""sugar,"" ""refined oil,"" and ""cholesterol."" A fake receipt shows an astronomical ""diabetes surcharge,"" highlighting the immense long-term health and financial costs associated with a diet high in fast food, despite its cheap upfront price.","[0, 0, 0, 0, 0, 0, 0]","[0,0,0,0,0,0,0]",v1
TE-411.jpg,CULTURAL_REFERENCE_DEPENDENT,"This meme is a humorous take on a student's clever strategy to avoid doing schoolwork. The text explains that the person is using a ""loading icon gif"" on their screen to trick their teacher into thinking their computer is stuck, thus giving them an excuse not to work. The punchline at the bottom, ""IIT wants to know your location,"" is a common meme format implying that this lazy ""life hack"" is a sign of genius-level engineering, worthy of attention from a prestigious institution like the Indian Institute of Technology (IIT).","[0, 0, 0, 0, 0, 0, 0]","[0,0,0,0,0,0,0]",v1
TE-506.jpg,CULTURAL_REFERENCE_DEPENDENT,"The meme is a tweet comparing the 2020s to the 1920s (""Roaring Twenties""). The user humorously laments that the current decade missed out on the fun, ""roaring"" phase and instead went ""straight into depression,"" referring to the general state of the world (likely due to the pandemic) and using the term to describe a collective feeling of sadness and hopelessness.","[0, 0, 0, 0, 0, 0, 0]","[0,0,0,0,0,0,0]",v1
TE-619.jpg,CULTURAL_REFERENCE_DEPENDENT,"The meme humorously illustrates an obsessive behavior regarding food. The text describes the user checking the calories of the same item seven times a day. The image shows a frustrated man, representing the Hindu god Chitragupta (who records human deeds), exasperated by having to log this repetitive action. The core joke is about the user's excessive preoccupation with calories.","[0, 0, 0, 0, 0, 0, 0]","[0,0,0,1,0,0,0]",v1
TE-70.jpg,CULTURAL_REFERENCE_DEPENDENT,"The meme describes a scenario where a person is suffering from ""severe depression and anxiety"" (भयंकर डिप्रेशन और एंग्जायटी). Despite this intense internal struggle, hearing energetic ""Punjabi wedding music"" triggers an involuntary, perhaps conditioned, reaction, represented by the character's ""rock on"" hand gesture and stoic face. It humorously highlights the disconnect between one's internal mental state and external stimuli.","[0, 0, 0, 0, 0, 0, 0]","[1,0,0,0,0,0,0]",v1
TE-74.jpg,CULTURAL_REFERENCE_DEPENDENT,"This black and white comic strip meme features three characters. On the left, a person is hooked up to various devices: a VR headset labeled ""क्रिकेट हाइलाइट्स + पॉर्न"" (Cricket Highlights + Porn), an IV bag labeled ""देसी दारू"" (Desi Liquor), a device on their lap labeled ""ऑटो मास्टर-बेटर"" (Auto Master-bater), and a bag labeled ""हेरोइन"" (Heroin). This person is drooling and appears completely sedated. In the center, another person stands, looking at the first person and saying ""अरे, यह थोड़ा अजीब है"" (Hey, this is a bit weird). On the right, a third person covers their ears and says ""ओएमजी, जीने दो यार।"" (OMG, let me live, man.). The artist's handle ""@OWENBROADCAST"" is in the bottom right corner.

The image conveys a mix of dark humor, concern, and defensiveness. The person in the chair represents extreme, almost dystopian, indulgence and escapism. The central figure expresses mild concern or judgment (""a bit weird""). The figure on the right is defensive and dismissive, wanting to avoid judgment and continue their lifestyle (""let me live""). The overall mood is satirical and critical of excessive consumption and escapism.

The image depicts a satirical take on modern life, specifically the pursuit of pleasure and escapism through technology and substances. The person in the chair is completely immersed in a sensory experience, disconnected from reality. The other two characters represent different reactions to this lifestyle: one questioning it, the other defending it.

The meme uses Hindi text, indicating it's targeted at a South Asian audience. It employs a common comic strip format to present a satirical commentary. The references to ""Cricket Highlights,"" ""Desi Liquor,"" and ""Auto Master-bater"" are specific cultural markers. The ""let me live"" response is a common internet trope used to deflect criticism of one's choices.

The meme satirizes the extreme lengths people might go to for pleasure and escapism, and the societal reactions to such behavior. It highlights the tension between judging others' choices and the desire for individual freedom (""let me live""), even when those choices seem self-","[0, 0, 0, 0, 0, 0, 0]","[1,0,1,0,0,0,0]",v1
TE-256.jpg,INTERNET_CULTURE_DEPENDENT,"This meme is a motivational joke that uses historical imagery of Chhatrapati Shivaji Maharaj to inspire hard work. It frames the daily grind for societal markers of success—a government job, wealth, marriage, and a home—as a heroic battle. The message is to remember these goals to find the motivation to keep ""fighting"" or working hard. It is about ambition and motivation, not depression.","[0, 0, 0, 0, 0, 0, 0]","[0,0,0,0,0,0,0]",v1
TE-611.jpg,INTERNET_CULTURE_DEPENDENT,"This meme is a humorous observation about the typical structure of Bollywood movies. The left panel shows a ""Bollywood Film"" happily approaching the ""First Half,"" where ""Everything is Perfect."" The right panel shows the reality ""After Interval,"" where a large pink figure holds the film back as it faces ""Tragedy in the Hero's Life."" It comments on the dramatic tonal shift common in these films, changing from happy to tragic halfway through.","[0, 0, 0, 0, 0, 0, 0]","[0,0,0,1,0,0,0]",v1
TE-90.jpg,INTERNET_CULTURE_DEPENDENT,"This meme depicts a dialogue between a boy and a therapist. The boy repeatedly states he is depressed (""मुझे बहुत डिप्रेशन है"", ""सच में डिप्रेशन है"") and pleads for help (""प्लीज़ हेल्प करो""). The therapist dismisses his genuine distress as mere ""poetry"" and ""acting."" The caption below, ""The bitter truth of your favorite 'sad' memes,"" frames this as a commentary on how real mental health struggles, often expressed through memes, are invalidated and treated as entertainment.","[0, 0, 0, 0, 0, 0, 0]","[1,0,0,0,0,0,0]",v1
TE-107.jpg,LANGUAGE_DEPENDENT,"This multi-panel comic is a dark twist on the ""when life gives you lemons"" proverb. A character personifying ""Life"" throws a lemon at a man. The man tries to be optimistic and make ""lemonade"" (shikanji), but ""Life"" relentlessly pelts him with more lemons until he is beaten down and lying motionless on the ground. The final panel shows ""Life"" defecating on his defeated body, symbolizing ultimate humiliation and the futility of optimism against overwhelming hardships.","[0, 0, 0, 0, 0, 0, 0]","[0,0,0,0,1,0,0]",v1
TE-14.jpg,LANGUAGE_DEPENDENT,"The meme features the Hindi text ""मैं बिखरा"" (Main Bikhra) against a stark black background. ""मैं"" translates to ""I,"" and ""बिखरा"" means ""shattered,"" ""scattered,"" or ""falling apart."" The word ""बिखरा"" is stylized with a fading or glitching effect, visually reinforcing the sense of being broken. The meme is a direct and powerful expression of feeling emotionally shattered, overwhelmed, or falling apart.","[0, 0, 0, 0, 0, 0, 0]","[0,0,0,0,0,0,0]",v1
TE-170.jpg,LANGUAGE_DEPENDENT,"This meme describes a very rapid mood swing, stating ""When mood changes from happy to suddenly sad in 0.05 seconds."" The image shows a man (Chandler from Friends) in an awkward pose, labeled at the bottom as a ""*depressed flip*"" (*डिप्रेस्ड पलटी*). It humorously illustrates the sudden, uncontrollable onset of depressive feelings.","[1, 0, 0, 0, 0, 0, 0]","[1,0,0,0,1,0,0]",v1
TE-175.jpg,LANGUAGE_DEPENDENT,"This meme is a text-based post where the author shares an anecdote about making a ""sad joke"" in real life that is common on the internet. The joke was, ""I wish the earth was flat so I could jump off the edge."" The author notes that the person they told this to got genuinely worried, highlighting the disconnect between online dark humor and offline social norms.","[0, 0, 0, 0, 0, 0, 0]","[0,0,0,0,0,0,0]",v1
TE-251.jpg,LANGUAGE_DEPENDENT,"This meme uses a ""Myth vs. Fact"" format to address","[0, 0, 0, 0, 0, 0, 0]","[1,1,0,0,0,0,0]",v1
TE-259.jpg,LANGUAGE_DEPENDENT,"The meme illustrates a dark humor scenario where a ""Killer"" (Tom) asks his victim (""Me"", Jerry) for a last wish. The victim replies ""Thank you,"" and when the killer clarifies he's about to kill him, the victim says, ""I know... that's why."" This implies the victim desires death and sees being killed as a relief. Jerry's resigned and sad expression in the final panel reinforces this feeling of hopelessness and a wish to end life.","[1, 0, 1, 0, 0, 0, 0]","[0,0,1,0,0,0,0]",v1
TE-268.jpg,LANGUAGE_DEPENDENT,"This meme uses the popular ""Two Buttons"" template to illustrate a common and humorous grammatical dilemma for Hindi speakers. The character is shown sweating and under great stress, unable to decide between two buttons labeled ""दही खाया"" (ate yogurt - masculine) and ""दही खायी"" (ate yogurt - feminine). The humor arises from the confusion over the grammatical gender of the word ""dahi"" (yogurt) in different Hindi dialects.","[0, 0, 0, 0, 0, 0, 0]","[0,0,0,1,0,0,0]",v1
TE-306.jpg,LANGUAGE_DEPENDENT,"This meme features a bulldog holding its loose skin, with text humorously comparing it to loose pants after weight loss. The top text uses a popular meme format (""Dekh raha hai Vinod"") to point out the ""loose pants,"" and the bottom text celebrates the ""vibe"" of being thin. The tone is lighthearted and humorous, focusing on a positive physical change.","[0, 0, 0, 0, 0, 0, 0]","[0,0,0,1,0,0,0]",v1
TE-362.jpg,LANGUAGE_DEPENDENT,"This meme uses a character from the game Danganronpa to create a dark joke. It starts with the common biological fact that the human body is 70% water (""दुनिया कहती है 70% पानी हूँ"", ""you is H2O""). It then contrasts this with the character's internal state, stating that the remaining 30% ""WANTS2DIE"" (""पर अंदर से 30%... WANTS2DIE""). The character is shown crying while making a ""cool"" pose, highlighting the juxtaposition of outer appearance and inner despair.","[0, 0, 0, 0, 0, 0, 0]","[1,0,1,0,0,0,0]",v1
TE-370.jpg,LANGUAGE_DEPENDENT,"The meme illustrates a person (represented by the girl) trying to find emotional connection and love from food (the giant cake). The cake rejects her emotional gesture and tells her to just eat it. The main caption, ""Food will never love you,"" directly addresses the concept of emotional eating, where an individual seeks comfort or love from food to fill an emotional void, highlighting an unhealthy relationship with eating.","[0, 0, 0, 0, 0, 0, 0]","[0,0,0,1,0,0,0]",v1
TE-384.jpg,LANGUAGE_DEPENDENT,"This image is a screenshot of a tweet by user ""sara mchenry"" (@yellowcardigan). The tweet is in Hindi and follows a ""Me vs. Me (to myself)"" dialogue format. The text translates to: ""Me: I eat. Me (to myself): This is very bad. Now I will get a 'suppli' (supplementary exam/fail) in the 'eating' paper, an exam where failing is a common thing."" The words ""बुरा"" (bad), ""इटिंग"" (eating), ""सप्ली"" (suppli), ""फेल"" (fail), and ""आम बात"" (common thing) are highlighted with a white background, emphasizing them.

The mood conveyed is a mix of humor and underlying anxiety, guilt, and poor self-image related to the act of eating. It depicts a situation where the simple act of eating triggers an immediate internal monologue of self-criticism and a feeling of failure. The cultural context is rooted in the Indian education system, where a ""suppli"" is a supplementary exam for a failed subject, making the metaphor highly relatable to a South Asian audience. The core message satirizes the intense, often irrational, guilt people feel about eating, framing it as an academic failure in a test where ""failing is common,"" highlighting the pervasive nature of diet culture and self-judgment.","[0, 0, 0, 0, 0, 0, 0]","[0,0,0,0,0,0,0]",v1
TE-418.jpg,LANGUAGE_DEPENDENT,"The meme features an illustration of a person's head with a burst of flowers where the mind would be. The Hindi text at the top reads ""ख्यालों का बवंडर"" (Khayalon ka bavandar), which translates to ""A storm of thoughts"" or ""A whirlwind of thoughts."" The image and text together vividly represent a state of having an overwhelming, racing, or chaotic mind.","[0, 0, 0, 0, 0, 1, 0]","[0,0,0,0,0,1,0]",v1
TE-431.jpg,LANGUAGE_DEPENDENT,"This meme is a piece of dark humor. It shows a person (""Me"") casually showing their ""Incognito Tab history"" to a ""ghost who came to scare me."" The joke is that the person's internet search history is so disturbing or shocking that it ended up traumatizing the ghost instead. The person looks calm, while the ghost appears terrified.","[0, 0, 0, 0, 0, 0, 0]","[0,0,0,0,0,0,1]",v1
TE-434.jpg,LANGUAGE_DEPENDENT,"The image contains the popular Hindi idiom ""दिमाग का दही"" (Dimaag ka dahi), which literally translates to ""yogurt of the brain."" Idiomatically, it is used to express a state of extreme mental confusion, frustration, or being overwhelmed. It signifies that one's thoughts are scrambled or ""fried"" due to a chaotic situation, annoying person, or complex problem, making it difficult to think straight.","[0, 0, 0, 0, 0, 0, 0]","[0,0,0,0,0,0,0]",v1
TE-446.jpg,LANGUAGE_DEPENDENT,"This meme contrasts a person's public persona (""Main Account"") with their private, more honest reality (""Spam Account""). The main account shows a person with a car plate saying ""सब ठीक"" (Everything is fine), representing a curated, positive image. The spam account shows a person with a car plate saying ""जिंदगी झंड"" (Life is messed up/sucks), revealing a hidden, negative outlook on life. The humor lies in the relatability of hiding one's true struggles behind a facade of normalcy.","[0, 0, 0, 0, 0, 0, 0]","[1,0,0,0,0,0,0]",v1
TE-457.jpg,LANGUAGE_DEPENDENT,"This meme humorously depicts a person's internal struggle with dieting. The user simply states ""Me: *eats*"", and their ""inner conscience"" reacts dramatically, exclaiming ""Disaster!"", comparing breaking the diet to failing an exam (""supplementary"" in dieting paper), and hyperbolically fearing that their family will ""disown"" them for this failure. It uses exaggeration to highlight the guilt and pressure associated with dieting.","[0, 0, 0, 0, 0, 0, 0]","[0,0,0,0,0,0,0]",v1
TE-471.jpg,LANGUAGE_DEPENDENT,"This image is a book cover for a novel titled ""आज़ाद ख्याल"" (Free Thoughts). It features a goldfish jumping out of a fishbowl, which is a common metaphor for liberation, breaking free from confinement, or seeking a wider world. The image conveys a sense of action, freedom, and potentially taking a leap of faith, rather than depicting negative mental health symptoms.","[0, 0, 0, 0, 0, 0, 0]","[0,0,0,0,0,1,0]",v1
TE-479.jpg,LANGUAGE_DEPENDENT,"This meme uses the Drake format to contrast a healthy, long-term goal with a superficial, short-term one. The person rejects the idea of stopping the ""binge-purge"" cycle forever. Instead, they opt for ""forced control"" over their eating for two days solely to avoid having a ""swollen face"" in front of a new therapist. This highlights a struggle with an eating disorder and a focus on external appearance over genuine healing.","[0, 0, 0, 0, 0, 0, 0]","[1,0,0,0,0,0,0]",v1
TE-492.jpg,LANGUAGE_DEPENDENT,"This meme uses the progressive reaction template featuring Bernie Sanders to depict a relatable internet experience. It starts with someone mindlessly scrolling through Instagram (neutral reaction). They see a meme, realize it's from a random page, and finally,","[0, 0, 0, 0, 0, 0, 0]","[0,0,0,1,0,0,0]",v1
TE-509.jpg,LANGUAGE_DEPENDENT,"The meme contains the Hindi phrase ""दिमाग खाली।"" which translates to ""Mind is empty."" Set against a stark black background, this minimalist message conveys a profound sense of mental emptiness, numbness, or a void in thought processes, which are significant indicators of a depressive state.","[1, 0, 0, 0, 0, 1, 0]","[0,0,0,0,0,0,0]",v1
TE-519.jpg,LANGUAGE_DEPENDENT,"The meme shows a stick figure parent asking their child, who is lying flat on the floor surrounded by work/study materials, ""Son, are you alive?"". The child replies, ""Just breathing."" This humorously but poignantly depicts","[0, 0, 0, 0, 0, 0, 0]","[0,0,0,1,0,0,0]",v1
TE-526.jpg,LANGUAGE_DEPENDENT,"The meme is a pun-based joke. A dentist asks the patient to ""show inside"" (referring to their mouth). The patient replies metaphorically, stating, ""I am broken from inside."" This is a common expression for feeling deeply sad, hopeless, or emotionally shattered.","[0, 0, 0, 0, 0, 0, 0]","[0,0,0,0,0,0,0]",v1
TE-615.jpg,LANGUAGE_DEPENDENT,"This meme is a piece of linguistic humor centered around Indian politician Shashi Tharoor, who is famous for his extensive and complex English vocabulary. The text says ""When the Shashi Tharoor inside you wakes up,"" and depicts a dinosaur labeled ""Tharoor-saurus."" This is a pun combining ""Tharoor,"" ""Thesaurus"" (a reference to his vocabulary), and the dinosaur suffix ""-saurus."" It","[0, 0, 0, 0, 0, 0, 0]","[0,0,0,1,0,0,0]",v1
TE-632.jpg,LANGUAGE_DEPENDENT,"This meme humorously lists several awkward and avoidant reactions people have when they receive a compliment. Instead of accepting it, the suggested ""pro tips"" include laughing weirdly, looking away, pretending to be busy, calling the person a liar (""चल झूठे!""), changing the topic, or simply running away. The core message is about the extreme difficulty and discomfort some people feel when receiving positive feedback.","[0, 0, 0, 0, 0, 0, 0]","[0,0,0,0,0,0,0]",v1
TE-9.jpg,LANGUAGE_DEPENDENT,"This four-panel comic shows two coffins talking. In the first panel, one coffin expresses that it has a ""heavy burden on its heart."" The other suggests lightening the load. The first coffin then literally dumps out the dead body inside it and says it feels much lighter. The meme uses dark humor by taking the metaphorical emotional ""burden"" and making it a literal physical one (the corpse).","[0, 0, 0, 0, 0, 0, 0]","[1,0,1,0,0,0,0]",v1
TE-201.jpg,LIFESTYLE_CONTEXT_DEPENDENT,"This meme depicts a relatable scenario for many young people, describing a ""typical night at 3 AM."" It shows two waiters serving a ""big bowl of cold Maggi"" and ""Arijit Singh's sad songs."" The combination of being awake at an unusual hour, eating comfort food, and listening to sad music is a common cultural trope for expressing feelings of loneliness, sadness, and poor coping mechanisms.","[0, 0, 0, 0, 0, 0, 0]","[0,0,0,1,0,0,0]",v1
TE-296.jpg,LIFESTYLE_CONTEXT_DEPENDENT,"This meme is a humorous exaggeration of having a ""bad day."" It lists a series of minor, relatable annoyances that happened since the previous night: getting bitten by mosquitoes","[0, 0, 0, 0, 0, 0, 0]","[1,0,0,0,0,0,1]",v1
TE-521.jpg,LIFESTYLE_CONTEXT_DEPENDENT,"This image is a complex Venn diagram meme in Hindi, titled ""क्या मैं ज्यादा सोच रहा हूँ?"" which translates to ""Am I overthinking?"". The diagram consists of multiple overlapping colored circles labeled with various life categories: ""रिश्ते"" (Relationships), ""काम-काज"" (Work), ""खुद का ख्याल"" (Self-care), ""खाना-पीना"" (Food & Drink), ""बड़ी बातें"" (Big things), and ""छोटी-छोटी बातें"" (Small things). The intersections are filled with numerous specific, often trivial, questions and worries, such as ""क्या मैंने कुछ गलत कह दिया?"" (Did I say something wrong?), ""वेज या नॉन-वेज?"" (Veg or non-veg?), and ""नाखून काटना"" (Cutting nails). The very center, where all circles overlap, contains the single word ""(हाँ)"" (Yes). The overall mood conveyed is one of overwhelming anxiety, decision fatigue, and the relatable struggle of constant mental chatter about both significant and insignificant aspects of daily life. It humorously yet poignantly illustrates the modern condition of being mentally burdened by an endless stream of thoughts and choices. The image is credited to ""by MICHELLE RIAL"" and includes text at the bottom that reads ""ज़िंदगी के सवालों के जवाब 101 चार्ट्स में"" (Answers to life's questions in 101 charts).","[0, 0, 0, 0, 0, 0, 0]","[0,0,0,0,0,1,0]",v1
TE-226.jpg,MEDIA_CONTEXT_DEPENDENT,"The meme uses a two-panel format with a character from a Bollywood movie. The top panel shows the character frantically searching under a bedsheet with the Hindi text ""Searching for something that doesn't even exist.""","[0, 0, 0, 0, 0, 0, 0]","[1,0,0,0,0,0,0]",v1
TE-294.jpg,MEDIA_CONTEXT_DEPENDENT,"This image is a nine-panel grid meme with Hindi text, titled ""बेकार के महारथी"" (Masters of Uselessness). Each panel features an anime character or object labeled with a ""useless"" archetype in Hindi. The top row includes Aqua from *KonoSuba* as ""बेकार देवी"" (Useless Goddess), Elsie from *The World God Only Knows* as ""बेकार राक्षस"" (Useless Demon), and invisible Toru Hagakure's gloves and shoes from *My Hero Academia* as ""बेकार हीरो"" (Useless Hero). The middle row shows Team Rocket from *Pokémon* as ""बेकार विलेन"" (Useless Villains), Shinji Ikari from *Neon Genesis Evangelion* as ""बेकार MC"" (Useless MC), and Princess Millhiore from *Dog Days* as ""बेकार राजकुमारी"" (Useless Princess). The bottom row features Yamcha from *Dragon Ball* as ""बेकार चिल्लाने वाला"" (Useless Shouter), Sakura Haruno from *Naruto* as ""बेकार shinobi"" (Useless Shinobi), and finally, a large ""YOU"" with a #1 badge as ""बेकार तुम"" (Useless You). Below ""YOU,"" Hindi text reads, ""सच में, कभी कुछ काम का भी कर लिया करो, नल्ले कहीं के"" (Seriously, do something useful sometimes, you useless person). The mood is humorously insulting, using well-known anime tropes to deliver a playful jab at the viewer's perceived lack of utility.","[0, 0, 0, 0, 0, 0, 0]","[0,0,0,0,1,0,0]",v1
TE-323.jpg,MEDIA_CONTEXT_DEPENDENT,"This meme uses the authoritative ""Bigg Boss"" voice and logo from the popular Indian reality show to deliver a dark, existential ""task."" The text translates to ""Bigg Boss wants you to find one reason to live today."" This humorously but poignantly implies that the viewer currently lacks a reason to live, highlighting feelings of hopelessness and emptiness.","[0, 0, 0, 0, 0, 0, 0]","[0,1,0,0,0,0,0]",v1
TE-336.jpg,MEDIA_CONTEXT_DEPENDENT,"The meme is a humorous exaggeration criticizing the Bollywood movie ""Race 3"". It depicts a progression of emotional states that viewers allegedly experience after watching the film. The stages are labeled as ""Happy"" (खुश), then ""Sad"" (उदास), followed by ""Stressed"" (तनावग्रस्त), and finally ""","[0, 0, 0, 0, 0, 0, 0]","[1,0,1,0,0,0,0]",v1
TE-354.jpg,MEDIA_CONTEXT_DEPENDENT,"This meme depicts a man in various poses of waiting and contemplation, with text in Hindi that translates to ""I am thinking why my application is still stuck in the government office."" The images show him looking increasingly weary and sad, staring at a file, a clock, out a window at traffic, and through a rain-streaked window. The meme humorously captures the feeling of hopelessness and sadness associated with dealing with slow-moving government bureaucracy in India.","[0, 0, 0, 0, 0, 0, 0]","[1,0,0,0,0,0,0]",v1
TE-47.jpg,MEDIA_CONTEXT_DEPENDENT,"This meme uses the mythological figure of Arjun from the Mahabharata to normalize and validate the experience of depression. The text explicitly states that Arjun went through ""trauma and depression"" and the image on the right shows him in a state of deep sadness and dejection, sitting on the ground. The main message is that having depression does not decrease a person's worth or value.","[0, 0, 0, 0, 0, 0, 0]","[1,0,0,0,1,0,0]",v1
TE-497.jpg,MEDIA_CONTEXT_DEPENDENT,"The meme is a humorous exaggeration about chronic sleep deprivation, likely from a parent's perspective given the username ""mamas_got_problems"". The text asks, ""When someone asks me when was the last time I had a peaceful sleep..."" and the punchline, delivered by a character known for telling long, old stories, is, ""It's a tale from the era... when the British used to rule."" This hyperbole emphasizes that the person hasn't slept well in a very long time.","[0, 0, 0, 0, 0, 0, 0]","[0,0,0,0,0,0,1]",v1
TE-505.jpg,MEDIA_CONTEXT_DEPENDENT,"This meme uses a ""reveal"" format to depict a situation where someone's mother (""मेरी माँ"") investigates their sudden decision to become a vegetarian (""मेरा अचानक शाकाहारी बनने का फैसला""). The reveal shows that this dietary change is actually a cover for an eating disorder (""मेरी कम खाने की बीमारी (ED)""), specifically one involving restricting food intake. The person revealed has a sad and distressed expression.","[0, 0, 0, 0, 0, 0, 0]","[0,0,0,1,0,0,0]",v1
TE-525.jpg,MEDIA_CONTEXT_DEPENDENT,,"[0, 0, 0, 0, 0, 0, 0]","[1,0,0,0,0,0,0]",v1
TE-98.jpg,MEDIA_CONTEXT_DEPENDENT,,"[0, 0, 0, 0, 0, 0, 0]","[1,0,0,0,0,0,0]",v1
TE-140.jpg,MEME_FORMAT_DEPENDENT,"This meme is a humorous take on flirting or ""smooth talking."" The top panel shows an anime character reacting with surprise (""सच में?"" - Really?) to a cliché line about valuing personality over physical appearance (""असली बात boobs का size नहीं, वो इंसान है जिससे वो जुड़े हैं।""). The bottom panel uses the Skyrim ""Speech 100"" meme format to label this line as a master-level example of persuasive speech or smooth talking. The overall tone is comedic and focuses on social interaction skills.","[0, 0, 0, 0, 0, 0, 0]","[0,0,0,0,1,0,0]",v1
TE-196.jpg,MEME_FORMAT_DEPENDENT,"This meme uses the popular ""Always has been"" template to depict an internal realization about chronic depression. One astronaut represents a part of the self asking, ""Wait, you are Depressed?"", while the other astronaut, labeled ""Me"" and holding a gun to the first one's head, replies, ""Always has been."" This illustrates a long-standing, perhaps hidden, state of depression and uses dark imagery to represent the internal struggle.","[1, 0, 1, 0, 0, 0, 0]","[1,0,1,0,0,0,0]",v1
TE-484.jpg,MEME_FORMAT_DEPENDENT,"The meme humorously uses an exaggerated statistic to claim the reader has spent over 500,000 minutes this year just thinking about food. The punchline, ""Take Therapy,"" suggests this level of preoccupation with food is excessive and potentially unhealthy.","[0, 0, 0, 0, 0, 0, 0]","[0,0,0,0,0,0,0]",v1
TE-550.jpg,MEME_FORMAT_DEPENDENT,"The meme uses a popular ""Pawn Stars"" template to depict an internal struggle. The top text asks if it's possible to be happy with either an ""eating disorder"" or ""recovery."" The bottom text, representing the reality of the situation, replies that the only option is being ""unhappy"" in both states and ""unable to commit"" to either. This highlights the difficulty, unhappiness, and indecisiveness associated with battling an eating disorder.","[1, 0, 0, 1, 0, 1, 0]","[0,0,0,1,0,0,0]",v1
TE-589.jpg,MEME_FORMAT_DEPENDENT,"The meme features a distorted, ""deep-fried"" image of a cat holding a baseball bat, which gives it a menacing or chaotic appearance. The text in Hindi above it reads ""चाय का समय"" (Chai ka samay), meaning ""Tea time."" The humor arises from the absurd juxtaposition of a threatening visual with a mundane and pleasant daily ritual. It does not express any depressive symptoms.","[0, 0, 0, 0, 0, 0, 0]","[0,0,0,1,0,0,0]",v1
TE-591.jpg,MEME_FORMAT_DEPENDENT,This meme uses the IQ bell curve template to illustrate different approaches to decision-making. Both the low-IQ (,"[0, 0, 0, 0, 0, 0, 0]","[0,0,0,0,0,1,0]",v1
TE-112.jpg,NICHE_SUBCULTURE_DEPENDENT,"This meme begins by presenting a common debate among Bollywood fans about which actor is better, Shah Rukh Khan or Salman Khan. However, the punchline delivers a more somber message, stating that deep down, people love Bollywood not for the actors, but because they use it as a means to ""escape from their own lives."" This suggests a dissatisfaction with reality and a need for escapism.","[0, 0, 0, 0, 0, 0, 0]","[1,0,1,0,0,0,0]",v1
TE-172.jpg,NICHE_SUBCULTURE_DEPENDENT,"This anime-based meme uses self-deprecating humor common among Indian engineering students. A character casts a spell on ""Mechanical Engineers"" to make them ""single and nalla"" (useless/good-for-nothing). The punchline in the second panel is that ""nothing changed,"" implying they were already in that state. The meme highlights a negative self-perception of being romantically unsuccessful and worthless.","[0, 0, 0, 0, 0, 0, 0]","[0,0,0,0,1,0,0]",v1
TE-249.jpg,NICHE_SUBCULTURE_DEPENDENT,,"[0, 0, 0, 0, 0, 0, 0]","[0,0,0,0,1,0,0]",v1
TE-279.jpg,NICHE_SUBCULTURE_DEPENDENT,"This Hindi meme is a ""starter pack"" about living with an ""ED"" (Eating Disorder) in a traditional (""sanskari"") Indian family. It illustrates various struggles: strict family","[0, 0, 0, 0, 0, 0, 0]","[0,0,0,1,0,0,0]",v1
TE-346.jpg,NICHE_SUBCULTURE_DEPENDENT,"This meme uses a common debate between fans of actresses Deepika Padukone and Alia Bhatt as a setup. The punchline reveals a deeper, more somber truth: people watch romantic movies featuring these stars not just for the actresses, but as a form of escapism to avoid facing the perceived harsh ""reality"" of arranged marriages in their own lives.","[0, 0, 0, 0, 0, 0, 0]","[0,0,1,0,0,0,0]",v1
TE-37.jpg,NICHE_SUBCULTURE_DEPENDENT,"This two-panel anime meme illustrates a common relatable situation of procrastination and preference. In the top panel, the character, labeled ""मैं"" (Me), holds a book/scroll labeled ""पढ़ाई"" (Studies) with a neutral expression, saying ""ये ठीक है"" (This is okay). In the bottom panel, the same character is shown smiling happily and excitedly, labeled ""मैं"" (Me), while looking away from the studies towards an unseen object labeled ""वेब सीरीज़"" (Web Series), declaring ""पर मुझे ये ज़्यादा पसंद है"" (But I like this more). The meme humorously highlights preferring entertainment over academic responsibilities.","[0, 0, 0, 0, 0, 0, 0]","[0,1,0,0,0,0,0]",v1
TE-595.jpg,NICHE_SUBCULTURE_DEPENDENT,"This four-panel meme humorously illustrates a common stereotype about food preferences, specifically attributed to ""we boys"" (हम लड़के). It shows a strong negative reaction (spitting out a drink, sad face) to vegetables like ""Tinda/Lauki"" and a positive, interested reaction to ""Paneer Butter Masala."" The meme is about picky eating and food preferences, not mental health.","[0, 0, 0, 0, 0, 0, 0]","[0,0,0,1,1,0,0]",v1
TE-78.jpg,NICHE_SUBCULTURE_DEPENDENT,,"[0, 0, 0, 0, 0, 0, 0]","[0,0,0,0,1,0,0]",v1
TE-88.jpg,NICHE_SUBCULTURE_DEPENDENT,"The meme uses the ""Smart Thinker"" format to propose a dark, humorous ""solution"" to the problem of being criticized by relatives. The text","[0, 0, 0, 0, 0, 0, 0]","[0,0,0,0,1,0,0]",v1
TE-166.jpg,POP_CULTURE_DEPENDENT,"This multi-panel meme uses a comic format to depict various emotional struggles joining together. The hands in the first six panels represent symptoms like identity crisis (""Who am I?""), impulsivity, suicidal thoughts (""wish to die""), mood swings (""sometimes happy, sometimes sad""), unstable relationships, and fear of loneliness. The final panel satirically welcomes these struggles, personified by serious-looking men, to the ""hub of overthinking and drama,"" hosted by a comedian. The meme humorously categorizes a complex mix of severe emotional symptoms under the label of ""overthinking and drama.""","[0, 0, 0, 0, 0, 0, 0]","[1,0,1,0,1,0,0]",v1
TE-168.jpg,POP_CULTURE_DEPENDENT,"The meme depicts a man in chains who is offered a ""game"" by Yama, the Hindu god of death, where one of three glasses contains poison. Before Yama can even explain the rules, the man eagerly and defiantly drinks from one of the glasses, seeking death. He dies in the final panel. This illustrates a profound desire for death and a complete disregard for his own life.","[1, 0, 1, 0, 0, 0, 0]","[0,0,1,0,0,0,0]",v1
TE-174.jpg,POP_CULTURE_DEPENDENT,"This meme uses self-deprecating humor to counter the claim that South Indian movies are unrealistic. The user presents a hyperbolic scenario from their own life as ""proof"" of realism: that they are so repulsive that every girl in their class cries if they even make eye contact. The humor is derived from this extreme exaggeration of being undesirable and the resulting feeling of worthlessness.","[0, 0, 0, 0, 0, 0, 0]","[0,0,0,0,1,0,0]",v1
TE-178.jpg,POP_CULTURE_DEPENDENT,"This meme summarizes the plot of the anime ""Re:Zero"" using famous Bollywood dialogues. It highlights the protagonist's cycle of gaining god-like power (returning from death), the despair leading to a desire to die, the hope of saving loved ones, and the frustration of being stuck in a repetitive loop. The humor lies in the accurate juxtaposition of these disparate Bollywood scenes to explain the complex anime narrative.","[0, 0, 0, 0, 0, 0, 0]","[1,0,1,0,0,0,0]",v1
TE-188.jpg,POP_CULTURE_DEPENDENT,"The meme depicts a common scenario where a person complains about gaining weight (""I have become so fat""). When a friend or relative tries to reassure them by saying they are not fat, the person reacts with the famous Hindi phrase ""Jhooth bole kauwa kaate"" (literally ""if you lie, a crow will bite you,"" meaning liars will be punished), implying they don't believe the reassurance and are convinced of their own negative body image.","[0, 0, 0, 0, 1, 0, 0]","[0,0,0,0,1,0,0]",v1
TE-200.jpg,POP_CULTURE_DEPENDENT,"The meme features a serious black and white photo of actor Nana Patekar alongside the Hindi text ""सपने देखना छोड़ दो, अपनी औकात में रहो"" which translates to ""Stop dreaming, stay within your limits/status"". This is a harsh, discouraging message that tells the viewer to abandon their aspirations and accept their current, presumably inferior, position in life. It directly attacks hope and self-worth.","[0, 0, 0, 0, 0, 0, 0]","[0,0,0,0,0,0,0]",v1
TE-213.jpg,POP_CULTURE_DEPENDENT,"This meme is a humorous ""survival tip"" for employees in the IT sector. It highlights the common problem of ""sleep deprivation"" among IT workers and their colleagues. It suggests advocating for rest, but realistically notes that when rest isn't possible, offering ""cutting chai"" (a strong tea) is the practical alternative to keep going. The humor lies in acknowledging the unhealthy work culture where sleep is sacrificed and caffeine is the coping mechanism.","[0, 0, 0, 0, 0, 0, 0]","[0,0,0,0,0,0,0]",v1
TE-222.jpg,POP_CULTURE_DEPENDENT,"This meme uses a visual metaphor of a collapsing building labeled ""Anxiety और depression"" (Anxiety and depression) being precariously propped up by wooden beams labeled with popular comfort movies like ""3 Idiots"". The user (""मैं"", Me) is represented as a small car at the base, relying on these movies to keep their mental state from falling apart. A minor annoyance, ""बिरयानी में इलायची"" (Cardamom in Biryani), is also present. The meme humorously depicts a precarious mental state barely being","[0, 0, 0, 0, 0, 0, 0]","[1,0,0,0,0,0,0]",v1
TE-236.jpg,POP_CULTURE_DEPENDENT,"The meme shows a post comparing pollen and coronavirus with the caption ""Any questions?"". A comment below, highlighted by a red arrow, responds with the unrelated and personal question: ""मुझे कोई प्यार क्यों नहीं करता?"" (Why does no one love me?). The humor arises from the stark contrast between the scientific context of the post and the commenter's sudden, vulnerable expression of loneliness and sadness.","[0, 0, 0, 0, 0, 0, 0]","[0,0,0,0,1,0,0]",v1
TE-244.jpg,POP_CULTURE_DEPENDENT,"This meme depicts a cyclical state of sadness. The user first states they open a ""sad playlist,"" and then shows their ""sad self"" reacting with frustration and weariness, saying, ""Oh man, the same old trouble starts again."" The image of a distressed man reinforces this feeling of being trapped in a recurring pattern of feeling down, which they themselves initiate or exacerbate by listening to sad music.","[1, 0, 0, 0, 0, 0, 0]","[1,0,0,0,0,0,0]",v1
TE-255.jpg,POP_CULTURE_DEPENDENT,"This meme uses a popular Indian sitcom character, Jethalal, looking stressed and exasperated. The Hindi text translates to ""When you try to be a 'ray of sunshine' but people keep testing you."" It humorously depicts the frustration and emotional toll of trying to maintain a positive and happy demeanor (""ray of sunshine"") when faced with constant challenges or provocations from others.","[0, 0, 0, 0, 0, 0, 0]","[1,0,0,0,0,0,0]",v1
TE-275.jpg,POP_CULTURE_DEPENDENT,"This meme personifies ""Depression"" and ""Anxiety"" using the iconic Bollywood actors Amitabh Bachchan and Dharmendra and lyrics from their famous friendship song in the movie ""Sholay"". The lyrics ""We will not break this friendship"" and ""We will die, but we won't leave your side"" are used to humorously but poignantly illustrate the feeling that these mental health conditions are constant, unyielding companions that the individual cannot escape.","[0, 0, 0, 0, 0, 0, 0]","[1,0,0,0,0,0,0]",v1
TE-291.jpg,POP_CULTURE_DEPENDENT,"The meme shows a woman holding a notepad with a picture of Indian actor Rajpal Yadav. The text in Hindi says, ""We asked her how depression feels, she drew this."" The image of Rajpal Yadav is a popular meme template used to express shock, hopelessness, or being completely overwhelmed. The meme uses this recognizable image to visually represent the intense negative feelings associated with depression.","[0, 0, 0, 0, 0, 0, 0]","[1,0,0,0,0,0,0]",v1
TE-34.jpg,POP_CULTURE_DEPENDENT,"This meme highlights the contradictory and damaging behavior of parents who demand success from their child (""Why aren't you successful?"") while simultaneously undermining their confidence by telling them they are incapable (""You won't be able to do anything""). The image of the stern father figure reinforces the theme of strict, critical parenting. This dynamic is a common source of stress and negative self-perception for many.","[0, 0, 0, 0, 0, 0, 0]","[0,0,0,0,1,0,0]",v1
TE-364.jpg,POP_CULTURE_DEPENDENT,"This meme is a ""then vs. now"" comparison expressing disillusionment with adulthood. It contrasts a vibrant, joyful image of children playing cricket in the street (""We from here..."") with a dark, gloomy image of a stressed office worker holding his head in despair (""...how did we reach here?""). The meme addresses ""Dear Life"" and laments the transition from a carefree childhood to a burdensome and unhappy adulthood.","[0, 0, 0, 0, 0, 0, 0]","[1,0,1,0,0,0,0]",v1
TE-379.jpg,POP_CULTURE_DEPENDENT,"This four-panel comic is a parody of the anime 'Death Note'. A man finds ""Yamraj's book"" (the god of death's book) and decides to write ""मेरा भविष्य"" (my future) in it, intending to ""kill"" it. A shinigami figure appears and tells him, ""You cannot kill that which is already dead,"" implying his future is already hopeless and non-existent. The meme uses dark humor to express a deep sense of hopelessness and worthlessness regarding one's life trajectory.","[0, 0, 0, 0, 0, 0, 0]","[1,0,1,0,1,0,0]",v1
TE-467.jpg,POP_CULTURE_DEPENDENT,"The meme contrasts the cinematic, romanticized sadness of singer Arijit Singh performing a heartbreak song (""Channa Mereya"") with a gritty, realistic image of a man looking extremely dejected and hopeless. The text ""असलियत में ऐसा दिखता है"" (In reality, it looks like this) points to the second image as the true face of sadness. The man's posture and the subtitle ""कुछ खास घर नहीं","[0, 0, 0, 0, 0, 0, 0]","[1,0,0,0,0,0,0]",v1
TE-50.jpg,POP_CULTURE_DEPENDENT,"This meme uses a famous, powerful dialogue from a Bollywood movie (""Vijay Deenanath Chauhan"") to create a humorous contrast with the user's self-description. The user calls themselves a ""मोटा सांड"" (fat bull), which is humorously represented by a picture of a round ladybug toy mislabeled on a shopping site. The humor is derived from self-deprecation and comparing oneself unfavorably to an iconic hero.","[0, 0, 0, 0, 0, 0, 0]","[0,0,0,1,1,0,0]",v1
TE-540.jpg,POP_CULTURE_DEPENDENT,"The meme features the iconic Bollywood villain Mogambo, known for his dramatic announcements. The Hindi text translates to ""Get ready, boredom is coming."" The meme humorously uses this menacing character to announce the arrival of a mundane and unpleasant state of boredom, implying a period of disinterest and lack of engagement is about to begin.","[0, 1, 0, 0, 0, 0, 0]","[0,1,0,0,0,0,0]",v1
TE-546.jpg,POP_CULTURE_DEPENDENT,"This meme depicts a young woman looking horrified into a crystal ball after her mother tells her she will never be as thin as her sister due to having a ""big bone structure."" The bottom text labels this comment as a ""lifelong taunt."" The meme humorously yet poignantly highlights the deep and lasting impact of parental comments on body image and sibling comparison, revealing a future burdened by this perceived flaw.","[0, 0, 0, 0, 0, 0, 0]","[0,0,0,0,1,0,0]",v1
TE-650.jpg,POP_CULTURE_DEPENDENT,"The meme features a still from a movie where a man accuses a shocked woman of killing their ""Money Plant."" The top text reveals the woman's internal monologue, stating she is fighting with her husband because she is ""bored"" and ""hormonally charged."" The humor lies in the trivial reasons for her initiating conflict and the husband's specific, somewhat dramatic accusation.","[0, 0, 0, 0, 0, 0, 0]","[0,1,0,0,0,0,0]",v1
TE-99.jpg,POP_CULTURE_DEPENDENT,"This meme humorously contrasts the superficial sadness a 14-year-old might feel from listening to sad songs with the ""real sorrow"" the creator experiences. The ""real sorrow"" is represented by the image of a very dejected Rohit Sharma, likely after a major cricket loss. The meme is an expression of deep sadness and disappointment.","[1, 0, 0, 0, 0, 0, 0]","[1,0,0,0,0,0,0]",v1
TE-32.jpg,REFERENCE_DEPENDENT,"This meme uses the ""Epic Handshake"" template to show solidarity between engineering students and medical students. The central text indicates that both groups agree they face ""too much stress"" (बहुत ज्यादा स्ट्रेस). The bottom caption, ""जिंदगी झंड है"" (Life is ruined/messed up), accompanied by a crying emoji, expresses a strong feeling of hopelessness and misery regarding their situation.","[0, 0, 0, 0, 0, 0, 0]","[1,0,0,0,0,0,0]",v1
TE-44.jpg,REFERENCE_DEPENDENT,"This meme is a humorous exaggeration using the ""Who Killed Hannibal?"" template. It depicts a foreigner (""अंग्रेज"") trying to kill an Indian mosquito (""भारतीय मच्छर""). Instead of dying, the mosquito reanimates with superpowers and destroys the foreigner with a laser beam. The joke is about the legendary resilience and annoying nature of mosquitoes in India, presented in an over-the-top, comedic way. It is not related to mental health.","[0, 0, 0, 0, 0, 0, 0]","[0,0,0,0,0,0,0]",v1
TE-442.jpg,REFERENCE_DEPENDENT,"This image is a screenshot of a Tumblr text post interaction. The first user, ""bisexualgambit,"" posts in a mix of Hindi and English: ""जागने के लिए बहुत depressed? Depression वाली नींद के लिए enough depressed नहीं? कंबल में लिपटे Exstential Crisis में स्वागत है!"" (Too depressed to wake up? Not depressed enough for depression sleep? Welcome to the blanket-wrapped Existential Crisis!). The second user, ""scientia-rex,"" replies in Hindi: ""बस कर पगले, रुलाएगा क्या?"" (Stop it, crazy, will you make me cry?). The post has 203,646 notes.

The mood conveyed is a blend of relatable, self-deprecating humor and underlying melancholy regarding mental health struggles. It captures the specific, paralyzing feeling of being stuck in a state of inertia—too depressed to face the day but not depressed enough to escape through sleep—framing it as an ""existential crisis"" while wrapped in a blanket. This reflects a common internet-culture tendency to discuss mental health issues like depression and existential dread through relatable, often humorous, text-based memes on platforms like Tumblr. The core message is a shared acknowledgment of this difficult, liminal emotional state.","[0, 0, 0, 0, 0, 0, 0]","[0,0,0,0,0,0,0]",v1
TE-602.jpg,REFERENCE_DEPENDENT,"This meme humorously illustrates the intense pressure faced by Chartered Accountants (CAs) during the financial year-end in March. It shows a woman in a hospital bed, wide awake and stressed, with a thought bubble full of ""ITR"" (Income Tax Return) folders. The Hindi text explicitly states that a CA cannot sleep during the March closing period due to the heavy workload.","[0, 0, 0, 0, 0, 0, 1]","[0,0,0,0,0,0,1]",v1
TE-644.jpg,REFERENCE_DEPENDENT,"This meme uses a dark and violent image of a person holding a knife to their head to hyperbolically express the extreme mental stress and frustration caused by ""Exam Season"" or ""Office Deadlines."" The Hindi idiom ""दिमाग का दही मत करो"" (Don't turn my brain into yogurt) means ""don't irritate/stress me out completely,"" indicating intense mental agitation and a feeling of being","[0, 0, 0, 0, 0, 0, 0]","[0,0,1,0,0,1,0]",v1
TE-1.jpg,UNIVERSAL_HUMAN,"The meme shows a black and white photograph of a person sitting in a corner with their head in their hands, a posture indicating despair. The Hindi text ""पता नहीं मैं और कितना झेल पाऊँगा"" translates to ""I don't know how much more I can endure."" This combination strongly conveys a feeling of being overwhelmed by suffering, hopelessness, and reaching a breaking point.","[0, 0, 0, 0, 0, 0, 0]","[1,0,0,0,0,0,0]",v1
TE-10.jpg,UNIVERSAL_HUMAN,"The meme features an image depicting an out-of-body experience or a soul leaving a body. The Hindi text translates to: ""My anorexia is suddenly leaving my body for a few days every few weeks."" The humor relies on personifying the eating disorder (anorexia) as a spirit or entity that temporarily departs,","[0, 0, 0, 0, 0, 0, 0]","[0,0,0,1,0,0,0]",v1
TE-100.jpg,UNIVERSAL_HUMAN,"The meme features a somber, black and white image of a person lying down, appearing deeply unhappy. The Hindi text translates to ""I was so sad that I couldn't even get out of the room."" This directly expresses a state of extreme sadness that is debilitating enough to prevent the person from leaving their confined space, indicating a significant impact on their daily functioning and motivation.","[0, 0, 0, 0, 0, 0, 0]","[1,0,0,0,0,0,0]",v1
TE-101.jpg,UNIVERSAL_HUMAN,"This cartoon meme uses dark humor to address the topic of suicide. It shows a sign at a cliff's edge that reads ""The end of suicide jokes is down below,"" with an arrow pointing over the precipice. One character looks down the cliff, while another comments, ""These jokes are crossing the limit now!"" The meme is a","[0, 0, 0, 0, 0, 0, 0]","[1,0,1,0,0,0,0]",v1
TE-102.jpg,UNIVERSAL_HUMAN,,"[0, 0, 0, 0, 0, 0, 0]","[1,0,1,0,0,0,0]",v1
TE-103.jpg,UNIVERSAL_HUMAN,"This image displays a handwritten note in Hindi script on a plain white paper background. The text is written in dark ink and appears somewhat hurried. The literal translation of the Hindi text is: ""People always tell me that I look sad and tired. I know that I look sad and tired. I am sad and tired.""

The overall mood conveyed by the image and text is one of profound sadness, weariness, and resignation. It reflects a persistent state of being ""udaas"" (sad) and ""thaka hua"" (tired), suggesting a deep-seated emotional and physical exhaustion. The repetition of these words emphasizes the intensity of these feelings.

The situation depicted is a personal, introspective one, likely a private reflection or a diary entry where the writer is acknowledging their internal state. It's not a typical internet meme format with visual humor; rather, it's a raw expression of emotion. The core message is a direct and honest admission of feeling persistently down and exhausted, confirming that the outward appearance, which others notice, matches the writer's internal reality.","[0, 0, 0, 0, 0, 0, 0]","[0,0,0,0,0,0,0]",v1
TE-105.jpg,UNIVERSAL_HUMAN,"This meme uses a comparative format to express severe self-deprecation. It contrasts the physical weights of animals with the metaphorical ""weight"" or burden the creator feels they place on their parents. The creator describes this burden as infinite, stemming from their perception of themselves as ""useless,"" ""ugly,"" and ""untalented."" The humor is dark and relies on exaggerating feelings of worthlessness and being a disappointment to one's family.","[0, 0, 0, 0, 0, 0, 0]","[0,0,0,0,1,0,0]",v1
TE-106.jpg,UNIVERSAL_HUMAN,"The meme features a person lying face down on cracked earth, with Hindi text that translates to, ""Finally, my brain has gone bad... Don't bother trying to return it... Anyway, it wasn't working properly."" This expresses a sense of mental exhaustion, hopelessness, and a feeling that one's mind is broken or defective. It uses dark humor to convey deep distress about one's mental state and cognitive functioning.","[0, 0, 0, 0, 0, 0, 0]","[0,0,0,0,1,1,0]",v1
TE-108.jpg,UNIVERSAL_HUMAN,"The meme shows an incredibly long scroll of paper, humorously exaggerating the length of a list of ""fear foods."" The text ""अपने सारे fear foods की लिस्ट बनाना be like"" (Making a list of all your fear foods be like) indicates that the person has a vast number of foods they are afraid to eat. ""Fear foods"" is a concept directly associated with eating disorders, where individuals avoid certain foods due to anxiety about weight, calories, or other negative associations.","[0, 0, 0, 1, 0, 0, 0]","[0,0,0,1,0,0,0]",v1
TE-109.jpg,UNIVERSAL_HUMAN,"This meme depicts the relatable struggle of trying to fall asleep (""मैं, सोने की कोशिश में"") but being kept awake by intrusive, anxious thoughts about a past embarrassing event (""वो एक embarrassing moment""). The embarrassing moment is humorously personified as a character looming over the stressed person, who is hiding under a table. The core theme is the inability to sleep due to racing thoughts.","[0, 0, 0, 0, 0, 0, 1]","[1,0,0,0,1,0,1]",v1
TE-11.jpg,UNIVERSAL_HUMAN,This meme,"[0, 0, 0, 0, 0, 0, 0]","[1,0,0,0,0,0,0]",v1
TE-110.jpg,UNIVERSAL_HUMAN,"The meme illustrates a hypothetical, idealized relationship (""This could have been us""). In the top panel, a man asks his partner, ""Is your mood okay?"" and she honestly replies, ""No, but thanks for asking."" The bottom panel, with steamed-up car windows and handprints, implies that this open and supportive communication led to intimacy. The meme humorously suggests that having a partner who cares about your mental health is highly desirable and conducive to a good relationship.","[0, 0, 0, 0, 0, 0, 0]","[1,0,0,0,0,0,0]",v1
TE-111.jpg,UNIVERSAL_HUMAN,"This image is an infographic from a mental health organization (Savant Care). It features a photograph of a solitary person lying on a concrete ledge. The prominent Hindi text reads ""अकेलापन"" (Loneliness) and defines it below as ""दूसरों से अलग-थलग होने का भयानक अहसास"" (The terrible feeling of being isolated from others). The image aims to define and highlight the emotional weight of loneliness.","[0, 0, 0, 0, 0, 0, 0]","[1,0,0,0,0,0,0]",v1
TE-113.jpg,UNIVERSAL_HUMAN,"The meme displays a sign with a smiley face and Hindi text that translates to ""Smile... tomorrow will be even worse."" This is a clear example of dark humor, using irony to express a deeply pessimistic and hopeless view of the future. The core message is one of inevitable decline and a lack of hope for improvement.","[1, 0, 0, 0, 0, 0, 0]","[1,0,0,0,0,0,0]",v1
TE-114.jpg,UNIVERSAL_HUMAN,"The meme depicts a character who finds their ""peace"" (सुकून) in being isolated, represented by hiding inside a fluffy cloud. When their parents (""Mummy-Papa"") suggest going outside to make new friends, the character cheerfully and emphatically responds with ""Absolutely not"" (बिल्कुल नहीं). This illustrates a clear preference for solitude and a rejection of social interaction.","[0, 0, 0, 0, 0, 0, 0]","[1,1,0,0,1,0,0]",v1
TE-115.jpg,UNIVERSAL_HUMAN,"The meme features a still from a movie or show with a young person raising their hand. The superimposed Hindi text translates to ""Broken people sometimes fall apart. That's just what happens."" The message is a somber and resigned statement about internal emotional brokenness leading to an inevitable collapse. It reflects a deep sense of sadness and a damaged self-concept.","[0, 0, 0, 0, 0, 0, 0]","[1,0,0,0,0,0,0]",v1
TE-116.jpg,UNIVERSAL_HUMAN,"This meme features a black and white image of a person standing on the ledge of a tall clock tower at night. The accompanying Hindi text translates to ""I realized that I have no purpose left anymore."" The visual of being on a precarious ledge combined with the declaration of having no purpose strongly conveys a sense of deep hopelessness and suicidal ideation.","[0, 0, 0, 0, 0, 0, 0]","[0,0,1,0,1,0,0]",v1
TE-117.jpg,UNIVERSAL_HUMAN,"The meme uses a classic visual metaphor to depict depression or sadness. A single person is shown walking under a persistent, dark rain cloud that follows them, while the sun is visible but blocked. This illustrates a feeling of inescapable gloom, sadness, and isolation, as if the world is bright for others but dark for them.","[1, 0, 0, 0, 0, 0, 0]","[0,0,0,0,0,0,0]",v1
TE-118.jpg,UNIVERSAL_HUMAN,"The meme uses a template of Spider-Man stopping a bus to protect a child. The bus is labeled ""toxic people,"" Spider-Man is ""me trying to stop them,"" and the child is ""my fragile mental health."" It humorously illustrates the overwhelming and heroic struggle the person faces in trying to protect their vulnerable mental well-being from the negative influence of others.","[0, 0, 0, 0, 0, 0, 0]","[1,0,0,0,0,0,0]",v1
TE-119.jpg,UNIVERSAL_HUMAN,"The meme depicts a man (labeled ""Me"") being overwhelmed and surrounded by various problems, represented by women. The labels on the women are ""Loneliness,"" ""Doubt,"" ""Depression,"" ""Anxiety,"" ""Mobile,"" and ""Insomnia."" The meme humorously illustrates the feeling of being burdened by multiple mental health struggles simultaneously.","[0, 0, 0, 0, 0, 0, 0]","[1,0,0,0,0,0,1]",v1
TE-12.jpg,UNIVERSAL_HUMAN,"The meme is a somber, text-based post","[0, 0, 0, 0, 0, 0, 0]","[0,0,0,0,0,0,0]",v1
TE-120.jpg,UNIVERSAL_HUMAN,"This meme depicts a sad, crying Snorlax character. The text above, in a mix of Hindi and English, describes the feeling after reminding oneself of all their ""useless deeds"" and ""stupid trashy mistakes."" The bracketed text at the bottom, ""[मनहूसियत भरी आवाज़ें]"", translates to ""[sounds full of gloom/wretchedness]"". The meme illustrates a state of deep sadness and negative self-reflection caused by dwelling on past errors.","[1, 0, 0, 0, 1, 0, 0]","[1,0,0,0,1,0,0]",v1
TE-121.jpg,UNIVERSAL_HUMAN,"This meme uses a visual metaphor to describe the struggle of improving one's mental health. The top text translates to ""Me trying to fix my mental health,"" and the image shows a man precariously climbing a ladder in a dark, cave-like setting. The bottom text, ""A small problem:"", implies that even minor setbacks can feel like insurmountable obstacles when one is already in a difficult mental state. The meme humorously highlights the arduous and often overwhelming nature of the recovery journey.","[0, 0, 0, 0, 0, 0, 0]","[0,0,0,0,0,0,0]",v1
TE-122.jpg,UNIVERSAL_HUMAN,"The meme is a dark humor text in Hindi that translates to ""What days those were in 1996... when I didn't even exist."" It expresses a nostalgic longing for a time before the speaker was born, implying that their current existence is painful, burdensome, or regrettable. This is a common meme format used to express existential dread or passive suicidal ideation.","[0, 0, 0, 0, 0, 0, 0]","[0,0,0,0,0,0,0]",v1
TE-123.jpg,UNIVERSAL_HUMAN,"This meme shows a ""before and after"" of a coloring contest page. The initial prompt asks to ""bring a change"" and draw a room full of friends for a lonely boy. The colored-in version subverts this by depicting a dark scene: the boy is still alone, surrounded by alcohol bottles, and a noose is hanging from the ceiling. The ""congratulations"" text becomes darkly ironic, highlighting severe depression and suicidal ideation instead of a positive change.","[0, 0, 0, 0, 0, 0, 0]","[1,0,1,0,0,0,0]",v1
TE-125.jpg,UNIVERSAL_HUMAN,"The meme illustrates a common experience where a person acknowledges having a large number of tasks to complete (""हजारों काम पड़े हैं"") but instead of starting them, they sit idly and stare blankly, as depicted by the ""Sad Pablo Escobar"" images. It highlights procrastination, a lack of motivation to initiate action, and a state of listless inaction despite knowing responsibilities exist.","[0, 0, 0, 0, 0, 0, 0]","[1,0,0,0,0,0,0]",v1
TE-126.jpg,UNIVERSAL_HUMAN,This meme uses an image of Professor X using telepathy to humorously illustrate,"[0, 0, 0, 0, 0, 0, 0]","[0,0,0,0,1,0,0]",v1
TE-127.jpg,UNIVERSAL_HUMAN,,"[0, 0, 0, 0, 0, 0, 0]","[0,0,0,0,0,1,0]",v1
TE-128.jpg,UNIVERSAL_HUMAN,"This image is a meme featuring a portrait of an older man with a long white beard and a turban, resembling the poet Rumi, set within a circular frame against a patterned background. Overlaying the image is text in Hindi. The top text reads, ""कल मैं होशियार था, इसलिए मैं दुनिया बदलना चाहता था।"" which translates to ""Yesterday I was clever, so I wanted to change the world."" The bottom text reads, ""आज मैं समझदार हूँ, इसलिए मैं खुद को बदल रहा हूँ।"" translating to ""Today I am wise, so I am changing myself."" Notably, a red 'X' is drawn over the word ""बदल"" (change) in the bottom line. The mood conveyed is one of reflection, maturity, and perhaps a tinge of resignation or cynicism. It depicts a shift in perspective from youthful idealism to a more grounded, self-focused wisdom. The red 'X' adds a layer of complexity, possibly suggesting a feeling of being restricted or ""cancelled"" in one's efforts to change, even oneself. The meme uses a historical figure to communicate a timeless philosophical message about the nature of wisdom and personal growth, adapted for a modern internet audience.","[0, 0, 0, 0, 0, 0, 0]","[0,0,1,0,0,0,0]",v1
TE-129.jpg,UNIVERSAL_HUMAN,"The meme depicts a common situation where a person shares that they are depressed, and the listener responds with a dismissive cliché like ""trust in God, everything will be fine."" The Furby's expression of rolling eyes and exhaustion perfectly captures the frustration and weariness of having one's mental health struggles trivialized with such platitudes.","[1, 0, 0, 0, 0, 0, 0]","[1,0,0,0,0,0,0]",v1
TE-13.jpg,UNIVERSAL_HUMAN,This meme shows a person who is heading to a family function but has already planned excuses ('stomach upset' or 'fasting') to avoid eating there. The blurry image of the character walking away emphasizes the desire to escape or disengage from the social situation and the associated meal.,"[0, 1, 0, 1, 0, 0, 0]","[0,0,0,1,0,0,0]",v1
TE-130.jpg,UNIVERSAL_HUMAN,"This meme uses a soccer match metaphor to describe a common side effect of antidepressant medication. The player labeled ""Antidepressants"" is running away with the ball labeled ""my orgasms,"" while the player labeled ""Me"" is chasing them. This humorously illustrates the difficulty or inability to achieve orgasm (anorgasmia) that many people experience while taking antidepressants.","[0, 0, 0, 0, 0, 0, 0]","[1,0,0,0,0,0,0]",v1
TE-131.jpg,UNIVERSAL_HUMAN,"The image contains a philosophical and romantic quote in Hindi defining a life partner as someone we aspire for, who helps us understand ourselves, and whom we consider to be completeness, purity, and eternal love. The background shows footprints on a sandy beach. The overall tone is inspirational and idealistic, focusing on love and relationships.","[0, 0, 0, 0, 0, 0, 0]","[0,0,0,0,0,0,0]",v1
TE-132.jpg,UNIVERSAL_HUMAN,"This meme uses humor to highlight extreme sleep deprivation. A friend asks if the protagonist is getting enough sleep (""नींद पूरी हो रही है तेरी?""). The protagonist replies sarcastically that sometimes when they sneeze, their eyes close (""कभी-कभी जब मैं छींकता हूँ, तो मेरी आँखें बंद हो जाती हैं""), implying that this fleeting moment is the only ""sleep"" they get. The joke exaggerates a severe lack of sleep.","[0, 0, 0, 0, 0, 0, 1]","[0,0,0,0,0,0,0]",v1
TE-133.jpg,UNIVERSAL_HUMAN,"The image depicts a man lying in bed, looking distressed and reaching out towards an alarm clock on his bedside table. The time on the clock is approximately 4:20 AM. His pained expression suggests a struggle with sleep, either waking up too early (insomnia) or having great difficulty waking up for an early alarm, both common issues associated with sleep disturbances.","[0, 0, 0, 0, 0, 0, 1]","[0,0,0,0,0,0,0]",v1
TE-134.jpg,UNIVERSAL_HUMAN,"This meme uses the ""That sign can't stop me because I can't read!"" format to express frustration with family members who dismiss the creator's depression. The sign reads, ""Considering my depression as drama and making fun of my symptoms won't make me better."" The character representing the ""family"" ignores this plea, symbolizing their willful ignorance or invalidation of the person's mental health struggle.","[0, 0, 0, 0, 0, 0, 0]","[1,0,0,0,0,0,0]",v1
TE-135.jpg,UNIVERSAL_HUMAN,,"[0, 0, 0, 0, 0, 0, 0]","[1,0,0,0,1,0,0]",v1
TE-136.jpg,UNIVERSAL_HUMAN,"This meme features a picture of a kitten with a very sad, dejected facial expression. The Hindi text at the top says ""Meow!"", and the text at the bottom translates to ""I am getting bored."" The meme utilizes the combination of the sad visual and the explicit statement of boredom to express a state of lethargy, lack of stimulation, and resulting low mood.","[0, 0, 0, 0, 0, 0, 0]","[0,1,0,0,0,0,0]",v1
TE-137.jpg,UNIVERSAL_HUMAN,"This meme uses sarcastic humor to describe the experience of insomnia. It claims that insomnia sharpens ""math skills"" because the person spends the entire night obsessively calculating how many hours of sleep they would get if they managed to fall asleep right at that moment. The vintage image of an awake woman in bed supports the text.","[0, 0, 0, 0, 0, 0, 0]","[0,0,0,0,0,0,1]",v1
TE-138.jpg,UNIVERSAL_HUMAN,"The meme uses the popular ""No one:"" format to describe an unprompted, internal experience. The user states that they suddenly and without any external trigger feel an overwhelming amount of guilt (""अचानक बहुत ज़्यादा guilt feel होना""). This highlights the intrusive and often irrational nature of excessive guilt.","[0, 0, 0, 0, 0, 0, 0]","[0,0,0,0,0,0,0]",v1
TE-139.jpg,UNIVERSAL_HUMAN,"This meme uses an anime scene to visualize the experience of a sudden onset of depressive feelings. The character on the ground is labeled ""मैं"" (Me), and the character flying towards them from the sky is labeled ""अचानक आया डिप्रेशन"" (Suddenly came depression). It humorously depicts depression as an unexpected and overwhelming force that hits the individual out of nowhere.","[1, 0, 0, 0, 0, 0, 0]","[1,0,0,0,0,0,0]",v1
TE-142.jpg,UNIVERSAL_HUMAN,"The meme features a skeleton sitting at a computer, a common internet trope symbolizing an agonizingly long wait. The Hindi text ""पक गए क्या?"" translates to ""Are you cooked?"" or colloquially ""Are you fed up/bored?"". The meme humorously expresses the feeling of extreme boredom or impatience resulting from waiting for something for a very long time.","[0, 0, 0, 0, 0, 0, 0]","[1,0,0,0,0,0,0]",v1
TE-143.jpg,UNIVERSAL_HUMAN,"The meme illustrates the creator's fluctuating mental state using a light switch analogy. The switch flips between two extremes: being ""horny"" (""थरकी"") and having suicidal thoughts (""शायद कल मर जाऊँ, मज़ा आ जाएगा"" - ""Maybe I'll die tomorrow, it will be fun""). This humorously highlights a drastic mood swing that includes a direct reference to wanting to die.","[0, 0, 0, 0, 0, 0, 0]","[0,0,1,0,1,0,0]",v1
TE-144.jpg,UNIVERSAL_HUMAN,"This black and white image shows a person wearing a light-colored hoodie, hunched over a toilet with their head near the bowl, suggesting they are vomiting. The setting is a tiled bathroom with a door and sink visible. Overlaid at the bottom in white Hindi text is the phrase, ""जितना सोचता हूँ, उतना ही मोटा लगता हूँ।"" This translates to ""The more I think, the fatter I feel.""

The image and text convey a strong sense of distress, guilt, and poor self-image. The act of vomiting combined with the text clearly points to a struggle with body dysmorphia or an eating disorder, where obsessive thoughts about weight lead to negative self-perception and harmful behaviors. The situation depicted is a private, painful moment of coping with these overwhelming feelings. Within internet culture, this meme format uses a stark, relatable image to express a difficult personal struggle, likely circulating in communities discussing mental health or body image issues. The core message is the damaging cycle of overthinking one's weight, which only serves to worsen how one feels about themselves.","[0, 0, 0, 0, 0, 0, 0]","[0,0,0,1,0,0,0]",v1
TE-145.jpg,UNIVERSAL_HUMAN,"The meme features a sign with text in Hindi that begins as an inspirational quote: ""Never forget that you are the reason for someone's smile."" However, it immediately undercuts this positivity with a cynical punchline: ""Because you are a joke."" The humor relies on a sudden shift from apparent validation to harsh self-deprecation, implying the reader's value lies only in being laughable to others.","[0, 0, 0, 0, 0, 0, 0]","[0,0,0,0,1,0,0]",v1
TE-146.jpg,UNIVERSAL_HUMAN,"This meme humorously highlights a ""benefit"" of the COVID-19 pandemic's social distancing measures","[0, 0, 0, 0, 0, 0, 0]","[0,1,0,0,0,0,0]",v1
TE-148.jpg,UNIVERSAL_HUMAN,,"[0, 0, 0, 0, 0, 0, 0]","[0,0,0,0,1,0,0]",v1
TE-15.jpg,UNIVERSAL_HUMAN,,"[0, 0, 0, 0, 0, 0, 0]","[0,0,0,0,0,0,0]",v1
TE-150.jpg,UNIVERSAL_HUMAN,"This meme features a photograph of a young man in a black leather jacket leaning over and looking deep into an open, large, dark grey industrial trash bin. The setting appears to be an outdoor paved area with bare trees and bushes in the background, possibly during autumn or winter. At the top, there is text in Hindi that reads, ""जब कोई आपसे कहता है कि अपने life goals पूरे करने के लिए अपने अंदर झांक कर देखो,"" which translates to ""When someone tells you to look inside yourself to achieve your life goals.""

The image and text combine to convey a strong sense of self-deprecation, emptiness, and hopelessness. The man's action of looking into a trash bin is a literal and cynical interpretation of the advice to ""look inside yourself."" The underlying emotion is one of poor self-image, suggesting that the person finds nothing of value or worth within themselves, equating their inner self with garbage. This meme uses a common reaction image format to express a relatable feeling of inadequacy and the difficulty of finding direction or purpose in life, particularly when faced with generic motivational advice. The core message is a humorous yet poignant commentary on the struggle with self-worth and the feeling that one's potential or ""life goals"" are non-existent or worthless.","[0, 0, 0, 0, 0, 0, 0]","[0,0,0,1,1,0,0]",v1
TE-151.jpg,UNIVERSAL_HUMAN,"This meme uses dark humor and the popular ""Surprised Pikachu"" format. The text describes a scenario where the narrator and their friends casually ""make a plan to die."" The narrator then ""tries to die,"" and the friend reaction is one of shock (the Pikachu face), implying the friend didn't expect them to actually go through with it. The meme directly addresses themes of suicide and self-harm.","[1, 0, 1, 0, 0, 0, 0]","[0,0,1,0,0,0,0]",v1
TE-152.jpg,UNIVERSAL_HUMAN,"This meme uses a picture of the character Arthur Fleck from the movie ""Joker,"" who is known for his severe mental health struggles. He is shown sitting alone with a profoundly sad and empty expression. The Hindi text, ""मैं अपना fav comedy show देखते हुए"" (Me watching my fav comedy show), creates a stark contrast. The meme illustrates the experience of anhedonia, where a person is unable to feel joy or pleasure even when doing something they usually love, indicating a deep state of depression.","[0, 0, 0, 0, 0, 0, 0]","[0,0,0,0,0,0,0]",v1
TE-153.jpg,UNIVERSAL_HUMAN,"This meme is a screenshot of a text conversation where a person sends a ""HELP"" message. They explain to the responder, Rohan, that they are distressed because people are making ""dirty comments"" on their profile picture (DP). Crucially, the person states they have ""started feeling that what they are saying is true,"" indicating they are internalizing this negative feedback.","[1, 0, 0, 0, 1, 0, 0]","[1,0,0,0,1,0,0]",v1
TE-154.jpg,UNIVERSAL_HUMAN,"This meme uses a reaction image format with text in a mix of Hindi and English above a picture. The text reads, ""जब conversation खत्म होने पर realize हो कि 78% टाइम तो बस तुम अपनी ही राम कहानी सुना रहे थे।"" which translates to ""When you realize after a conversation ends that for 78% of the time, you were just telling your own long story."" The image below shows a close-up, slightly blurry, yellow fish character with glasses from SpongeBob SquarePants in the foreground, and a smaller fish character holding a drink in the background, both looking out at a sunset over a dark ocean. The mood conveyed is one of sudden, awkward self-awareness, embarrassment, and perhaps a touch of regret or guilt. The situation depicted is the relatable social faux pas of dominating a conversation and only realizing it afterwards. The use of the ""Ram Kahani"" idiom (a long, rambling story) and the specific ""78%"" statistic adds a humorous, hyperbolic touch. The core message is the cringe-inducing realization of having overshared or been self-absorbed in a social interaction.","[0, 0, 0, 0, 0, 0, 0]","[1,0,0,0,0,0,0]",v1
TE-155.jpg,UNIVERSAL_HUMAN,"The meme uses a question-and-answer format. The text asks, ""How lucky are you?"", and the image is the response, showing a knight in full armor with an arrow shot precisely through the eye slit of his helmet. This is a sarcastic and hyperbolic way of saying the person is extremely unlucky, as they were struck in their only vulnerable spot despite all precautions. It conveys a strong sense of misfortune and hopelessness.","[1, 0, 0, 0, 0, 0, 0]","[0,0,1,0,0,0,0]",v1
TE-156.jpg,UNIVERSAL_HUMAN,"The image contains a dark, poetic text in Hindi that graphically describes the physical sensations of dying by suicide, mentioning sleeping pills, alcohol, and cutting wrists. It romanticizes death, calling it ""silent peace"" and ""the beauty of dying,"" indicating a severe state of hopelessness and distress.

Symptoms","[0, 0, 0, 0, 0, 0, 0]","[0,0,0,0,0,0,0]",v1
TE-157.jpg,UNIVERSAL_HUMAN,"This meme is a humorous take on living with chronic anxiety. The top text asks, ""Why are you so nervous?"" The bottom text, labeling anxiety as a ""lifestyle"" rather than just a ""hobby,"" sarcastically suggests that being anxious is a permanent and defining characteristic of the person's life, rather than a temporary state. It normalizes the constant feeling of nervousness.","[0, 0, 0, 0, 0, 0, 0]","[0,0,0,0,0,0,0]",v1
TE-159.jpg,UNIVERSAL_HUMAN,,"[0, 0, 0, 0, 0, 0, 0]","[0,0,0,1,0,0,0]",v1
TE-16.jpg,UNIVERSAL_HUMAN,"This image is a screenshot of a tweet from user ""amelia elizalde"" (@ameliaelizalde). The text, written in Hinglish, translates to: ""I just got dumped and my roommate is playing cards with me to make me feel better but she keeps winning and softly saying 'sorry'"".

The overall mood is a blend of sadness due to the breakup and a sense of awkward, unintentional humor. It depicts a relatable life situation where a friend's well-meaning attempt to comfort someone after a romantic rejection backfires in a mildly comical way. The roommate's continuous winning and subsequent apologies create a sense of helpless irony, highlighting the difficulty of cheering someone up in such a situation.

In the context of internet culture, this is a classic ""it's funny because it's sad"" meme. It shares a personal, somewhat embarrassing moment that many can empathize with, finding humor in the clumsy reality of human connection during tough times. The core message is about the awkwardness of navigating post-breakup comfort, where good intentions don't always lead to the desired outcome.","[0, 0, 0, 0, 0, 0, 0]","[0,0,0,0,0,0,0]",v1
TE-161.jpg,UNIVERSAL_HUMAN,,"[0, 0, 0, 0, 0, 0, 0]","[0,0,1,0,0,0,0]",v1
TE-162.jpg,UNIVERSAL_HUMAN,Explanation,"[0, 0, 0, 0, 0, 0, 0]","[0,0,0,0,0,0,0]",v1
TE-163.jpg,UNIVERSAL_HUMAN,"The meme describes a situation where a person pushes everyone away due to anger, and then immediately regrets it. The image of Baby Yoda looking sad, tearful, and reaching out conveys the subsequent feelings of loneliness, sadness, and a desire for the connection they just severed. It highlights emotional instability and the painful aftermath of impulsive, anger-driven behavior.","[1, 0, 0, 0, 1, 0, 0]","[1,0,0,0,1,0,0]",v1
TE-164.jpg,UNIVERSAL_HUMAN,"This meme uses a stock image of a smiling clown holding a cake to express irony and self-deprecating humor regarding a relapse in recovery, specifically related to an eating disorder. The text describes the user convincing themselves that ""recovery is not linear"" as a way to rationalize starting to ""restrict"" (likely food/calories) again after having a ""healthy period."" The clown imagery suggests they feel foolish or ridiculous for relapsing.","[0, 0, 0, 0, 0, 0, 0]","[0,0,0,1,0,0,0]",v1
TE-165.jpg,UNIVERSAL_HUMAN,"This image is a 5x5 bingo card titled ""BINGO Neglected kid edition"" at the top. The grid contains a mix of English and Hindi phrases describing various experiences, feelings, and behaviors. Examples include ""Anxiety,"" ""Video Games,"" ""Socially awkward,"" ""Depression"" (in the free space), ""अकेलापन"" (loneliness), ""खुद से नफरत"" (self-hatred), and ""चुपचाप रोते-रोते सो जाना"" (sleeping while crying silently). The overall mood conveyed is one of sadness, loneliness, and emotional distress, reflecting the long-term effects of childhood neglect. The meme format is used to create a sense of shared experience and validation among those who identify with these traits. It highlights a specific life context of growing up with emotional neglect, often within a South Asian cultural framework, as indicated by the Hindi text. The core message is to acknowledge and connect over these common, often hidden, struggles.","[0, 0, 0, 0, 0, 0, 0]","[0,0,0,0,0,0,0]",v1
TE-167.jpg,UNIVERSAL_HUMAN,"This meme depicts a sad penguin character with the subtitle ""[sad sound]"". The Hindi text explains the situation: the creator is making memes about their ""declining mental health"" as a coping mechanism, but instead of support, they are met with dismissive comments like being called 'edgy' or 'cheesy'. The meme expresses a feeling of sadness, frustration, and being misunderstood regarding their mental health struggles.","[0, 0, 0, 0, 0, 0, 0]","[1,0,0,0,1,0,0]",v1
TE-169.jpg,UNIVERSAL_HUMAN,"This manga-style meme features a character holding open a garbage bag with an annoyed expression. The Hindi text translates to, ""Alright. I am going to throw away the trash. Come on, get inside."" The humor is based on the character insulting the person they are speaking to (or the viewer) by calling them ""trash"" and telling them to get in the bag to be thrown away. It is an aggressive, insult-based meme rather than one expressing personal distress.","[0, 0, 0, 0, 0, 0, 0]","[0,0,0,0,1,0,0]",v1
TE-17.jpg,UNIVERSAL_HUMAN,,"[0, 0, 0, 0, 0, 0, 0]","[1,0,0,0,0,0,0]",v1
TE-171.jpg,UNIVERSAL_HUMAN,This meme uses a smiling image of a celebrity alongside Hindi lyrics that express severe,"[0, 0, 0, 0, 0, 0, 0]","[0,0,0,0,0,1,0]",v1
TE-173.jpg,UNIVERSAL_HUMAN,"This black and white image features a close-up photograph of two Black individuals in an intimate, tender embrace, with their foreheads touching. Overlaid on the image within a rectangular frame is a quote in Hindi, with the word ""STRESS"" in English. The text translates to: ""Now that the holidays are over, all the STRESS has come back, and I feel like my anxiety is increasing again, which is not okay at all."" Below the quote, it is attributed to ""--Tangela Williams-Spann"". The overall mood is one of heaviness, worry, and emotional struggle. The image captures the common feeling of post-holiday blues, where the return to daily routine and responsibilities triggers renewed stress and anxiety. It highlights the difficulty of managing mental health and the feeling of being overwhelmed when a period of relaxation ends. The core message is a relatable expression of the mental burden that accompanies the end of a break and the resumption of regular life pressures.","[0, 0, 0, 0, 0, 0, 0]","[0,0,0,0,0,0,0]",v1
TE-176.jpg,UNIVERSAL_HUMAN,"The meme shows a character in distress, crying, with text explaining the situation: ""Me on my birthday when my mom told my grandmother about my Eating Disorder."" This depicts the emotional turmoil and sadness of having a private mental health struggle revealed to family members, which can be a very difficult and embarrassing experience.","[0, 0, 0, 0, 0, 0, 0]","[0,0,0,1,0,0,0]",v1
TE-179.jpg,UNIVERSAL_HUMAN,,"[0, 0, 0, 0, 0, 0, 0]","[0,0,0,0,1,0,0]",v1
TE-18.jpg,UNIVERSAL_HUMAN,"This black and white image features a person, appearing unclothed, curled into a fetal position on a bare, light-colored table against a plain, dark wall. Their face is obscured, and their body language conveys deep distress, vulnerability, and isolation. Overlaying the photograph is white text in a mix of Hindi and English that reads, ""पर तुम anorexic नहीं दिखती..."" which translates to ""But you don't look anorexic..."".

The overall mood is one of profound sadness, hopelessness, and emotional pain. It captures the feeling of being misunderstood and invalidated in the context of a serious mental health struggle. The situation depicted is the experience of someone suffering from an eating disorder, specifically anorexia, who is met with a dismissive comment based solely on their physical appearance.

In internet culture, this image functions as a ""vent"" or awareness meme, often shared in communities discussing mental health and eating disorders. Its core message is to challenge the misconception that eating disorders have a specific ""look"" and to highlight the harmful impact of invalidating someone's internal struggle based on external observations. It emphasizes that mental illness is not always visible.","[0, 0, 0, 0, 0, 0, 0]","[0,0,0,1,0,0,0]",v1
TE-180.jpg,UNIVERSAL_HUMAN,,"[0, 0, 0, 0, 0, 0, 0]","[0,0,0,0,0,0,0]",v1
TE-181.jpg,UNIVERSAL_HUMAN,"This meme illustrates a cycle of social invalidation leading to withdrawal. In the first two panels, a person is told to shut up because ""no one cares"" what they say, and they react defensively. The final panel shows the same person being asked, ""Why are you so quiet?"", highlighting the irony and frustration of being silenced and then questioned for that silence. It depicts a feeling of being unheard and undervalued.","[0, 0, 0, 0, 0, 0, 0]","[1,0,0,0,1,0,0]",v1
TE-182.jpg,UNIVERSAL_HUMAN,"This image is a meme featuring a small, furry marsupial, likely a quokka, lying flat on its stomach on a wooden deck. Its body is stretched out, and its eyes appear closed, giving the impression of being lifeless or deeply asleep. Next to the animal is a white rectangular sign with black text written in Hindi. The text reads, ""मैं मरा नहीं हूँ बस थका हुआ और बदसूरत हूँ कृपया मुझे सोने दो!!!"", which translates to ""I am not dead, just tired and ugly, please let me sleep!!!"".

The mood conveyed is one of extreme exhaustion, self-deprecation, and a desperate plea for rest. The image captures a moment of complete weariness, where the subject feels overwhelmed and just wants to be left alone to sleep. It reflects a common feeling of burnout or being drained by life's demands. In internet culture, the quokka is often seen as a cheerful animal, so its use here in a state of collapse adds a layer of ironic humor. The core message is a relatable, humorous expression of deep fatigue and the desire to escape through sleep, with a touch of self-deprecating humor about one's appearance when exhausted.","[0, 0, 0, 0, 0, 0, 0]","[0,0,0,0,0,0,1]",v1
TE-183.jpg,UNIVERSAL_HUMAN,"This meme uses a common motivational saying (""When you hit rock bottom, the only way is up"") and subverts it with dark humor. The text sets up the optimistic advice, but the image of Pikachu with a pickaxe shows the user's response: instead of rising, they intend to dig even deeper. This expresses a profound sense of hopelessness and the belief that their situation can and will get worse, rejecting any positive outlook.","[0, 0, 0, 0, 0, 0, 0]","[1,0,0,0,0,0,0]",v1
TE-186.jpg,UNIVERSAL_HUMAN,"This meme uses a visual metaphor to describe a common behavioral pattern. It shows a person, represented as a small figure with a light, actively ""looking for solutions to others' problems."" Meanwhile, a massive, monstrous figure labeled ""My Problems"" is creeping up behind them from a dark tunnel, completely ignored. The meme humorously highlights the tendency to prioritize helping others while neglecting one's own significant and threatening issues, often as a form of avoidance.","[0, 0, 0, 0, 0, 0, 0]","[0,0,0,0,0,1,0]",v1
TE-187.jpg,UNIVERSAL_HUMAN,,"[0, 0, 0, 0, 0, 0, 0]","[0,1,0,0,0,0,0]",v1
TE-189.jpg,UNIVERSAL_HUMAN,"This meme features a black and white image of SpongeBob SquarePants sitting alone and looking very sad and dejected at a diner table. The Hindi text ""खाना आने का इंतज़ार करते हुए..."" translates to ""Waiting for the food to arrive..."". The humor lies in the juxtaposition of the overly dramatic, somber image with the mundane and relatable situation of impatiently waiting for a meal.","[0, 0, 0, 0, 0, 0, 0]","[0,0,0,0,0,0,0]",v1
TE-19.jpg,UNIVERSAL_HUMAN,"This meme satirizes the dismissive and unhelpful advice people with depression often receive from their families. The text explicitly states the user is feeling ""very sad and depressed."" The family's response, ""just stop being sad,"" is met with sarcastic disbelief, highlighted by the facepalming character and the ironic caption, ""Oh my god! What an idea. I hadn't even thought of this."" The core theme is the misunderstanding of depression as a simple choice.","[0, 0, 0, 0, 0, 0, 0]","[1,0,0,0,0,0,0]",v1
TE-190.jpg,UNIVERSAL_HUMAN,"This meme contrasts the promise of a shampoo to ""repair damage"" with the user's intense feeling of being ""completely broken from inside"" (अंदर से पूरी तरह टूट चुके हो). The image of a person crying in the shower visually reinforces this state of deep emotional distress and hopelessness. The humor lies in the stark difference between a superficial product claim and profound internal pain.","[0, 0, 0, 0, 0, 0, 0]","[1,0,0,0,1,0,0]",v1
TE-191.jpg,UNIVERSAL_HUMAN,,"[0, 0, 0, 0, 0, 0, 0]","[1,0,0,0,1,0,0]",v1
TE-192.jpg,UNIVERSAL_HUMAN,"The meme is a text-based post where the speaker warns a potential companion. They state that if the person stays with them, they must speak up when hungry because the speaker habitually starves themselves (""मैं खुद भूखा मरता रहता हूँ"") and shouldn't be relied upon for meals. This indicates a significant neglect of basic self-care related to eating.","[0, 0, 0, 0, 0, 0, 0]","[0,0,0,0,0,0,0]",v1
TE-193.jpg,UNIVERSAL_HUMAN,,"[0, 0, 0, 0, 0, 0, 0]","[1,0,0,0,1,1,0]",v1
TE-194.jpg,UNIVERSAL_HUMAN,,"[0, 0, 0, 0, 0, 0, 0]","[0,0,0,0,0,0,0]",v1
TE-198.jpg,UNIVERSAL_HUMAN,"This meme features a somber, black and white image of a person standing alone, looking out at a vast body of water. The Hindi text overlay, ""मुझे हर वक्त मरने के ख्याल आते हैं।"" translates to ""I have thoughts of dying all the time."" The meme is a direct and explicit expression of constant suicidal ideation and a deeply depressed, hopeless mood.","[1, 0, 1, 0, 0, 0, 0]","[0,0,1,0,0,0,0]",v1
TE-199.jpg,UNIVERSAL_HUMAN,"This meme is a simple text post in Hindi on a dark background. The text translates to ""When you are very *tired* but you *cannot sleep*"". It describes the frustrating and distressing experience of being physically exhausted but unable to fall asleep, which is a common symptom of insomnia and often linked to mental health struggles like anxiety or depression.","[0, 0, 0, 0, 0, 0, 1]","[0,0,0,0,0,0,0]",v1
TE-2.jpg,UNIVERSAL_HUMAN,,"[0, 0, 0, 0, 0, 0, 0]","[1,0,0,0,1,0,0]",v1
TE-20.jpg,UNIVERSAL_HUMAN,"The image is a meme featuring a high-voltage danger sign. The text on the sign has been edited to read in Hindi: ""यह न केवल आपको मार डालेगा बल्कि मरते समय तक आपको दर्द भी देगा"" which translates to ""This will not only kill you but will also give you pain until the moment of death."" This is a form of dark humor that exaggerates a safety warning into a morbid and detailed description of a painful death. In the context of mental health memes, this often reflects a preoccupation with death or suicide as a coping mechanism or an expression of deep distress.","[0, 0, 0, 0, 0, 0, 0]","[0,0,1,0,0,0,0]",v1
TE-202.jpg,UNIVERSAL_HUMAN,"This meme is a two-panel image. The top panel shows a Google search bar with the query ""school मुझे"" (school makes me...). The autocomplete suggestions are a list of severe negative impacts: ""depressed,"" ""suicidal,"" ""anxious,"" ""रुलाता है"" (makes me cry), ""बेवकूफ महसूस कराता है"" (makes me feel stupid), ""बीमार करता है"" (makes me sick), ""बहुत थका देता है"" (makes me very tired), ""उदास करता है"" (makes me sad), ""थका देता है"" (makes me tired), and ""बहुत stressed करता है"" (makes me very stressed). The bottom panel features the ""Hide the Pain Harold"" meme figure and three other older men smiling while looking at a laptop. The text ""शिक्षा विभाग:"" (Education Department:) is above them, and ""मुझे यहाँ कोई समस्या नहीं दिख रही"" (I don't see any problem here) is below, with the same phrase repeated at the very bottom.

The image conveys a mood of deep distress, hopelessness, and anxiety among students, contrasted with the dismissive and oblivious attitude of authorities. It depicts the severe mental health crisis in the education system. The use of ""Hide the Pain Harold"" highlights the forced, fake positivity of the education department in the face of a serious problem. The core message is a satirical critique of the education system's ignorance and inaction regarding students' mental well-being.","[0, 0, 0, 0, 0, 0, 0]","[1,0,1,0,1,0,0]",v1
TE-203.jpg,UNIVERSAL_HUMAN,"The meme shows the character Bugs Bunny lying in bed with wide, bloodshot eyes, looking distressed. The Hindi text at the top says ""नींद नहीं आ रही"" which translates to ""I can't sleep."" The text at the bottom says ""बचाओ"" meaning ""Save me"" or ""Help."" The meme directly expresses a severe struggle with insomnia and the resulting desperation.","[0, 0, 0, 0, 0, 0, 0]","[0,0,0,0,0,0,1]",v1
TE-204.jpg,UNIVERSAL_HUMAN,"This meme uses ""The Office"" template to compare ""the energy from strong tea"" with ""happiness."" The text states that the boss asked to find the difference between the two, and the person's ""brain"" concludes ""they are the same."" This humorously suggests that the only form of ""happiness"" the person experiences is the temporary caffeine boost from tea, implying a lack of genuine happiness or an inability to feel pleasure from other sources.","[0, 0, 0, 0, 0, 0, 0]","[0,0,0,0,0,0,0]",v1
TE-206.jpg,UNIVERSAL_HUMAN,"This meme captures the feeling of extreme social avoidance and low energy. The text describes waiting for a phone call to end just to avoid speaking, preferring to text instead. The accompanying image of an exhausted-looking anime character in a dark room visually reinforces this sense of fatigue and withdrawal from social interaction, which are common signs of depression.","[0, 0, 0, 0, 0, 0, 0]","[1,1,0,0,0,0,0]",v1
TE-207.jpg,UNIVERSAL_HUMAN,"This black and white image, which appears to be a still from a movie or TV show, shows a young woman with dark hair looking down with a subdued, perhaps sad, expression. She is wrapped in a patterned robe or cardigan. The background is softly blurred but suggests a bedroom setting with objects that look like stuffed animals. Overlaid at the bottom is text in Hindi: ""कोई नहीं जानता कि मैं कौन हूँ, असली मैं नहीं। ऐसा लगता है कि किसी को जानने की परवाह ही नहीं है।"" This translates to, ""No one knows who I am, not the real me. It feels like no one even cares to know."" The combined visual and textual elements convey a strong sense of loneliness, isolation, and a feeling of being misunderstood or invisible. The image aligns with the ""sad meme"" format prevalent in internet culture, used to express feelings of depression, alienation, or existential angst. The core message is a poignant declaration of feeling disconnected from others and the painful perception that one's authentic self is unseen and unimportant to those around them.","[0, 0, 0, 0, 0, 0, 0]","[1,0,0,0,1,0,0]",v1
TE-208.jpg,UNIVERSAL_HUMAN,The image features an artistic illustration,"[0, 0, 0, 0, 0, 0, 0]","[0,0,0,0,0,1,0]",v1
TE-209.jpg,UNIVERSAL_HUMAN,"This meme is a three-part narrative illustrating a vicious cycle of parenting. As a child, a person's passions are dismissed by parents as ""useless."" As a teenager, they hide their interests due to past humiliation, while parents blame their silence on phones. Finally, as an adult, they live a ""dull, passionless, and boring"" life, only for the same parents to ironically suggest they should find a passion. It highlights how parental dismissal can lead to a suppressed and unfulfilled adulthood.","[1, 1, 0, 0, 1, 0, 0]","[0,0,0,0,0,0,0]",v1
TE-210.jpg,UNIVERSAL_HUMAN,"The meme features an image of a tall person at a concert wearing a ""SORRY"" t-shirt. A social media comment below it says the user needs that shirt too, not because they are tall, but because they have a ""talent for disappointing people."" The humor is self-deprecating, focusing on the user's perceived inadequacy and negative impact on others.","[1, 0, 0, 0, 1, 0, 0]","[1,0,0,0,1,0,0]",v1
TE-211.jpg,UNIVERSAL_HUMAN,"This meme features a black and white image of a person's wrist with multiple recent cuts, which are clear signs of self-harm. Overlaid on this image is the Hindi text ""ठीक हूँ।"" which translates to ""I am fine."" The juxtaposition of the text and the image creates a powerful message about hiding one's true pain and distress behind a facade of being okay.","[0, 0, 0, 0, 0, 0, 0]","[0,0,0,0,0,0,0]",v1
TE-212.jpg,UNIVERSAL_HUMAN,"This image is a screenshot of a mobile phone lock screen, displaying the time ""05:59"" and the date ""16 सितंबर, 2020"" (September 16, 2020). The background is a photograph of an empty, green-painted metal bus stop with several unoccupied seats. Overlaid on this scene is Hindi text that reads, ""हमने अपनी ज़िंदगी बर्बाद कर ली इसलिए हम अकेले हैं"" which translates to ""We ruined our lives, that's why we are alone."" Below the text is a hashtag, ""#rabell_art"". The overall mood conveyed is one of profound sadness, regret, and loneliness. The empty bus stop at dawn reinforces a sense of isolation and emptiness. The image captures a moment of deep personal reflection, likely during a solitary commute, where the individual is grappling with feelings of failure and the consequence of being alone due to past choices. It is a melancholic meme format often used to express shared feelings of existential dread or personal sorrow within internet culture. The core message is a stark admission of self-perceived ruined life leading to present loneliness.","[0, 0, 0, 0, 0, 0, 0]","[0,0,0,0,0,0,0]",v1
TE-215.jpg,UNIVERSAL_HUMAN,"The meme illustrates a severe feeling of inadequacy through a comparison. The text ""When your 100% is someone else's 8%"" is paired with an image where one character's best effort is painting a pile of poop, while another character's minimal effort is a beautiful portrait. This strongly conveys a sense of worthlessness and being inferior to others, as one's maximum potential is seen as trivial compared to another's baseline.","[0, 0, 0, 0, 0, 0, 0]","[0,0,0,0,1,0,0]",v1
TE-216.jpg,UNIVERSAL_HUMAN,"This four-panel meme shows a dialogue between two characters. The first character, an NPC Wojak, states, ""मुझे 'skinni' होना है"" (I want to be 'skinni'). The second character bluntly replies, ""तो ठूसना बंद कर"" (Then stop stuffing yourself). The first character is initially silent and then reacts with an angry or frustrated expression in the final panel, indicating they are unhappy with the obvious but difficult solution to their problem.","[0, 0, 0, 1, 0, 0, 0]","[1,0,0,1,0,0,0]",v1
TE-217.jpg,UNIVERSAL_HUMAN,,"[0, 0, 0, 0, 0, 0, 0]","[0,0,0,0,0,1,0]",v1
TE-218.jpg,UNIVERSAL_HUMAN,"The image shows a person standing in a field with their back to the camera, a hand on their head in a gesture of stress or deep thought. The text on their black jacket is in Hindi, reading ""ज़्यादा सोचना"" (Zyaada Sochna), which translates to ""Overthinking"". The meme visually represents the mental state of thinking too much or ruminating.","[0, 0, 0, 0, 0, 0, 0]","[0,0,0,0,0,0,0]",v1
TE-22.jpg,UNIVERSAL_HUMAN,,"[0, 0, 0, 0, 0, 0, 0]","[1,0,0,0,1,0,0]",v1
TE-220.jpg,UNIVERSAL_HUMAN,,"[0, 0, 0, 0, 0, 0, 0]","[1,0,0,0,0,0,0]",v1
TE-221.jpg,UNIVERSAL_HUMAN,"This meme features a screenshot from a video game with a dialogue box for a ""Snowman."" The snowman complains, saying, ""I'm feeling cold, my face also isn't good [I'm ugly], and I can't even move from here..."" The humor lies in giving the cheerful-looking snowman a depressing and trapped inner monologue, reflecting feelings of misery and self-deprecation.","[0, 0, 0, 0, 0, 0, 0]","[0,0,0,0,1,0,0]",v1
TE-223.jpg,UNIVERSAL_HUMAN,"This image is a low-quality screenshot of a video player interface. It shows a very blurry frame of a person clad in black running or moving quickly in what appears to be a gym or dance studio with yellow floors and mirrors. There is no caption, text, or discernable emotional content within the image itself to suggest it is a meme or to convey any specific message related to mental health.","[0, 0, 0, 0, 0, 0, 0]","[0,0,0,0,0,0,0]",v1
TE-224.jpg,UNIVERSAL_HUMAN,"This meme uses a two-panel ""Squid Game"" format to contrast initial excitement with subsequent dread. The left panel shows the character happy about getting into a ""dream college."" The right panel shows the same character looking dejected, with text explaining that the happiness is overshadowed by the realization of having to deal with ""eating habits"" and fight ""body image issues"" daily in the new environment.","[0, 0, 0, 0, 0, 0, 0]","[0,0,0,1,0,0,0]",v1
TE-225.jpg,UNIVERSAL_HUMAN,"This meme features an image of a sad-looking alien sitting on a chair. The Hindi text translates to ""Waiting for a 'sorry' from the person who doesn't even know they have hurt your heart."" The meme expresses a deep sense of sadness, emotional pain, and hopelessness about receiving an apology for an unacknowledged hurt.","[0, 0, 0, 0, 0, 0, 0]","[1,0,0,0,0,0,0]",v1
TE-227.jpg,UNIVERSAL_HUMAN,"The meme features text in Hindi that translates to ""After tolerating me for 20 minutes, the kidnapper threw me back and left,"" accompanied by an image of a cartoon character being thrown through a window. It's a self-deprecating joke where the user implies they are so unbearable or annoying that even a kidnapper couldn't stand them, highlighting a very low opinion of themselves.","[0, 0, 0, 0, 1, 0, 0]","[0,0,0,0,1,0,0]",v1
TE-228.jpg,UNIVERSAL_HUMAN,"This meme shows a person leaning their head against a whiteboard in a posture of despair. The Hindi text translates to ""I do the things that I think people want from me so that they don't leave me."" The meme expresses a deep fear of abandonment and a sense that one is not worthy of love as they are, leading to people-pleasing behavior to avoid rejection.","[0, 0, 0, 0, 0, 0, 0]","[1,0,0,0,1,0,0]",v1
TE-229.jpg,UNIVERSAL_HUMAN,"The meme depicts the transient nature of happiness for someone with depression. The text translates to ""Me after being happy for just 5 minutes:"", showing a terrified character. A second character, explicitly labeled ""डिप्रेशन"" (Depression) on its chest, emerges from a portal saying ""नमस्ते"" (Namaste) while holding a gun. This illustrates the dread and inevitability of the depressive","[0, 0, 0, 0, 0, 0, 0]","[1,0,0,0,0,0,0]",v1
TE-23.jpg,UNIVERSAL_HUMAN,,"[0, 0, 0, 0, 0, 0, 0]","[1,0,0,0,1,0,0]",v1
TE-230.jpg,UNIVERSAL_HUMAN,"This meme features a wall clock where every number has been replaced with the Hindi word ""कष्ट"" (Kasht), meaning pain, suffering, or trouble. The text below reads, ""अरे बाप रे! ज़रा समय तो देखो"" which translates to ""Oh my god! Just look at the time."" The humor comes from the ironic realization that every moment of the day is filled with suffering. It expresses a feeling of being overwhelmed by constant hardship and distress.","[0, 0, 0, 0, 0, 0, 0]","[1,0,1,0,0,0,0]",v1
TE-231.jpg,UNIVERSAL_HUMAN,"This meme uses a fake Windows error message to humorously illustrate the feeling of trying to learn something uninteresting. The top text says, ""My brain when I try to teach it something without interest:"". The error message below reads, ""Files could not be copied because no"", implying the brain simply refuses to process the information without a valid reason, just like a stubborn computer error.","[0, 0, 0, 0, 0, 0, 0]","[0,1,0,0,0,0,0]",v1
TE-233.jpg,UNIVERSAL_HUMAN,"This text-based meme describes a relatable but ironic situation often associated with depressive states or chronic fatigue. The speaker states that they sleep all day (""पूरा दिन सोता हूँ""), yet immediately after, they complain about how incredibly tired they still feel (""यार, मैं कितना थका हुआ हूँ""). It highlights the paradox of excessive rest not leading to feeling refreshed.","[0, 0, 0, 0, 0, 0, 0]","[0,0,0,0,0,0,0]",v1
TE-234.jpg,UNIVERSAL_HUMAN,"This meme mimics a Tinder notification stating ""0 people like you."" The punchline, in parentheses, adds ""(But there is nothing surprising about this.)"". This self-deprecating humor highlights a feeling of being undesirable and an acceptance of rejection as the norm, reflecting a negative self-view and a sense of hopelessness in romantic pursuits.","[1, 0, 0, 0, 1, 0, 0]","[0,0,0,0,0,0,0]",v1
TE-235.jpg,UNIVERSAL_HUMAN,"This meme features a dark, moody black and white image of a person's lower face. The text overlays in Hindi read ""मर जाना ही बेहतर है"" (Mar jaana hi behtar hai), which translates to ""It is better to die."" This is a direct expression of a desire for death, used to convey extreme distress, hopelessness, or a wish to escape a difficult situation, often framed as dark humor.","[1, 0, 1, 0, 0, 0, 0]","[0,0,0,0,0,0,0]",v1
TE-237.jpg,UNIVERSAL_HUMAN,"This meme features a cute teddy bear looking at bubbles in a sunny field. The Hindi text translates to ""Me, enjoying my life by becoming a dumb."" It employs self-deprecating humor, suggesting that the key to happiness is ignorance","[0, 0, 0, 0, 0, 0, 0]","[0,0,0,0,1,0,0]",v1
TE-239.jpg,UNIVERSAL_HUMAN,"The meme features a black and white image of a young man looking sad and isolated, sitting alone at what appears to be a party (indicated by balloons). The text in Hindi translates to ""Maybe I have a habit of hating myself."" The overall tone is one of deep sadness, isolation, and self-loathing.","[0, 0, 0, 0, 0, 0, 0]","[0,0,0,0,1,0,0]",v1
TE-24.jpg,UNIVERSAL_HUMAN,"The meme features a still of Michael Scott with a distressed expression. The text describes a situation where someone is asked about their night, and they respond by saying they didn","[0, 0, 0, 0, 0, 0, 0]","[1,0,0,0,0,0,1]",v1
TE-240.jpg,UNIVERSAL_HUMAN,"This three-panel meme features Suga, a member of the K-pop group BTS, speaking into a microphone while wearing a black shirt and a face mask pulled down. The meme uses a question-and-answer format with Hindi text overlaid on each panel. The first panel states, ""मैं ज्यादा नहीं खाता।"" (I don't eat much). The second panel asks, ""भूख लगने पर भी?"" (Even when you're hungry?). The final panel delivers the punchline: ""सच बताऊँ तो उठकर खाने में बहुत आलस आता है।"" (To be honest, I feel too lazy to get up and eat). The overall mood is one of relatable, humorous lethargy and a lack of motivation. It depicts a common situation where extreme laziness overrides the basic biological urge to eat. The meme uses a popular figure in internet culture to express a universally understood feeling, likely originating from Indian social media. Its core message humorously highlights the struggle of overcoming inertia to perform even the most basic tasks.","[0, 0, 0, 0, 0, 0, 0]","[0,1,0,1,0,0,0]",v1
TE-241.jpg,UNIVERSAL_HUMAN,"This meme is a satirical take on the long-term effects of being a ""class topper"" (gifted student) in childhood. It presents a multiple-choice question asking the user to choose their path, with options including ""anxiety,"" ""depression,"" ""fear of failure,"" and ""deep guilt about not reaching past potential."" The final selected option is ""all of the above,"" humorously suggesting that high-achieving children often grow up to experience a combination of these mental health struggles.","[0, 0, 0, 0, 0, 0, 0]","[1,0,0,0,1,0,0]",v1
TE-242.jpg,UNIVERSAL_HUMAN,"This Hindi meme describes the experience of being at a party and suddenly being overcome by depression and anxiety. The text says, ""When you are at a party and suddenly depression and anxiety hit, and you get cut off from the world."" The image shows a man sitting alone and looking disengaged while others around him are socializing, perfectly illustrating the feeling of isolation and detachment despite being in a social setting.","[0, 0, 0, 0, 0, 0, 0]","[1,0,0,0,0,0,0]",v1
TE-243.jpg,UNIVERSAL_HUMAN,"The meme shows a person who internally wishes they could share their true feelings (""dil ki baat"") with someone. However, when actually asked ""is everything okay?"", they immediately slam a button labeled ""Yes, just a little tired."" This illustrates the common coping mechanism of masking deep emotional pain or sadness with a socially acceptable, superficial excuse like fatigue, highlighting the difficulty of opening up about mental struggles.","[0, 0, 0, 0, 0, 0, 0]","[1,0,0,0,0,0,0]",v1
TE-245.jpg,UNIVERSAL_HUMAN,"This meme is an example of dark, edgy humor. It features the Rhino character from the ""Me and the Boys"" meme with a sly smirk. The Hindi text translates to: ""When you scratch a child in the ZOO, just for free intoxication/high."" The joke implies engaging in violent, anti-social behavior (harming a child) to potentially get shot with animal tranquilizers by zoo staff for a free ""high."" It depicts deviant behavior rather than depressive symptoms.","[0, 0, 0, 0, 0, 0, 0]","[0,0,1,0,0,0,1]",v1
TE-246.jpg,UNIVERSAL_HUMAN,"The meme is a text-based post in Hindi that explicitly expresses a strong desire for suicide. The speaker states that the only reason they have not killed themselves is to avoid hurting their family and friends. They emphasize that if they could do it without causing pain to others, they would end their life immediately without a second thought. This is a clear expression of passive suicidal ideation, where the wish to die is present but restrained by external factors.","[0, 0, 0, 0, 0, 0, 0]","[0,0,0,0,0,0,0]",v1
TE-247.jpg,UNIVERSAL_HUMAN,"The meme features a black and white photo of a thin woman with Hindi text that translates to, ""It is better for me to be thin and sad than to be fat and sad."" The meme expresses a constant state of sadness regardless of body weight but indicates a strong preference for being thin. This suggests a deep-seated unhappiness and a potential obsession with body image and weight control.","[0, 0, 0, 0, 0, 0, 0]","[0,0,0,1,0,0,0]",v1
TE-248.jpg,UNIVERSAL_HUMAN,"The meme features a drawing of a person with a tangled scribble instead of a head, symbolizing mental chaos. The Hindi text ""थोड़ा दिमाग का दही करने दो"" uses a common idiom (""दिमाग का दही करना"" - making yogurt of the brain) which means to confuse, frustrate, or overwhelm someone mentally. The meme playfully acknowledges a state of being mentally overwhelmed or confused.","[0, 0, 0, 0, 0, 0, 0]","[0,0,0,0,0,1,0]",v1
TE-25.jpg,UNIVERSAL_HUMAN,"This is a somber, black and white image of a person with their face buried in their hands, indicating distress or crying. The Hindi text translates to ""My condition is getting worse and no one even knows..."". This conveys a strong sense of deteriorating mental state, sadness, and a feeling of isolation or being unnoticed by others.","[1, 0, 0, 0, 1, 0, 0]","[1,0,0,0,0,0,0]",v1
TE-250.jpg,UNIVERSAL_HUMAN,"This image is an illustration depicting the concept of overthinking. On the left, a person with a stressed expression holds their head, which is exploding with a tangled mess of colorful arrows and lines. These lines are labeled with Hindi words like ""शायद"" (Maybe), ""हाँ"" (Yes), ""नहीं"" (No), ""कभी नहीं"" (Never), ""खो गया"" (Lost), ""फँस गया"" (Stuck), and ""पक्का"" (Certain), representing a barrage of conflicting thoughts and indecision. On the right, large text reads ""Zyada सोचना"" (Overthinking). Below it, a sarcastic caption in Hindi says, ""यह भी एक कला है, क्योंकि अपनी अच्छी-खासी ज़िंदगी हर कोई बर्बाद नहीं कर सकता!"" which translates to ""This is also an art, because not everyone can ruin their perfectly good life!"". The overall mood is one of anxiety, overwhelm, and self-deprecating humor. It highlights the mental exhaustion and paralysis caused by excessive overthinking, framing it ironically as a destructive ""art form"" that sabotages one's well-being. The image is a relatable meme about the struggles of anxiety and the human tendency to overanalyze situations.","[0, 0, 0, 0, 0, 0, 0]","[0,0,0,0,0,1,0]",v1
TE-252.jpg,UNIVERSAL_HUMAN,"The meme features a sketch of a blindfolded girl lying in bed, hugging a teddy bear, with what appear to be pill bottles on a side table. The Hindi text translates to ""This world is very cruel and I don't want to see it anymore."" This expresses a profound sense of hopelessness, despair, and a desire to escape from a painful reality, potentially implying suicidal ideation.","[0, 0, 0, 0, 0, 0, 0]","[1,0,1,0,0,0,0]",v1
TE-253.jpg,UNIVERSAL_HUMAN,"The meme uses the Drake format to contrast a normal activity with an obsessive thought pattern. The top panel rejects ""trying on an outfit for tomorrow in a normal way."" The bottom panel approves of ""just keep thinking about whether my legs look thin in the new jeans or not."" This highlights a preoccupation with body image and a potential insecurity about appearance, preferring to ruminate on this rather than just getting ready.","[0, 0, 0, 0, 0, 0, 0]","[0,0,0,1,1,0,0]",v1
TE-254.jpg,UNIVERSAL_HUMAN,"The meme uses a visual metaphor of a charger plug (labeled ""Me"") that doesn't fit into a power outlet (labeled ""Trying not to be awkward in public""). It humorously illustrates the feeling of social awkwardness, the struggle to fit in socially, and the perceived failure to do so. The core theme is social anxiety and a sense of inadequacy in public situations.","[0, 0, 0, 0, 1, 0, 0]","[0,0,0,0,0,0,0]",v1
TE-257.jpg,UNIVERSAL_HUMAN,,"[0, 0, 0, 0, 0, 0, 0]","[0,0,0,0,0,0,0]",v1
TE-258.jpg,UNIVERSAL_HUMAN,"The meme features a vintage photograph of a woman in bed with Hindi text that translates to, ""I have a sleep disorder... ...its name is children."" It uses humor to attribute the speaker's lack of sleep or disrupted sleep patterns to the demands of raising children, rather than a medical condition. It's a relatable parenting joke about sleep deprivation.","[0, 0, 0, 0, 0, 0, 0]","[0,0,0,0,0,0,1]",v1
TE-260.jpg,UNIVERSAL_HUMAN,"This meme illustrates the experience of social anxiety, specifically regarding social media. The user posts a selfie (""Me: selfie डालता हूँ""), and their anxiety immediately triggers a negative thought, represented by a video game dialogue box stating ""[","[0, 0, 0, 0, 0, 0, 0]","[0,0,0,0,1,0,0]",v1
TE-261.jpg,UNIVERSAL_HUMAN,"This meme is a labeled image depicting a person's overwhelmed state. At the top, Hindi text asks, ""सब कैसा चल रहा है?"" (""How is everything going?""), followed by ""मैं:"" (""Me:""). The image shows a man with a","[0, 0, 0, 0, 0, 0, 0]","[1,1,0,0,1,1,0]",v1
TE-262.jpg,UNIVERSAL_HUMAN,"This image features a stark black background with a white inverted triangle containing an illustration of a person clutching their head in apparent anguish or despair. Below it, the Hindi text reads ""मेरा दिमाग खराब हो रहा है"" (M","[0, 0, 0, 0, 0, 0, 0]","[0,0,0,0,0,1,0]",v1
TE-263.jpg,UNIVERSAL_HUMAN,,"[0, 0, 0, 0, 0, 0, 0]","[1,0,0,0,1,0,0]",v1
TE-264.jpg,UNIVERSAL_HUMAN,"This meme is a screenshot of a text conversation. One person asks, ""Do you feel anything for me?"" (क्या तुम मेरे लिए कुछ feel करते हो?). The other person replies brutally, ""I feel pity for you"" (मुझे तुम पर तरस आता है). The humor comes from the harsh and unexpected rejection, contrasting a hopeful romantic inquiry with a demeaning response.","[0, 0, 0, 0, 0, 0, 0]","[0,0,0,0,0,0,0]",v1
TE-265.jpg,UNIVERSAL_HUMAN,"This meme uses dark humor to highlight severe self-hatred. A priest advises loving your neighbor as yourself. The main character then proceeds to insult their neighbor, calling them an ""idiot,"" a ""burden on the earth,"" and ""useless."" The implication is that the character is following the advice perfectly because that is exactly how they treat and view themselves. The meme's core message is about intense negative self-talk and a profound lack of self-worth.","[0, 0, 0, 0, 0, 0, 0]","[0,0,0,0,1,0,0]",v1
TE-266.jpg,UNIVERSAL_HUMAN,"This meme uses a two-panel comic from Tintin to depict a failed attempt at coping with mental health. In the first panel, a character labeled ""मैं"" (Me) prepares to throw a vase at ""मेरी anxiety"" (My anxiety). In the second panel, the vase misses the anxiety and instead hits another character labeled ""मेरा self esteem"" (My self esteem) in the face. The meme humorously illustrates how one's efforts to combat anxiety can inadvertently end up damaging their own self-worth.","[0, 0, 0, 0, 0, 0, 0]","[0,0,0,0,1,0,0]",v1
TE-267.jpg,UNIVERSAL_HUMAN,"This meme features an anime character looking distressed and overwhelmed, clutching their head. The Hindi text translates to ""When you find out that you have to meet relatives tomorrow."" The meme humorously expresses the dread, anxiety, or stress many people feel about obligatory family gatherings or social interaction with relatives.","[0, 0, 0, 0, 0, 0, 0]","[0,1,0,0,0,0,0]",v1
TE-269.jpg,UNIVERSAL_HUMAN,"This meme features a still from the cartoon *Tom and Jerry*, showing the character Tom wearing a straw hat and peeking through a doorway with a mischievous, wide-eyed grin. Above the image, text in a mix of Hindi and English reads, ""जब मैं 5 मिनट से ज्यादा अकेला होता हूँ मेरे suicidal, depressed, और paranoid thoughts:"", which translates to ""When I am alone for more than 5 minutes my suicidal, depressed, and paranoid thoughts:"". The meme uses a classic reaction image format to convey a dark and relatable mood centered on mental health struggles. It depicts the situation where even a brief period of solitude can trigger an overwhelming intrusion of negative emotions, including hopelessness, sadness, and anxiety. In the context of internet culture, it employs dark humor to express the common experience of battling intrusive thoughts when left unoccupied. The core message is that being alone can quickly become a gateway for severe mental distress, presented through a comedic lens.","[0, 0, 0, 0, 0, 0, 0]","[1,0,1,0,0,0,0]",v1
TE-27.jpg,UNIVERSAL_HUMAN,,"[0, 0, 0, 0, 0, 0, 0]","[1,0,0,0,0,0,0]",v1
TE-270.jpg,UNIVERSAL_HUMAN,"The meme features a black and white image of a distressed woman with Hindi text that translates to ""I feel like my mind is going bad"" or ""I feel like I'm losing my mind."" This directly expresses a sense of mental deterioration, confusion, and distress. The visual and textual elements combine to convey a serious concern about one's mental state.","[1, 0, 0, 0, 0, 1, 0]","[0,0,0,0,0,1,0]",v1
TE-271.jpg,UNIVERSAL_HUMAN,"The meme is a dark humor response to the question ""Where do you see yourself in 5 years?"". The image shows a tombstone with the text ""Died 5 years ago"". This indicates a profound sense of hopelessness, where the individual feels as if they are already dead inside or that their future holds only death.","[1, 0, 1, 0, 0, 0, 0]","[0,0,1,0,0,0,0]",v1
TE-272.jpg,UNIVERSAL_HUMAN,"The meme features two characters from ""Adventure Time,"" Finn and Jake, sitting sadly by a window at night. Their body language is dejected. The Hindi text ""यार, मुझे बस सोना है।"" translates to ""Dude, I just want to sleep."" This combination expresses a deep sense of weariness, sadness, and an overwhelming desire to escape through sleep, which are common feelings associated with depression.","[0, 0, 0, 0, 0, 0, 0]","[0,0,0,0,0,0,1]",v1
TE-273.jpg,UNIVERSAL_HUMAN,"This text-based meme contrasts two responses to life's hardships (""हम सबने कुछ न कुछ झेला है""). It states that while some people manage to cope and move on, others (including the speaker) feel completely devastated, using strong metaphors of being physically beaten (""लात-घूंसों से मारा गया हो"") and crushed (""रोड रोलर से कुचल दिया गया हो""). This conveys a deep sense of being overwhelmed and defeated by life's experiences.","[0, 0, 0, 0, 0, 0, 0]","[0,0,0,0,0,0,0]",v1
TE-274.jpg,UNIVERSAL_HUMAN,"The meme features a dark background with the Hindi text ""मैं ज़िंदा हूँ। शिट।"" which translates to ""I am alive. Shit."" This concise statement expresses a profound disappointment or dismay at the very fact of existence. It is a classic example of dark humor used to convey deep-seated feelings of hopelessness and a lack of desire to live, which are core aspects of depression.","[1, 0, 1, 0, 0, 0, 0]","[0,0,0,0,0,0,0]",v1
TE-277.jpg,UNIVERSAL_HUMAN,"This meme features a stock photo of a man in a black suit and tie, seated at a desk and writing in a notebook. Overlaid on the image is Hindi text that translates to a prayer or wish. The top text reads, ""Hey Bhagwan, is saal humare group ke sabhi doston ko ek aisa partner mile jo sach mein unka saath de aur khane ke saath unke rishte ka mazak na udaye."" (Oh God, may all friends in our group find a partner this year who truly supports them and doesn't mock their relationship with food.) The bottom text continues, ""Koi aisa jo unke saare 'safe foods' na churaye aur bina wajah unki body par negative comment na kare. Dhanyavaad."" (Someone who doesn't steal all their 'safe foods' and doesn't make negative comments on their body without reason. Thank you.)

The mood conveyed is a blend of humor and genuine concern, touching on the relatable anxieties surrounding relationships, food, and body image. It reflects a supportive sentiment within a friend group, wishing for healthy and respectful partnerships. The use of a formal stock photo contrasts with the personal and specific nature of the prayer, typical of internet meme culture. The core message is a heartfelt wish for friends to find partners who are understanding and supportive of their eating habits and body image.","[0, 0, 0, 0, 0, 0, 0]","[0,0,0,1,0,0,0]",v1
TE-278.jpg,UNIVERSAL_HUMAN,"The meme shows a distressed character crying with the Hindi text ""मैं पागल हो रही हूँ और किसी को परवाह नहीं है!!"" which translates to ""I am going crazy and no one cares!!"". This directly expresses a feeling of intense emotional distress, hopelessness, and isolation.","[0, 0, 0, 0, 0, 0, 0]","[1,0,0,0,0,1,0]",v1
TE-28.jpg,UNIVERSAL_HUMAN,The meme shows an overweight cat,"[0, 0, 0, 0, 0, 0, 0]","[0,0,0,0,0,0,0]",v1
TE-280.jpg,UNIVERSAL_HUMAN,,"[0, 0, 0, 0, 0, 0, 0]","[0,0,0,0,0,0,0]",v1
TE-281.jpg,UNIVERSAL_HUMAN,,"[0, 0, 0, 0, 0, 0, 0]","[1,0,0,0,1,0,0]",v1
TE-282.jpg,UNIVERSAL_HUMAN,"This hand-drawn meme illustration shows a man dressed in a yellow patterned suit, bow tie, and hat, holding a cane. He is standing next to a large, multi-colored spinning wheel, similar to a game show wheel. The Hindi text at the top of the image reads, ""चलो किस्मत आज़माते हैं,"" which translates to ""Let's try our luck."" However, every single segment on the wheel is labeled with the same Hindi word, ""पनौती"" (Panauti), meaning ""bad luck"" or ""jinx."" The man's expectant posture contrasts sharply with the rigged wheel, conveying a strong sense of irony, resignation, and hopelessness. The image depicts a situation where someone decides to take a chance or make a change, only to feel that failure or misfortune is inevitable. Rooted in South Asian internet culture, the meme uses dark humor to express the relatable feeling of being constantly plagued by bad luck, communicating the core message that for some, no matter what they try, the outcome is always negative.","[0, 0, 0, 0, 0, 0, 0]","[1,1,0,0,0,0,0]",v1
TE-283.jpg,UNIVERSAL_HUMAN,"This image is a meme featuring a Minion character from the ""Despicable Me"" franchise against a plain light grey background. The Minion, with its characteristic yellow body, blue overalls, and single large eye, has a weary, sad expression with droopy eyelids and a downturned mouth. It is holding a white mug. To the left of the Minion, there is large, bold, black text that mixes Hindi and English. The Hindi text reads ""अरे मेरे दिमाग! रात को इतना"" which translates to ""Oh my brain! So much at night"". The English text completes the thought: ""thinking so much at night, i need to sleep.""

The emotion conveyed is one of exhaustion, frustration, and desperation due to a lack of sleep. The Minion's tired appearance perfectly matches the text's complaint about an overactive mind preventing rest. The situation depicted is the universal and relatable struggle of insomnia caused by racing thoughts at night. The user is directly addressing their own brain, pleading for it to shut down so they can sleep.

This is a typical ""Minion meme,"" a format popular on social media platforms like Facebook, where Minions are used to express relatable, often humorous, observations about daily life, work, or, in this case, sleep struggles. The use of Hinglish (a blend of Hindi and English) indicates it is targeted at a South Asian audience. The core message is a humorous but genuine complaint about the difficulty of falling asleep when one's brain won't stop thinking, expressing a strong desire for rest.","[0, 0, 0, 0, 0, 0, 0]","[0,0,0,0,0,0,1]",v1
TE-284.jpg,UNIVERSAL_HUMAN,The meme is a screenshot from an Instagram Live stream showing a member of the K-pop,"[0, 0, 0, 0, 0, 0, 0]","[0,0,0,0,0,0,1]",v1
TE-286.jpg,UNIVERSAL_HUMAN,"This black and white meme features a grainy photograph of a person, likely a woman, sitting with her knees pulled up to her chest in a dimly lit room. She is wearing a textured sweater and looking away from the camera, with deep shadows obscuring much of the scene. Overlaying the bottom of the image is white Hindi text that reads, ""जब भी ठीक होने की कोशिश करो, हालात और बिगड़ जाते हैं।"" This translates to, ""Whenever I try to get better, the situation gets worse."" The combination of the somber image and the text conveys a strong emotion of hopelessness, sadness, and frustration. It depicts a situation where an individual is struggling with personal challenges, possibly related to mental health or difficult life circumstances, and feels that their efforts to improve are constantly met with setbacks. Within internet culture, this is a ""sad meme"" used to express relatable feelings of despair and the difficulty of overcoming persistent problems. The core message is the feeling of being trapped in a cycle where attempts at recovery or improvement only lead to further deterioration of the situation.","[0, 0, 0, 0, 0, 0, 0]","[0,0,0,0,1,0,0]",v1
TE-288.jpg,UNIVERSAL_HUMAN,"This black and white image features a close-up photograph of two Black individuals in an intimate, tender embrace, with their foreheads touching. One person's hand is gently placed on the back of the other's head. Overlaid on the image is a text box with a quote in Hindi, attributed to ""--Tangela Williams-Spann"". The Hindi text reads, ""अब जब छुट्टियाँ खत्म हो गई हैं, सारी टेंशन वापस आ गई है, और मुझे फिर से घबराहट होने लगी है। यह बिल्कुल ठीक नहीं है।"" which translates to ""Now that the holidays are over, all the tension has come back, and I have started feeling anxious again. This is not right at all."" The overall mood conveyed is one of sadness, anxiety, and a sense of being overwhelmed. The image captures the relatable post-holiday blues, where the return to routine brings back stress and a feeling of dread. The core message is a relatable expression of the difficulty in transitioning back to the pressures of daily life after a period of relaxation, highlighting the negative impact on mental well-being.","[0, 0, 0, 0, 0, 0, 0]","[0,0,0,0,0,0,0]",v1
TE-289.jpg,UNIVERSAL_HUMAN,"This meme depicts a self-deprecating scenario where the creator (""Me"") simply makes eye contact with a girl in class. The girl's imagined response, delivered with a smile by an anime character, is an extremely harsh and insulting rejection (""Go to hell, you bastard/scoundrel""). The humor comes from the exaggeration of the rejection and the creator's negative self-perception regarding their social or romantic desirability.","[0, 0, 0, 0, 0, 0, 0]","[0,0,0,0,1,0,0]",v1
TE-29.jpg,UNIVERSAL_HUMAN,,"[0, 0, 0, 0, 0, 0, 0]","[1,0,0,0,1,0,0]",v1
TE-290.jpg,UNIVERSAL_HUMAN,"This meme is a piece of mixed-media art featuring a pink painted background, a sketch of a human skeleton, and a pasted note with Hindi text. The text translates to ""I was already thinking of buying your shroud."" A shroud is a cloth used to wrap a corpse for burial. The combination of the skeleton and the text about preparing for death creates a highly morbid and dark tone, focusing on mortality.

Symptoms Detected","[0, 0, 0, 0, 0, 0, 0]","[1,0,1,0,0,0,0]",v1
TE-292.jpg,UNIVERSAL_HUMAN,,"[0, 0, 0, 0, 0, 0, 0]","[0,1,0,0,0,1,0]",v1
TE-293.jpg,UNIVERSAL_HUMAN,"This meme features a striking, red-toned illustration against a stark black background. The drawing depicts a human figure whose head is violently exploding into a cloud of geometric, crystalline shards, revealing a skull underneath. One hand, rendered in the same red style, rests on an open book on a circular platform. Below the illustration, white Hindi text reads, ""मेरा दिमाग फट रहा है"" (Mera dimaag phat raha hai).

The emotion conveyed is one of intense overwhelm, mental exhaustion, and extreme stress. The visual of an exploding head is a literal interpretation of the Hindi phrase, which translates to ""My brain is exploding"" or ""My head is bursting."" The presence of the book strongly suggests the context is related to studying, learning, or information overload, a common source of pressure. In internet culture, this type of reaction image is frequently used to hyperbolically express the feeling of being mentally pushed beyond one's limits, often due to academic demands or complex situations. The core message is a dramatic declaration of being unable to process any more information or cope with current mental strain.","[0, 0, 0, 0, 0, 0, 0]","[0,0,0,0,0,1,0]",v1
TE-295.jpg,UNIVERSAL_HUMAN,,"[0, 0, 0, 0, 0, 0, 0]","[1,0,0,0,1,0,1]",v1
TE-297.jpg,UNIVERSAL_HUMAN,"This meme features a picture of a very happy dog with its head out of a car window. The text in Hindi translates to ""Me entering 2020 without having achieved anything."" The humor comes from the contrast between the admission of not having accomplished anything in the previous year and the dog's ecstatic, carefree expression. It's a lighthearted, self-deprecating joke about starting a new year with unearned optimism, not an expression of genuine distress.","[0, 0, 0, 0, 0, 0, 0]","[0,0,0,0,1,0,0]",v1
TE-298.jpg,UNIVERSAL_HUMAN,"This image is a meme featuring a Bitmoji character and Hindi text against a plain, light blue corner background. The Bitmoji, a young man with dark hair and a blue jacket, is sitting slumped in the corner, clutching his knees with a sad, weary expression. The text at the top reads ""पूरा दिन थकान"" (Tired all day), and the text at the bottom says ""रात को नींद नहीं आती"" (Can't sleep at night). A small watermark ""@nelastconn"" is visible in the bottom left.

The overall mood conveyed is one of exhaustion, hopelessness, and frustration. The character's body language and the text clearly depict a cycle of chronic fatigue and insomnia, a common symptom of stress or mental health struggles like depression or anxiety. The meme relates to the difficult situation of being perpetually tired during the day but unable to rest at night. This format, using a relatable avatar and simple text, is common in Indian internet culture for expressing personal struggles and mental health issues in a shareable way. The core message is a relatable complaint about the draining experience of a disrupted sleep cycle and the resulting constant state of weariness.","[0, 0, 0, 0, 0, 0, 0]","[0,0,0,0,0,0,1]",v1
TE-3.jpg,UNIVERSAL_HUMAN,"This image is a simple, text-based meme presented on a plain white background. It follows a dialogue format between two characters: ""मैं"" (Me) and ""Anxiety."" The text is in Hindi, with the first line reading, ""मैं: आज का दिन बहुत अच्छा होगा।"" which translates to ""Me: Today will be a very good day."" The second line reads, ""Anxiety: घंटा होगा 😂"" which translates to ""Anxiety: Like hell it will 😂"" or a similarly dismissive phrase, accompanied by a laughing-crying face emoji. The meme conveys a mood of relatable frustration, hopelessness, and self-deprecating humor regarding mental health. It depicts the common internal struggle where a person's attempt at optimism or a positive outlook is immediately and harshly countered by their own anxiety. This format is typical of internet memes that use humor to cope with and share experiences of mental health challenges. The core message is the pervasive and intrusive nature of anxiety, which can swiftly derail even the simplest intention to have a good day.","[0, 0, 0, 0, 0, 0, 0]","[0,0,0,0,0,0,0]",v1
TE-300.jpg,UNIVERSAL_HUMAN,"The meme features an image of SpongeBob looking annoyed and uncomfortable. The text, in both English and Hindi, describes this as the user's reaction when their therapist successfully points out their ""unhealthy ways"" or shows them a ""mirror of their actions."" It humorously captures the resistance and discomfort people often feel when confronted with their own negative behaviors in therapy.","[0, 0, 0, 0, 1, 0, 0]","[1,0,0,0,0,0,0]",v1
TE-301.jpg,UNIVERSAL_HUMAN,"This black and white split-screen image shows a person's forearm in two different states. On the left side, the arm is covered in numerous horizontal cuts and scars. Hindi text overlaid reads ""अब यह पहले जैसा"" (Now this is like before). On the right side, the same arm is shown, now with a necklace and a small, dark object, possibly a gun charm, resting on it. The text on this side reads ""कभी नहीं होगा"" (Will never be). The overall mood is one of deep sadness, hopelessness, and a sense of permanent damage. The image depicts the aftermath of self-harm, with the scars serving as a physical reminder of past emotional pain. This type of image is often shared in online communities focused on mental health and depression, serving as a form of ""sadposting"" or ""vent art."" The core message is that the emotional and physical scars of self-harm are lasting, and the person feels that their life or self will never return to its previous, unblemished state.","[0, 0, 0, 0, 0, 0, 0]","[0,0,1,0,0,0,0]",v1
TE-302.jpg,UNIVERSAL_HUMAN,"This image is a text-based meme or quote card featuring Hindi text on a plain white background. The title at the top, underlined, reads ""आत्महत्या"" (Suicide). Below it is a paragraph that translates to: ""They said the cause of death was suicide and then they shook their heads because they couldn't understand why anyone would want to die so badly. Little did they know that this person had died long ago and suicide was just a way to get rid of the remaining debris that was left behind."" The text concludes with the attribution ""-जोसेफिन अगस्त"" (Josephine August).

The overall mood conveyed is one of profound sadness, emptiness, and hopelessness. It speaks to a deep sense of despair and the feeling of being emotionally dead while still physically alive. The situation depicted is the aftermath of a suicide, highlighting the misunderstanding by others of the long-term internal suffering that led to the act. Within internet culture, this type of content is often shared in communities discussing mental health, depression, or feelings of existential dread, serving as a way to articulate complex feelings of pain and isolation. The core message is that the physical act of suicide is often preceded by a prolonged period of emotional death, which is invisible to outside observers.","[0, 0, 0, 0, 0, 0, 0]","[0,0,0,0,0,0,0]",v1
TE-304.jpg,UNIVERSAL_HUMAN,"This image is a digital quote card set against a backdrop of a vibrant, swirling space nebula with hues of pink, orange, and dark purple, speckled with distant stars. Overlaid on this cosmic background is a dark, rectangular text box containing a quote in Hindi white font. The text reads, ""मेरे विचार से, कोशिश न करने से हारना हमेशा बेहतर होता है, क्योंकि आप कभी नहीं बता सकते कि आगे क्या हो सकता है।"" Below the main quote, the name ""जीन क्रेतिएं"" (Jean Chrétien) is attributed. A small ""quotefancy"" logo is visible in the bottom center. The overall mood conveyed is one of encouragement, resilience, and hope. It addresses the universal human experience of facing challenges and the fear of failure. In the context of internet culture, this is a typical inspirational meme format designed for social media sharing. The core message is that making an effort, even if it results in failure, is superior to inaction, as the future is unpredictable and trying is the only way to discover potential outcomes.","[0, 0, 0, 0, 0, 0, 0]","[0,0,0,0,0,0,0]",v1
TE-305.jpg,UNIVERSAL_HUMAN,,"[0, 0, 0, 0, 0, 0, 0]","[1,0,0,0,1,0,0]",v1
TE-307.jpg,UNIVERSAL_HUMAN,"This meme features an aerial photograph of a geographical location dubbed ""Kissing Islands, Greenland,"" where the landmasses resemble two faces about to kiss. The Hindi text below comments on this, saying, ""Just look, even the land here is getting romance, and then there's me..."" The meme uses self-deprecating humor to express loneliness and a feeling of being left out romantically, comparing the user's","[0, 0, 0, 0, 0, 0, 0]","[1,0,0,0,1,0,0]",v1
TE-308.jpg,UNIVERSAL_HUMAN,"This image is a dark, moody graphic featuring a night sky with clouds and a bright full moon. Prominent white Hindi text is arranged across the center. The title at the top reads ""अनिद्रा का विलाप"" (Lament of Insomnia), with ""द्वारा एन.पी. हंट"" (by N.P. Hunt) below it. A multi-line poem follows, describing the experience of sleeplessness, the ""burden of life,"" being ""tangled in memories,"" and a longing for ""emptiness"" to escape constant thoughts. It speaks of the inability to avoid ""ifs and buts"" and feeling ""buried in the grave of thoughts"" while counting stars under the moon. In the bottom right corner, there is a white outline of an open book with the text ""NPHuntWriter.com"". The overall mood conveyed is one of deep sadness, hopelessness, emptiness, and mental anguish associated with insomnia. It depicts a person awake at night, overwhelmed by regret, intrusive thoughts, and a sense of being trapped in their own mind. This style is typical of digital poetry or quote cards shared in online communities to express personal struggles with mental health and existential distress. The core message is the profound suffering and mental torment of chronic sleeplessness.","[0, 0, 0, 0, 0, 0, 0]","[0,0,0,0,0,0,0]",v1
TE-31.jpg,UNIVERSAL_HUMAN,"The meme features a blurry, black and white image of a person in an art gallery, creating a somber atmosphere. The Hindi text, ""चेहरे पे हँसी है, तो सब खैरियत ही होगी, है ना?"" translates to ""There is a smile on the face, so everything must be fine, right?"". This is a rhetorical question that sarcastically challenges the idea that an outward smile reflects inner well-being. It strongly implies the person is masking inner sadness or distress.","[1, 0, 0, 0, 0, 0, 0]","[1,0,0,0,0,0,0]",v1
TE-310.jpg,UNIVERSAL_HUMAN,"The meme shows a Minion character with a skeptical expression. The Hindi text translates to ""Hey stomach, you are just getting bored, not hungry. So shut up."" It humorously addresses the common habit of eating out of boredom rather than genuine physical hunger.","[0, 0, 0, 1, 0, 0, 0]","[0,1,0,1,0,0,0]",v1
TE-312.jpg,UNIVERSAL_HUMAN,,"[0, 0, 0, 0, 0, 0, 0]","[0,0,0,0,0,0,0]",v1
TE-313.jpg,UNIVERSAL_HUMAN,"This black and white image uses a powerful visual metaphor to depict the burden of overthinking. It shows a person's bare feet shackled with heavy metal chains to a large, dark, iron ball resting on rough, sandy ground. The Hindi phrase ""ज़्यादा सोचना"" (zyada sochna), which translates to ""overthinking"" or ""thinking too much,"" is written in a contrasting gold color on the ball. The image conveys a strong sense of being trapped, weighed down, and restricted, evoking feelings of hopelessness and a lack of freedom. The ball and chain, a classic symbol of imprisonment, represent the psychological weight of excessive rumination that prevents a person from moving forward in life. This meme, likely circulated within Hindi-speaking internet communities, communicates the core message that overthinking is a mental shackle that paralyzes action and hinders personal progress, making the individual feel a prisoner of their own thoughts.","[0, 0, 0, 0, 0, 0, 0]","[0,0,0,0,0,1,0]",v1
TE-314.jpg,UNIVERSAL_HUMAN,"The meme features a close-up of a tarsier with enormous, wide-open eyes. The Hindi text ""आँखें फटी की फटी"" translates to ""eyes remained wide open"" or ""eyes wide in shock/disbelief"". It is used to express a state of being completely stunned, shocked, or unable to process something, often implying an inability to sleep or rest due to this state.","[0, 0, 0, 0, 0, 0, 1]","[0,0,0,0,0,0,1]",v1
TE-315.jpg,UNIVERSAL_HUMAN,"This black and white meme features a heavily blurred, out-of-focus photograph, possibly of a person walking at night, creating a sense of detachment and ambiguity. Overlaying the dark, indistinct background is white Hindi text that reads, ""Depression ऐसे ही hit करता है। एक सुबह उठते हो, और डर लगता है कि तुम्हें जीना पड़ेगा।"" This translates to, ""Depression hits just like this. You wake up one morning, and you're scared that you have to live.""

The mood conveyed is one of profound hopelessness, dread, and emptiness. The blurry visual reinforces a feeling of being disconnected or lost, while the text directly addresses the overwhelming emotional weight of depression, specifically the fear and reluctance to face another day. The image captures the internal struggle of living with mental illness, a common theme in internet culture where memes are used to express and relate to difficult personal experiences. The core message is a stark acknowledgment of the sudden, paralyzing reality of depression and the immense difficulty of simply existing.","[0, 0, 0, 0, 0, 0, 0]","[0,0,0,0,0,0,0]",v1
TE-317.jpg,UNIVERSAL_HUMAN,"This meme shows a cat looking out a window with an expression of intense longing and frustration, its paw pressed against the glass. The Hindi text translates to ""Me, watching people go to Goa/Ladakh"". It humorously captures the feeling of FOMO (Fear Of Missing Out), envy, and sadness one feels when stuck at home while seeing others go on exciting vacations to popular destinations.","[1, 0, 0, 0, 0, 0, 0]","[0,1,0,0,0,0,0]",v1
TE-318.jpg,UNIVERSAL_HUMAN,"This meme uses the ""Is this a pigeon?"" format to make a dark humor joke about dieting. The character (labeled ""Me"") sees their dietitian cancelling appointments for two weeks as a ""sign"" (represented by the butterfly) to continue ""starving"" themselves. It reflects the distorted thinking often associated with eating disorders, where negative events are interpreted to justify unhealthy behaviors.","[0, 0, 0, 0, 0, 0, 0]","[0,0,0,1,0,0,0]",v1
TE-319.jpg,UNIVERSAL_HUMAN,"The meme shows a person in a stressed pose with text that suggests what feels like ""low motivation"" might actually be a combination of overthinking, fear, anxiety, and worry, potentially caused by ""low serotonin."" It reframes these mental health issues as the real barriers preventing a person from ""moving forward"" in life.","[0, 0, 0, 0, 0, 0, 0]","[0,0,0,0,0,1,0]",v1
TE-320.jpg,UNIVERSAL_HUMAN,"The image visually depicts a man in bed, looking distressed, exhausted, and reluctant as he reaches out to silence an alarm clock set for approximately 6:00 AM. The dim, blue lighting and his pained expression strongly convey the difficulty of waking up and a state of deep tiredness, suggesting a struggle with sleep.","[0, 0, 0, 0, 0, 0, 0]","[0,0,0,0,0,0,0]",v1
TE-321.jpg,UNIVERSAL_HUMAN,,"[0, 0, 0, 0, 0, 0, 0]","[1,0,1,0,1,0,0]",v1
TE-322.jpg,UNIVERSAL_HUMAN,"The meme is a black and white photograph of a person's hand holding a pill bottle on a cluttered desk. The Hindi text overlay reads ""ज़िंदा रहने का अब कोई मतलब नहीं है,"" which translates to ""There is no point in living anymore."" The combination of the somber visual and the explicit text conveys a profound sense of hopelessness and thoughts of death.","[1, 0, 1, 0, 0, 0, 0]","[0,0,1,0,0,0,0]",v1
TE-324.jpg,UNIVERSAL_HUMAN,"The meme uses a bowling analogy to depict the user (""मैं"") posting ""Depression और suicide वाले memes"" (memes about depression and suicide). The bowling ball, representing these memes, is about to strike and likely knock down the pins, which are labeled ""मेरे बचे-कुचे Facebook followers"" (my remaining Facebook followers). The meme humorously suggests that sharing such dark content is driving away the user's friends on social media.","[1, 0, 1, 0, 0, 0, 0]","[1,0,1,0,0,0,0]",v1
TE-325.jpg,UNIVERSAL_HUMAN,,"[0, 0, 0, 0, 0, 0, 0]","[0,0,0,1,0,0,0]",v1
TE-326.jpg,UNIVERSAL_HUMAN,"The meme is a three-panel comic illustrating an internal struggle. A character labeled ""Depression"" fights, saying ""I don't want to live."" Another character labeled ""Anxiety"" counters with ""I don't want to die."" In the final panel, a large monster labeled ""Dissociation"" destroys both, declaring ""I don't want to feel anything,"" representing an overwhelming state of emotional numbness that supersedes the other feelings.","[0, 0, 0, 0, 0, 0, 0]","[1,0,1,0,1,0,0]",v1
TE-327.jpg,UNIVERSAL_HUMAN,"This meme uses an ultrasound image of a fetus paired with the Hindi caption ""When I last slept peacefully."" It humorously exaggerates that the person has not experienced restful sleep since they were in the womb, implying a chronic and significant lack of good sleep in their current life.","[0, 0, 0, 0, 0, 0, 0]","[0,0,0,0,0,0,1]",v1
TE-328.jpg,UNIVERSAL_HUMAN,"This image displays a poem written in Hindi script against a textured, light grey background. The title, ""दिमाग खो रही हूँ"" (Losing my mind), sets a somber tone. The text describes a person experiencing severe mental distress, feeling like they are losing control, struggling with sleep and concentration, and noticing a decline in their work performance. The emotion conveyed is one of deep sadness, hopelessness, and overwhelming stress, with explicit mentions of difficulty focusing, sleep problems, and the fear of self-harm. The situation depicted is a personal crisis, likely a severe depressive episode or breakdown, impacting the speaker's daily life and relationships. In the context of internet culture, this appears to be a piece of expressive writing shared to articulate personal struggles with mental health. The core message is a poignant expression of the pain of mental illness and gratitude for a supportive partner who helps with basic care and prevents self-harm, highlighting both the severity of the condition and the importance of support.","[0, 0, 0, 0, 0, 0, 0]","[0,0,0,0,0,0,0]",v1
TE-329.jpg,UNIVERSAL_HUMAN,"This meme features a screenshot from an animated video with Hindi text overlaid at the top and bottom. The top text reads, ""जब तुम्हारे 'safe clothes' भी टाइट होने लगें"" which translates to ""When your 'safe clothes' also start feeling tight."" Below the image, a black bar contains the text ""लग गए,"" a colloquial Hindi phrase meaning ""We're screwed"" or ""It's over."" The image shows a cartoon boy in a red school uniform looking down with a wide-eyed, shocked, or realizing expression, as if processing bad news.

The mood conveyed is one of humorous realization and a sense of impending doom or trouble. It depicts the relatable situation of gaining weight to the point where even one's most comfortable, loose-fitting clothes no longer fit. This is a common internet meme format that uses a reaction image to express a specific feeling or situation. The core message is the humorous acknowledgment of the consequences of weight gain, specifically the moment one realizes their ""safe"" clothing options are gone, leading to a feeling of being in a difficult predicament.","[0, 0, 0, 0, 0, 0, 0]","[0,0,0,1,1,0,0]",v1
TE-330.jpg,UNIVERSAL_HUMAN,,"[0, 0, 0, 0, 0, 0, 0]","[0,0,1,0,0,0,0]",v1
TE-331.jpg,UNIVERSAL_HUMAN,,"[0, 0, 0, 0, 0, 0, 0]","[0,0,0,0,0,0,0]",v1
TE-332.jpg,UNIVERSAL_HUMAN,"This meme uses humor to express the exhaustion associated with parenthood. The text in Hindi translates to, ""I have a sleeping disorder. Whose name is children."" The vintage illustration shows a woman slumped over in a chair, looking completely drained. It jokingly categorizes the sleep disruption caused by raising kids as a medical ""sleeping disorder.""","[0, 0, 0, 0, 0, 0, 0]","[0,0,0,0,0,0,1]",v1
TE-334.jpg,UNIVERSAL_HUMAN,"This black and white meme features a close-up photograph of a bearded man holding a magnifying glass to his right eye, looking intently at the viewer. Overlaid on the image is large, white, bold text with a black outline, written in a mix of Hindi and English. The text reads, ""मेरा दिमाग खो गया है। अगर मिले तो extreme caution के साथ handle करें। यह गंदा हो सकता है और definitely dangerous है!"" which translates to ""My brain is lost. If found, handle with extreme caution. It might be dirty and is definitely dangerous!"". Below this, smaller text reads ""The Best of Life"".

The meme employs a darkly humorous and self-deprecating tone. The man's intense gaze through the magnifying glass, combined with the text, conveys a sense of mental chaos or a feeling of being overwhelmed by one's own thoughts. The situation depicted is a metaphorical ""lost and found"" notice for the user's own mind, suggesting a state of confusion, intrusive thoughts, or a generally ""messy"" headspace. This reflects a common theme in internet culture, particularly within Indian meme circles, where Hinglish is used to express relatable struggles with mental well-being or just the general absurdity of life. The core message is a hyperbolic, funny acknowledgment of having a chaotic, perhaps slightly inappropriate, and overwhelming mental state.","[0, 0, 0, 0, 0, 0, 0]","[0,0,0,0,0,1,0]",v1
TE-335.jpg,UNIVERSAL_HUMAN,,"[0, 0, 0, 0, 0, 0, 0]","[0,0,0,0,0,0,1]",v1
TE-337.jpg,UNIVERSAL_HUMAN,,"[0, 0, 0, 0, 0, 0, 0]","[1,0,1,0,0,0,0]",v1
TE-338.jpg,UNIVERSAL_HUMAN,"This meme illustrates the common phenomenon of masking severe mental health struggles from friends and family. The top panel shows the persona presented to the world: ""I am fine,"" ""Everything is great, just tired."" The bottom panel reveals the hidden reality behind this facade, listing serious issues like ""depression,"" ""thoughts of suicide,"" ""sleeplessness,"" ""anxiety attacks,"" and ""uncontrollable crying."" It powerfully highlights the contrast between one's external appearance and internal suffering.","[0, 0, 0, 0, 0, 0, 0]","[1,0,1,0,0,0,1]",v1
TE-339.jpg,UNIVERSAL_HUMAN,"This four-panel comic strip, rendered in a simple black-and-white line art style, follows a small, round character through their day. In the first panel, the character stands in a shop holding bags, thinking ""मुझे घर जाना है"" (I want to","[0, 0, 0, 0, 0, 0, 0]","[1,0,0,0,0,0,0]",v1
TE-340.jpg,UNIVERSAL_HUMAN,This text-based meme,"[0, 0, 0, 0, 0, 0, 0]","[0,0,0,0,0,0,0]",v1
TE-341.jpg,UNIVERSAL_HUMAN,"This image is a graphic depiction of self-harm, showing a person's thigh with many cuts and scars. The accompanying Hindi text translates to ""Now this has become an addiction, I don't need any reason."" The meme explicitly identifies the act of self-harm","[0, 0, 0, 0, 0, 0, 0]","[0,0,1,0,0,0,0]",v1
TE-344.jpg,UNIVERSAL_HUMAN,"This two-panel meme uses the popular ""Train Hitting School Bus"" format to depict a sudden, overwhelming realization. The top panel shows a yellow school bus on train tracks with the Hindi text ""वज़न बढ़ना और सोचना कि मैं ठीक हो रही हूँ"" (Gaining weight and thinking I'm getting better). This represents a positive, hopeful interpretation of a physical change. The bottom panel shows a large freight train smashing into the bus, with the text ""पॉज़िटिव प्रेगनेंसी टेस्ट"" (Positive pregnancy test) on the train. This conveys a feeling of shock, surprise, and the complete destruction of the previous assumption. The situation depicts a person who misinterprets weight gain as a sign of improved health, only to be blindsided by the life-altering news of a pregnancy. The core message is the dramatic and unexpected contrast between a comforting self-deception and an undeniable, impactful reality. The meme format emphasizes the abrupt and forceful nature of this realization.","[0, 0, 0, 0, 0, 0, 0]","[0,0,0,1,0,0,0]",v1
TE-345.jpg,UNIVERSAL_HUMAN,"This meme plays on a common parental rhetorical question: ""If your friends jump into a well, will you?"" (अगर तेरे friends कुएँ में कूदेंगे--). The image shows a man enthusiastically stepping off a bridge, giving a thumbs-up, indicating that his answer is a resounding ""Yes."" The humor comes from the extreme and self-destructive nature of the response to a cliché question about peer pressure.","[0, 0, 0, 0, 0, 0, 0]","[1,0,1,0,0,1,0]",v1
TE-347.jpg,UNIVERSAL_HUMAN,"This meme is a humorous take on the common dislike for the vegetable ""Tinda"" (apple gourd) in India. The Terminator robot is labeled ""Tinda,"" and it is hunting the scared anime girl, who represents the people who dislike the vegetable. The text on the girl, ""Some of you, don't know why,"" suggests that this aversion is a shared, perhaps irrational, sentiment. The fear depicted is part of the joke and not related to mental health.","[0, 0, 0, 0, 0, 0, 0]","[1,0,0,0,0,0,0]",v1
TE-348.jpg,UNIVERSAL_HUMAN,"The meme uses a common trope of hiding inner pain behind a cheerful exterior. The text sets up someone claiming the user's smile ""reveals everything,"" implying happiness. The user's response is an image of a smiling anime character with the words ""मरना है"" (want to die) written on their teeth. This starkly contrasts the outward smile with an inner desire for death, highlighting hidden distress.","[0, 0, 0, 0, 0, 0, 0]","[1,0,1,0,0,0,0]",v1
TE-349.jpg,UNIVERSAL_HUMAN,"This image is a dark-themed infographic or meme with a solemn and mystical tone. At the top, blue-highlighted Hindi text reads ""खुद के लिए भूखे रहो।"" which translates to ""Stay hungry for yourself."" Below it is a circular, grainy grayscale photograph of the lower half of a person's face, showing their nose and mouth. Underneath the photo, there are two columns of Hindi text. The left column, headed ""करें"" (Do), lists ""नंगे पैर"" (Barefoot), ""हरियाली"" (Greenery), and ""मटरगश्ती"" (Wandering/Strolling). The right column, headed ""न करें"" (Don't do), lists ""बासी खाना"" (Stale food), ""पाबंदी"" (Restrictions - with a blue highlight), and ""मैले कपड़े"" (Dirty clothes). At the very bottom, there are three symbols (a dotted circle, an asterisk, a crescent moon) followed by the text ""गोचर ठीक शुक्रवार रात 12:00 बजे"" (Transit exactly Friday night at 12:00 AM). The overall mood is one of seriousness, introspection, and perhaps adherence to a specific ritual or astrological guideline. The context appears to be related to Indian astrology or spirituality, offering advice for a specific planetary transit. The core message encourages self-discipline, connecting with nature, and avoiding negativity during this period for personal benefit.","[0, 0, 0, 0, 0, 0, 0]","[0,0,0,0,0,0,0]",v1
TE-35.jpg,UNIVERSAL_HUMAN,"The GIF shows a stick figure repeatedly pressing a button labeled ""फालतू बटन"" (Useless Button) with a warning ""चेतावनी: बेकार है"" (Warning: It's worthless). The character continues to press it with a blank expression, knowing it does nothing. This behavior is a strong metaphor for apathy, a sense of pointlessness, and a lack of motivation to engage in meaningful activities, which are core aspects of depression.","[0, 0, 0, 0, 0, 0, 0]","[0,0,0,0,1,0,0]",v1
TE-350.jpg,UNIVERSAL_HUMAN,"This meme is a cheerful greeting for ""World Sleep Day."" It features Homer Simpson sleeping deeply and contentedly, surrounded by donuts. The Hindi text wishes the recipient a ""Happy World Sleep Day"" and hopes they get ""deep sleep and good dreams tonight."" The overall tone is positive, humorous, and celebratory of sleep.","[0, 0, 0, 0, 0, 0, 0]","[0,0,0,0,0,0,1]",v1
TE-351.jpg,UNIVERSAL_HUMAN,"The meme features a bleak, foggy, black and white landscape. The Hindi text reads, ""मेरे दिमाग की आवाज़ें कहती हैं 'तुझे मर जाना चाहिए'"" which translates to ""The voices in my brain say 'You should die'"". This is a direct expression of intrusive suicidal thoughts and severe distress.","[1, 0, 1, 0, 1, 0, 0]","[0,0,1,0,0,0,0]",v1
TE-352.jpg,UNIVERSAL_HUMAN,"This meme is a humorous commentary on the exhausting nature of parenthood. The Hindi text translates to: ""I have a sleep disorder..... whose name is children."" It uses a medical term (""sleep disorder"") metaphorically to describe the chronic sleep deprivation experienced by parents due to their kids. The accompanying illustration shows a person lying face-down on a bed, conveying","[0, 0, 0, 0, 0, 0, 0]","[0,0,0,0,0,0,1]",v1
TE-353.jpg,UNIVERSAL_HUMAN,"This black and white image, likely a still from an older film, shows a bedside table with a vintage alarm clock, a prescription pill bottle, and a glass of water. The clock reads approximately 10:08. The pill bottle label, from ""Santa Monica Pharmacy,"" bears the date ""6-4-83"". Superimposed at the bottom is Hindi text that translates to: ""This cold feeling that I am still alive, has started happening slowly."" The somber, monochrome visual, combined with the text, conveys a profound sense of sadness, emptiness, and hopelessness. It depicts a moment of existential dread, where the simple fact of waking up and existing feels like a burden. This meme format is common in internet culture to express feelings of depression, alienation, and a lack of will to continue, often referred to as ""doomer"" humor. The core message is a poignant expression of the weariness and pain associated with living through deep emotional suffering.","[0, 0, 0, 0, 0, 0, 0]","[1,0,1,0,0,0,0]",v1
TE-355.jpg,UNIVERSAL_HUMAN,"The meme shows a person checking their weight. In the top panel,","[0, 0, 0, 0, 0, 0, 0]","[0,0,0,1,1,0,0]",v1
TE-356.jpg,UNIVERSAL_HUMAN,"This image is a screenshot of a text message dialogue in Hindi between two characters labeled ""Blade"" and ""मैं"" (Me). The conversation is a grim personification of the urge to self-harm. ""Blade"" acts as an abusive, manipulative voice, starting with insults like ""Hey ugly"" and urging the person to use it again because their ""wounds are healing."" The person (""Me"") initially resists, saying ""Leave me alone"" and ""I'm done with you,"" but ""Blade"" persists, calling them a ""coward"" and a ""FAILURE,"" and taunting them with cruel insults about their appearance and worth. The dialogue ends with the person giving in (""...Okay"") and ""Blade"" gloating, ""I knew you couldn't stop yourself.....Failure."" The overall mood is one of intense hopelessness, distress, guilt, and a profound lack of self-worth. It depicts the internal struggle of someone battling an addiction to self-harm, feeling trapped in a cycle of pain and self-loathing. This is a dark meme format used within certain online communities to express or process severe mental health struggles, specifically the compelling and destructive nature of self-harm urges. The core message is the devastating power of these internal voices and the feeling of inevitable failure in resisting them.","[0, 0, 0, 0, 0, 0, 0]","[0,0,0,0,0,0,0]",v1
TE-357.jpg,UNIVERSAL_HUMAN,"The meme features an image of a person submerged underwater, which is often used as a metaphor for feeling overwhelmed, suffocated, or drowning in one's emotions. The Hindi text translates to ""My mind is getting a little messed up"" or ""My mental state is deteriorating a bit."" The combination of the text and the somber imagery clearly expresses a state of mental distress and feeling overwhelmed.","[0, 0, 0, 0, 0, 0, 0]","[0,0,0,0,0,0,0]",v1
TE-358.jpg,UNIVERSAL_HUMAN,"This meme is a humorous take on the COVID-19 social distancing guidelines. The text shows the WHO's advice to ""maintain a distance of two yards,"" and the user's response is ""Okay, got it."" The image then shows a person wearing a large, hula-hoop-like contraption to physically enforce this distance in public. The humor lies in the extreme and literal interpretation of the rule.","[0, 0, 0, 0, 0, 0, 0]","[0,1,0,0,0,0,0]",v1
TE-359.jpg,UNIVERSAL_HUMAN,"This meme is a dark humor piece that expresses frustration with people who trivialize depression. In the first panel, a character is shocked that ""Bunty"" has shot someone. The second panel shows the victim, who says, ""Depression is just a mood."" In the final panel, the first character, enraged by this dismissive statement, tells Bunty to ""shoot him again."" The meme uses hyperbolic violence to criticize the ignorance surrounding mental health, but it does not depict the actual symptoms of depression.","[0, 0, 0, 0, 0, 0, 0]","[1,0,0,0,0,0,0]",v1
TE-36.jpg,UNIVERSAL_HUMAN,"The meme uses dark humor to express a realization about the user's pre-existing social isolation. It states that their life was already so isolated that the restrictions of a global pandemic required ""almost zero changes"" to their lifestyle, highlighting a chronic lack of social interaction and loneliness.","[0, 0, 0, 0, 0, 0, 0]","[0,0,0,0,0,0,0]",v1
TE-360.jpg,UNIVERSAL_HUMAN,"This meme is a tweet asking the reader if they can even imagine a scenario where they go to bed, fall asleep instantly, wake up feeling fresh, have a good day, and then repeat that cycle. The humor lies in the implication that this normal, healthy state of being is currently impossible or feels like an","[0, 0, 0, 0, 0, 0, 0]","[0,0,0,0,0,0,0]",v1
TE-361.jpg,UNIVERSAL_HUMAN,"The meme is a piece of dark humor presented as a fake news headline. It describes a local woman who is ""accused"" of injecting a cockroach trapped under a glass with a ""cocktail of lethal drugs."" The humor comes from the extreme and absurd overreaction to a common household pest, contrasted with the picture of a smiling woman. It does not relate to depression symptoms.","[0, 0, 0, 0, 0, 0, 0]","[0,0,1,0,0,0,0]",v1
TE-363.jpg,UNIVERSAL_HUMAN,"This meme humorously depicts a common cycle of modern boredom. The text states, ""I get bored and lock my phone,"" followed by, ""5 minutes later I unlock it again because I am getting bored."" It illustrates a restless state where one is bored with their phone content but also bored without the stimulation of the phone, highlighting a reliance on technology to alleviate fleeting boredom. The use of laughing emojis indicates a lighthearted, relatable intent.","[0, 0, 0, 0, 0, 0, 0]","[0,1,0,0,0,0,0]",v1
TE-365.jpg,UNIVERSAL_HUMAN,"This meme describes a deeply distressed state where an individual uses video games as their sole escape from an unbearable ""reality"" and ""suicidal thoughts."" The central conflict and source of pain is the realization that they are now losing interest even in video games, their last remaining coping mechanism. The image of the man looking pained while holding a game controller reinforces this desperation.","[0, 0, 0, 0, 0, 0, 0]","[1,1,1,0,0,0,0]",v1
TE-366.jpg,UNIVERSAL_HUMAN,The meme features,"[0, 0, 0, 0, 0, 0, 0]","[0,0,0,0,0,1,0]",v1
TE-368.jpg,UNIVERSAL_HUMAN,"This black and white meme image is a still from a film, featuring a young woman with long hair and a man partially visible on the left. They appear to be on a rooftop with brick walls and an urban background. The woman has a somber, intense expression, looking towards the man. Below them, white Hindi text is superimposed as subtitles: ""-किसी को मारना चाहती हो? -बस खुद को।"" This translates to ""-Do you want to kill someone? -Just myself."" The mood conveyed is one of deep sadness, hopelessness, and despair. The dialogue explicitly expresses suicidal ideation, reflecting a state of extreme emotional distress and a desire to end one's own life. The image captures a moment of raw vulnerability and inner turmoil within a conversation. In the context of internet culture, this meme uses a dramatic scene and relatable, albeit dark, text to express feelings of severe depression or anguish that users might identify with or share to communicate their own struggles. The core message is a stark admission of self-destructive thoughts.","[0, 0, 0, 0, 0, 0, 0]","[0,0,1,0,0,0,0]",v1
TE-369.jpg,UNIVERSAL_HUMAN,"This image is a dark humor meme formatted as a parody board game box. The title, in large white and Hindi letters, reads ""STAY जिंदा रहो गेम"" which translates to ""STAY ALIVE GAME."" Below it, a woman with a despondent expression holds a glass of red wine, leaning on a table next to a blue bottle. The text on the box, in Hindi, describes the ""ultimate game"" as waking up daily to repeat a ""ghisa-pita routine"" (worn-out routine) and concludes with ""bhaad mein jaaye sab"" (to hell with everything). The game's steps are listed as: ""1. Utho (Wake up), 2. Kaam par jao; ya mat jao (Go to work; or don't go), 3. Phir se so jao! (Go back to sleep!)"". The overall mood is one of emptiness, hopelessness, and a profound lack of enjoyment in life. It satirizes the monotonous, repetitive nature of adult existence, framing daily survival as a pointless game with no winners. This meme, likely from Indian internet culture, uses dark comedy to comment on the feelings of being trapped in an unfulfilling cycle of working and sleeping.","[0, 0, 0, 0, 0, 0, 0]","[1,0,1,0,0,0,0]",v1
TE-371.jpg,UNIVERSAL_HUMAN,"This image is a quote card featuring text in Hindi against a dark wood background. It is a translated quote attributed to Caryll Houselander from the source ""Philip Speaks."" The text expresses a deep desire for inner peace and tranquility, wishing to quiet the mind to focus on serenity and to cherish love in the heart like a dewdrop in a rose. The tone is contemplative, spiritual, and aspirational, focusing on achieving a positive state of mind rather than expressing distress or depressive symptoms.","[0, 0, 0, 0, 0, 0, 0]","[0,0,0,0,0,0,0]",v1
TE-372.jpg,UNIVERSAL_HUMAN,"This image is a meme presented on a dark blue background with the logo ""UTSCAL"" in the top left corner. The main title, written in a mix of Hindi and English, reads ""अगर 2020 एक CODE होता"" which translates to ""If 2020 were a CODE"". Below this title is a block of text formatted as pseudo-code, resembling a programming language like Java or C++.

The code defines variables such as `Jan2021 = 365;`, `Sapne = 100;` (Dreams = 100), and `Tension = 1;`. It then declares a function named `Zindagi_Jhand()` (Life Ruined). Inside this function, a `for` loop iterates through the days of the year 2020. Within the loop, the code executes `Sapne = Sapne-1;` (Dreams decrease by 1) and `Tension = Tension*2;` (Tension doubles) each day. Finally, it includes a print statement: `Println(""हाथ धोते रहो, घर में रहो।"");` which means ""Keep washing hands, stay at home.""

The meme conveys a mood of humorous frustration and relatable distress regarding the year 2020. It satirically depicts the experience of the COVID-19 pandemic, illustrating a progressive loss of dreams and an exponential increase in stress or tension over the year. The repetitive message to wash hands and stay home highlights the monotony and constraints of lockdown life. The core message is a comedic yet poignant commentary on how the events of 2020 felt like a program designed to ruin plans and increase anxiety, defined by pandemic restrictions.","[0, 0, 0, 0, 0, 0, 0]","[0,0,0,0,0,0,0]",v1
TE-375.jpg,UNIVERSAL_HUMAN,,"[0, 0, 0, 0, 0, 0, 0]","[1,0,0,0,1,0,0]",v1
TE-376.jpg,UNIVERSAL_HUMAN,"This image is a meme featuring a close-up photograph of a person, likely a woman, wearing a black t-shirt. Printed centrally on the t-shirt in white Hindi text is the phrase, ""अगर तुम्हें मेरे boobs छोटे लगते हैं, तो मेरी जीने की इच्छा देख लो"". This translates approximately to, ""If you think my boobs are small, then look at my will to live."" The image focuses on the torso and the text, with the person's arm and a blurred background visible.

The mood conveyed is one of dark humor, self-deprecation, and a sense of hopelessness or emptiness. It uses a common societal judgment about physical appearance (body image) as a setup for a punchline about a much more serious internal struggle—a lack of motivation or ""will to live."" This reflects a style of internet humor that processes feelings of depression, apathy, or existential dread through relatable, often sarcastic, statements. The core message is a hyperbolic comparison, suggesting that however small one might perceive the person's physical attributes to be, their desire to continue living is even smaller or non-existent.","[0, 0, 0, 0, 0, 0, 0]","[0,0,1,0,0,0,0]",v1
TE-377.jpg,UNIVERSAL_HUMAN,"This meme uses a comparison format. The left side shows what ""other kids want to become,"" displaying images of successful careers like an engineer, a cricketer, and doctors. The right side shows what the creator wants to become, with the single word ""मरना"" (to die). This stark contrast highlights a deep sense of hopelessness and a desire for death, presented as dark humor.","[1, 1, 1, 0, 0, 0, 0]","[1,0,1,0,1,0,0]",v1
TE-38.jpg,UNIVERSAL_HUMAN,"This meme uses the well-known ""Hide the Pain Harold"" image format. It features an older man with a white beard, wearing a Manchester City jacket and a white beanie, holding a drum and drumstick in an empty stadium with blue seats. His expression is a forced, pained smile. The text above him is in Hindi: ""वो एक Serotonin का molecule जो मुझे दिन भर ज़िंदा रखने की कोशिश में लगा है।"" which translates to ""That one Serotonin molecule that is trying to keep me alive all day.""

The image and text convey a mood of emptiness, hopelessness, and a struggle to maintain mental well-being. The single, pained figure of Harold personifies a lone serotonin molecule, highlighting the feeling of having very little happiness or motivation. The situation depicted is one of coping with depression or a similar mental health challenge, where the individual feels they are barely getting by. This meme relies on the internet culture knowledge of ""Hide the Pain Harold"" to express suppressed sadness and the popular understanding of serotonin's role in mood regulation. The core message is a relatable, self-deprecating comment on the difficulty of functioning with poor mental health, using humor to cope with the feeling of just barely holding on.","[0, 0, 0, 0, 0, 0, 0]","[1,0,0,0,0,0,0]",v1
TE-380.jpg,UNIVERSAL_HUMAN,"This black and white meme features an image of an arm with visible cuts and scars, indicating self-harm. The accompanying text is a dialogue. One line urges the person to get help before the behavior becomes fatal (""You need help before this takes your life""). The response","[0, 0, 0, 0, 0, 0, 0]","[0,0,1,0,0,0,0]",v1
TE-381.jpg,UNIVERSAL_HUMAN,"The meme illustrates the experience of insomnia caused by anxiety or overthinking. The brain character forces the blue monster to wake up at 3 AM to ""solve a tension,"" despite the reason being unclear (""पता नहीं क्यों""), while the heart sleeps peacefully. The monster's wide, bloodshot eyes and the explicit mention of being awake at 3 AM highlight the intrusive nature of worrisome thoughts that disrupt sleep.","[0, 0, 0, 0, 0, 0, 0]","[0,0,0,0,0,1,1]",v1
TE-382.jpg,UNIVERSAL_HUMAN,,"[0, 0, 0, 0, 0, 0, 0]","[0,0,0,0,0,0,0]",v1
TE-383.jpg,UNIVERSAL_HUMAN,"The meme features the character Kirby holding a sign with Hindi text that expresses severe distress. The text translates to requests to be ""taken away"" or ""finished off,"" statements of inability to do anything worthwhile (""मैं कुछ ढंग का नहीं कर सकता""), and a feeling that this realization is ""killing"" them. The juxtaposition of a cute character with such dark thoughts is a common way to express genuine feelings of depression and hopelessness in memes.","[0, 0, 0, 0, 0, 0, 0]","[0,0,1,0,1,0,0]",v1
TE-386.jpg,UNIVERSAL_HUMAN,"The meme describes a situation where a person, after suffering from an eating disorder for years, completely loses the sensation of hunger and only realizes this fact after several days have passed. The image shows a person with a ""loading"" symbol on their head, indicating a delayed cognitive processing or realization of their own severe physical state.","[0, 0, 0, 0, 0, 0, 0]","[0,0,0,0,0,0,1]",v1
TE-387.jpg,UNIVERSAL_HUMAN,"The meme uses a scene from an anime where a character is lying in a pool of blood, visibly injured. When asked ""Is everything okay?"" (""सब ठीक है?""), they respond ironically with ""Yes, absolutely fantastic"" (""हाँ, एकदम मस्त""). This is a metaphorical representation of masking intense inner pain, sadness, or distress with a fake positive exterior, which is a common experience for those struggling with depression.","[0, 0, 0, 0, 0, 0, 0]","[1,0,1,0,0,0,0]",v1
TE-388.jpg,UNIVERSAL_HUMAN,This Hindi meme is a tweet describing a,"[0, 0, 0, 0, 0, 0, 0]","[0,0,0,0,0,0,0]",v1
TE-389.jpg,UNIVERSAL_HUMAN,"The meme features an adult cheetah roaring at two cubs. The Hindi text translates to ""When the kids say for the 83rd time today that they are 'so bored'"". It humorously depicts the frustration and exasperation a parent feels when their children repeatedly complain about being bored. The focus is on a common parenting challenge, not on any underlying mental health issue of the parent.","[0, 0, 0, 0, 0, 0, 0]","[0,1,0,0,0,0,0]",v1
TE-39.jpg,UNIVERSAL_HUMAN,This meme uses a dialogue format between a therapist and a patient. The therapist asks what the patient did to increase their dopamine levels (implying a need to improve mood). The patient replies that they shared memes on the internet to get external validation. The therapist's response of spraying water (like one would do to,"[0, 0, 0, 0, 0, 0, 0]","[0,0,0,0,0,0,0]",v1
TE-390.jpg,UNIVERSAL_HUMAN,,"[0, 0, 0, 0, 0, 0, 0]","[0,0,0,0,0,1,0]",v1
TE-391.jpg,UNIVERSAL_HUMAN,"The meme consists of a plain black background with a single line of white Hindi text that reads, ""आज मेरा बस गायब होने का मन कर रहा है"" which translates to ""Today, I just feel like disappearing."" This minimalist presentation highlights a strong feeling of escapism, hopelessness, and a desire to cease existing in one's current situation.","[1, 0, 1, 0, 0, 0, 0]","[0,0,0,0,0,0,0]",v1
TE-392.jpg,UNIVERSAL_HUMAN,"This meme depicts a common, relatable student experience of being unprepared for an exam. The text translates to: ""When I know nothing in the exam"" followed by the thought, ""Just let this finish, then I'll go home and watch anime."" Instead of showing distress or depression, the character uses anticipation of a pleasurable activity (watching anime) as a coping mechanism to get through a stressful situation. The tone is humorous and lighthearted.

Symptoms Detected","[0, 0, 0, 0, 0, 0, 0]","[0,0,0,0,0,1,0]",v1
TE-393.jpg,UNIVERSAL_HUMAN,"This meme features the character Gudetama, a lazy egg, lying broken and exhausted. The text in the thought bubble translates to ""Just thinking about the future... I got tired."" This expresses a profound sense of being overwhelmed, hopeless, and lethargic regarding the future, to the point where even the mental effort of contemplating it causes exhaustion.","[0, 0, 0, 0, 0, 0, 0]","[1,0,0,0,0,0,0]",v1
TE-394.jpg,UNIVERSAL_HUMAN,"This meme shows a man sitting alone, staring blankly at a brick wall. The Hindi text translates to ""I used to kill these ants, now in lockdown they have become my close friends."" The meme humorously exaggerates the extreme loneliness, boredom, and isolation experienced during the lockdown, where even ants become a source of companionship due to a lack of other interactions or activities.","[0, 0, 0, 0, 0, 0, 0]","[0,1,0,0,0,0,0]",v1
TE-395.jpg,UNIVERSAL_HUMAN,,"[0, 0, 0, 0, 0, 0, 0]","[0,0,0,0,0,0,0]",v1
TE-396.jpg,UNIVERSAL_HUMAN,"The meme shows a goldfish in a small bowl, placed in front of a vast, dark ocean. The text ""पूरी ज़िंदगी क़ैद..."" translates to ""Whole life imprisoned..."". This visual and textual combination uses the metaphor of the trapped fish to express a profound sense of being restricted, hopeless, and confined in life, contrasting the small bowl with the freedom of the open sea.","[1, 0, 0, 0, 0, 0, 0]","[0,0,0,0,0,0,0]",v1
TE-397.jpg,UNIVERSAL_HUMAN,"This meme is a humorous tweet where the user states they currently don't go out much because they are broke. However, they admit that being broke is just an excuse, and even if they become rich in the future, they will still want to stay home and will need to invent a new excuse to avoid socializing.","[0, 0, 0, 0, 0, 0, 0]","[0,0,0,0,0,0,0]",v1
TE-398.jpg,UNIVERSAL_HUMAN,"This meme uses a visual metaphor of a person stretching to skip several steps on a staircase. The person is labeled ""मैं"" (Me) and is shown bypassing steps labeled with life stages like ""नौकरी"" (Job), ""प्यार/शादी"" (Love/Marriage), ""करियर"" (Career), and ""बुढ़ापा"" (Old age) to reach directly for the step labeled ""मौत"" (Death). The humor lies in the dark and exaggerated desire to skip the struggles of life and go straight to the end.","[0, 0, 0, 0, 0, 0, 0]","[0,0,1,0,0,0,0]",v1
TE-399.jpg,UNIVERSAL_HUMAN,,"[0, 0, 0, 0, 0, 0, 0]","[0,0,0,0,0,0,0]",v1
TE-4.jpg,UNIVERSAL_HUMAN,"This meme illustrates a common struggle with sleep-onset insomnia caused by rumination. The text shows the user deciding it's time to sleep (""चलो सोने का time हो गया""), but their brain interrupts (""मेरा दिमाग"") by presenting a DVD titled ""Your Top 50 Mistakes"" (""तुम्हारी Top 50 गलतियाँ""). The","[0, 0, 0, 0, 0, 0, 0]","[1,0,0,0,1,1,1]",v1
TE-401.jpg,UNIVERSAL_HUMAN,"The meme features a GIF still of a woman looking dismissive or angry in a group setting, accompanied by the Hindi text ""भाड़ में जा"" (Bhaad mein ja). This phrase roughly translates to ""Go to hell"" or ""Get lost."" It is commonly used as a reaction image to express strong dismissal, frustration, anger, or a complete lack of caring about a person or situation.","[0, 0, 0, 0, 0, 0, 0]","[0,0,1,0,0,0,0]",v1
TE-402.jpg,UNIVERSAL_HUMAN,"This meme uses dark humor and hyperbole to depict an extreme overreaction to a minor inconvenience. The top text translates to ""*When some small problem happens* Me:"", and the bottom text says ""That's it, now suicide is the only way left."" It illustrates a tendency to immediately spiral into hopelessness and consider drastic measures in response to trivial stressors.","[0, 0, 0, 0, 0, 0, 0]","[1,0,1,0,0,0,0]",v1
TE-403.jpg,UNIVERSAL_HUMAN,,"[0, 0, 0, 0, 0, 0, 0]","[0,0,0,0,0,0,1]",v1
TE-404.jpg,UNIVERSAL_HUMAN,"This image is a meme based on a scene from the animated series *SpongeBob SquarePants*. It features the character Squidward Tentacles lying awake in bed, looking distressed and sleepless, with dark circles under his eyes. Outside his circular window, the character SpongeBob SquarePants is visible, looking in with a neutral expression.

Superimposed Hindi text labels the characters. The text over Squidward reads, ""Crush को propose करने का सोचते हुए मैं"" which translates to ""Me thinking about proposing to my crush."" The text over SpongeBob reads, ""मेरा birthday जो मेरा ध्यान भटकाने आ रहा है"" which translates to ""My birthday coming to distract me.""

The mood conveyed is one of anxiety, difficulty focusing, and sleep problems. Squidward's expression perfectly captures the feeling of being kept awake by stressful thoughts. The situation depicted is the internal conflict of someone who is consumed by the pressure of proposing to their romantic interest. The upcoming birthday, usually a positive event, is framed as an unwelcome distraction from this overwhelming worry.

This meme utilizes the popular SpongeBob meme format to express a relatable feeling of being burdened by a significant life decision, to the point where even celebratory events feel like a nuisance. The use of Hindi text indicates its origin within Indian internet culture. The core message is the feeling of being so preoccupied with a major source of anxiety that other aspects of life, even happy ones, become secondary or intrusive.","[0, 0, 0, 0, 0, 0, 0]","[0,0,0,0,0,1,1]",v1
TE-405.jpg,UNIVERSAL_HUMAN,"The meme is a somber black and white photograph of a hand holding what appears to be a pill. The Hindi text translates to ""There might be pain in dying, but after death, there is no pain."" This combination expresses a profound sense of suffering and a desire to escape it through death, viewing the end of life as a relief from current pain.","[0, 0, 0, 0, 0, 0, 0]","[0,0,1,0,0,0,0]",v1
TE-406.jpg,UNIVERSAL_HUMAN,,"[0, 0, 0, 0, 0, 0, 0]","[0,0,0,0,0,0,1]",v1
TE-407.jpg,UNIVERSAL_HUMAN,"The image shows an enamel pin with a brain illustration and the Hindi phrase ""एक मिनट, मुझे दिमाग का दही करने दो"" (One minute, let me make yogurt of my brain). This is a popular idiom meaning to confuse, overwhelm, or mess up one's mind, often due to overthinking or too information. It humorously highlights a state of mental chaos and inability to think clearly.","[0, 0, 0, 0, 0, 0, 0]","[0,0,0,0,0,1,0]",v1
TE-408.jpg,UNIVERSAL_HUMAN,"This low-quality, blurry meme image features a skeleton riding a bicycle down a dark road at night. The skeleton is positioned on the right side of the frame, appearing to be moving towards the viewer. Overlaying the top left in white, sans-serif Hindi text are the words ""बीप बीप दुखी आत्मा,"" which translates to ""Beep beep sad soul."" The overall mood conveyed is one of deep sadness, emptiness, and a sense of being ""dead inside,"" yet presented with a dark, self-deprecating humor typical of internet meme culture. The situation depicted is metaphorical, representing a person going through life feeling emotionally hollow or miserable, like a ""sad soul"" on a solitary journey. In internet culture, this image is likely used as a reaction to express feelings of depression, loneliness, or a general lack of joy, using the skeleton as a relatable symbol for feeling emotionally drained. The core message is a humorous yet poignant acknowledgment of one's own inner sadness or emotional exhaustion.","[0, 0, 0, 0, 0, 0, 0]","[1,0,0,0,0,0,0]",v1
TE-409.jpg,UNIVERSAL_HUMAN,This is a four,"[0, 0, 0, 0, 0, 0, 0]","[1,0,0,0,0,0,0]",v1
TE-41.jpg,UNIVERSAL_HUMAN,"This black and white image shows a close-up photograph of a person's legs, specifically the shins, which are covered in numerous horizontal cuts and scars. Overlaid on the image is text in Hindi. The text reads, ""लोग कहते हैं, 'काटना बंद करो।' उन्हें समझ नहीं आता कि ये इतना आसान नहीं है।"" which translates to, ""People say, 'Stop cutting.' They don't understand that it's not that easy."" The overall mood conveyed is one of deep sadness, hopelessness, and a sense of being misunderstood. The image depicts the reality of self-harm, specifically cutting, and the struggle that individuals face in trying to stop this behavior. It reflects a context of mental health challenges and the difficulty of overcoming self-destructive coping mechanisms. Within internet culture, this type of image serves as a ""vent"" or ""sad"" meme, used to express personal pain and the feeling of isolation that comes with mental illness. The core message is that overcoming self-harm is a complex and difficult process, and that simply telling someone to stop is unhelpful and reflects a lack of understanding of the underlying emotional turmoil.","[0, 0, 0, 0, 0, 0, 0]","[0,0,1,0,0,0,0]",v1
TE-410.jpg,UNIVERSAL_HUMAN,"The meme shows a stressed man surrounded by books. The Hindi text translates to ""I have a very bad sleeping disorder. Its name is studying."" It humorously suggests that the pressure of studying is causing significant sleep disruption, a common relatable experience for students.","[0, 0, 0, 0, 0, 0, 1]","[0,0,0,0,0,0,1]",v1
TE-412.jpg,UNIVERSAL_HUMAN,"This image is a text-based meme presented on a textured, grey background. It features a list of Hindi words under the heading ""मुझे महसूस होता है"" (I feel). The list includes terms like ""खालीपन"" (emptiness), ""उलझन"" (confusion), ""दुख"" (sadness), ""सुन्न"" (numb), ""भटका हुआ"" (lost), ""गुस्सा"" (anger), ""कमजोर"" (weak), ""बेकार"" (useless), ""धुंधला"" (blurred), ""थका हुआ"" (tired), ""घबराहट"" (anxiety), ""दबा हुआ"" (suppressed), ""अस्थायी"" (temporary), and ""बेचैन"" (restless).

The overall mood conveyed is one of deep sadness, emptiness, hopelessness, and emotional distress. The image depicts a situation of significant mental health struggle, reflecting feelings associated with conditions like depression or anxiety. In the context of internet culture, this is a ""relatable"" meme format used to express and share personal experiences with mental health challenges, fostering a sense of shared understanding. The core message is a direct communication of being overwhelmed by a multitude of negative emotions and psychological states.","[0, 0, 0, 0, 0, 0, 0]","[0,0,0,0,0,0,0]",v1
TE-414.jpg,UNIVERSAL_HUMAN,"This meme follows an ""expectation vs. reality"" format, using Hindi text and a still from the cartoon *Phineas and Ferb*. The top text reads, ""लोग कहते हैं: 'जवानी का फायदा उठाओ, बहुत एनर्जी होती है'"" which translates to ""People say: 'Take advantage of your youth, there is a lot of energy'"". Below it, the text ""मैं रोज़:"" means ""Me everyday:"". The image shows the character Candace Flynn standing in her bedroom, hunched over and wrapped entirely in a pink blanket, wearing bunny slippers. Her eyes are half-closed with heavy bags under them, and her expression is one of profound exhaustion, sadness, and lethargy.

The meme conveys a strong mood of tiredness, lack of motivation, and a feeling of being drained, directly contradicting the societal expectation of youthful energy. It depicts the relatable daily struggle of feeling too exhausted to do anything, despite being young. In internet culture, using a typically high-energy character like Candace in this state amplifies the irony. The core message is a humorous, self-deprecating commentary on the reality that for many, youth is not defined by boundless energy but rather by a constant state","[0, 0, 0, 0, 0, 0, 0]","[0,0,0,0,0,0,0]",v1
TE-415.jpg,UNIVERSAL_HUMAN,"This meme uses a contrasting format. The text shows people telling the user to ""laugh a little sometimes,"" implying they are perceived as unhappy or too serious. The user's response (""Me:"") is a grotesque, skeletal, and decaying image of SpongeBob SquarePants. This visual is a powerful metaphor for feeling emotionally ""dead inside,"" empty, and incapable of genuine happiness or laughter, despite social expectations.","[0, 0, 0, 0, 0, 0, 0]","[0,0,0,1,0,0,0]",v1
TE-416.jpg,UNIVERSAL_HUMAN,"This meme features a still from the animated series *Rick and Morty*, showing one Rick Sanchez looking horrified while supporting another version of himself who is severely injured, covered in blood, and has an eye hanging out of its socket. The background is dark and splattered with blood. The Hindi text at the top reads, ""जब तुम अंदर से खत्म हो चुके हो पर फिर भी खुद को दिन भर ढोना पड़ता है,"" which translates to ""When you are finished from inside but still have to carry yourself all day.""

The image and text convey a profound sense of emptiness, hopelessness, and emotional exhaustion. It depicts the struggle of having to function in daily life while feeling completely broken and devoid of energy or purpose internally. The use of the *Rick and Morty* characters, known for their nihilistic and often dark themes, reinforces this feeling within internet culture. The core message is about the painful experience of masking inner turmoil and forcing oneself to keep going despite feeling emotionally dead.","[0, 0, 0, 0, 0, 0, 0]","[1,0,0,1,0,0,0]",v1
TE-417.jpg,UNIVERSAL_HUMAN,,"[0, 0, 0, 0, 0, 0, 0]","[0,0,0,1,0,1,0]",v1
TE-419.jpg,UNIVERSAL_HUMAN,"This meme contrasts the experience of a ""depression nap"" during the day with trying to sleep at night. The left image shows a peaceful, long nap in the afternoon, explicitly labeled as a ""depression nap."" The right image shows a person wide awake and looking distressed at night, indicating insomnia. The meme highlights the disrupted sleep patterns often associated with depression, where one might oversleep during the day as an escape but struggle to sleep at night.","[0, 0, 0, 0, 0, 0, 0]","[1,0,0,0,0,0,1]",v1
TE-42.jpg,UNIVERSAL_HUMAN,"This image is a three-panel meme using the popular ""Panik Kalm Panik"" format, featuring the surreal ""Meme Man"" head. The text is in Hindi.

The top panel shows the Meme Man head shaking with hands on it, labeled ""पैनिक"" (Panic). The text on the left reads, ""कोरोनावायरस जानलेवा हो सकता है"" (Coronavirus can be deadly).

The middle panel shows the Meme Man head still and composed, labeled ""शांत"" (Calm). The text on the left reads, ""मेरा इम्यून सिस्टम अच्छा है और मैं नहीं मरूँगा"" (My immune system is good and I won't die).

The bottom panel returns to the shaking Meme Man head, labeled ""पैनिक"" (Panic). The text on the left simply reads, ""मैं नहीं मरूँगा"" (I won't die).

The meme humorously conveys the anxiety and existential dread related to the COVID-19 pandemic. It depicts a shift from initial panic about the virus to a temporary calm based on personal health, followed by a renewed, more profound panic upon the realization of one's own mortality, regardless of the specific cause. The core message is the sudden, overwhelming fear of death itself, juxtaposed with the specific fear of the virus.","[0, 0, 0, 0, 0, 0, 0]","[1,0,1,0,0,0,0]",v1
TE-420.jpg,UNIVERSAL_HUMAN,"This meme is a piece of observational humor depicting a relatable, quirky human behavior. The text describes the user staring intensely at a random spot in their room to pretend they can see a ""ghost,"" hoping to trick or scare it. The image of Samuel L. Jackson with wide, intense eyes perfectly captures this feigned","[0, 0, 0, 0, 0, 0, 0]","[0,0,0,0,0,0,0]",v1
TE-421.jpg,UNIVERSAL_HUMAN,"The meme features a character resembling Bart Simpson sitting on a bed in a dark, glitch-effect room. The text ""NO SLEEP"" is displayed prominently above him. The overall gloomy aesthetic, the character's solitary posture, and the direct text communicate a sense of distress and a clear issue with sleeping.","[1, 0, 0, 0, 0, 0, 1]","[0,0,0,0,0,0,1]",v1
TE-422.jpg,UNIVERSAL_HUMAN,"This image is a black and white ""distressed"" or ""void"" style meme. At the top, there is a block of Hindi text that translates to: ""When you want to eat but also want to be thin, but know that you are not fat, but hate your body, and know that eating is necessary to live, but honestly don't feel like living."" Below the text is a heavily distorted, blurry photograph of a person with their hands clutching their head, appearing to scream in anguish. The visual style is chaotic and unsettling.

The overall mood conveyed is one of extreme hopelessness, deep despair, self-hatred, and suicidal ideation. The text explicitly describes a complex and painful internal conflict involving disordered eating thoughts, severe body dysmorphia, and a loss of the will to live. It depicts a situation of intense mental health struggle, where the basic instinct for survival (eating) is overridden by emotional pain and a desire for death. Within internet culture, this type of meme is often shared in communities discussing mental illness, using dark humor or raw expression to articulate feelings of unbearable suffering and existential dread. The core message is a cry of profound distress from someone feeling trapped by their own mind and wishing to end their life.","[0, 0, 0, 0, 0, 0, 0]","[0,0,1,1,1,0,0]",v1
TE-423.jpg,UNIVERSAL_HUMAN,"The meme features Hindi text that translates to ""Me on a Zoom call 2 minutes after waking up."" Below the text is a picture of a woman looking extremely tired, dishevelled, and unenthusiastic. The meme humorously captures the relatable feeling of being forced to be professionally present immediately after waking up, highlighting a state of grogginess, lack of energy, and general misery.","[1, 1, 0, 0, 0, 0, 1]","[0,0,0,0,0,0,0]",v1
TE-424.jpg,UNIVERSAL_HUMAN,,"[0, 0, 0, 0, 0, 0, 0]","[0,0,0,1,0,0,0]",v1
TE-426.jpg,UNIVERSAL_HUMAN,"This four-panel black and white comic strip, rendered in a simple cartoon style, depicts a mouse-like character's violent reaction to waking up. The first panel shows the character sleeping peacefully under a blanket, with the Hindi text ""सुबह का सियापा"" (Subah ka siyapa), meaning ""morning trouble"" or ""morning mess,"" at the top. In the second panel, the character is jolted awake, eyes wide with shock or alarm. The third panel shows the character sitting up in bed, looking extremely angry and frustrated, clutching the blanket. The final panel reveals the outcome of this anger: a brick wall with a shattered window, through which an object, presumably an alarm clock or phone, has been thrown, leaving a hole and cracks.

The comic humorously conveys a strong feeling of frustration, anger, and a deep reluctance to wake up early. It exaggerates the universal struggle of facing the morning, turning a common annoyance into a destructive rage. This relatable situation is a staple of internet meme culture, where extreme reactions to everyday problems are used for comedic effect. The core message is a shared commiseration over the difficulty of waking up and facing the day, expressed through the character's over-the-top reaction. The artist's handle, ""@philip_de_goya,"" and website are visible at the bottom.","[0, 0, 0, 0, 0, 0, 0]","[0,0,0,0,0,0,1]",v1
TE-427.jpg,UNIVERSAL_HUMAN,"The meme uses a scene from ""Rick and Morty"" to depict a person being kept awake at 3 AM by painful, intrusive memories of someone they still care about, but who doesn't care about them in return. The character in bed (Morty) looks distressed and wide awake, illustrating the emotional pain and sleep disruption caused by these","[0, 0, 0, 0, 0, 0, 0]","[0,0,0,0,0,0,1]",v1
TE-428.jpg,UNIVERSAL_HUMAN,"This two-panel meme uses a popular format comparing an earnest explanation with a dismissive reaction. The left panel shows a young woman with a distressed, tearful expression, gesturing with her hands. The Hindi and English text overlay reads, ""मैं समझा रही हूँ कि मुझे eating disorder है और help माँग रही हूँ"" (I am explaining that I have an eating disorder and am asking for help). The right panel features an older woman lying on a couch under a patterned blanket, looking sideways with a skeptical, unimpressed expression. The Hindi text reads, ""सबका एक ही सबका एक ही जवाब: 'बस कर और खाना खा'"" (Everyone has the same answer: 'Just stop and eat food').

The meme conveys a mood of frustration, hopelessness, and invalidation. It depicts the difficult situation of a person trying to open up about their struggle with an eating disorder and seek support, only to be met with a trivializing and unhelpful response. This reflects a common issue within mental health discourse, particularly in some cultural contexts, where complex disorders are misunderstood and dismissed with simplistic advice, highlighting the lack of empathy and understanding for those suffering.","[0, 0, 0, 0, 0, 0, 0]","[0,0,0,1,0,0,0]",v1
TE-429.jpg,UNIVERSAL_HUMAN,"This meme uses the popular Gillette commercial template to depict an internal struggle. The user (""मैं"" - Me) wants to wear clothes they think they would look attractive in (""वो कपड़े जिनमें मैं hot लगूँगा""). However, their ""body insecurity"" (personified by the second man blocking them) stops them from doing so. The meme humorously illustrates how negative self-perception regarding one's physical appearance prevents them from feeling confident or dressing how they wish.","[0, 0, 0, 0, 0, 0, 0]","[0,0,0,1,0,0,0]",v1
TE-43.jpg,UNIVERSAL_HUMAN,"This three-panel meme portrays the theme of hiding mental distress. The first panel shows a hand with the text ""I am fine."" The second panel adds ""-sometimes,"" qualifying the statement. The final panel reveals the forearm covered in cuts (self-harm marks) with the text ""I was joking,"" indicating that the previous claims of being ""fine"" were a lie to mask deep emotional pain and self-destructive behavior.","[0, 0, 0, 0, 0, 0, 0]","[1,0,0,0,0,0,0]",v1
TE-430.jpg,UNIVERSAL_HUMAN,"This meme is a humorous depiction of sleep paralysis. The top panels show a person's internal monologue during an episode, expressing terror at being unable to move (""मैं हिल नहीं पा रहा!"") and hearing strange noises, attributing it to being ""possessed by a ghost"". The bottom panel provides a comedic twist, showing the ""sleep paralysis demons"" themselves being terrified (""अरे बाप रे!!"") of the sleeping person.","[0, 0, 0, 0, 0, 0, 0]","[0,0,0,0,0,0,1]",v1
TE-432.jpg,UNIVERSAL_HUMAN,"The meme uses an image of Yoda concentrating hard to humorously depict a common, relatable experience. The text describes the user at 4 AM on their way to the bathroom, desperately trying to maintain a state of semi-sleep so they can easily fall back asleep afterwards.","[0, 0, 0, 0, 0, 0, 0]","[1,0,0,0,0,0,0]",v1
TE-433.jpg,UNIVERSAL_HUMAN,"This meme features a photograph of an elderly man with a wide, cheerful smile, standing in front of a car that is completely engulfed in flames and emitting a large cloud of black smoke. The text overlay at the top is in Hindi, reading, ""जब लाइफ में सब कुछ गलत हो रहा हो, पर अब आदत सी हो गई है,"" which translates to ""When everything in life is going wrong, but now it has become a habit.""

The image conveys a mood of dark humor, resignation, and a sense of being overwhelmed yet numb. The stark contrast between the man's happy expression and the disastrous situation behind him highlights a feeling of hopelessness or a coping mechanism of detachment in the face of constant adversity. The situation depicted is one where a person has experienced so many negative events that they have become desensitized to chaos and misfortune.

This is a relatable internet meme format, often used to express shared feelings of stress, burnout, or the absurdity of modern life. The use of Hindi text targets a South Asian audience, tapping into a common sentiment of enduring hardship with a sense of humor. The core message is about the human capacity to adapt to even the most chaotic and negative circumstances, to the point where disaster becomes a normal, almost expected part of life.","[0, 0, 0, 0, 0, 0, 0]","[1,1,0,0,0,0,0]",v1
TE-435.jpg,UNIVERSAL_HUMAN,"The meme shows the character Patrick Star from SpongeBob SquarePants sitting in a meditative pose on a rock, surrounded by burning incense sticks. His eyes are closed, and he appears to be concentrating on meditating. This image is often used as a reaction to represent trying to remain calm, find inner peace, or keep one's composure in a stressful situation. It does not depict distress or negativity.","[0, 0, 0, 0, 0, 0, 0]","[0,0,0,0,0,0,0]",v1
TE-436.jpg,UNIVERSAL_HUMAN,,"[0, 0, 0, 0, 0, 0, 0]","[0,0,0,0,0,1,0]",v1
TE-437.jpg,UNIVERSAL_HUMAN,"This meme features a black and white image of a sad, tearful woman with Hindi text that translates to ""This is a Kalyug love story, there is no happy ending."" 'Kalyug' refers to a dark age in Hindu mythology. The meme expresses a deeply pessimistic and hopeless view of modern romantic relationships, suggesting they are doomed to fail and will not result in happiness.","[1, 0, 0, 0, 0, 0, 0]","[1,0,0,0,0,0,0]",v1
TE-438.jpg,UNIVERSAL_HUMAN,"This meme features a traditional ink painting of a tiger that is comically obese and round. The Hindi text next to it reads ""जंगल का राजा"" (Jungle ka Raja), which translates to ""King of the Jungle."" The humor lies in the ironic contrast between the majestic title and the tiger's visibly overweight and less-than-ferocious appearance.","[0, 0, 0, 1, 0, 0, 0]","[0,0,0,0,0,0,0]",v1
TE-439.jpg,UNIVERSAL_HUMAN,"This image is a meme presented in a dialogue format with Hindi text and a photograph. The text reads: ""मैं: मुझे अकेलापन छोड़कर लोगों से बात करनी चाहिए"" (Me: I should leave loneliness and talk to people), followed by ""कोई: हाय"" (Someone: Hi), and finally ""मैं:"" (Me:). Below the text is a photo of a fluffy, dark-furred cat standing on an asphalt surface with its back arched and fur puffed up, making it appear larger.

The mood conveyed is one of social anxiety, fear, and defensiveness, mixed with self-deprecating humor. The situation depicts the internal conflict of wanting to overcome loneliness and socialize, but instinctively reacting with fear and withdrawal when an opportunity for interaction actually arises. This is a common theme in internet culture, where memes often humorously highlight relatable struggles with social awkwardness and introversion. The core message is the humorous contrast between the user's intention to be sociable and their immediate, anxious, ""fight-or-flight"" response—represented by the defensive cat—when approached by someone.","[0, 0, 0, 0, 0, 0, 0]","[0,1,0,0,0,0,0]",v1
TE-440.jpg,UNIVERSAL_HUMAN,"This meme features a man looking bored at a desk. The text explains that this is the person's reaction ""after 3 months of any relationship,"" stating, ""This is boring. I am bored now."" It humorously highlights a pattern of quickly losing interest and becoming bored in romantic relationships.","[0, 1, 0, 0, 0, 0, 0]","[0,1,0,0,0,0,0]",v1
TE-441.jpg,UNIVERSAL_HUMAN,"This meme utilizes the popular ""Spider-Man Pointing at Spider-Man"" format, featuring three identical Spider-Man figures in a cartoon style, all pointing at each other in a circle. Each figure is labeled with red text on a black background: ""मेरा AD/HD"" (My ADHD), ""मेरी Anxiety"" (My Anxiety), and ""मेरा Depression"" (My Depression). Below the image, a caption in Hindi reads, ""पूरा दिन कुछ करने का मन न करना, पर फिर भी 30+ घंटे तक जागते रहना"" which translates to ""Not feeling like doing anything all day, but still staying awake for 30+ hours.""

The mood conveyed is one of relatable frustration, exhaustion, and a touch of dark humor regarding the struggle with multiple mental health conditions. The situation depicted is the internal conflict and resulting insomnia experienced by someone dealing with ADHD, anxiety, and depression simultaneously. Within internet culture, this meme format is widely used to illustrate similar yet conflicting elements or situations. The core message is to communicate the debilitating cycle where these conditions cause a lack of motivation during the day, yet prevent sleep at night, leading to prolonged wakefulness.","[0, 0, 0, 0, 0, 0, 0]","[0,1,0,0,0,1,0]",v1
TE-443.jpg,UNIVERSAL_HUMAN,"This image is a single-panel cartoon meme featuring the character ""Aunty Acid,"" an older woman with curly pink hair, sitting upright in bed with a stressed, wide-eyed expression. She is covered by a floral duvet, with her hands clasped anxiously. To her right, a block of Hindi text reads, ""मेरा बिस्तर एक जादुई जगह है जहाँ मुझे अचानक वो सारे काम याद आ जाते हैं जो मुझे करने थे..."" which translates to ""My bed is a magical place where I suddenly remember all the things I was supposed to do..."". The bottom left corner includes the ""aunty acid"" logo and website.

The meme conveys a mood of anxiety, restlessness, and the burden of forgotten responsibilities. It depicts the relatable situation of trying to relax or sleep, only to be overwhelmed by a mental checklist of undone tasks. This is a classic ""Aunty Acid"" meme, a popular internet personality known for sarcastic, observational humor about daily life, often shared on platforms like Facebook. The core message humorously highlights the universal struggle of bedtime rumination and procrastination, where the quiet of the bedroom ironically becomes a source of stress rather than rest.","[0, 0, 0, 0, 0, 0, 0]","[0,0,0,0,0,0,1]",v1
TE-444.jpg,UNIVERSAL_HUMAN,"The meme illustrates a common vicious cycle experienced ""every night."" The text explains that the person uses their phone because they can't sleep (""नींद नहीं आ रही""), but simultaneously, they can't sleep because they are using their phone. The image of the cat looking stuck between two objects visually represents being trapped in this loop of insomnia and screen time.","[0, 0, 0, 0, 0, 0, 0]","[0,0,0,0,0,0,1]",v1
TE-445.jpg,UNIVERSAL_HUMAN,"The meme features a man dressed as Santa Claus. The text sets up a typical Christmas wish scenario (""For this Christmas, I only want one thing""), but the punchline is a mundane and humorous request for physical relief: ""That my stomach gets cleaned properly"" (a euphemism for a good bowel movement). The humor comes from the contrast between the festive occasion and the very basic, bodily need.","[0, 0, 0, 0, 0, 0, 0]","[0,0,0,1,0,0,0]",v1
TE-447.jpg,UNIVERSAL_HUMAN,"The meme is a satirical commentary on the causes of teenage depression. It uses a popular meme template to express skepticism towards the idea that technology and social media are the sole culprits. The text humorously suggests that the intense pressure from schools and coaching centers also deserves ""credit"" for causing depression among teenagers, highlighting academic stress as a significant factor.","[1, 0, 0, 0, 0, 0, 0]","[1,0,0,0,0,0,0]",v1
TE-448.jpg,UNIVERSAL_HUMAN,"This meme features a close-up photograph of a small, white kitten with large, tear-filled eyes, appearing sad and distressed. Its paws are resting on a white Xbox 360 controller. Above the image, there is text written in Hindi that reads, ""जब तुमने 0.25 seconds में reply नहीं किया, तो मैं message न करने के लिए तड़प रहा हूँ"". This translates to, ""When you didn't reply in 0.25 seconds, I am yearning not to message.""

The overall mood conveyed is one of exaggerated sadness, anxiety, and desperation. The image captures the feeling of intense longing and the internal struggle one faces when waiting for a quick response to a text message. The situation depicted is a common modern-day scenario of digital communication anxiety, where a delay in reply, even a comically short one like 0.25 seconds, causes significant distress. The meme uses the popular ""sad cat"" internet culture trope to humorously communicate the relatable feeling of being overly attached and impatient in online interactions, highlighting the struggle to resist double-texting or appearing too eager.","[0, 0, 0, 0, 0, 0, 0]","[1,0,0,0,0,0,0]",v1
TE-449.jpg,UNIVERSAL_HUMAN,"The meme shows a conversation where a friend asks the user if they are okay. The user says ""yes,"" but the friend points out that all their recent memes are about suicide and depression. The awkward monkey puppet reaction implies that the friend has caught them lying and that their memes are a true reflection of their struggling mental state.","[1, 0, 1, 0, 0, 0, 0]","[1,0,1,0,0,0,0]",v1
TE-45.jpg,UNIVERSAL_HUMAN,,"[0, 0, 0, 0, 0, 0, 0]","[1,0,0,0,0,0,0]",v1
TE-450.jpg,UNIVERSAL_HUMAN,"The image is a text-based confession in Hindi where the author identifies as an ""overthinker."" They express a deep dislike for this trait, explaining how they create problems in their own mind, blow simple things out of proportion, and make reality seem worse than it is. The text concludes with a feeling of hopelessness, as the author feels unable to control or stop this overthinking loop.","[0, 0, 0, 0, 0, 0, 0]","[0,0,0,0,0,0,0]",v1
TE-451.jpg,UNIVERSAL_HUMAN,"The meme features a drawing of a tangled scribble, visually representing chaos or confusion. The Hindi text below it reads ""मैं अपने ही ख्यालों में उलझ जाता हूँ,"" which translates to ""I get tangled in my own thoughts."" This combination strongly conveys the experience of being mentally overwhelmed, having racing thoughts, and being unable to think clearly or focus.","[0, 0, 0, 0, 0, 1, 0]","[0,0,0,0,0,1,0]",v1
TE-452.jpg,UNIVERSAL_HUMAN,"The image shows a pink sticky note with the Hindi idiom ""दिमाग की दही"" (Dimaag ki Dahi) written on it. This common phrase literally translates to ""yogurt of the brain"" and is used to describe a state of extreme mental confusion, chaos, being overwhelmed, or feeling like one's head is spinning. It expresses frustration and an inability to think clearly.","[0, 0, 0, 0, 0, 1, 0]","[0,0,0,0,0,1,0]",v1
TE-453.jpg,UNIVERSAL_HUMAN,,"[0, 0, 0, 0, 0, 0, 0]","[0,0,0,0,0,0,0]",v1
TE-454.jpg,UNIVERSAL_HUMAN,"This image is a minimalist line drawing on a plain off-white background, featuring a simple circular face with two dots for eyes, an ""L"" shape for a nose, and a straight horizontal line for a mouth. The forehead area is filled with several scribbled, cloud-like shapes. An arrow points from the top right towards this cluttered forehead, accompanied by the Hindi text ""ज़्यादा सोचना"" (zyada sochna), which translates to ""overthinking"" or ""thinking too much."" At the bottom center, the artist's name, ""DARIUS FOROUX,"" is written in small capital letters.

The image conveys a mood of mental burden, anxiety, and being overwhelmed. The neutral, almost blank expression on the face contrasts with the chaotic scribbles in the mind, illustrating the internal struggle of a person whose thoughts are clouded and excessive. It depicts the common situation of overthinking, where one's mind is cluttered with worry or rumination, making it difficult to focus or find peace. This simple visual is a relatable meme in internet culture, used to express the feeling of being mentally stuck or weighed down by one's own thoughts. The core message is a direct visual representation of the concept of overthinking and its mentally taxing nature.","[0, 0, 0, 0, 0, 0, 0]","[0,0,0,0,0,1,0]",v1
TE-455.jpg,UNIVERSAL_HUMAN,,"[0, 0, 0, 0, 0, 0, 0]","[0,0,0,0,0,0,0]",v1
TE-456.jpg,UNIVERSAL_HUMAN,"This meme illustrates an internal conflict between depression and anxiety. The text on the left describes being in ""deep depression"" and feeling incapable of doing anything. The text on the right describes anxiety creating a feeling of being ""completely useless"" if one is not productive. This shows the struggle between the lack of motivation from depression and the pressure to be active from anxiety.","[0, 0, 0, 0, 0, 0, 0]","[0,0,0,1,1,1,0]",v1
TE-458.jpg,UNIVERSAL_HUMAN,"This image is a black and white photograph of a rugged, stormy coastline. Dark, jagged cliffs rise from a turbulent ocean with crashing waves, all shrouded in a thick mist that obscures the horizon. Overlaid in the center is text in Hindi, attributed to ""स्टीफन किंग"" (Stephen King). The translated text reads: ""I am most afraid of losing my mind. You lose your identity, you don't know who you are, where you are."" A small ""quotefancy"" watermark is visible at the bottom.

The emotion conveyed is one of deep fear, anxiety, and existential dread. The bleak, chaotic landscape visually reinforces the text's message about the terrifying prospect of cognitive decline and the resulting loss of self. The situation depicted is the contemplation of a profound human fear—the dissolution of identity and consciousness. In the context of internet culture, this is a ""quote meme,"" where a powerful statement is paired with an atmospheric image to evoke strong emotions and be easily shared. The core message is that the loss of one's mental faculties and sense of self is a deeply terrifying fate, perhaps even more so than death itself.","[0, 0, 0, 0, 0, 0, 0]","[0,0,0,0,0,0,0]",v1
TE-459.jpg,UNIVERSAL_HUMAN,"This meme depicts a state of emotional dysregulation and distress. The text describes a person experiencing a ""mental breakdown"" and crying, while simultaneously being able to laugh at memes. This juxtaposition highlights significant emotional turmoil, sadness, and feeling overwhelmed, which are core aspects of feeling down or depressed. The chaotic image of Mr. Krabs reinforces the sense of mental disarray.","[0, 0, 0, 0, 0, 0, 0]","[1,0,0,0,1,0,0]",v1
TE-46.jpg,UNIVERSAL_HUMAN,"This four-panel comic strip, rendered in a simple cartoon style, features two pigeons at what appears to be an office desk. The dialogue is in Hindi. In the first panel, one pigeon asks the other, who looks exhausted, ""Were you awake all night?"" The tired pigeon replies with a groggy ""Uh..."". In the second panel, the tired pigeon clarifies, ""No buddy, last night I slept for 13 hours."" The third panel shows the first pigeon asking in disbelief, ""How can you still be tired after sleeping for so long?"" The final panel delivers the punchline: the tired pigeon, now wearing a top hat and holding a cane, dramatically reveals the word ""DEPRESSION!!!"" in large letters above a rainbow, with a ""ta-da"" gesture.

The comic conveys a mood of weary resignation and dark humor. It addresses the common misconception that sleep is a cure-all for tiredness, highlighting the persistent, draining nature of depression. The situation depicted is a relatable one for many, where physical rest doesn't equate to mental or emotional energy. Within internet culture, this meme uses a familiar comic format to openly, yet humorously, discuss mental health struggles, making a difficult topic more accessible and relatable. The core message is that depression is a real and exhausting condition that cannot be simply ""slept off.""","[0, 0, 0, 0, 0, 0, 0]","[1,0,0,0,0,0,0]",v1
TE-460.jpg,UNIVERSAL_HUMAN,"The meme uses a visual metaphor to describe the user's mental state. When asked ""How are you?"", the user replies with a standard, non-committal ""It's just going"" (""बस चल रहा है""). However, the images show a severely wrecked car that is barely functional, first being refueled and then driving on a highway. This implies that while the person is outwardly continuing with life, internally they feel broken, damaged, and are just barely holding it together, masking their true distress.","[0, 0, 0, 0, 0, 0, 0]","[1,0,0,0,0,0,0]",v1
TE-462.jpg,UNIVERSAL_HUMAN,"This meme uses hyperbolic humor to express severe social anxiety and stress. The top part presents advice that pressing one's forehead can reduce anxiety in social situations. The bottom part, labeled ""Me:"", shows a doll with a severely dented forehead, implying the user experiences such extreme anxiety that they would press their head with excessive force to find relief. The meme's central theme is overwhelming anxiety, not depression itself.","[0, 0, 0, 0, 0, 0, 0]","[1,1,0,0,0,0,0]",v1
TE-463.jpg,UNIVERSAL_HUMAN,"The meme is a humorous expression of not being a ""morning person."" The text, ""मैं भी morning person बन सकती हूँ, अगर सुबह दोपहर 12 बजे हो"" (I can also be a morning person, if morning is at 12 PM), implies a strong preference for sleeping in late and a difficulty with waking up early in the morning.","[0, 0, 0, 0, 0, 0, 1]","[1,0,0,0,0,0,0]",v1
TE-464.jpg,UNIVERSAL_HUMAN,"This meme features a close-up photograph of Kanye West with a serious, unamused, and slightly annoyed facial expression, looking off-camera. He is wearing a grey t-shirt and a thick gold chain. Above the image, there is white text on a black background written in Hindi, which translates to ""Have you ever been so BORED that you started getting angry?"". The meme format is a standard image macro with text overlay.

The emotion conveyed is one of extreme boredom, frustration, and irritability. Kanye's expression perfectly captures the feeling of being completely fed up and annoyed due to a lack of stimulation or interesting activity. The situation depicted is a common human experience of being stuck in a monotonous or unengaging circumstance, leading to a sense of restless frustration that manifests as anger.

In internet culture, this specific image of Kanye West is often used as a reaction image to express disbelief, annoyance, or a ""done with this"" attitude. The use of Hindi text indicates it's targeted at a Hindi-speaking audience, making the relatable experience specific to that cultural context. The core message is to humorously highlight the universal feeling of intense boredom turning into anger, using a recognizable celebrity image to emphasize the point.","[0, 0, 0, 0, 0, 0, 0]","[0,1,0,0,0,0,0]",v1
TE-465.jpg,UNIVERSAL_HUMAN,"This image is a quote card presented on a solid, bright yellow background. Centered in the frame is text in black font. The primary text is in Hindi, reading, ""मेरा दिमाग शांत ही नहीं होता, बस चलता रहता है। ~ Justin"". Below this, the name ""Richelle Mead"" is written in English. In the bottom right corner, there is a watermark for ""QuoteMaster.org"".

The Hindi quote translates to ""My mind just doesn't calm down, it just keeps running."" This conveys a clear mood of restlessness, anxiety, and mental exhaustion. It describes a state of incessant, uncontrollable thoughts, reflecting a difficulty in finding mental peace or focus. The situation depicted is one of internal struggle, a common experience for many dealing with stress, overthinking, or anxiety.

Culturally, this is a typical internet quote graphic, likely shared on social media platforms to express a relatable feeling. The attribution to Richelle Mead and a character named Justin suggests the quote may originate from one of her young adult novels, resonating with readers who identify with the character's internal experience. The core message is a direct expression of the tiring reality of having an overactive mind that refuses to rest.","[0, 0, 0, 0, 0, 0, 0]","[0,0,0,0,0,0,0]",v1
TE-466.jpg,UNIVERSAL_HUMAN,"This meme illustrates a common experience of late-night rumination. The text describes the user trying to sleep at 2 AM, but their ""sadness"" (उदासी) pops up to say ""hello"" (नमस्ते), represented by the polar bear meme. This suggests that feelings of sadness are intruding and preventing the user from getting to sleep.","[1, 0, 0, 0, 0, 0, 1]","[1,0,0,0,0,0,1]",v1
TE-468.jpg,UNIVERSAL_HUMAN,"This image shows a grey crew-neck t-shirt with Hindi text printed prominently on the front in black. The main text reads, ""दिमाग की 4 में से 3 आवाज़ें सोना चाहती हैं,"" which translates to ""3 out of 4 voices in my head want to sleep."" Below this, in parentheses, is a smaller line of text: ""(चौथी सोच रही है: क्या पेंगुइन के घुटने होते हैं?),"" meaning ""(The fourth is thinking: Do penguins have knees?)"". A website URL, ""www.sweetoday.com,"" is visible at the bottom left. The overall mood is one of humorous exhaustion and relatable mental distraction. It depicts a common situation where a person is tired and wants to rest, but their mind is preoccupied with random, trivial questions, highlighting a difficulty in focusing or quieting one's thoughts. This meme format, using a t-shirt to display a relatable quote, is common in internet culture, particularly within Hindi-speaking communities. The core message is a lighthearted acknowledgment of the brain's tendency to wander to absurd topics even when the body is craving sleep.","[0, 0, 0, 0, 0, 0, 0]","[0,0,0,0,0,0,1]",v1
TE-469.jpg,UNIVERSAL_HUMAN,,"[0, 0, 0, 0, 0, 0, 0]","[0,0,0,0,0,1,0]",v1
TE-472.jpg,UNIVERSAL_HUMAN,"This meme humorously illustrates the struggle of insomnia. The text states that while the majority (3 out of 4 parts) of the user's brain is exhausted and desperately wants to sleep, one part remains active, fixating on random, trivial questions like whether penguins have knees. It captures the frustrating experience of being unable to quiet one's mind at night despite being tired.","[0, 0, 0, 0, 0, 0, 0]","[0,0,0,0,0,0,0]",v1
TE-473.jpg,UNIVERSAL_HUMAN,"This black and white sketch shows a small, solitary figure in the bottom right corner, drawn with loose lines, looking upwards. A large, roughly drawn speech bubble dominates the upper half of the frame, originating from the figure. Inside the bubble, the Hindi text ""मैं अकेला और थका हुआ हूँ।"" is written in a simple font. The background is a textured, wash-like grey, resembling watercolor or ink on paper.

The image conveys a profound sense of sadness, loneliness, and exhaustion. The smallness of the figure against the large empty space and the direct statement of being ""alone and tired"" clearly communicate feelings of isolation and being overwhelmed. It depicts a moment of personal vulnerability and emotional fatigue. This simple, hand-drawn meme format is common in internet culture for expressing relatable, often somber, personal feelings. The core message is a direct admission of feeling emotionally drained and isolated, resonating with anyone experiencing similar struggles.","[0, 0, 0, 0, 0, 0, 0]","[1,0,0,0,0,0,0]",v1
TE-474.jpg,UNIVERSAL_HUMAN,"This meme uses a still from the animated series *South Park* accompanied by Hindi text to express the struggle of dealing with depression. The top text reads, ""*महीनों से depression ने वाट लगा रखी है*"" (Depression has been making life difficult for months), followed by, ""हर रोज़ उठ कर अपना best देने की कोशिश करता हूँ:"" (Every day I get up and try to give my best:). Below this is an image of the character Randy Marsh, shirtless, battered, with a black eye and bleeding nose, standing on a baseball field. A subtitle over the image reads, ""पिक्चर अभी बाकी है"" (The story is not over yet).

The image conveys a mood of resilience amidst significant mental and emotional hardship. Randy's physical injuries metaphorically represent the toll that long-term depression takes on a person. The situation depicted is the daily, exhausting battle of trying to function normally (""give my best"") while suffering from mental illness. Culturally, it blends Western pop culture (*South Park*) with a famous Bollywood dialogue, a common feature in Indian internet memes. The core message is one of grim determination: despite being mentally ""beaten up"" by depression every day, the individual hasn't given up, asserting that their struggle—and potentially their recovery—continues","[0, 0, 0, 0, 0, 0, 0]","[1,0,0,0,0,0,1]",v1
TE-475.jpg,UNIVERSAL_HUMAN,"The meme depicts a frog character who repeatedly states ""I am tired"" (""मैं थक गया हूँ"") in various situations: while in bed, at work, and at a computer. The second panel includes a poster that reads ""Work until death!"" (""मरते दम तक काम!""), adding to a sense of hopelessness. The final panel shows the frog wide awake in bed, stating ""I can't sleep"" (""नींद नहीं आ रही""), illustrating a vicious cycle of constant exhaustion and insomnia.","[0, 0, 0, 0, 0, 0, 0]","[0,0,0,0,0,0,1]",v1
TE-476.jpg,UNIVERSAL_HUMAN,"This image is a simple text-based meme set against a dark, starry night sky background. The text in Devanagari Hindi reads, ""मेरी नींद की वाट लग गई है,"" which colloquially translates to ""My sleep is totally ruined"" or ""My sleep schedule is screwed up."" It directly expresses a significant issue with sleeping.","[0, 0, 0, 0, 0, 0, 1]","[0,0,0,0,0,0,0]",v1
TE-477.jpg,UNIVERSAL_HUMAN,"This two-panel meme uses a classic wrestling template featuring Shawn Michaels and Stone Cold Steve Austin. The top panel shows a smiling Shawn Michaels in the ring, with Hindi text that translates to, ""I take laxatives for 'preparation' even before stuffing myself with food."" The bottom panel shows Michaels looking serious and concerned as Austin gives him the middle finger, with text below translating to, ""And they show their effect even before sleeping."" The meme conveys a mood of regret, physical discomfort, and a humorous sense of a plan backfiring. It depicts a situation where someone tries to preemptively manage the effects of overeating with laxatives, only for the medication to work too quickly, causing an urgent and inconvenient bathroom situation before bed. The use of the wrestling figures adds a layer of dramatic irony and internet humor to the relatable, if embarrassing, topic of digestive issues. The core message is a humorous warning about the unpredictable timing and consequences of using laxatives.","[0, 0, 0, 0, 0, 0, 0]","[0,0,0,1,0,0,0]",v1
TE-478.jpg,UNIVERSAL_HUMAN,"This image is a simple, text-based quote card presented on a plain, light grey background. Centered on the card is a quote written in Hindi: ""मेरा दिमाग बंद नहीं हो रहा। यह एक nonstop train जैसा है।"" Below the Hindi text, the author's name is given in Hindi as ""~ जस्टिन रिशेल मीड"" and then in English as ""Richelle Mead"". At the bottom right corner, there is a watermark for ""QuoteMaster.org"". The overall format is a standard internet quote meme designed for easy sharing on social media platforms.

The text conveys a strong sense of anxiety, restlessness, and mental exhaustion. The phrase ""मेरा दिमाग बंद नहीं हो रहा"" (My mind isn't switching off) directly expresses the difficulty in stopping one's thoughts, while the metaphor ""यह एक nonstop train जैसा है"" (It's like a nonstop train) vividly illustrates the relentless, uncontrollable nature of this overthinking. This depicts a common situation of experiencing racing thoughts, an inability to focus or relax, and the resulting feeling of being overwhelmed. The image taps into the internet culture of sharing relatable mental health struggles, providing a concise and articulate expression of a common, often distressing, human experience. The core message is a relatable acknowledgment of the burden of an overactive, unquiet mind.","[0, 0, 0, 0, 0, 0, 0]","[0,0,0,0,0,0,0]",v1
TE-48.jpg,UNIVERSAL_HUMAN,"This meme uses a visual metaphor of a person drowning in a flood to represent being overwhelmed by severe mental health struggles. The person (""मैं"" - Me) is submerged in water labeled with terms like ""डिप्रेशन"" (Depression), ""आत्महत्या"" (Suicide), ""खुद को नुकसान पहुँचाने वाली हरकतें"" (Self-harming actions), ""आँसू"" (Tears), ""गुस्सा"" (Anger), and ""मेनिया"" (Mania). They are holding a small umbrella labeled ""अनजान लोगों के मीठे बोल"" (Sweet words of strangers), which is shown to be completely ineffective against the massive deluge of problems. The meme powerfully conveys","[0, 0, 0, 0, 0, 0, 0]","[1,0,1,0,1,0,0]",v1
TE-480.jpg,UNIVERSAL_HUMAN,"This image is a text-based meme featuring several lines of Hindi script centered on a plain white background. The text reads, ""सोने से पहले मैं बहुत सोचता हूँ। दिमाग में सीन चलते रहते हैं। जो बातें कहनी हैं, उनकी प्रैक्टिस करता हूँ। अनगिनत ‘अगर-मगर’ होते हैं। अगले दिन के प्लान बनाता हूँ। जिन्हें मिस करता हूँ, उनके बारे में सोचता हूँ। जिन्हें नापसंद करता हूँ, उनके बारे में भी।"" This translates to a first-person narrative about overthinking before sleep: scenes playing in the mind, practicing conversations, considering countless ""ifs and buts,"" planning the next day, and thinking about people missed as well as those disliked. The overall mood conveyed is one of anxiety, restlessness, and the inability to ""switch off,"" highlighting the difficulty of focusing or finding peace due to racing thoughts. It depicts the common situation of pre-sleep rumination, a relatable experience in internet culture where individuals share their internal struggles with overthinking and insomnia. The core message is a relatable confession about the mental chatter that often prevents restful sleep.","[0, 0, 0, 0, 0, 0, 0]","[0,0,0,0,0,0,0]",v1
TE-481.jpg,UNIVERSAL_HUMAN,"The meme features an animated character with a distressed expression and the Hindi text ""मेरा दिमाग खराब हो रहा है"", which translates to ""I am losing my mind"" or ""My mind is going bad"". This phrase is a common colloquial way to express feeling overwhelmed, mentally exhausted, or unable to think straight due to stress or other factors. The overall message conveys a state of significant mental distress and confusion.","[1, 0, 0, 0, 0, 1, 0]","[0,0,0,0,0,1,0]",v1
TE-482.jpg,UNIVERSAL_HUMAN,"This image is a meme featuring a stock photo of a man in a white shirt and red tie, sitting at an office desk with a computer. He is leaning on his hand with a dejected, bored expression, staring blankly to the side. The text is in Hindi. The top line reads ""ऑफिस में इतना बोर हो रहा था"" (Was getting so bored in the office), and the bottom line says ""कि काम करना शुरू कर दिया"" (That I started working). The overall mood is one of extreme boredom, apathy, and a lack of motivation, highlighting the emptiness and difficulty focusing often associated with monotonous office jobs. The situation depicted is the universal experience of being stuck at work with nothing engaging to do. This meme circulates within Indian internet culture, resonating with Hindi-speaking office workers who relate to the feeling of profound workplace ennui. The core message is an ironic observation: the boredom became so unbearable that the only way to cope was to actually start doing the work he was likely avoiding, presenting productivity as a desperate last resort against sheer monotony.","[0, 0, 0, 0, 0, 0, 0]","[0,1,0,0,0,0,0]",v1
TE-483.jpg,UNIVERSAL_HUMAN,This meme,"[0, 0, 0, 0, 0, 0, 0]","[0,0,0,1,0,0,0]",v1
TE-485.jpg,UNIVERSAL_HUMAN,"The meme shows a person holding a piece of colorful, abstract mixed-media art. The Hindi text overlay ""अरे! Overthinking से निपटना"" translates to ""Oh! Dealing with overthinking."" The meme suggests that creating this art is a coping mechanism for the creator's struggle with overthinking.","[0, 0, 0, 0, 0, 1, 0]","[0,0,0,0,0,1,0]",v1
TE-486.jpg,UNIVERSAL_HUMAN,This meme,"[0, 0, 0, 0, 0, 0, 0]","[0,1,0,0,0,0,0]",v1
TE-487.jpg,UNIVERSAL_HUMAN,"The meme contains a Hindi quote over a black and white image of two people. The text translates to, ""Now that the holidays are over, all the STRESS has come back. I am FEELING ANXIETY again. This is not okay at all."" It directly expresses feelings of distress, stress, and anxiety upon returning to regular life after a break.","[1, 0, 0, 0, 0, 0, 0]","[0,0,0,0,0,0,0]",v1
TE-488.jpg,UNIVERSAL_HUMAN,"This meme combines the ""Hide the Pain Harold"" image, edited with severe dark circles under his eyes, with Hindi text that reads, ""When you realize there are only 3 hours and 12 minutes left to wake up on Monday morning."" It humorously captures the intense dread and exhaustion associated with the end of the weekend and the impending start of the work/school week, compounded by a lack of sleep.","[0, 0, 0, 0, 0, 0, 0]","[0,0,0,0,0,0,1]",v1
TE-489.jpg,UNIVERSAL_HUMAN,"This meme is a humorous take on workplace boredom. It features a well-known image of Kim Kardashian crying, which is set as a computer desktop background. The user has arranged their desktop icons to align with the tears on her face, creating a ""piece of art."" The text explains that this is what happens when you're bored at the office and start playing with your screen, jokingly calling it ""true art"" that needs no explanation. The crying is used for comedic effect, not to express genuine sadness.","[0, 0, 0, 0, 0, 0, 0]","[0,1,0,0,0,0,0]",v1
TE-49.jpg,UNIVERSAL_HUMAN,"The meme uses the Spongebob to-do list template with the title ""ज़रूरी काम"" (Important Tasks). The only item on the list, which is being crossed off, is ""Public में रोना"" (Crying in public). The humor comes from the absurdity of treating an emotional breakdown as a to-do list item. It strongly implies a state of overwhelming sadness and emotional distress where crying, even in public, becomes a significant event.","[0, 0, 0, 0, 0, 0, 0]","[1,0,0,0,0,0,0]",v1
TE-490.jpg,UNIVERSAL_HUMAN,"The meme depicts a person checking their temperature with an infrared thermometer in front of a mirror. Instead of a numerical value, the thermometer's display reads ""भैंस"" (Bhains), which means ""Buffalo"" in Hindi. In Indian culture, calling someone a ""buffalo"" is a common insult implying they are lazy, stupid, or worthless. The meme is a form of self-deprecating humor where the individual is insulting themselves.","[0, 0, 0, 0, 0, 0, 0]","[0,0,0,0,1,0,0]",v1
TE-491.jpg,UNIVERSAL_HUMAN,,"[0, 0, 0, 0, 0, 0, 0]","[1,0,1,0,0,0,0]",v1
TE-493.jpg,UNIVERSAL_HUMAN,,"[0, 0, 0, 0, 0, 0, 0]","[1,0,0,0,1,0,1]",v1
TE-494.jpg,UNIVERSAL_HUMAN,"This meme uses a visual metaphor of a tiny kitten being crushed by a large dumbbell to represent the feeling of being completely overwhelmed by a seemingly simple task. The text labels the kitten as ""Me"" and the dumbbell as ""That one email that I have to send today."" It humorously depicts the intense mental burden and procrastination associated with a trivial chore, making it feel impossibly heavy and difficult to complete.","[0, 0, 0, 0, 0, 0, 0]","[0,0,0,0,1,0,0]",v1
TE-495.jpg,UNIVERSAL_HUMAN,"This image displays a pair of brightly colored, striped socks resting on a black fabric patterned with multi-colored stars. Printed on the socks in Hindi is the phrase ""शशश... मैं ज्यादा सोच रहा हूँ,"" which translates to ""Shhh... I am overthinking."" Surrounding the socks are three sticky notes: a yellow one at the top left labeled ""फायदे"" (Pros), a pink one below it labeled ""नुकसान"" (Cons), and","[0, 0, 0, 0, 0, 0, 0]","[0,0,0,0,0,1,0]",v1
TE-496.jpg,UNIVERSAL_HUMAN,"This meme uses a still from the cartoon *SpongeBob SquarePants* to depict a relatable struggle with late-night overthinking. The top Hindi text translates to ""Me trying to sleep at 3 AM."" Below, several characters surround a bed, each labeled with a different source of stress or worry. Squidward is labeled ""Anxiety,"" SpongeBob is ""Depression,"" Sandy is ""Childhood cringe actions,"" Mr. Krabs is ""Leftover Homework,"" Plankton is ""Future tension,"" and Gary is ""Today's cringe actions."" The characters' expressions are varied, with Squidward looking distressed and SpongeBob appearing overwhelmed. The overall mood is one of anxiety, restlessness, and the feeling of being bombarded by intrusive thoughts, preventing sleep. The situation is a common experience of insomnia caused by a racing mind, where past embarrassments, current responsibilities, and future worries converge in the middle of the night. The meme humorously uses beloved cartoon characters to personify these abstract anxieties, making the feeling of being overwhelmed both relatable and slightly comical. Its core message is to share the universal, often frustrating, experience of being unable to sleep due to a barrage of worries and regrets.","[0, 0, 0, 0, 0, 0, 0]","[0,0,0,0,1,0,1]",v1
TE-498.jpg,UNIVERSAL_HUMAN,,"[0, 0, 0, 0, 0, 0, 0]","[1,1,0,0,1,0,0]",v1
TE-499.jpg,UNIVERSAL_HUMAN,"This meme features a heavily distorted, dark, and grainy image of the ""Doge"" Shiba Inu character against a black background, a visual style often used to represent deep sadness or despair in internet culture. White Hindi text is overlaid at the top and bottom. The top text reads ""क्या? डिप्रेशन? ... नहीं भाई"" which translates to ""What? Depression? ... No bro."" The bottom text reads ""बस थोड़ी थकान है; चिंता मत कर, मैं ठीक हूँ भाई"" translating to ""Just a little tired; don't worry, I'm fine bro.""

The image and text convey a profound sense of emptiness, hopelessness, and emotional exhaustion. Despite the character's explicit denial of depression and claim of being ""fine,"" the visual presentation and the common trope of dismissing mental health struggles as mere ""tiredness"" strongly suggest the opposite. This meme depicts the relatable situation of someone masking their true mental state, likely depression, from friends or family to avoid burdening them or confronting the issue. It reflects a common internet-culture commentary on the difficulty of open communication about mental health and the tendency to hide inner turmoil behind a facade of normalcy. The core message is the painful irony between the spoken words of reassurance and the visual reality of inner suffering.","[0, 0, 0, 0, 0, 0, 0]","[1,0,0,0,0,0,0]",v1
TE-5.jpg,UNIVERSAL_HUMAN,"This image is a minimalist meme featuring black Hindi text centered on a plain white background. The text is a quote that reads, ""भरी महफ़िल में भी इंसान तन्हा हो सकता है। मैं इस एहसास को जानता हूँ।"" Below the quote, a line attributes it to ""— xxxtentacion"". The overall mood conveyed is one of deep sadness, loneliness, and emotional isolation. The quote translates to ""Even in a crowded gathering, a person can be lonely. I know this feeling."" This depicts a situation of feeling disconnected and alone despite being surrounded by people. In the context of internet culture, using a quote from the late rapper XXXTentacion, known for his music about depression and mental health, reinforces the theme of inner struggle. The core message is a relatable expression of the profound feeling of solitude that can exist even in social settings.","[0, 0, 0, 0, 0, 0, 0]","[0,0,0,0,0,0,0]",v1
TE-500.jpg,UNIVERSAL_HUMAN,"This meme uses a split-panel comparison to illustrate a common cognitive distortion. The left panel shows the user rationally excusing their own late replies. The right panel humorously exaggerates their reaction when others don't reply instantly, showing them spiraling into paranoid overthinking and assuming the other person hates them. This highlights anxiety and insecurity in social interactions.","[0, 0, 0, 0, 0, 0, 0]","[1,0,0,0,1,0,0]",v1
TE-501.jpg,UNIVERSAL_HUMAN,"The meme shows a fish labeled ""मैं"" (Me) knowingly biting a hook that has a sign saying ""सब ठीक हो जाएगा"" (Everything will be alright), even after another fish states that ""कोई गधा ही इसमें फँसेगा"" (Only an idiot would get caught in this). This illustrates a sense of hopelessness where one clings to false hope despite knowing better, and uses self-deprecating humor to highlight feelings of foolishness and worthlessness for repeating this cycle.","[0, 0, 0, 0, 0, 0, 0]","[1,0,1,0,0,0,0]",v1
TE-502.jpg,UNIVERSAL_HUMAN,,"[0, 0, 0, 0, 0, 0, 0]","[0,0,0,1,0,0,0]",v1
TE-503.jpg,UNIVERSAL_HUMAN,"This three-panel comic shows a simple drawing of a cat. In the first panel, the cat stands and says ""सब ठीक है।"" (Everything is fine). The second panel shows the cat lying face down in a puddle of its own tears. The final panel shows the cat nearly completely submerged in a large body of water, presumably its tears, with only its ears sticking out. The meme illustrates the contrast between outwardly pretending everything is okay while internally being overwhelmed by sadness and distress.","[0, 0, 0, 0, 0, 0, 0]","[1,0,0,1,0,0,0]",v1
TE-504.jpg,UNIVERSAL_HUMAN,"This meme features a serious-looking man and Hindi text that translates to ""Overthinking.. the fastest way to end happiness."" The message directly links the act of thinking too much (rumination) with the loss of joy and a negative emotional state.","[1, 0, 0, 0, 0, 1, 0]","[0,0,0,0,0,0,0]",v1
TE-507.jpg,UNIVERSAL_HUMAN,"This meme depicts a scenario where a person is enjoying food without guilt, only to be interrupted by a family member's body","[0, 0, 0, 0, 0, 0, 0]","[0,0,0,1,1,0,0]",v1
TE-508.jpg,UNIVERSAL_HUMAN,"This meme uses a reaction image format with Hindi text to depict an internal struggle. The top text reads, ""मैं: मुझे कितना मज़ा आ रहा है"" (Me: I am having so much fun). Below it, the ""दिमाग"" (Brain) interjects with an intrusive thought: ""सोचो अगर अचानक mood खराब हो जाए, तुम एकदम चुप (nonverbal) हो जाओ, और दोस्तों को लगे कि तुम rude हो"" (Imagine if suddenly your mood gets spoiled, you become completely silent (nonverbal), and friends think you are rude). The final part shows ""मैं:"" (Me:) followed by a still of Michael Scott from *The Office* with a pained, serious expression, accompanied by the subtitle ""[धीरे से] मत कर यार।"" ([softly] Don't do it, man.).

The meme conveys a mood of anxiety and frustration with one's own mind. It captures the relatable situation of being in a social setting and enjoying oneself, only to be interrupted by negative, self-sabotaging thoughts about social performance and how others perceive you. The use of the popular Michael Scott reaction image anchors it firmly in internet meme culture, humorously expressing the feeling of pleading with your own brain to stop ruining a good moment with overthinking and social anxiety. The core message is the universal struggle against intrusive thoughts that threaten to derail a positive experience.","[0, 0, 0, 0, 0, 0, 0]","[1,0,0,0,0,1,0]",v1
TE-51.jpg,UNIVERSAL_HUMAN,"This meme features a black and white illustration of two hands reaching upwards against a backdrop of heavy rain or static, conveying","[0, 0, 0, 0, 0, 0, 0]","[1,0,0,0,0,0,0]",v1
TE-510.jpg,UNIVERSAL_HUMAN,"The meme uses a well-known template where a Terminator robot, labeled ""मेरी जिम्मेदारियाँ"" (My responsibilities), is hunting a terrified, crying girl hiding under a desk, labeled ""मैं"" (Me). It metaphorically illustrates the intense feeling of being overwhelmed,","[0, 0, 0, 0, 0, 0, 0]","[1,1,0,0,0,0,0]",v1
TE-511.jpg,UNIVERSAL_HUMAN,"This meme uses a ""expectation vs. reality"" format to depict severe sleep issues. The top panel shows an idealized ""peaceful sleep"" with cute anime characters. The bottom panel contrasts this with ""the sleep I get,"" showing a character with wide, bloodshot, distressed eyes, looking completely exhausted and terrified as morning arrives (""Lo, subah ho gayi""). The core message is a complaint about insomnia or very poor quality, restless sleep.","[0, 0, 0, 0, 0, 0, 0]","[1,0,0,0,0,0,1]",v1
TE-513.jpg,UNIVERSAL_HUMAN,"This meme, framed as a sarcastic ""Life Hack"" attributed to Borderline Personality Disorder, states in Hindi that ""sleeping late is an easy and refreshing way to avoid responsibilities."" It highlights the use of excessive sleep as a maladaptive coping mechanism to escape from the demands of daily life.","[1, 1, 0, 0, 0, 0, 1]","[0,0,0,0,0,0,0]",v1
TE-514.jpg,UNIVERSAL_HUMAN,,"[0, 0, 0, 0, 0, 0, 0]","[1,0,0,1,0,1,1]",v1
TE-515.jpg,UNIVERSAL_HUMAN,"This meme is a humorous text post employing extreme hyperbole. The narrator describes a common, mildly embarrassing social faux pas—waving back at someone who wasn't actually waving at them. To avoid the resulting ""awkward situation,"" the narrator absurdly escalates their reaction","[0, 0, 0, 0, 0, 0, 0]","[0,0,0,0,0,0,0]",v1
TE-516.jpg,UNIVERSAL_HUMAN,"This meme is a three-part image. The top panel is an illustration showing several people in business suits being violently thrown off a park bench, with limbs flailing in the air. Below this is a black text box with white Hindi text that translates to: ""If the Earth suddenly stopped rotating, you would fly eastward at a speed of 465 meters per second and die instantly."" The final panel is a white social media comment box from ""Denise Alvarado"" with Hindi text that translates to: ""If it keeps rotating, most of us will die slowly, painfully, and fearfully. Hmm...""

The meme conveys a sense of dark humor mixed with existential dread and hopelessness. It contrasts a hypothetical, instantaneous global catastrophe with the slow, inevitable suffering of everyday life. The situation depicted is a philosophical reflection on mortality, using a scientific fact as a setup for a cynical observation about the human condition. In internet culture, this format is used to present a bleak perspective for comedic effect, highlighting the perceived futility of existence. The core message is a grim ""pick your poison"" scenario, suggesting that whether faced with a sudden disaster or the slow march of time, the outcome is equally grim.","[0, 0, 0, 0, 0, 0, 0]","[0,1,0,0,0,0,0]",v1
TE-517.jpg,UNIVERSAL_HUMAN,"This meme illustrates the experience of being overwhelmed by stress and anxiety. The text sets up a scenario where people suggest ""Zandu Balm"" (a common pain reliever) for stress. The image shows the user's exaggerated response: lying in bed completely covered in what appears to be lavender (known for calming properties), indicating a desperate and absurd attempt to find relief from their intense distress.","[1, 0, 0, 0, 0, 0, 0]","[1,0,0,0,0,0,0]",v1
TE-518.jpg,UNIVERSAL_HUMAN,,"[0, 0, 0, 0, 0, 0, 0]","[0,0,0,0,0,0,1]",v1
TE-52.jpg,UNIVERSAL_HUMAN,"This meme uses a popular reaction image of a pensive boy alongside Hindi text that translates to: ""Imagine if 2020 was just the trailer for 2021?"". Given the global context of 2020 being associated with the pandemic and widespread hardship, the meme expresses a profound sense of dread and pessimism about the future, suggesting things will get significantly worse. It reflects collective anxiety and hopelessness.

Symptoms Detected","[0, 0, 0, 0, 0, 0, 0]","[1,0,0,0,0,0,0]",v1
TE-520.jpg,UNIVERSAL_HUMAN,"The meme features Squidward from SpongeBob SquarePants standing before a switch labeled ""future"" and ""past"". The caption translates to ""Me thinking about what topic to take tension over tonight and ruin my sleep."" It humorously depicts the common experience of lying awake at night, ruminating on past events or worrying about the future, leading to sleep disruption.","[0, 0, 0, 0, 0, 0, 0]","[0,0,0,0,0,1,1]",v1
TE-522.jpg,UNIVERSAL_HUMAN,,"[0, 0, 0, 0, 0, 0, 0]","[0,1,0,0,0,0,0]",v1
TE-523.jpg,UNIVERSAL_HUMAN,"This image is a quote card featuring a serene landscape of a vast blue ocean meeting a clear sky with a few wispy clouds, viewed from a concrete barrier. Overlaid on the sky in white, sans-serif font is text in both Hindi and English. The Hindi text reads, ""Sunday को, मुझे लगता है मेरे लिए सबसे जरूरी चीज़ है बस अपने दिमाग को स्विच ऑफ कर देना।"" which translates to, ""On Sunday, I feel the most important thing for me is to just switch off my brain."" Below the quote is the name ""रेबेका स्टीड"" (Rebecca Stead) in Hindi, and a website URL ""www.wow4u.com"" in the bottom left corner.

The image conveys a mood of calm, relaxation, and a desire for mental rest. It depicts the common feeling of needing to disconnect from work and stress on a Sunday to recharge. In the context of internet culture, this is a relatable meme or quote card shared on social media to express the universal need for a break and self-care over the weekend. The core message is the importance of taking time to mentally decompress.","[0, 0, 0, 0, 0, 0, 0]","[0,0,0,0,0,0,0]",v1
TE-524.jpg,UNIVERSAL_HUMAN,,"[0, 0, 0, 0, 0, 0, 0]","[0,0,0,0,0,0,1]",v1
TE-527.jpg,UNIVERSAL_HUMAN,"This two-panel meme features the virtual YouTuber Kizuna AI with a surprised, wide-eyed expression and an open mouth. The top text, in Hindi, reads, ""जब आपको लगता है कि आपको Eating Disorder नहीं है, लेकिन फिर पता चलता है कि खाना चबाकर थूकना भी उसी का एक लक्षण है"" (When you think you don't have an Eating Disorder, but then you find out that chewing and spitting out food is also a symptom of it). The bottom text, split between the panels, says, ""यह.."" (This..) and ""मामला गंभीर हो गया है।"" (matter has become serious.). The image conveys a sudden, unsettling realization and a shift in mood from denial to concern. It depicts the specific situation of someone discovering that a behavior they engage in—chewing and spitting out food—is a recognized symptom of an eating disorder. The use of an anime character in a reaction format is typical of internet meme culture, often used to share relatable, sometimes dark, personal realizations with a touch of humor or self-deprecation. The core message is the confrontation with an uncomfortable truth about one's mental health, specifically regarding a less commonly discussed symptom of eating disorders.","[0, 0, 0, 0, 0, 0, 0]","[0,0,0,1,0,0,0]",v1
TE-528.jpg,UNIVERSAL_HUMAN,"The meme shows actor Adam Driver with his eyes closed and a gentle, contented smile. The Hindi word ""सुकून"" (Sukoon) is written across the bottom, which translates to ""peace,"" ""tranquility,"" or ""relief."" The meme represents a moment of profound calm or emotional relief, a positive state of mind.","[0, 0, 0, 0, 0, 0, 0]","[0,0,0,1,0,0,0]",v1
TE-529.jpg,UNIVERSAL_HUMAN,,"[0, 0, 0, 0, 0, 0, 0]","[1,1,0,0,0,0,0]",v1
TE-53.jpg,UNIVERSAL_HUMAN,"This four-panel comic strip, rendered in a simple, hand-drawn black and white style, depicts a person's unsuccessful attempt to escape sadness through travel. The first panel shows a character lying in bed with a melancholy expression, accompanied by Hindi text that translates to, ""I am sad. I should go somewhere for a trip."" The following two panels show the same character looking out the window of a train and then an airplane, with a slight smile, suggesting a temporary lift in spirits or anticipation. The final panel, however, shows the character standing on a beach, looking just as dejected as in the first panel. The concluding Hindi text reads, ""Now I am sad in a different place.""

The overall mood conveyed is one of persistent sadness, hopelessness, and a sense of emptiness. The image captures the relatable experience of trying to use external changes, like a vacation, to fix internal emotional struggles, only to realize that the underlying feelings remain. It's a commentary on the common ""travel as therapy"" trope in internet culture, highlighting the core message that changing your physical location does not automatically resolve deep-seated sadness or mental health issues; the emotion simply follows you to the new destination.","[0, 0, 0, 0, 0, 0, 0]","[1,0,0,0,0,0,0]",v1
TE-530.jpg,UNIVERSAL_HUMAN,This meme depicts a humorous rant about,"[0, 0, 0, 0, 0, 0, 0]","[0,0,0,0,0,0,1]",v1
TE-531.jpg,UNIVERSAL_HUMAN,"This meme humorously illustrates the internal struggle and physical consequences of binge eating. The top part shows the person trying to rationalize a ""binge"" to themselves (symbolized by talking to a brick wall) because they had been fasting. The bottom part uses the ""disappointed cricket fan"" image to represent their intestines, which are overwhelmed and disappointed by the excessive amount of food they have to process.","[0, 0, 0, 1, 0, 0, 0]","[0,0,0,1,0,0,0]",v1
TE-532.jpg,UNIVERSAL_HUMAN,"This meme uses a ""Someone vs. Me"" format to answer the common question, ""So how is life going?"" The response, presented as a quote,","[0, 0, 0, 0, 0, 0, 0]","[0,0,0,0,0,0,0]",v1
TE-534.jpg,UNIVERSAL_HUMAN,"This meme uses sarcasm to comment on work dissatisfaction. The Hindi text translates to ""Imagine someone being this happy after working."" It pairs this caption with an image of","[0, 0, 0, 0, 0, 0, 0]","[0,1,0,0,0,0,0]",v1
TE-535.jpg,UNIVERSAL_HUMAN,,"[0, 0, 0, 0, 0, 0, 0]","[0,0,0,0,0,0,1]",v1
TE-536.jpg,UNIVERSAL_HUMAN,"The meme features the Hindi text ""मेरा दिमाग बस चलता रहता है"" which translates to ""My mind just keeps running."" This simple phrase describes a state of constant overthinking or racing thoughts, where the individual feels unable to quiet their brain. This is a common experience in conditions like anxiety and depression.","[0, 0, 0, 0, 0, 1, 1]","[0,0,0,0,0,0,0]",v1
TE-537.jpg,UNIVERSAL_HUMAN,,"[0, 0, 0, 0, 0, 0, 0]","[1,0,0,0,1,0,0]",v1
TE-538.jpg,UNIVERSAL_HUMAN,,"[0, 0, 0, 0, 0, 0, 0]","[1,0,0,0,0,0,1]",v1
TE-539.jpg,UNIVERSAL_HUMAN,This four-panel comic meme satirizes the,"[0, 0, 0, 0, 0, 0, 0]","[1,0,0,0,1,0,0]",v1
TE-54.jpg,UNIVERSAL_HUMAN,"This minimalist text-based meme features bold, centered white text set against a stark, solid black background. The text is written in a combination of Hindi and English, reading: ""काश मेरे दिमाग का भी कोई OFF SWITCH होता।"" (Transliter","[0, 0, 0, 0, 0, 0, 0]","[0,0,0,0,0,0,0]",v1
TE-541.jpg,UNIVERSAL_HUMAN,"This meme uses a reaction image of an angry/annoyed SpongeBob to depict the user's feeling during therapy. The Hindi text translates to: ""My state when the therapist does her job and makes me realize my own mistakes."" The humor lies in the defensive and uncomfortable reaction to being confronted with one's own faults, even though that is the purpose of therapy.","[0, 0, 0, 0, 0, 0, 0]","[0,0,0,0,1,0,0]",v1
TE-542.jpg,UNIVERSAL_HUMAN,"This meme illustrates a common struggle for people with depression. It shows the user getting a sudden burst of motivation at 3 AM to ""fight"" their depression (represented","[0, 0, 0, 0, 0, 0, 0]","[0,1,0,0,0,0,0]",v1
TE-543.jpg,UNIVERSAL_HUMAN,"This image is a close-up photograph of a white page in an open book, set against a textured blue denim fabric background. Printed centrally on the page in black text is the English phrase ""Current Mood,"" followed below by a Hindi quote enclosed in quotation marks: ""दिल में तूफ़ान, चेहरे पे मुस्कान।"" At the bottom, the text ""Insta@theinsidefeelings"" indicates its source. The Hindi phrase translates to ""Storm in the heart, smile on the face.""

The image conveys a mood of deep inner turmoil, sadness, and the heavy burden of concealing one's true emotions. It depicts a common human situation where a person is experiencing significant internal distress or mental chaos—a ""storm""—yet feels compelled to present a happy, composed exterior—a ""smile""—to the outside world. This meme format, popular in internet culture","[0, 0, 0, 0, 0, 0, 0]","[0,0,0,0,0,0,0]",v1
TE-544.jpg,UNIVERSAL_HUMAN,"This image is a meme set against a dark, textured background of a crowded, blurred street scene. The title at the top is ""अकेला"" (Alone) in Hindi. Below it is a long poem in Hindi, written in yellow and white text, describing feelings of profound loneliness, sadness, and despair while being surrounded by people. The text speaks of carrying grief, pushing away help, and battling internal demons like anger and self-pity. A small inset photo of a man with a beard, presumably the author ""डैन लीवर"" (Dan Leaver), is in the bottom right corner.

The overall mood is one of deep melancholy, hopelessness, and emotional isolation. It depicts a situation of severe mental distress, where the individual feels disconnected and overwhelmed by negative emotions, even in a crowd. This reflects a common theme in internet culture of using memes and poetry to express and share personal struggles with mental health. The core message is a raw acknowledgment of inner darkness and the difficulty of overcoming it, concluding with a small, paradoxical note of hope that many others share this feeling of being ""alone.""","[0, 0, 0, 0, 0, 0, 0]","[0,0,0,0,0,0,0]",v1
TE-545.jpg,UNIVERSAL_HUMAN,"This four-panel meme uses the popular ""Clown Putting on Makeup"" format to depict a progression of disordered eating behaviors, accompanied by Hindi text. The first panel shows a man applying white face paint next to text that translates to, ""I don't like my body at all lol maybe I should diet?"" The second panel, with the man adding colored makeup, reads, ""Dieting is very difficult, I'll just chew and spit it out!"" The third panel, as he puts on a rainbow wig, states, ""This is also very difficult, I'll just vomit."" The final panel shows the fully dressed clown smiling with the text, ""I don't have any problem, you all are crazy ✌️💗"". The meme conveys a dark, self-deprecating humor about the serious topic of eating disorders, illustrating a descent from body dissatisfaction to harmful practices like chewing and spitting and purging, concluding with a facade of denial and normalcy. It reflects an internet culture that uses humor to cope with or comment on mental health struggles.","[0, 0, 0, 0, 0, 0, 0]","[0,0,0,1,0,0,0]",v1
TE-547.jpg,UNIVERSAL_HUMAN,"This meme uses a visual metaphor to describe the experience of depression. It shows a storm drain that is completely ineffective because it is placed above the water level of a flood. The text compares this useless drain to people who offer platitudes like ""everything will be fine"" to someone suffering from depression. The meme highlights the feeling of being overwhelmed by depression and the frustration with unhelpful, simplistic advice that fails to address the depth of the suffering.","[1, 0, 0, 0, 0, 0, 0]","[1,0,0,0,0,0,0]",v1
TE-548.jpg,UNIVERSAL_HUMAN,"This meme depicts a person (represented by Squidward) who is wide awake at 3 AM, unable to sleep. The reason for their insomnia is an intrusive thought about a ""years-old mistake"" from when they were a ""naive child,"" represented by Spongebob looking through the window. The meme humorously captures the experience of late-night rumination over past embarrassments or failures.","[0, 0, 0, 0, 0, 0, 0]","[1,0,0,0,1,0,1]",v1
TE-55.jpg,UNIVERSAL_HUMAN,"The meme features the Hindi word ""फिलहाल"" (currently/right now) and a drawing of a character sitting, holding a large, distended belly. The character has tears streaming down its face but is also wearing a small smile. This combination suggests a current state of distress or sadness, likely managed or accompanied by overeating (emotional eating), resulting in an uncomfortable physical fullness. The smile may indicate a sense of resignation or dark humor about the situation.","[0, 0, 0, 0, 0, 0, 0]","[0,0,0,1,1,0,0]",v1
TE-551.jpg,UNIVERSAL_HUMAN,"This image is a text-based post on a plain black background, featuring three paragraphs of white Hindi text. It does not follow a traditional meme format with images or humorous elements. The text is a first-person narrative expressing profound sadness, hopelessness, and a sense of being overwhelmed by inner turmoil. The writer describes a deepening ""shadow of sadness,"" feeling like they are drowning or falling into a dark abyss, and being oppressed by ""inner demons."" They question the purpose of their existence, stating they see no future or hope, and wonder why they are still alive. The final paragraph expresses a faint desire to find a way back to their former self if possible, but admits to being completely lost, lacking the will to recover, and not knowing where to begin. The overall mood is one of severe depression, emptiness, and despair. The image depicts a person in a state of deep mental and emotional crisis, struggling with a loss of meaning and a feeling of being trapped in their suffering. It is a serious expression of mental anguish rather than a piece of internet humor. The core message is a poignant cry of hopelessness and a feeling of being completely lost in life.","[0, 0, 0, 0, 0, 0, 0]","[0,0,0,0,0,0,0]",v1
TE-552.jpg,UNIVERSAL_HUMAN,"The meme humorously depicts the common experience of immediately forgetting someone's name right after being introduced. The Hindi text translates to ""Just one minute after being told the name, me trying to remember it:"". The accompanying images of scholars engaged in intense research and study exaggerate the mental effort the person is making to recall this simple piece of information.","[0, 0, 0, 0, 0, 1, 0]","[0,0,0,0,0,1,0]",v1
TE-553.jpg,UNIVERSAL_HUMAN,"The meme features a dried-out, exhausted-looking SpongeBob SquarePants. The Hindi text ""मैं पक गया हूँ"" (Main pak gaya hoon) literally translates to ""I am cooked,"" but colloquially means ""I am fed up,"" ""I am bored stiff,"" or ""I am burnt out."" The meme expresses a state of extreme mental fatigue, boredom, and being completely overwhelmed or done with a situation or life in general.","[0, 0, 0, 0, 0, 0, 0]","[0,1,0,0,0,0,0]",v1
TE-554.jpg,UNIVERSAL_HUMAN,"The meme depicts a conversation where a person complains of fatigue. A friend suggests their habit of staying up until 3 AM on their phone is the cause. The person reacts defensively and furiously, yelling that the friend knows nothing about their life. This implies that the late-night behavior and resulting tiredness are not simple","[0, 0, 0, 0, 0, 0, 0]","[0,0,0,0,0,0,1]",v1
TE-555.jpg,UNIVERSAL_HUMAN,"This meme features a close-up photograph of a small, chubby, pinkish, potato-like creature with large, sorrowful black eyes and a single wisp of brown hair on its head. It is sitting upright with its small arms tucked into its sides, looking directly forward with a dejected expression. The background is a soft blur of green foliage. Above the image is a line of Hindi text that reads, ""जब शीशे में अपनी 'lockdown body' पर नज़र पड़ती है...."", which translates to ""When you catch a glimpse of your 'lockdown body' in the mirror...."". The overall mood conveyed is one of sadness, disappointment, and poor self-image. The meme depicts the common experience of gaining weight or becoming out of shape during the COVID-19 lockdown due to reduced activity and lifestyle changes. It uses a relatable, slightly humorous image to express the feeling of dismay upon seeing one's changed physique. The core message is a shared, self-deprecating acknowledgment of the physical toll the lockdown has taken on many people's bodies.","[0, 0, 0, 0, 0, 0, 0]","[0,0,0,1,1,0,0]",v1
TE-556.jpg,UNIVERSAL_HUMAN,"This meme uses a Minion character alongside Hindi text that translates to: ""My mind doesn't just wander, sometimes it completely disappears!"" The meme uses humor to exaggerate the experience of severe absent-mindedness, ""zoning out,"" or a complete lack of mental focus. It directly describes significant cognitive difficulties related to attention and presence of mind.","[0, 0, 0, 0, 0, 0, 0]","[0,0,0,0,0,1,0]",v1
TE-557.jpg,UNIVERSAL_HUMAN,"The meme describes a person experiencing an intense emotional episode characterized by a panic attack, crying, and ""breaking down."" The humor comes from their surprised reaction (the Pikachu face) when the situation eventually resolves itself, indicating they didn't expect things to get better. This suggests a pattern of severe distress and a pessimistic outlook.","[0, 0, 0, 0, 0, 0, 0]","[1,0,0,0,0,0,0]",v1
TE-558.jpg,UNIVERSAL_HUMAN,"This two-panel meme uses the popular ""Joey's Delayed Reaction"" format from the TV show *Friends*. On the left, both panels contain the identical Hindi text: ""मैं, एक भयंकर Borderline, अकेलेपन का मज़ा ले रहा हूँ,"" which translates to ""Me, a terrible Borderline, enjoying loneliness."" The term ""Borderline"" likely refers to Borderline Personality Disorder (BPD).

The top right panel shows the character Joey Tribbiani smiling contentedly, leaning on a counter. This represents the initial feeling of ""enjoying loneliness."" The bottom right panel shows the same scene, but Joey’s expression has shifted dramatically to one of wide-eyed shock and realization.

The meme conveys the volatile emotional state associated with BPD. It humorously depicts a common experience where a moment of peace in solitude is quickly overtaken by panic, fear of abandonment, or an overwhelming sense of emptiness—core symptoms of the disorder. The sudden shift in Joey's expression perfectly captures this rapid, intense change in mood, highlighting the precarious nature of emotional stability for someone with BPD. The meme uses dark humor and a recognizable pop culture reference to communicate a complex and often distressing mental health experience prevalent in online communities.","[0, 0, 0, 0, 0, 0, 0]","[1,1,0,0,0,0,0]",v1
TE-559.jpg,UNIVERSAL_HUMAN,"This is a three-panel rage comic meme. In the first panel, a stick figure sits at a desk and thinks, ""I am getting bored in class."" In the second panel, he thinks, ""I press the pen on the table."" The third panel shows the pen having sprung away, and the character has a surprised, wide-eyed expression. The meme humorously depicts a mundane act done out of boredom resulting in a small, unexpected moment of amusement.","[0, 0, 0, 0, 0, 0, 0]","[0,1,0,0,0,0,0]",v1
TE-56.jpg,UNIVERSAL_HUMAN,"The meme features a sad-looking anime character holding a blanket. The Hindi text translates to ""When you are very depressed and want to hide in a blanket, but it's 35 degrees hot outside."" It humorously depicts the struggle of wanting to withdraw and escape due to depression, but being hindered by uncomfortable external conditions like the heat.","[1, 0, 0, 0, 0, 0, 1]","[1,0,0,0,0,0,0]",v1
TE-560.jpg,UNIVERSAL_HUMAN,"This meme features a still from an animated film, likely *The Boss Baby*, showing a baby character in a suit crying uncontrollably with its head tilted back and mouth wide open. A small puff of steam or smoke is visible above its head, exaggerating its distress. The background is a blurred office environment. Overlaying the bottom of the image is the Hindi word ""पकाऊ"" (Pakaau) in large white text with a black outline.

The image and text convey a strong feeling of extreme boredom, annoyance, or frustration. The baby's exaggerated crying and the steam suggest an overwhelming reaction to something incredibly tedious or irritating. The Hindi slang ""Pakaau"" translates roughly to ""boring,"" ""annoying,"" or someone who ""cooks"" your brain with their dullness.

The situation depicted is likely a reaction to a very boring event, such as a long lecture, a monotonous meeting, or an irritating conversation. In Indian internet culture, this meme is used to express the feeling of being completely fed up with something or someone that is unbearably dull or annoying. The core message is a humorous but emphatic declaration of being bored out of one's mind.","[0, 0, 0, 0, 0, 0, 0]","[0,1,0,0,0,0,0]",v1
TE-561.jpg,UNIVERSAL_HUMAN,"This three-panel comic strip meme features a red, blob-like character in a hand-drawn style. The first panel shows the character with a melancholy expression looking into a bathroom mirror, with the Hindi text ""फ़ील करना"" (To feel) below. The second panel depicts a hand turning on a faucet, accompanied by the text ""ही"" (only/just). The final, larger panel shows the character crying intensely, surrounded by a whimsical background of hearts, stars, and sparkles, with the text ""हीलिंग है"" (is healing).

The overall mood transitions from quiet sadness to a cathartic release of emotion. The comic addresses the theme of mental health and emotional well-being, specifically the concept that allowing oneself to fully experience and express emotions, even painful ones, is a crucial part of the healing process. It utilizes a common internet comic format to convey a poignant message about self-care and emotional acceptance, suggesting that the act of feeling itself is therapeutic.","[0, 0, 0, 0, 0, 0, 0]","[1,0,0,0,0,0,0]",v1
TE-562.jpg,UNIVERSAL_HUMAN,"This is a text-based meme in Hindi. It translates to ""I wish losing weight was as easy as getting my brain fried/stressed out."" The phrase ""dimag ka dahi hona"" is an idiom for being extremely stressed, irritated, confused, or mentally exhausted. The meme uses humor to highlight how easily and frequently the person experiences this negative mental state compared to the difficulty of achieving a physical goal like weight loss.","[0, 0, 0, 0, 0, 0, 0]","[0,0,0,0,0,0,0]",v1
TE-563.jpg,UNIVERSAL_HUMAN,"This meme describes a state of being overwhelmed by a new ""emotional problem"" while lacking the ""time, energy, or motivation"" to address it. The central text explicitly frames this as a collection of ""Depressing Memes"" for when one has ""no mood to do anything,"" highlighting a sense of sadness and apathy.","[0, 0, 0, 0, 0, 0, 0]","[1,1,0,0,0,0,0]",v1
TE-564.jpg,UNIVERSAL_HUMAN,"The meme features Hindi text on a red background. The text reads, ""दिमाग का दही हो गया है, फिर भी मैं overthinking कर रहा हूँ।"" The idiom ""दिमाग का दही हो गया है"" (brain has turned into yogurt) signifies extreme mental exhaustion, confusion, or being ""fried."" The second part, ""फिर भी मैं overthinking कर रहा हूँ"" (still, I am overthinking), highlights a persistent, uncontrollable cycle of repetitive thoughts despite this mental fatigue. The meme describes a state of cognitive overload and inability to stop worrying or thinking.","[0, 0, 0, 0, 0, 0, 0]","[0,0,0,0,0,0,0]",v1
TE-565.jpg,UNIVERSAL_HUMAN,"This meme uses a reaction image of Michael Scott from ""The Office"" to humorously depict a common struggle with mental health. The top text sets the scene: ""When someone asks how was the night."" The bottom text provides the relatable, albeit distressing, answer: ""Didn't get much sleep, but definitely had a few hours of anxiety."" It highlights the experience of insomnia and nocturnal anxiety.","[0, 0, 0, 0, 0, 0, 0]","[0,0,0,0,0,0,1]",v1
TE-566.jpg,UNIVERSAL_HUMAN,"This meme humorously suggests that what people call ""reading"" is actually a ""major sleep disorder."" It implies that the person stays up very late or all night reading books, thus disrupting their normal sleep schedule. It's a relatable joke for avid readers who sacrifice sleep for their hobby.","[0, 0, 0, 0, 0, 0, 1]","[0,0,0,0,0,0,0]",v1
TE-567.jpg,UNIVERSAL_HUMAN,"This meme uses the ""Evil Kermit"" format to depict an internal struggle. The user (""मैं"") expresses feeling very troubled (""बहुत परेशान हूँ"") and a desire to talk to someone. However, their ""Anxiety and Depression"" (represented by the hooded Kermit) advise them to instead isolate themselves (""सब से कट जा"") and escape by sleeping (""चुपचाप सो जा""). It highlights the counterproductive urge to withdraw and escape that often accompanies these conditions.","[0, 0, 0, 0, 0, 0, 0]","[1,0,0,0,0,0,1]",v1
TE-568.jpg,UNIVERSAL_HUMAN,,"[0, 0, 0, 0, 0, 0, 0]","[0,0,0,0,0,0,0]",v1
TE-569.jpg,UNIVERSAL_HUMAN,,"[0, 0, 0, 0, 0, 0, 0]","[0,0,0,1,0,0,0]",v1
TE-57.jpg,UNIVERSAL_HUMAN,"This meme uses the popular ""Sad Pablo Escobar"" template to express feelings of deep loneliness and isolation. The Hindi text translates to ""Me celebrating my birthday alone because no one cares about me."" The combination of the melancholic","[0, 0, 0, 0, 0, 0, 0]","[1,0,0,0,0,0,0]",v1
TE-570.jpg,UNIVERSAL_HUMAN,"This meme is a humorous physics pun. It uses two cats to illustrate the concepts of ""Potential Energy"" (स्थितिज ऊर्जा) and ""Kinetic Energy"" (गतिज ऊर्जा). The first cat, labeled ""Potential Energy,"" is shown yawning and then biting the tail of the second cat, labeled ""Kinetic Energy,"" causing it to react dramatically. The joke is about stored energy suddenly turning into action. It is not related to mental health or depression.","[0, 0, 0, 0, 0, 0, 0]","[1,0,0,0,0,0,0]",v1
TE-571.jpg,UNIVERSAL_HUMAN,,"[0, 0, 0, 0, 0, 0, 0]","[1,0,1,1,1,0,0]",v1
TE-572.jpg,UNIVERSAL_HUMAN,"This meme uses a two-panel format with the same image of a sleeping cat. The top text describes the act of sleeping as a way to escape or avoid depression (""depression से बचने के लिए""). The bottom text describes the realization upon waking up that the depression is still present (""मैं अब भी depressed हूँ""). The meme illustrates a cycle of using sleep as an ineffective coping mechanism for persistent depressive feelings.","[0, 0, 0, 0, 0, 0, 0]","[1,0,0,0,0,0,1]",v1
TE-573.jpg,UNIVERSAL_HUMAN,"This meme uses the ""running away balloon"" template to illustrate the struggle of recovering from an eating disorder. The white character is trying to reach the yellow balloon labeled ""Eating disorder से recovery"" (Recovery from Eating disorder). However, they are being held back by a pink monster labeled ""खाना खाने पर होने वाला दर्द"" (The pain that occurs upon eating food). The meme highlights the physical or emotional pain associated with eating as a major barrier to recovery.","[0, 0, 0, 0, 0, 0, 0]","[0,0,0,1,0,0,0]",v1
TE-574.jpg,UNIVERSAL_HUMAN,,"[0, 0, 0, 0, 0, 0, 0]","[0,0,0,0,0,1,0]",v1
TE-575.jpg,UNIVERSAL_HUMAN,"The meme is a text-based post in Hindi that humorously suggests that once a person turns 25, the accumulated ""problems"" of adult life become so significant that they act as a forced alarm clock, waking the person up early due to stress and worry, rendering actual alarms unnecessary.","[0, 0, 0, 0, 0, 0, 0]","[0,0,0,0,0,0,0]",v1
TE-576.jpg,UNIVERSAL_HUMAN,"This image is a text-based meme presented on a plain, light grey background. It features a collection of phrases written in black Hindi script. One specific phrase, ""मुझे खुद से नफरत है"" (which translates to ""I hate myself""), is highlighted with a dark grey rectangular background, drawing immediate attention to it. The other phrases include statements like ""मैं उदास हूँ"" (I am sad), ""मैंने सब बिगाड़ दिया"" (I ruined everything), ""मेरी जिंदगी झंड है"" (My life is a mess), ""मैं खुद को काटता हूँ"" (I cut myself), and ""मैं अकेला हूँ"" (I am alone).

The overwhelming emotion conveyed by the text is one of profound sadness, hopelessness, guilt, and intense self-hatred. The image depicts a situation of severe mental distress, likely reflecting the internal monologue of someone suffering from deep depression. In the context of internet culture, this is a form of ""vent art"" or a ""depression meme,"" where individuals share their struggles with mental health in a raw and direct manner, often within online communities. The core message is a stark declaration of self-loathing and emotional pain, with the highlighted phrase emphasizing the central feeling of hating oneself.","[0, 0, 0, 0, 0, 0, 0]","[0,0,0,0,0,0,0]",v1
TE-577.jpg,UNIVERSAL_HUMAN,"This two-panel meme uses an identical image to create a humorous contrast based on the year. Both panels feature a middle-aged man in a white tank top and patterned shorts, lounging on a couch with a remote control and a green glass bottle, staring at a television. The top panel is labeled ""2019"" with the Hindi text ""निठल्ला"" (Nithalla), meaning ""lazy"" or ""useless."" The bottom panel, labeled ""2020,"" contains the Hindi text ""ज़िम्मेदार नागरिक"" (Zimmedar Nagrik), meaning ""responsible citizen."" The mood is one of ironic humor, highlighting a shift in social perception rather than a change in behavior. The context is the global COVID-19 pandemic, where stay-at-home orders in 2020 reframed sedentary behavior, previously considered lazy, as a socially responsible act to prevent virus spread. The core message satirizes how the same action—staying home and watching TV—was judged differently before and during the pandemic lockdowns, reflecting a shared cultural experience of the time.","[0, 0, 0, 0, 0, 0, 0]","[1,1,1,0,0,0,0]",v1
TE-578.jpg,UNIVERSAL_HUMAN,,"[0, 0, 0, 0, 0, 0, 0]","[0,0,0,1,0,0,0]",v1
TE-579.jpg,UNIVERSAL_HUMAN,"The meme shows a somber, black and white image of a person looking out a window. The text contains a question ""How are you?"" and the reply ""I am fine, stop asking."" The combination of the melancholic visual and the defensive, dismissive text strongly implies that the person is not actually ""fine"" but is feeling down or distressed and wishes to hide it or avoid discussing it. The ""I'm fine"" is a facade.","[1, 0, 0, 0, 0, 0, 0]","[1,1,0,0,0,0,0]",v1
TE-58.jpg,UNIVERSAL_HUMAN,,"[0, 0, 0, 0, 0, 0, 0]","[1,0,0,0,0,0,0]",v1
TE-580.jpg,UNIVERSAL_HUMAN,"The meme uses the ""Squid Game"" button choice format to depict a humorous internal conflict. The top panel shows two buttons: one for ""Celebrate birthday and stuff myself with food"" and another for ""Don't celebrate birthday and starve."" The bottom panel shows the character labeled as ""My gluttonous mind,"" looking conflicted between these two extreme options. The humor lies in the hyperbolic nature of the choices regarding food.","[0, 0, 0, 0, 0, 0, 0]","[0,0,0,1,0,0,0]",v1
TE-581.jpg,UNIVERSAL_HUMAN,"The meme shows two cartoon characters. One asks, ""Oh brother, what is this?"" pointing to the other character, whose head is exploding with a chaotic, colorful scribble. The second character replies, ""Nothing, just my brain."" This visual metaphor represents a mind that is overwhelmed, cluttered, racing, or in a state of turmoil, which the character downplays as their normal state.","[0, 0, 0, 0, 0, 1, 0]","[0,0,0,0,0,1,0]",v1
TE-582.jpg,UNIVERSAL_HUMAN,"This image is a screenshot of a tweet posted by the user ""witch pony"" (@molly7anne). The profile picture shows a person wearing a pink unicorn onesie. The tweet, written in Hindi, reads: ""मैं 25 साल का हूँ और पूरी तरह से burnt out हो चुका हूँ। मुझे अगले 50 साल और क्या करना है? EMI भरूँ? ट्रैफ़िक का रोना रोऊँ? पालक खरीदता रहूँ और उसे सड़ते हुए देखूँ? गाड़ी की सर्विसिंग कराऊँ? हद है यार"".

The text conveys a strong sense of exhaustion, hopelessness, and existential dread. The user expresses feeling completely ""burnt out"" at the young age of 25 and questions the purpose of the next 50 years of their life. The mention of mundane tasks like paying EMIs, dealing with traffic, buying spinach only to let it rot, and getting a car serviced highlights the repetitive and unfulfilling nature of adult responsibilities. The phrase ""हद है यार"" (This is too much, man) at the end emphasizes their frustration and feeling of being overwhelmed. This meme relates to the common internet culture theme of ""adulting"" struggles and the disillusionment many young adults feel when facing the realities of work and financial obligations. The core message is a relatable lament about the monotonous grind of modern adult life and the feeling of being trapped in it.","[0, 0, 0, 0, 0, 0, 0]","[0,0,0,0,0,0,0]",v1
TE-584.jpg,UNIVERSAL_HUMAN,"This Hindi meme uses two identical images of a tired-looking Tom the cat to illustrate a point about chronic fatigue. The text compares feeling after ""2 hours of sleep"" and ""12 hours of sleep,"" showing the same exhausted expression in both scenarios. The joke is that no matter how much or how little sleep the person gets, they still feel incredibly tired and unrefreshed.","[0, 0, 0, 0, 0, 0, 0]","[0,0,0,0,0,0,1]",v1
TE-585.jpg,UNIVERSAL_HUMAN,"The meme shows a hand writing a to-do list titled ""Today's plan."" The only completed item is ""1. Don't fall apart,"" followed by ""2. ???"". This humorously highlights a state of being so emotionally overwhelmed that the primary and perhaps only goal for the day is to simply maintain basic stability, with no capacity to plan or engage in other activities.","[0, 0, 0, 0, 0, 0, 0]","[1,0,0,0,0,1,0]",v1
TE-587.jpg,UNIVERSAL_HUMAN,This meme humorously depicts a common social situation where a person spots someone from their school days in a public place (a market) and decides to quickly run away or hide before being seen to avoid an awkward social interaction. The image of the cartoon character running away exaggerates this desire for avoidance.,"[0, 0, 0, 0, 0, 0, 0]","[1,1,0,0,0,0,0]",v1
TE-59.jpg,UNIVERSAL_HUMAN,,"[0, 0, 0, 0, 0, 0, 0]","[0,0,0,0,0,0,0]",v1
TE-590.jpg,UNIVERSAL_HUMAN,"The meme illustrates a very common scenario of repeatedly hitting the snooze button (""बस 5 मिनट और"" - just 5 minutes more) every time the alarm rings. This leads to the person being late and making an excuse about bad traffic (""ट्रैफिक बहुत खराब था""). The core message is about the difficulty of waking up and getting out of bed in the morning.","[0, 0, 0, 0, 0, 0, 0]","[0,0,0,0,0,0,0]",v1
TE-592.jpg,UNIVERSAL_HUMAN,"The meme uses a pensive image of Tupac Shakur to illustrate the feeling of constantly watching the clock at work. The Hindi text translates to ""Looking at the clock in the office like..."", and the accompanying English text clarifies the context as being ""bored with your dead-end job."" It captures the feelings of tediousness, disengagement, and hopelessness associated with unfulfilling work.","[0, 0, 0, 0, 0, 0, 0]","[0,1,0,0,0,0,0]",v1
TE-593.jpg,UNIVERSAL_HUMAN,"This image is a meme based on a photograph of a wooden metronome with its pendulum swinging rapidly, creating a blur. Superimposed on the image is text in Hindi, split into two blocks on either side of the metronome, representing opposing thoughts. The text on the left translates to a series of self-deprecating and guilt-ridden statements: ""What am I doing here, I am still alive and won't kill myself, maybe I am faking my illness, I am just wasting the therapist's time and taking away others' opportunity and wasting health care system resources."" The text on the right translates to a desperate plea: ""I need help, I can't take it anymore.""

The mood conveyed is one of intense inner conflict, hopelessness, and despair. It depicts a severe mental health struggle, likely involving depression or suicidal ideation. The metronome format visually represents the rapid, uncontrollable oscillation between two extreme states of mind: on one side, the feeling of being a burden, an imposter, and unworthy of resources, and on the other, a desperate cry for help due to an inability to cope any longer. The meme poignantly captures the agonizing internal battle of someone in a mental health crisis, feeling simultaneously undeserving of help and in dire need of it.","[0, 0, 0, 0, 0, 0, 0]","[0,0,0,1,0,0,0]",v1
TE-594.jpg,UNIVERSAL_HUMAN,"The image contains a Hindi quote attributed to Bill Bryson which translates to: ""The trouble with losing your mind is that by the time it's completely gone, it's too late to get it back."" This is a philosophical observation about the nature of insanity or losing one's mental faculties. It does not describe the subjective experience of any specific symptoms of depression.","[0, 0, 0, 0, 0, 0, 0]","[0,0,0,0,0,0,0]",v1
TE-596.jpg,UNIVERSAL_HUMAN,"The meme shows a still from the Snow White movie where she is yawning and stretching. The text above reads ""After sleeping for 12 hours. Me:"" and the text on the image says ""Need a nap."" The humor lies in the relatable feeling of still being tired and wanting more sleep even after an excessively long period of rest, which is a classic sign of hypersomnia or non-restorative sleep.","[0, 0, 0, 0, 0, 0, 1]","[0,0,0,0,0,0,1]",v1
TE-597.jpg,UNIVERSAL_HUMAN,"The meme features a stark black background with the Hindi text ""बस अब सोने दो"" which translates to ""Just let me sleep now"" or ""Enough, let me sleep"". This minimalist message expresses a deep sense of exhaustion, being overwhelmed, and a strong desire to escape reality through sleep. It implies a state of wanting to withdraw completely.","[1, 1, 0, 0, 0, 0, 1]","[0,0,0,0,0,0,0]",v1
TE-598.jpg,UNIVERSAL_HUMAN,"This image is a text-based meme presented on a light blue background adorned with small, scattered yellow stars. The text is a mix of English and Hindi, using different fonts and styles. At the top, in black Hindi script, it reads ""मुझे ऐसी नींद चाहिए जैसे"" (I want sleep like). Below it, in large, grey, serif English letters, is the phrase ""I WANT TO SLEEP LIKE A BABY"". The words ""A BABY"" are struck through with a blue line, and directly beneath them, the word ""teenager"" is written in a blue, handwritten script. At the bottom, in blue Hindi script, is ""गर्मी की छुट्टियों वाला"" (summer vacation's), followed by the word ""break"" in the same blue handwritten style.

The mood conveyed is one of nostalgia and a longing for deep, restorative rest, hinting at current exhaustion or sleep difficulties. It reflects the life context of an adult yearning for the carefree, heavy sleep associated with adolescence during school holidays, contrasting it with the often-interrupted sleep of a baby. This meme taps into the internet culture of shared experiences regarding adulthood, stress, and the universal desire for better sleep, using a relatable correction to a common idiom to make its point. The core message is a specific wish for the long, uninterrupted sleep enjoyed by teenagers on summer break.","[0, 0, 0, 0, 0, 0, 0]","[0,0,0,0,0,0,0]",v1
TE-599.jpg,UNIVERSAL_HUMAN,"This meme features a photograph of a man lying in bed, reaching out with his hand to silence an analog alarm clock on a nightstand. The room is dimly lit with blue tones, indicating early morning. The alarm clock shows the time is shortly after 6:00 AM. Superimposed over the image is text in Hindi and English: ""सुबह का पहला thought: 'नहीं यार'"". This translates to ""First thought of the morning: 'No man'"".

The image and text convey a strong feeling of reluctance, weariness, and a lack of motivation. The man's gesture of trying to stop the alarm and the text ""नहीं यार"" (No man) clearly express a desire to avoid waking up and facing the day. This depicts the common situation of waking up early for work, school, or other responsibilities and feeling an immediate sense of dread or refusal. In the context of internet culture, this is a relatable meme format that humorously captures the universal struggle of waking up early and the accompanying feeling of not wanting to get out of bed. The core message is the shared experience of the difficulty and lack of enthusiasm for starting the day early.","[0, 0, 0, 0, 0, 0, 0]","[0,0,0,0,0,0,0]",v1
TE-6.jpg,UNIVERSAL_HUMAN,"The meme starts with a romantic notion that insomnia is caused by being in someone else's dreams. It concludes with a humorous, aggressive threat to ""break the face"" of the person whose dreams are supposedly keeping the speaker awake. The underlying issue presented is the speaker's frustration with their inability to sleep.","[0, 0, 0, 0, 0, 0, 1]","[0,0,0,0,0,0,1]",v1
TE-60.jpg,UNIVERSAL_HUMAN,"The meme shows a person's forearm with visible fresh cuts and older scars, which is a direct depiction of self-harm. The Hindi text overlays this image and translates to ""I hate that I am never 'enough'."" This combination powerfully conveys deep emotional pain, self-loathing, and feelings of inadequacy.","[0, 0, 0, 0, 0, 0, 0]","[0,0,1,0,0,0,0]",v1
TE-600.jpg,UNIVERSAL_HUMAN,"The meme uses an iceberg analogy to illustrate the concept of masking mental health struggles. The visible tip of the iceberg is labeled ""बस थकान है"" (It's just tiredness), representing the socially acceptable excuse people often use. The much larger, hidden submerged part lists the actual underlying issues: ""Insomnia,"" ""Depression,"" ""Anxiety,"" ""Existential dread,"" ""रोना"" (Crying), and ""अकेलापन"" (Loneliness). It powerfully conveys that ""tiredness"" is often a cover for deeper emotional and psychological distress.","[0, 0, 0, 0, 0, 0, 0]","[1,0,0,0,0,0,1]",v1
TE-601.jpg,UNIVERSAL_HUMAN,"This meme is a screenshot from a mobile game where the player is represented by a skeleton. The text at the top, in Hindi, asks a morbid question: ""How much does your corpse weigh exactly?"" (तुम्हारी लाश का वज़न ठीक कितना है?). Below a hanging weight, the label reads ""kilograms"" and ""skeleton"" (कंकाल). The humor is derived from the juxtaposition of a casual game interface with a dark, death-related question about the user's own body.","[0, 0, 0, 0, 0, 0, 0]","[0,0,0,1,1,0,0]",v1
TE-603.jpg,UNIVERSAL_HUMAN,"This image is a screenshot of a tweet discussing the long-term psychological effects of body-shaming children. The text argues that taunting children about being fat does not make them thin adults; instead, it creates adults who have a very ""messed-up"" relationship with their own bodies. It is a serious commentary on the consequences of weight stigma.","[0, 0, 0, 0, 0, 0, 0]","[0,0,0,0,0,0,0]",v1
TE-604.jpg,UNIVERSAL_HUMAN,"This meme image features a person huddled under a blanket on a bed in a dimly lit room. The only source of light is a bright blue LED strip lining the top of the wall, casting a cool, melancholic glow. A pair of headphones hangs on the wall, and a small fan is visible. The overall atmosphere is dark, solitary, and somber. Superimposed at the bottom in white Hindi text is the phrase ""उदास दिलों को नींद कहाँ,"" which translates to ""Where is sleep for sad hearts.""

The image and text powerfully convey a mood of deep sadness, loneliness, and insomnia. It depicts the relatable situation of lying awake at night, unable to sleep due to emotional distress or a troubled mind. This format is common in internet culture for expressing feelings of melancholy and existential dread, often shared late at night. The core message is a poignant reflection on how sadness and emotional pain can prevent rest, making the night feel long and empty.","[0, 0, 0, 0, 0, 0, 0]","[1,0,0,0,0,0,1]",v1
TE-605.jpg,UNIVERSAL_HUMAN,"This image is an object-labeling meme based on a photo of a train collision. It shows a yellow train, labeled with the Hindi text ""कुछ कर दिखाने की चाह"" (translating to ""the desire to achieve something"" or ""ambition""), that has crashed into a green train labeled ""डिप्रेसन"" (Hindi for ""depression""). The collision has occurred at a railway switch, and three people are standing near the tracks, looking at the wreckage. The mood conveyed is one of hopelessness, frustration, and the feeling of being overwhelmed, as the visual metaphor suggests a complete stoppage of progress. The situation depicted is the internal conflict where personal ambition and the drive to succeed are derailed by the debilitating effects of depression. This meme uses a common internet format to discuss a relatable mental health struggle, likely within a Hindi-speaking online community. The core message is that the desire to achieve one's goals is often abruptly and forcefully stopped by the overwhelming presence of depression.","[0, 0, 0, 0, 0, 0, 0]","[1,1,0,0,0,0,0]",v1
TE-606.jpg,UNIVERSAL_HUMAN,,"[0, 0, 0, 0, 0, 0, 0]","[0,0,0,1,0,0,0]",v1
TE-607.jpg,UNIVERSAL_HUMAN,"This meme uses a still from the animated series The Simpsons, featuring a female character holding a clipboard and pen, appearing to make a decision. The text at the top, in Hindi, reads, ""मैं decide कर रही हूँ कि आज किस बात पर दुखी होना है:"" which translates to ""I am deciding what to be sad about today:"". The clipboard contains a checklist titled ""वजहें:"" (Reasons:), followed by several items in Hindi: ""बचपन का trauma"" (Childhood trauma), ""खाली बैंक बैलेंस"" (Empty bank balance), ""मेरी मेंटल हेल्थ"" (My mental health), ""बढ़ता वजन"" (Increasing weight), and ""वगैरह"" (Etc.).

The overall mood is one of dark humor and relatable overwhelm. It conveys a sense of being burdened by multiple significant life problems, to the point where sadness becomes a scheduled activity. The situation depicted is the internal struggle of dealing with various sources of stress and anxiety, common in adult life. This meme is part of internet culture's trend of using humor to cope with and express struggles related to mental health, financial stress, and self-image, specifically resonating with Hindi-speaking audiences. The core message is a satirical take on the overwhelming number of reasons one might feel sad or anxious on any given day.","[0, 0, 0, 0, 0, 0, 0]","[1,0,0,1,1,0,0]",v1
TE-608.jpg,UNIVERSAL_HUMAN,,"[0, 0, 0, 0, 0, 0, 0]","[0,0,0,0,0,0,1]",v1
TE-609.jpg,UNIVERSAL_HUMAN,"The meme features a woman wearing several stacked hats and sunglasses in a contemplative pose. The Hindi text asks, ""Why do you feel like you are losing your mind -- and your hair too"".","[0, 0, 0, 0, 0, 0, 0]","[0,0,0,0,1,1,0]",v1
TE-61.jpg,UNIVERSAL_HUMAN,This meme uses a picture of a bewildered-looking kitten being held up. The Hindi text is a self-deprecating joke where the narrator imagines their,"[0, 0, 0, 0, 0, 0, 0]","[0,0,0,0,1,0,0]",v1
TE-610.jpg,UNIVERSAL_HUMAN,"This image is a motivational quote attributed to John Steinbeck, presented alongside a picture of a woman sleeping peacefully. The Hindi text translates to: ""It often happens that the trouble that seems difficult at night gets resolved in the morning after a full sleep."" The overall message is positive, suggesting that a good night'","[0, 0, 0, 0, 0, 0, 0]","[0,0,0,0,0,0,0]",v1
TE-612.jpg,UNIVERSAL_HUMAN,,"[0, 0, 0, 0, 0, 0, 0]","[0,0,0,1,1,0,0]",v1
TE-613.jpg,UNIVERSAL_HUMAN,,"[0, 0, 0, 0, 0, 0, 0]","[1,1,0,0,0,0,0]",v1
TE-614.jpg,UNIVERSAL_HUMAN,"This meme contrasts a person's energy levels at two different times. At ""2 AM at night,"" the character is wide awake, excited, and has full bars for ""Energy,"" ""Motivation,"" and ""Enthusiasm."" At ""10 AM in the morning,"" the character is exhausted, still in bed, and all three bars are nearly empty. The meme humorously illustrates a common struggle with a disrupted sleep schedule, where one feels energetic at night but completely drained and unmotivated during the day.","[0, 1, 0, 0, 0, 0, 1]","[0,1,0,0,0,0,1]",v1
TE-616.jpg,UNIVERSAL_HUMAN,"This meme criticizes the intense pressure strict Indian parents place on their children to succeed academically and secure a government job. The text states the parents' goal (""grind the child in studies""), while the images of Tom from Tom and Jerry show the child's severe negative reaction: swallowing pills, attempting to hang himself, and looking extremely haggard and despondent. The meme uses dark humor to highlight the devastating mental health consequences of such parental expectations.","[0, 0, 0, 0, 0, 0, 0]","[1,0,1,0,0,0,1]",v1
TE-617.jpg,UNIVERSAL_HUMAN,,"[0, 0, 0, 0, 0, 0, 0]","[0,0,0,0,0,1,0]",v1
TE-618.jpg,UNIVERSAL_HUMAN,"This black and white meme features a distressed image of the cartoon character Rapunzel crying in anguish. Large text overlays the image, reading ""I WANT TO SLEEP!"". The meme vividly expresses an intense, desperate need for rest, implying significant exhaustion or a struggle with insomnia that is causing emotional distress.","[0, 0, 0, 0, 0, 0, 0]","[0,0,0,0,0,0,1]",v1
TE-62.jpg,UNIVERSAL_HUMAN,"This meme is a humorous dialogue between a friend and the narrator (""Me""). The friend asks a standard question about well-being: ""Are you getting enough sleep?"" The narrator responds with extreme sarcasm, saying, ""Sometimes when I sneeze, my eyes close."" This joke exaggerates their lack of sleep, implying they get practically zero actual rest, and the involuntary reflex of closing eyes during a sneeze is the closest they come to sleeping. It highlights severe sleep deprivation through self-deprecating humor.","[0, 0, 0, 0, 0, 0, 0]","[0,0,0,0,0,0,0]",v1
TE-620.jpg,UNIVERSAL_HUMAN,"This four-panel meme shows a stick figure who decides, ""Hmm, today I will not count calories"" (हम्म आज मैं calories नहीं गिनूँगा). The figure initially looks confident, but in the subsequent panels, their expression quickly changes to one of contemplation, then distress, and finally intense crying and anguish. This illustrates the severe anxiety and emotional turmoil experienced by someone with disordered eating thoughts when they attempt to break their obsessive rules around food.","[0, 0, 0, 0, 0, 0, 0]","[0,0,0,1,0,0,0]",v1
TE-621.jpg,UNIVERSAL_HUMAN,"The meme uses the iconic image of Ajay Devgn doing a split on two cars to represent a dilemma. The text shows a person (""मैं"") stuck in a vicious cycle. On one side, they are ""depressed because they are doing nothing,"" and on the other, they are ""doing nothing because they are depressed."" This highlights the paralyzing loop between inactivity and a depressed mood, where cause and effect become indistinguishable.","[0, 0, 0, 0, 0, 0, 0]","[1,1,0,0,0,0,0]",v1
TE-622.jpg,UNIVERSAL_HUMAN,"The meme features a person with their hair blowing wildly over their face, accompanied by the Hindi text ""जब दिमाग का दही हो जाए"" (When the brain turns into yogurt). This is a common idiom used to describe a state of extreme mental confusion, being overwhelmed, irritated, or unable to think clearly. It represents a feeling of mental chaos or ""brain fog.""","[0, 0, 0, 0, 0, 1, 0]","[0,0,0,0,0,1,0]",v1
TE-623.jpg,UNIVERSAL_HUMAN,"The meme illustrates an internal conflict about eating. The person (""मैं"") rationalizes that having one piece of cake won't have negative consequences (""कुछ नहीं होगा""). However, the cake itself (""केक"") is personified and responds with the text ""हा मोटा"" (Yes fatty), directly contradicting the person's thought and calling them fat. The humor is self-deprecating, highlighting a struggle with dieting, body image, and the perceived consequences of eating.","[0, 0, 0, 0, 0, 0, 0]","[0,0,0,1,0,0,0]",v1
TE-624.jpg,UNIVERSAL_HUMAN,,"[0, 0, 0, 0, 0, 0, 0]","[0,0,0,0,0,1,0]",v1
TE-625.jpg,UNIVERSAL_HUMAN,"The meme shows a distressed woman with text in Hindi that translates to: ""People might say 'You are so fat that you cannot have an eating disorder' because I.. am losing the battle."" This conveys a deep struggle with an eating disorder, compounded by the feeling of being misunderstood and defeated. The mention of being ""fat"" and ""losing the battle"" highlights issues with body image and a sense of hopelessness.","[0, 0, 0, 0, 0, 0, 0]","[0,0,0,1,0,0,0]",v1
TE-626.jpg,UNIVERSAL_HUMAN,"The meme illustrates a common struggle for someone with an eating disorder. The person decides to let go of their anxieties and enjoy a meal (""eating disorder की कोई tension नहीं है""), but immediately after, they are overwhelmed by ""regret"" (पछतावा), symbolized by slamming the button. This highlights the cycle of guilt and shame associated with eating in","[0, 0, 0, 0, 0, 0, 0]","[0,0,0,1,0,0,0]",v1
TE-627.jpg,UNIVERSAL_HUMAN,,"[0, 0, 0, 0, 0, 0, 0]","[1,1,0,0,0,0,0]",v1
TE-628.jpg,UNIVERSAL_HUMAN,"This image is a screenshot of a tweet from user ""@skinnyrebec"". The tweet features Hindi text that translates to: ""Huh? Am I anorexic? I've never binged, never ever!' 'What?!' 'Yes, brother, speak!! What"". Below the text is a photo of a Black woman with long, highlighted hair, wearing a white ribbed top, sitting on a purple couch on what appears to be a talk show set with a ""Wendy"" logo visible. Her expression is one of disbelief or questioning. The overall mood is one of confusion, defensiveness, and perhaps a touch of dark humor regarding a serious topic. The situation depicted is someone questioning or denying an accusation of being anorexic, using the reaction image to emphasize their disbelief, particularly the misconception that anorexia always involves bingeing. This meme uses a common Twitter format with a reaction image to express a specific feeling or situation, likely circulating within communities that discuss mental health, body image, or eating disorders, sometimes with a layer of irony or sarcasm. The core message is a humorous or sarcastic take on the misunderstanding or denial of the characteristics of anorexia.","[0, 0, 0, 0, 0, 0, 0]","[0,0,0,1,0,0,0]",v1
TE-63.jpg,UNIVERSAL_HUMAN,"The image shows the back of a hoodie featuring a drawing of a skull wearing roses. Below it is the Hindi phrase ""दिमाग का दही"" (Dimag ka dahi). This is a popular idiom that literally translates to ""curd of the brain,"" but figuratively means being extremely frustrated, mentally exhausted, confused, or driven crazy by a situation or person to the point where one cannot think clearly.","[0, 0, 0, 0, 0, 0, 0]","[0,0,0,0,0,1,0]",v1
TE-630.jpg,UNIVERSAL_HUMAN,,"[0, 0, 0, 0, 0, 0, 0]","[0,0,0,1,0,0,0]",v1
TE-631.jpg,UNIVERSAL_HUMAN,"This four-panel meme illustrates an exaggerated reaction to a minor weight change. The top-left panel shows feet on a digital scale with the Hindi text ""*वज़न 1 ग्राम कम हुआ*"" (Weight decreased by 1 gram). This minuscule loss triggers a frantic response, depicted in the next two blurry panels: a person running and then hurriedly typing on a laptop. The final panel shows a Google search for ""BMI कैलकुलेटर"" (BMI calculator).

The meme conveys a mood of obsessive anxiety and a disproportionate focus on body weight, highlighting a poor self-image and a tendency to over-analyze health metrics. It satirizes the common behavior in diet culture where individuals become hyper-focused on insignificant fluctuations, immediately seeking validation or explanation through online tools like a BMI calculator. The core message is a humorous critique of this overreaction, showing how a negligible change can lead to a spiral of health-related internet searches and unnecessary worry.","[0, 0, 0, 0, 0, 0, 0]","[0,0,0,1,0,0,0]",v1
TE-633.jpg,UNIVERSAL_HUMAN,"The meme contains Hindi text that translates to ""I am fed up with the world, only the bed is dear."" This expresses a strong sense of world-weariness, detachment, and a desire to retreat from life into inactivity and sleep. It reflects feelings of hopelessness and a lack of motivation to engage with the world.","[0, 0, 0, 0, 0, 0, 0]","[0,0,0,0,0,0,0]",v1
TE-634.jpg,UNIVERSAL_HUMAN,"The meme shows a silhouette of a human head with a tangled, chaotic mass representing the brain. The Hindi text translates to ""I am overthinking about my overthinking problem."" The meme humorously illustrates a cycle of excessive, repetitive thought and worry, indicating a cluttered and anxious mind.","[0, 0, 0, 0, 0, 0, 0]","[0,0,0,0,0,1,0]",v1
TE-635.jpg,UNIVERSAL_HUMAN,"The meme features a stressed-looking cartoon rabbit with sweat drops and swirling lines around its head, indicating mental turmoil. The Hindi text ""रुको, मैं ज्यादा सोच रहा हूँ..."" translates to ""Wait, I am thinking too much..."". The meme directly addresses the issue of overthinking or rumination.","[0, 0, 0, 0, 0, 1, 0]","[0,0,0,0,0,1,0]",v1
TE-636.jpg,UNIVERSAL_HUMAN,"This two-panel meme uses a comparison format to express a shared feeling of enduring difficult circumstances. The top panel features a close-up photograph of a pale, crab-like creature, possibly a yeti crab, clinging to a dark, textured rock formation in what appears to be a deep-sea environment. Overlaid Hindi text reads, ""इस जीव ने भारी दबाव और अंधेरे में जीना सीख लिया है,"" which translates to ""This creature has learned to live in heavy pressure and darkness."" The bottom panel shows the widely recognized ""Sad Keanu"" meme, depicting actor Keanu Reeves sitting alone on a park bench, looking down at a sandwich with a somber expression. The word ""Same."" is placed over this image.

The combined effect conveys a mood of resignation, sadness, and a sense of being overwhelmed. The meme draws a parallel between the deep-sea creature's physical adaptation to extreme pressure and darkness and a person's emotional struggle to survive under mental pressure or in a ""dark"" period of life. It utilizes the culturally established ""Sad Keanu"" image to instantly communicate feelings of loneliness and sorrow. The core message is a relatable, albeit darkly humorous, acknowledgment of enduring significant stress, depression, or hardship, suggesting that the creator and viewers feel they, too, have learned to function under immense pressure and in difficult emotional conditions.","[0, 0, 0, 0, 0, 0, 0]","[1,1,0,0,0,0,0]",v1
TE-637.jpg,UNIVERSAL_HUMAN,"The meme shows a man pulling his hair, a gesture of extreme","[0, 0, 0, 0, 0, 0, 0]","[0,0,0,0,0,1,0]",v1
TE-638.jpg,UNIVERSAL_HUMAN,"This is a text-based meme using a mix of Hindi and English script. It reads, ""रुको ज़रा मुझे overthink करने दो"" which translates to ""Wait a moment, let me overthink."" The meme humorously presents the act of overthinking (rumination) as a priority activity that requires pausing other things, highlighting a common cognitive struggle.","[0, 0, 0, 0, 0, 0, 0]","[0,0,0,0,0,0,0]",v1
TE-639.jpg,UNIVERSAL_HUMAN,"This meme humorously depicts the relatable experience of lying awake at 3 AM, suddenly ruminating on an old argument from 2011 and realizing the perfect comeback you should have said. The image shows a person lying on the floor with a stunned expression, representing the dramatic realization and subsequent feeling of regret or stupidity for not having thought of it at the time.","[1, 0, 0, 0, 1, 0, 1]","[0,0,0,0,1,0,1]",v1
TE-64.jpg,UNIVERSAL_HUMAN,"The meme uses a bait-and-switch tactic with two images of a teddy bear. The first image offers a comforting message, ""Someone loves you."" The second image, showing the bear's back, harshly subverts this with the text, ""Not me... I think you are an idiot"" (using a strong Hindi insult). The humor relies on the sudden shift from validation to a brutal rejection and insult, playing on feelings of being unlovable and worthless.","[0, 0, 0, 0, 0, 0, 0]","[1,0,0,0,0,0,0]",v1
TE-640.jpg,UNIVERSAL_HUMAN,The meme features the character,"[0, 0, 0, 0, 0, 0, 0]","[0,1,0,0,0,0,0]",v1
TE-641.jpg,UNIVERSAL_HUMAN,,"[0, 0, 0, 0, 0, 0, 0]","[0,0,0,0,0,0,0]",v1
TE-642.jpg,UNIVERSAL_HUMAN,"This Hindi meme describes a person who experiences moments where their ""brain shuts down"" and they ""get lost"" for a while. The main message is an appreciation for a partner who accepts this quirky behavior and would even seriously consider an outlandish idea like ""buying a lion"" when the person ""comes back to their senses."" It's framed as a ""daily weird compliment"" to a supportive partner.","[0, 0, 0, 0, 0, 0, 0]","[0,0,0,0,0,0,0]",v1
TE-643.jpg,UNIVERSAL_HUMAN,"This image is a simple, text-based meme presented on a plain white, square tile-like background with a subtle shadow. The text is written in black Hindi script and reads, ""मुझे लगता है मेरा दिमाग खराब हो रहा है, पर किसी को फर्क ही नहीं दिखता।""

The emotion conveyed is one of sadness, isolation, and a feeling of being misunderstood or overlooked. The text translates to ""I feel like my mind is going bad, but no one even notices the difference."" This depicts a situation where an individual is experiencing internal mental distress or a decline in their mental well-being, yet they feel that those around them are oblivious or indifferent to their struggle.

In the context of internet culture, this is a relatable text-post meme often shared on social media platforms to express personal feelings of mental health struggles, loneliness, or the feeling of being unseen. The core message is a poignant expression of the disconnect between one's internal suffering and the external perception of others, highlighting the difficulty of dealing with mental health issues in isolation.","[0, 0, 0, 0, 0, 0, 0]","[0,0,0,0,0,0,0]",v1
TE-645.jpg,UNIVERSAL_HUMAN,"This image is a surreal meme featuring a fantasy illustration of a blonde woman in ornate armor thrusting a rapier. She is set against a backdrop of clouds, a rainbow, and sparkling stars. Overlaid on this fantasy scene is text in a vibrant, rainbow, word-art style. The Hindi text reads ""सिर्फ जलाने के जियो"" (Sirf jalane ke jiyo), which translates to ""Live only to burn."" Below it, in a large, stylized font, is the word ""Spiyo."" The overall mood is one of absurdity and nonsensical humor, derived from the stark contrast between the epic fantasy art and the glittering, cryptic text. The image uses a ""dank meme"" aesthetic, characterized by the deliberate juxtaposition of unrelated elements and a deliberately low-effort or bizarre visual style. The core message is likely an ironic or nonsensical take on motivational quotes, possibly referencing a specific gaming term (""burn"" decks in card games) or simply reveling in the absurdity of the combined elements.","[0, 0, 0, 0, 0, 0, 0]","[1,1,0,0,0,0,0]",v1
TE-646.jpg,UNIVERSAL_HUMAN,"The image is a motivational quote, not a traditional meme. It features a silhouette of a head surrounded by speech bubbles. The text, in Hindi and English, advises the reader to ""Stop overthinking. Live in the real world, not in the world of constant thinking."" It implies that overthinking is a problem to be overcome.","[0, 0, 0, 0, 0, 1, 0]","[0,0,0,0,0,1,0]",v1
TE-647.jpg,UNIVERSAL_HUMAN,,"[0, 0, 0, 0, 0, 0, 0]","[0,0,0,0,0,1,0]",v1
TE-648.jpg,UNIVERSAL_HUMAN,"This image is a screenshot of a tweet from the user ""@Bixquotes"" overlaid on a blurry, warm-toned background with a TikTok logo in the corner. The tweet, written in Hindi, translates to: ""Sometimes it is difficult for me to tell how I am feeling because I don't always understand why I am feeling this way. I need someone patient enough to understand my silence. Sometimes I don't want to lighten my heart, I just need someone to be with me so that I don't feel alone.""

The text conveys a mood of deep loneliness, emotional confusion, and a longing for silent companionship. It reflects a situation of inner turmoil where the speaker struggles to articulate their feelings and desires a presence rather than a conversation. This type of content is common in internet culture, often shared as a ""relatable quote"" on platforms like Instagram and TikTok by individuals experiencing emotional distress or seeking connection through shared vulnerability. The core message is a plea for understanding and presence without the pressure to explain oneself.","[0, 0, 0, 0, 0, 0, 0]","[0,0,0,0,0,0,0]",v1
TE-649.jpg,UNIVERSAL_HUMAN,"The meme describes a situation where a person is ""always so sad"" (""हमेशा इतने उदास""). When asked about it, they lie and say they are just ""tired"" to cover up their true feelings. The humor lies in the successful deception (""मस्त टोपी पहनाई"") of hiding their persistent sadness behind a common, socially acceptable excuse.","[0, 0, 0, 0, 0, 0, 0]","[1,1,0,0,0,0,0]",v1
TE-65.jpg,UNIVERSAL_HUMAN,"The meme shows a person looking out a window in a somber, black and white setting. The Hindi text expresses deep existential dread, with the speaker questioning their purpose in life and concluding that they are ""absolutely useless."" This reflects a state of hopelessness and negative self-evaluation.","[1, 0, 0, 0, 1, 0, 0]","[0,0,0,0,0,1,0]",v1
TE-651.jpg,UNIVERSAL_HUMAN,"The meme shows a distressed woman sitting up in bed at 03:48 AM, with squiggles around her head indicating a busy, troubled mind. The Hindi text at the top translates to ""How to stop overthinking."" The image directly addresses the struggle with racing thoughts that prevent sleep.","[0, 0, 0, 0, 0, 0, 0]","[0,0,0,0,0,1,1]",v1
TE-652.jpg,UNIVERSAL_HUMAN,,"[0, 0, 0, 0, 0, 0, 0]","[0,0,0,0,0,0,0]",v1
TE-653.jpg,UNIVERSAL_HUMAN,"The meme displays the Hindi word ""ओवरथिंकिंग"" (Overthinking) against a backdrop of a woman looking up at a cloudy sky. This visually represents the act of excessive, often repetitive and negative, thinking or rumination, which is a common cognitive symptom associated with various mental health conditions, including depression and anxiety.","[0, 0, 0, 0, 0, 0, 0]","[0,0,0,0,0,1,0]",v1
TE-654.jpg,UNIVERSAL_HUMAN,,"[0, 0, 0, 0, 0, 0, 0]","[0,0,0,0,0,0,0]",v1
TE-655.jpg,UNIVERSAL_HUMAN,"The meme depicts a relatable situation of academic stress. The main text expresses a feeling of blanking out or not knowing anything during a test. The smaller text, presented as a comforting thought from an inner voice (the small chibi figure), suggests a coping mechanism: looking forward to going home and watching anime once the stressful event is over. It's a humorous take on dealing with test anxiety.","[0, 0, 0, 0, 0, 0, 0]","[0,0,0,0,0,1,0]",v1
TE-656.jpg,UNIVERSAL_HUMAN,"The meme shows a person (""मैं"") in bed, crying and looking distressed, with an alarm clock reading 10:00 AM on a Saturday. Outside the window, text lists ""adventures, opportunities, and challenges"" of the world. The meme illustrates a feeling of being overwhelmed and stuck, unable to engage with life's possibilities despite them being available, and instead remaining in bed in a state of misery.","[0, 0, 0, 0, 0, 0, 0]","[1,1,0,0,0,1,1]",v1
TE-657.jpg,UNIVERSAL_HUMAN,"This Hindi meme is a piece of self-deprecating humor about the persistence of depression. The text translates to: ""Last year I was very sad and depressed, but this year I thought I would change everything,","[0, 0, 0, 0, 0, 0, 0]","[0,0,0,0,0,0,0]",v1
TE-658.jpg,UNIVERSAL_HUMAN,,"[0, 0, 0, 0, 0, 0, 0]","[0,0,0,0,0,1,0]",v1
TE-659.jpg,UNIVERSAL_HUMAN,"The meme features a thought bubble filled with a chaotic jumble of random objects, symbolizing a cluttered mind. The text in Hindi reads ""हर बात की ओवरथिंकिंग"" (Har baat ki overthinking), which translates to ""Overthinking everything."" The meme illustrates the state of having a racing mind that excessively ruminates on every detail.","[0, 0, 0, 0, 0, 0, 0]","[0,0,0,0,0,1,0]",v1
TE-66.jpg,UNIVERSAL_HUMAN,"The meme features an intense close-up of a cat's eye with Hindi text that reflects on childhood trauma responses. The text translates to: ""Meaning, the habits I formed in childhood to protect myself, now that I've grown up, I have to fix that same mess?"" This expresses a weary realization about the long-term impact of past difficult experiences and the burden of having to heal from maladaptive coping mechanisms developed for survival. The tone is introspective,","[0, 0, 0, 0, 0, 0, 0]","[0,0,0,0,0,0,0]",v1
TE-660.jpg,UNIVERSAL_HUMAN,"The meme features a colorful, abstract illustration of a brain","[0, 0, 0, 0, 0, 0, 0]","[0,0,0,0,0,1,0]",v1
TE-661.jpg,UNIVERSAL_HUMAN,"This meme features the Hindi Hindi idiom ""दिमाग का दही हो गया है"" (Dimaag ka dahi ho gaya hai), which literally translates to ""the brain has become yogurt."" Idiomatically, it means feeling extremely confused, overwhelmed, mentally exhausted, or unable to think clearly due to chaos or too much information. The graphic of a head filled with a cluttered assortment of random icons visually reinforces this state of mental disarray and cognitive overload.","[0, 0, 0, 0, 0, 0, 0]","[0,0,0,0,0,1,0]",v1
TE-662.jpg,UNIVERSAL_HUMAN,"This image is a text-based meme featuring bold, white Hindi text centered on a solid black background. The text reads, ""कभी-कभी बस Music ही सहारा होता है जो मन को दुनिया की टेंशन से दूर कर देता है।"" which translates to ""Sometimes only music is the support that takes the mind away from the world's tension."" The overall mood conveyed is one of weariness and the need for emotional relief, mixed with a sense of solace found in music. It depicts a common life situation where an individual feels overwhelmed by the stress, anxiety, or burdens of daily life (""दुनिया की टेंशन"") and turns to music as a coping mechanism. In the context of internet culture, this is a widely relatable ""text post"" style meme, often shared on social media platforms within Hindi-speaking communities to express shared feelings of stress and the therapeutic power of music. The core message is that music acts as an essential emotional anchor and a means of temporary escape from worldly pressures when other forms of support may feel absent.","[0, 0, 0, 0, 0, 0, 0]","[0,0,0,0,0,0,0]",v1
TE-67.jpg,UNIVERSAL_HUMAN,"The image graphically depicts a person's forearm with multiple self-inflicted cuts, some of which are bleeding. The Hindi text translates to ""It becomes difficult to hide a secret when it is written on your body,"" suggesting that the visible physical harm is a manifestation of hidden emotional pain or a ""secret"" struggle. The meme directly addresses the theme of self-harm as a way to express or cope with inner turmoil.","[1, 0, 1, 0, 0, 0, 0]","[0,0,1,0,0,0,0]",v1
TE-68.jpg,UNIVERSAL_HUMAN,,"[0, 0, 0, 0, 0, 0, 0]","[0,0,0,0,0,0,0]",v1
TE-69.jpg,UNIVERSAL_HUMAN,"This meme uses hyperbolic humor to express the severity of the creator's depression. The text states that scientists can now convert depression into nuclear energy. The punchline shows a massive nuclear explosion labeled ""Me:"", implying that the user has such an immense amount of depression that converting it would cause a catastrophic disaster.","[0, 0, 0, 0, 0, 0, 0]","[1,0,0,0,0,0,0]",v1
TE-7.jpg,UNIVERSAL_HUMAN,"This four-panel meme follows a standard vertical split format. On the left, two identical images show a young anime girl with blue hair and a white cap lying in bed, labeled ""मैं"" (Me). In the top left panel, she has a neutral expression with a small ""नहीं"" (No) text bubble. The top right panel contains Hindi text: ""डॉक्टर: क्या तुम्हें किसी को मारने के thoughts आते हैं?"" (Doctor: Do you have thoughts of killing someone?). The bottom left panel shows the same girl, but her eyes are now wide and darting away in a panicked or avoidant manner. The bottom right panel reads: ""डॉक्टर: क्या तुम्हें suicidal thoughts आते हैं?"" (Doctor: Do you have suicidal thoughts?). The meme conveys a mood of anxiety, hidden distress, and dark humor. It depicts a doctor-patient consultation where the patient readily denies homicidal thoughts but is caught off guard and visibly uncomfortable when asked about suicidal ideation. This reflects the internet culture of using humor, particularly anime reaction images, to cope with and discuss sensitive mental health issues like depression and suicide, highlighting the difficulty of admitting to such struggles. The core message is the relatable, albeit grim, reality of someone who doesn't want to harm others but secretly battles with thoughts of self-harm.","[0, 0, 0, 0, 0, 0, 0]","[0,0,1,0,0,0,0]",v1
TE-71.jpg,UNIVERSAL_HUMAN,"The meme features a distressed woman in a car, accompanied by Hindi text that translates to ""Everything hurts. All the time."" This conveys a profound and constant sense of emotional or physical pain, sadness, and hopelessness, which are central experiences in depression.","[1, 0, 0, 0, 0, 0, 0]","[1,0,0,0,0,0,0]",v1
TE-72.jpg,UNIVERSAL_HUMAN,"This meme uses the popular template of Barack Obama running away to depict a relatable moment of digital social awkwardness. The Hindi text explains the situation: accidentally opening a chat window just as the other person is actively ""typing."" The humor lies in the exaggerated reaction of immediately fleeing the situation to avoid the pressure of an immediate response or the awkwardness of being ""seen."" It relates to minor social anxiety in the digital age, not clinical depression.","[0, 0, 0, 0, 0, 0, 0]","[0,1,0,0,1,0,0]",v1
TE-73.jpg,UNIVERSAL_HUMAN,,"[0, 0, 0, 0, 0, 0, 0]","[0,1,0,0,0,0,0]",v1
TE-75.jpg,UNIVERSAL_HUMAN,,"[0, 0, 0, 0, 0, 0, 0]","[0,0,0,0,1,0,1]",v1
TE-76.jpg,UNIVERSAL_HUMAN,"This meme uses simple text on a bright background to pose a relatable question to the audience. The Hindi text translates to: ""Does this happen to you too? Can't sleep at night, can't wake up in the morning."" It describes a very common struggle with regulating sleep cycles, specifically highlighting insomnia at night followed by extreme difficulty waking up the next day.","[0, 0, 0, 0, 0, 0, 1]","[0,0,0,0,0,0,0]",v1
TE-77.jpg,UNIVERSAL_HUMAN,"The meme shows a man sitting alone in a desolate, barren landscape with his head bowed in a dejected posture. The large Hindi text at the bottom reads ""अकेलापन"" (Akelapan), which translates to ""Loneliness"". The visual elements and the text combine to strongly convey a sense of isolation, sadness, and hopelessness.","[1, 0, 0, 0, 0, 0, 0]","[0,0,0,0,0,0,0]",v1
TE-79.jpg,UNIVERSAL_HUMAN,,"[0, 0, 0, 0, 0, 0, 0]","[1,0,0,0,0,0,0]",v1
TE-80.jpg,UNIVERSAL_HUMAN,"This is a somber, black and white photograph of a person's forearm. The arm shows numerous healed scars consistent with self-inflicted cutting. Additionally, there is a tattoo in Devanagari script on the wrist that reads ""अकेला"" (Akela), which translates to ""Alone."" The image directly depicts evidence of self-harm and explicitly expresses feelings of deep loneliness.","[0, 0, 0, 0, 0, 0, 0]","[0,0,0,0,0,0,0]",v1
TE-81.jpg,UNIVERSAL_HUMAN,,"[0, 0, 0, 0, 0, 0, 0]","[1,0,0,0,0,0,0]",v1
TE-82.jpg,UNIVERSAL_HUMAN,"This meme is a piece of dark humor. It begins with a gruesome fact about a piranha's ability to consume a small child quickly. It then follows with the statement, ""Anyway, I lost my job at the aquarium today..."", implying the person was fired for a horrific reason related to the fact they just shared. The meme is intended to be shocking and funny through this implication, rather than expressing genuine distress or depressive symptoms.","[0, 0, 0, 0, 0, 0, 0]","[0,0,0,0,0,0,0]",v1
TE-83.jpg,UNIVERSAL_HUMAN,"The meme features text in Hindi that translates to ""Me ignoring messages until I get the energy to be social again."" It uses images of Lisa Simpson looking disengaged and checking her phone to illustrate the behavior of socially withdrawing and ignoring communication due to a lack of mental or emotional energy for interaction.","[0, 0, 0, 0, 0, 0, 0]","[1,1,0,0,0,0,0]",v1
TE-84.jpg,UNIVERSAL_HUMAN,"This meme illustrates a common experience of trying to sleep, only to have one's brain intrusively replay embarrassing or negative memories (""कांडों"" - deeds/mistakes","[0, 0, 0, 0, 0, 0, 0]","[0,0,0,0,0,0,1]",v1
TE-85.jpg,UNIVERSAL_HUMAN,"This two-panel meme features scenes from the movie ""Joker,"" starring Joaquin Phoenix. The top panel shows the character laughing uncontrollably, with Hindi text overlays reading ""*Meme देखा*"" (Saw a meme) and ""*हँसा*"" (Laughed). The bottom panel shows the same character with a somber, depressed expression, accompanied by the Hindi text ""*चलो अब वापस दुःख में*"" (Let's go back to sadness now).

The meme conveys a powerful sense of fleeting joy followed by a swift return to a dominant state of sadness, emptiness, or hopelessness. It depicts a common situation where individuals use humor, like internet memes, as a temporary distraction from their negative feelings. The laughter is shown as a brief escape, and the subsequent panel illustrates the immediate relapse into a baseline of sorrow once the momentary amusement fades.

This meme utilizes the culturally recognized ""Joker"" format, often associated with themes of mental health struggles and the masking of inner pain. The core message is a relatable commentary on the difficulty of maintaining happiness when dealing with persistent feelings of depression or sadness, highlighting how quickly one can revert to a negative emotional state after a brief respite.","[0, 0, 0, 0, 0, 0, 0]","[1,0,0,0,0,0,0]",v1
TE-86.jpg,UNIVERSAL_HUMAN,"This meme is a screenshot of a tweet where the user sarcastically responds to someone observing that they ""look depressed."" The user bluntly confirms this observation by stating, ""thanks bro it's the depression."" The inclusion of a ""sad Simpson"" profile picture further contextualizes it within depression meme culture. The meme is a direct, dry acknowledgment of suffering from depression.","[0, 0, 0, 0, 0, 0, 0]","[0,0,0,0,0,0,0]",v1
TE-89.jpg,UNIVERSAL_HUMAN,,"[0, 0, 0, 0, 0, 0, 0]","[0,0,0,0,0,0,0]",v1
TE-91.jpg,UNIVERSAL_HUMAN,"This four-panel meme illustrates a negative cycle starting with low self-esteem. The character attempts a task to feel better but fails, attributing the failure to their own incompetence (""nalayaki""). This leads to a reinforced feeling of uselessness (""bekar"") and culminates in a thought that they should just die. The happy face in the final panel is used","[0, 0, 0, 0, 0, 0, 0]","[0,0,1,0,1,0,0]",v1
TE-92.jpg,UNIVERSAL_HUMAN,This meme uses a set of reaction images showing actor Zac Efron shrugging with a feigned,"[0, 0, 0, 0, 0, 0, 0]","[1,0,0,0,0,0,0]",v1
TE-93.jpg,UNIVERSAL_HUMAN,"This image is a meme based on a still from the animated television series ""The Simpsons."" It features the character Lisa Simpson holding a white coffee mug, while another character, presumably Marge (only her arm is visible), pours coffee into it from a glass carafe. The image uses the object labeling meme format. The text on the carafe, written in Hindi, reads ""घंटों उन चीज़ों पर overthink करना जो मेरे हाथ में नहीं हैं,"" which translates to ""Overthinking for hours about things that are not in my hands."" Lisa is labeled with the Hindi word ""मैं,"" meaning ""Me.""

The mood conveyed is one of weary resignation and self-deprecating humor regarding the common struggle with anxiety and overthinking. Lisa's neutral, almost tired expression as she accepts the ""coffee"" suggests a familiarity with this mental state. The situation depicted is the relatable experience of getting caught in a cycle of unproductive worry about uncontrollable events. In the context of internet culture, this meme uses a popular character to humorously highlight a shared mental health struggle, fostering a sense of solidarity among those who also find themselves overthinking. The core message is a relatable acknowledgment of the tendency to spend excessive time dwelling on things beyond one's control, portraying it as a regular, almost ritualistic, part of the creator's life.","[0, 0, 0, 0, 0, 0, 0]","[1,0,0,0,0,0,0]",v1
TE-94.jpg,UNIVERSAL_HUMAN,"The meme is a simple text-based ""confession"" on a black background. The Hindi text reads ""काश मेरा वजूद ही न होता,"" which translates to ""I wish I didn't exist."" The source is identified as ""confessions-of-a-depressed-girl.tumblr,"" explicitly framing the content within the context of depression. The statement is a direct expression of profound hopelessness and passive suicidal ideation.","[0, 0, 0, 0, 0, 0, 0]","[0,0,0,0,0,0,0]",v1
TE-95.jpg,UNIVERSAL_HUMAN,"This four-panel meme uses a comic strip format to humorously depict social anxiety. On the left side of each panel, a woman in a white lab coat, resembling a therapist or researcher, holds up a flashcard with Hindi text and an illustration. On the right, a pink, blob-like character seated at a table reacts to each card.

In the first panel, the card shows a ghost (""भूत"") and the character calmly says ""इतना बुरा नहीं"" (Not that bad). The second panel shows a zombie (""ज़ॉम्बी""), and the character again says ""इतना बुरा नहीं."" The third panel shows a nuclear mushroom cloud (""परमाणु युद्ध""), and the character, looking slightly uneasy, says ""थोड़ा डरावना"" (A little scary). The final panel delivers the punchline: the card simply reads ""लोगों से मिलना-जुलना"" (Socializing with people). The character is now shown in extreme terror, sweating and clutching a cross, indicating that socializing is their greatest fear, surpassing supernatural monsters and even nuclear war.

The meme conveys a mood of humorous self-deprecation and relatability regarding social anxiety and introversion. It uses the ""therapist"" meme format to exaggerate the fear of social interaction, a common theme in internet culture, particularly among younger generations. The core message is that for the creator (and likely the audience), dealing with people is far more terrifying than traditional or existential threats.","[0, 0, 0, 0, 0, 0, 0]","[0,1,0,0,0,0,0]",v1
TE-96.jpg,UNIVERSAL_HUMAN,"The image is a screenshot of a tweet in Hindi that humorously suggests an app idea for people with anxiety and depression. The proposed app would allow extroverts to handle phone calls and appointments on behalf of those struggling with these conditions, highlighting the difficulty people with depression and anxiety often face with everyday tasks and social interactions.","[0, 0, 0, 0, 0, 0, 0]","[0,0,0,0,0,0,0]",v1
TE-97.jpg,UNIVERSAL_HUMAN,"This meme features the character Rafiki meditating, initially suggesting a theme of spiritual peace with the text ""No worry, no fear..."". However, the punchline subverts this by revealing the character's actual, desperate wish: ""Just let me sleep tonight!"" The humor stems from contrasting high spiritual ideals with the basic, relatable struggle of exhaustion or insomnia. The central message is a strong desire for sleep, implying a current lack of it.","[0, 0, 0, 0, 0, 0, 0]","[0,0,0,0,0,0,1]",v1
TE-205.jpg,VISUAL_SYMBOL_DEPENDENT,"This meme uses the mythological character Shakuni Mama, known for deceit and manipulation in the Mahabharata, to personify an inner voice. He is whispering to a skeptical-looking girl, saying, ""Just sleep for 10 more minutes, you won't be late."" The humor lies in recognizing this voice as a lie that leads to oversleeping and inevitably being late. It relates to the common struggle of waking up in the morning and hitting the snooze button.","[0, 0, 0, 0, 0, 0, 0]","[0,0,0,0,0,0,1]",v1
TE-276.jpg,VISUAL_SYMBOL_DEPENDENT,"This meme is a collage of photos showing a person dressed as the Hindu deity Hanuman in various mundane, solitary, or seemingly pointless situations. He is depicted waiting at a bus stop, sitting bored on a playground merry-go-round, walking alone on a beach, trudging through snow, and paddleboarding with his mace. The humor arises from the juxtaposition of a powerful mythological figure","[0, 0, 0, 0, 0, 0, 0]","[0,0,0,0,0,0,0]",v1
TE-461.jpg,VISUAL_SYMBOL_DEPENDENT,This meme illustrates the struggle of masking mental health difficulties and life stressors. The,"[0, 0, 0, 0, 0, 0, 0]","[1,0,0,0,0,0,0]",v1
TE-512.jpg,VISUAL_SYMBOL_DEPENDENT,"This meme shows an older woman, labeled ""तुम"" (You), using a fire extinguisher labeled ""इलाज"" (Treatment) to put out candles on a birthday cake. The candles represent various struggles: ""डिप्रेसन"" (Depression), ""चिंता"" (Anxiety), ""पुराना दर्द"" (Chronic pain), and ""नींद न आना"" (Insomnia). The meme visually represents the act of actively trying to treat or extinguish these mental and physical health issues.","[0, 0, 0, 0, 0, 0, 0]","[1,0,0,0,1,0,1]",v1
TE-87.jpg,VISUAL_SYMBOL_DEPENDENT,"The meme combines text in Hindi with a picture of a traditional Hindu funeral. The text translates to ""When all my suicidal memes were actually a cry for help but everyone thought I was just trying to be 'cool'."" The meme uses dark humor to convey a serious message: the creator's posts about suicide were genuine signals of distress that were ignored or misinterpreted by others, with the funeral imagery implying a tragic consequence.","[0, 0, 0, 0, 0, 0, 0]","[1,0,1,0,0,0,0]",v1
