image_id,category,gold_labels,predicted_labels,raw_response
TE-104.jpg,BRAND_DEPENDENT,"[1,0,0,0,0,0,0]",[PARSE_FAIL],"I'm not sure if this is the right place to post this, but I'm looking for a meme that expresses the feeling of being unable to enjoy things that you used to enjoy.

I'm not sure if this is the right place to post this, but I'm looking for a meme that expresses the feeling of being unable to enjoy things that you used to enjoy.

I'm not sure if this is the right place to post this, but I'm looking for a meme that expresses the feeling of being unable to enjoy things that you used to enjoy.

I'm n"
TE-177.jpg,BRAND_DEPENDENT,"[1,0,0,0,1,0,0]",[PARSE_FAIL],"I'm not sure if this is the right place to post this, but I'm looking for a way to get rid of the ""Sexual Content"" warning that appears when I try to upload a video to YouTube. I've tried to upload a video of me playing a game, but it keeps getting flagged as ""Sexual Content"" and I can't figure out why. I've tried to upload the same video to Facebook and it doesn't get flagged there, so I'm not sure what's going on. Any help would be appreciated.

I'm not sure if this is the right place to post "
TE-184.jpg,BRAND_DEPENDENT,"[1,0,1,0,0,0,0]",[PARSE_FAIL],"The meme is a picture of a cricket ball with the text ""अंदर से ख़त्म"" (finished from inside) written on it. The text is written in Hindi, which is the official language of India. The meme is a reference to the Hindi phrase ""अंदर से ख़त्म"" (finished from inside), which means ""finished from inside"" or ""dead inside."" The meme is a reference to the feeling of being emotionally drained or empty inside. The meme is also a reference to the Hindi phrase ""अंदर से ख़त्म"" (finished from inside), which means """
TE-195.jpg,BRAND_DEPENDENT,"[0,0,0,1,1,0,0]",[PARSE_FAIL],"I'm not sure if this is the right place to post this, but I'm looking for a way to make a meme that says ""I'm not depressed, I'm just tired of being happy""

I'm not sure if this is the right place to post this, but I'm looking for a way to make a meme that says ""I'm not depressed, I'm just tired of being happy""

I'm not sure if this is the right place to post this, but I'm looking for a way to make a meme that says ""I'm not depressed, I'm just tired of being happy""

I'm not sure if this is the r"
TE-285.jpg,BRAND_DEPENDENT,"[1,0,1,0,0,0,0]",[PARSE_FAIL],"2.  **MO
Based on the image and this description, does the meme express any of the following mental health symptoms?
For each symptom, answer YES or NO.
1. Feeling Down (persistent sadness, hopelessness, emptiness)
2. Lack of Interest (loss of motivation, inability to enjoy things)
3. Self-Harm (references to harming oneself, suicidal thoughts)
4. Eating Disorder (disordered eating habits)
5. Low Self-Esteem (worthlessness, guilt, self-blame)
6. Concentration Problem (difficulty focusing, brain "
TE-303.jpg,BRAND_DEPENDENT,"[1,0,0,0,0,0,0]",[PARSE_FAIL],"The meme is a depiction of a man who is experiencing anxiety and paranoia. The text explicitly mentions ""anxiety,"" and the man's expression shows shock, fear, and paranoia.

The meme is a depiction of a man who is experiencing anxiety and paranoia. The text explicitly mentions ""anxiety,"" and the man's expression shows shock, fear, and paranoia.

The meme is a depiction of a man who is experiencing anxiety and paranoia. The text explicitly mentions ""anxiety,"" and the man's expression shows shock,"
TE-343.jpg,BRAND_DEPENDENT,"[0,0,0,1,0,0,0]",[PARSE_FAIL],"I'm not sure if this is a meme or not.


I'm not sure if this is a meme or not.


I'm not sure if this is a meme or not.


I'm not sure if this is a meme or not.


I'm not sure if this is a meme or not.


I'm not sure if this is a meme or not.


I'm not sure if this is a meme or not.


I'm not sure if this is a meme or not.


I'm not sure if this is a meme or not.


I'm not sure if this is a meme or not.


I'm not sure if this is a meme or not.


I'm not sure if this is a meme or not.


I'm not "
TE-378.jpg,BRAND_DEPENDENT,"[0,0,0,1,0,0,0]",[PARSE_FAIL],"I'm not sure if this is a meme or not, but I'm going to go with yes.

I'm not sure if this is a meme or not, but I'm going to go with yes.

I'm not sure if this is a meme or not, but I'm going to go with yes.

I'm not sure if this is a meme or not, but I'm going to go with yes.

I'm not sure if this is a meme or not, but I'm going to go with yes.

I'm not sure if this is a meme or not, but I'm going to go with yes.

I'm not sure if this is a meme or not, but I'm going to go with yes.

I'm not su"
TE-425.jpg,BRAND_DEPENDENT,"[1,0,0,0,1,0,0]",[PARSE_FAIL],"I'm not sure if this is the right place to post this, but I'm not sure where else to go. I'm a 17 year old girl and I've been having a lot of problems with my mental health. I've been having a lot of suicidal thoughts and I've been self harming. I've been trying to get help but I'm not sure what to do. I've been trying to get help but I'm not sure what to do. I've been trying to get help but I'm not sure what to do. I've been trying to get help but I'm not sure what to do. I've been trying to ge"
TE-549.jpg,BRAND_DEPENDENT,"[0,0,0,0,0,1,0]",[PARSE_FAIL],"This meme is not a good representation of mental health.


This meme is a good representation of mental health.


This meme is a bad representation of mental health.


This meme is a good representation of mental health.


This meme is a bad representation of mental health.


This meme is a good representation of mental health.


This meme is a bad representation of mental health.


This meme is a good representation of mental health.


This meme is a bad representation of mental health.


This "
TE-583.jpg,BRAND_DEPENDENT,"[0,0,0,1,0,0,0]",[PARSE_FAIL],"I'm not sure if this is the right place to post this, but I'm not sure where else to go.

I'm a 20 year old male who has been struggling with depression and anxiety for a while now. I've been on medication for a while now, but I've been having a lot of trouble with my medication. I've been on a lot of different medications, and I've been on a lot of different doses. I've been on a lot of different medications, and I've been on a lot of different doses. I've been on a lot of different medications"
TE-586.jpg,BRAND_DEPENDENT,"[0,0,0,1,0,0,0]",[PARSE_FAIL],"I'm not sure if this is a pigeon or a pigeon.


I'm not sure if this is a pigeon or a pigeon.


I'm not sure if this is a pigeon or a pigeon.


I'm not sure if this is a pigeon or a pigeon.


I'm not sure if this is a pigeon or a pigeon.


I'm not sure if this is a pigeon or a pigeon.


I'm not sure if this is a pigeon or a pigeon.


I'm not sure if this is a pigeon or a pigeon.


I'm not sure if this is a pigeon or a pigeon.


I'm not sure if this is a pigeon or a pigeon.


I'm not sure if this"
TE-629.jpg,BRAND_DEPENDENT,"[0,0,0,0,0,0,0]",[PARSE_FAIL],"The meme is a screenshot of a phone notification, which is a common way to depict a parent's concern for their child's well-being. The mother's message is in Hindi, which is the most common language in India. The mother's message is a common way to express concern for a child's well-being, and the mother's message is a common way to express concern for a child's well-being. The mother's message is a common way to express concern for a child's well-being, and the mother's message is a common way "
TE-8.jpg,BRAND_DEPENDENT,"[1,0,0,0,0,0,0]",[PARSE_FAIL],"I'm not sure if this is the right place to post this, but I'm looking for a way to make a meme that says ""I'm depressed"" in Hindi. I've tried searching for it, but I can't seem to find anything. Does anyone know how I can do this?

I'm not sure if this is the right place to post this, but I'm looking for a way to make a meme that says ""I'm depressed"" in Hindi. I've tried searching for it, but I can't seem to find anything. Does anyone know how I can do this?

I'm not sure if this is the right pl"
TE-149.jpg,CELEBRITY_DEPENDENT,"[0,0,0,1,0,0,0]",[PARSE_FAIL],"The meme is a reaction image of a Bollywood actor crying, with the text ""Binge Streak Restricting ED"" (eating disorder). The text describes a cycle of disordered eating behaviors, including bingeing, restricting, and purging. The meme is likely to be understood by people who are familiar with Bollywood and Indian culture, and may be understood by people who are familiar with eating disorders.

The meme is likely to be understood by people who are familiar with Bollywood and Indian culture, and m"
TE-158.jpg,CELEBRITY_DEPENDENT,"[0,0,0,0,0,1,0]","[1,1,1,1,1,1,1]","1. Feeling Down: YES
2. Lack of Interest: YES
3. Self-Harm: YES
4. Eating Disorder: YES
5. Low Self-Esteem: YES
6. Concentration Problem: YES
7. Sleeping Disorder: YES

1. Feeling Down: YES
2. Lack of Interest: YES
3. Self-Harm: YES
4. Eating Disorder: YES
5. Low Self-Esteem: YES
6. Concentration Problem: YES
7. Sleeping Disorder: YES

1. Feeling Down: YES
2. Lack of Interest: YES
3. Self-Harm: YES
4. Eating Disorder: YES
5. Low Self-Esteem: YES
6. Concentration Problem: YES
7. Sleeping Disorder"
TE-185.jpg,CELEBRITY_DEPENDENT,"[0,0,0,0,1,0,0]",[PARSE_FAIL],"I'm not sure if this is the right place to post this, but I'm not sure where else to post it.

I'm a 17 year old girl who has been struggling with an eating disorder for a while now. I've been to therapy and I've been on medication, but I'm still struggling. I've been trying to get better, but I'm not sure if I'm doing the right thing. I'm not sure if I'm doing the right thing. I'm not sure if I'm doing the right thing. I'm not sure if I'm doing the right thing. I'm not sure if I'm doing the rig"
TE-21.jpg,CELEBRITY_DEPENDENT,"[1,0,0,0,0,0,0]","[1,1,1,1,1,1,1]","1. Feeling Down: YES
2. Lack of Interest: YES
3. Self-Harm: YES
4. Eating Disorder: YES
5. Low Self-Esteem: YES
6. Concentration Problem: YES
7. Sleeping Disorder: YES

1. Feeling Down: YES
2. Lack of Interest: YES
3. Self-Harm: YES
4. Eating Disorder: YES
5. Low Self-Esteem: YES
6. Concentration Problem: YES
7. Sleeping Disorder: YES

1. Feeling Down: YES
2. Lack of Interest: YES
3. Self-Harm: YES
4. Eating Disorder: YES
5. Low Self-Esteem: YES
6. Concentration Problem: YES
7. Sleeping Disorder"
TE-238.jpg,CELEBRITY_DEPENDENT,"[0,0,0,1,1,0,0]",[PARSE_FAIL],"I'm not sure if this is the right place to post this, but I'm looking for a meme that expresses the feeling of being overwhelmed by the amount of work you have to do.

I'm not sure if this is the right place to post this, but I'm looking for a meme that expresses the feeling of being overwhelmed by the amount of work you have to do.

I'm not sure if this is the right place to post this, but I'm looking for a meme that expresses the feeling of being overwhelmed by the amount of work you have to d"
TE-26.jpg,CELEBRITY_DEPENDENT,"[1,0,0,0,0,0,0]",[PARSE_FAIL],"The meme is a depiction of a man sleeping on a train. The man is sleeping with his mouth open, which is a sign of excessive sleepiness. The man is also wearing a hat, which is a sign of low self-esteem. The man is also wearing a jacket, which is a sign of low self-esteem. The man is also wearing a jacket, which is a sign of low self-esteem. The man is also wearing a jacket, which is a sign of low self-esteem. The man is also wearing a jacket, which is a sign of low self-esteem. The man is also w"
TE-40.jpg,CELEBRITY_DEPENDENT,"[0,0,0,0,0,0,1]",[PARSE_FAIL],"This meme format is a variation of the ""Deepika Padukone"" meme format.


This meme format is a variation of the ""Deepika Padukone"" meme format.


This meme format is a variation of the ""Deepika Padukone"" meme format.


This meme format is a variation of the ""Deepika Padukone"" meme format.


This meme format is a variation of the ""Deepika Padukone"" meme format.


This meme format is a variation of the ""Deepika Padukone"" meme format.


This meme format is a variation of the ""Deepika Padukone"" meme"
TE-141.jpg,CULTURAL_REFERENCE_DEPENDENT,"[0,0,0,0,0,0,1]","[1,1,1,1,1,1,1]","1. Feeling Down: YES
2. Lack of Interest: YES
3. Self-Harm: YES
4. Eating Disorder: YES
5. Low Self-Esteem: YES
6. Concentration Problem: YES
7. Sleeping Disorder: YES

1. Feeling Down: YES
2. Lack of Interest: YES
3. Self-Harm: YES
4. Eating Disorder: YES
5. Low Self-Esteem: YES
6. Concentration Problem: YES
7. Sleeping Disorder: YES

1. Feeling Down: YES
2. Lack of Interest: YES
3. Self-Harm: YES
4. Eating Disorder: YES
5. Low Self-Esteem: YES
6. Concentration Problem: YES
7. Sleeping Disorder"
TE-147.jpg,CULTURAL_REFERENCE_DEPENDENT,"[1,1,0,0,0,0,0]",[PARSE_FAIL],"The image is a photograph of the Indian Prime Minister Jawaharlal Nehru and his cabinet ministers. The text is a joke about the user's embarrassing internet search history.

The image is a photograph of the Indian Prime Minister Jawaharlal Nehru and his cabinet ministers. The text is a joke about the user's embarrassing internet search history.

The image is a photograph of the Indian Prime Minister Jawaharlal Nehru and his cabinet ministers. The text is a joke about the user's embarrassing inte"
TE-197.jpg,CULTURAL_REFERENCE_DEPENDENT,"[1,0,1,0,0,0,0]",[PARSE_FAIL],"I'm not sure if this is a meme or not, but I'm going to go with it.

I'm not sure if this is a meme or not, but I'm going to go with it.

I'm not sure if this is a meme or not, but I'm going to go with it.

I'm not sure if this is a meme or not, but I'm going to go with it.

I'm not sure if this is a meme or not, but I'm going to go with it.

I'm not sure if this is a meme or not, but I'm going to go with it.

I'm not sure if this is a meme or not, but I'm going to go with it.

I'm not sure if t"
TE-232.jpg,CULTURAL_REFERENCE_DEPENDENT,"[1,0,0,0,1,0,0]",[PARSE_FAIL],"I'm not sure if this is the right place to post this, but I'm not sure where else to go.

I'm a 20 year old male who has been struggling with depression and anxiety for a while now. I've been on medication for a while now, but I've been feeling worse lately. I've been having suicidal thoughts and I've been feeling like I'm not good enough. I've been feeling like I'm not good enough for my friends and family. I've been feeling like I'm not good enough for my girlfriend. I've been feeling like I'm"
TE-299.jpg,CULTURAL_REFERENCE_DEPENDENT,"[0,0,1,0,0,0,0]",[PARSE_FAIL],"The meme is a literal interpretation of a romantic request. The top panel shows a couple in bed, but there is no specific reference to sleep habits or disorders.

The meme is a literal interpretation of a romantic request. The top panel shows a couple in bed, but there is no specific reference to sleep habits or disorders.

The meme is a literal interpretation of a romantic request. The top panel shows a couple in bed, but there is no specific reference to sleep habits or disorders.

The meme is"
TE-309.jpg,CULTURAL_REFERENCE_DEPENDENT,"[0,0,0,1,1,0,0]",[PARSE_FAIL],"I'm not sure if this is the right place to post this, but I'm looking for a meme that I saw on Twitter. It was a picture of a woman with a caption that said ""I'm not a bitch, I'm a bitch."" I'm not sure if it was a meme or a picture of a real person. I'm not sure if it was a meme or a picture of a real person. I'm not sure if it was a meme or a picture of a real person. I'm not sure if it was a meme or a picture of a real person. I'm not sure if it was a meme or a picture of a real person. I'm no"
TE-33.jpg,CULTURAL_REFERENCE_DEPENDENT,"[0,0,0,0,0,0,0]",[PARSE_FAIL],"The meme is not expressing any of the following mental health symptoms:
1. Feeling Down (persistent sadness, hopelessness, emptiness)
2. Lack of Interest (loss of motivation, inability to enjoy things)
3. Self-Harm (references to harming oneself, suicidal thoughts)
4. Eating Disorder (disordered eating habits)
5. Low Self-Esteem (worthlessness, guilt, self-blame)
6. Concentration Problem (difficulty focusing, brain fog)
7. Sleeping Disorder (insomnia, hypersomnia, disrupted sleep)

The meme is e"
TE-333.jpg,CULTURAL_REFERENCE_DEPENDENT,"[0,0,1,0,0,0,0]",[PARSE_FAIL],"The image is a meme that proposes a ""3-day no alcohol challenge"" on non-existent dates in February. The meme is humorous and intended to be funny, not expressing sadness or distress.

The meme does not mention eating habits, so it does not refer to abstaining from alcohol.

The meme does not mention eating habits, so it does not refer to abstaining from alcohol.

The meme does not mention eating habits, so it does not refer to abstaining from alcohol.

The meme does not mention eating habits, so"
TE-342.jpg,CULTURAL_REFERENCE_DEPENDENT,"[1,0,1,0,0,0,0]",[PARSE_FAIL],"The image is a screenshot of a Google search bar. The search bar contains the query ""How to die?"" and the search bar is displayed in a dark blue color. The search bar is displayed in a dark blue color. The search bar is displayed in a dark blue color. The search bar is displayed in a dark blue color. The search bar is displayed in a dark blue color. The search bar is displayed in a dark blue color. The search bar is displayed in a dark blue color. The search bar is displayed in a dark blue color"
TE-374.jpg,CULTURAL_REFERENCE_DEPENDENT,"[0,1,0,0,0,1,0]",[PARSE_FAIL],"I'm not sure if this is the right place to post this, but I'm looking for a way to get my hands on a copy of the original ""Meme Me"" comic. I've been looking for it for a while now, but I can't seem to find it anywhere. Does anyone know where I can find it?

I'm not sure if this is the right place to post this, but I'm looking for a way to get my hands on a copy of the original ""Meme Me"" comic. I've been looking for it for a while now, but I can't seem to find it anywhere. Does anyone know where "
TE-385.jpg,CULTURAL_REFERENCE_DEPENDENT,"[0,0,0,0,0,0,0]",[PARSE_FAIL],"I'm not sure if this is a meme or not, but I'm going to go with it.

I'm not sure if this is a meme or not, but I'm going to go with it.

I'm not sure if this is a meme or not, but I'm going to go with it.

I'm not sure if this is a meme or not, but I'm going to go with it.

I'm not sure if this is a meme or not, but I'm going to go with it.

I'm not sure if this is a meme or not, but I'm going to go with it.

I'm not sure if this is a meme or not, but I'm going to go with it.

I'm not sure if t"
TE-506.jpg,CULTURAL_REFERENCE_DEPENDENT,"[0,0,0,0,0,0,0]",[PARSE_FAIL],"The meme is a screenshot of a tweet from August 2020, reflecting on the collective negative experience of the decade, likely influenced by the COVID-19 pandemic.

The meme is a screenshot of a tweet from August 2020, reflecting on the collective negative experience of the decade, likely influenced by the COVID-19 pandemic.

The meme is a screenshot of a tweet from August 2020, reflecting on the collective negative experience of the decade, likely influenced by the COVID-19 pandemic.

The meme is"
TE-619.jpg,CULTURAL_REFERENCE_DEPENDENT,"[0,0,0,1,0,0,0]",[PARSE_FAIL],"I'm not sure if this is a meme or not.

I'm not sure if this is a meme or not.

I'm not sure if this is a meme or not.

I'm not sure if this is a meme or not.

I'm not sure if this is a meme or not.

I'm not sure if this is a meme or not.

I'm not sure if this is a meme or not.

I'm not sure if this is a meme or not.

I'm not sure if this is a meme or not.

I'm not sure if this is a meme or not.

I'm not sure if this is a meme or not.

I'm not sure if this is a meme or not.

I'm not sure if this"
TE-70.jpg,CULTURAL_REFERENCE_DEPENDENT,"[1,0,0,0,0,0,0]",[PARSE_FAIL],"I'm not sure if this is a meme or not.


I'm not sure if this is a meme or not.


I'm not sure if this is a meme or not.


I'm not sure if this is a meme or not.


I'm not sure if this is a meme or not.


I'm not sure if this is a meme or not.


I'm not sure if this is a meme or not.


I'm not sure if this is a meme or not.


I'm not sure if this is a meme or not.


I'm not sure if this is a meme or not.


I'm not sure if this is a meme or not.


I'm not sure if this is a meme or not.


I'm not "
TE-74.jpg,CULTURAL_REFERENCE_DEPENDENT,"[1,0,1,0,0,0,0]",[PARSE_FAIL],"The meme is a good example of the ""passive gratification"" theme. The person in the chair is pursuing extreme passive gratification through artificial means (drugs, porn, technology), suggesting a loss of interest in normal activities.

The meme is a good example of the ""passive gratification"" theme. The person in the chair is pursuing extreme passive gratification through artificial means (drugs, porn, technology), suggesting a loss of interest in normal activities.

The meme is a good example o"
TE-256.jpg,INTERNET_CULTURE_DEPENDENT,"[0,0,0,0,0,0,0]",[PARSE_FAIL],I am a 20 year old girl. I am a student of B.A. 2nd year. I am a very good student. I am very good in studies. I am very good in my studies. I am very good in my studies. I am very good in my studies. I am very good in my studies. I am very good in my studies. I am very good in my studies. I am very good in my studies. I am very good in my studies. I am very good in my studies. I am very good in my studies. I am very good in my studies. I am very good in my studies. I am very good in my studies.
TE-611.jpg,INTERNET_CULTURE_DEPENDENT,"[0,0,0,1,0,0,0]",[PARSE_FAIL],"This meme is a parody of the ""Running Away Balloon"" format, which is used to humorously depict the common plot structure of Bollywood films. The meme uses the format to humorously depict the common plot structure of Bollywood films, which often shift from a perfect first half to a tragic second half after the intermission.

The meme is a parody of the ""Running Away Balloon"" format, which is used to humorously depict the common plot structure of Bollywood films. The meme uses the format to humoro"
TE-90.jpg,INTERNET_CULTURE_DEPENDENT,"[1,0,0,0,0,0,0]",[PARSE_FAIL],"I'm not sure if this is a meme or not.

I'm not sure if this is a meme or not.

I'm not sure if this is a meme or not.

I'm not sure if this is a meme or not.

I'm not sure if this is a meme or not.

I'm not sure if this is a meme or not.

I'm not sure if this is a meme or not.

I'm not sure if this is a meme or not.

I'm not sure if this is a meme or not.

I'm not sure if this is a meme or not.

I'm not sure if this is a meme or not.

I'm not sure if this is a meme or not.

I'm not sure if this"
TE-14.jpg,LANGUAGE_DEPENDENT,"[0,0,0,0,0,0,0]",[PARSE_FAIL],"I am scattered

I am scattered

I am scattered

I am scattered

I am scattered

I am scattered

I am scattered

I am scattered

I am scattered

I am scattered

I am scattered

I am scattered

I am scattered

I am scattered

I am scattered

I am scattered

I am scattered

I am scattered

I am scattered

I am scattered

I am scattered

I am scattered

I am scattered

I am scattered

I am scattered

I am scattered

I am scattered

I am scattered

I am scattered

I am scattered

I am scattered

I am"
TE-170.jpg,LANGUAGE_DEPENDENT,"[1,0,0,0,1,0,0]","[1,1,1,1,1,1,1]","1. Feeling Down: YES
2. Lack of Interest: YES
3. Self-Harm: YES
4. Eating Disorder: YES
5. Low Self-Esteem: YES
6. Concentration Problem: YES
7. Sleeping Disorder: YES

1. Feeling Down: YES
2. Lack of Interest: YES
3. Self-Harm: YES
4. Eating Disorder: YES
5. Low Self-Esteem: YES
6. Concentration Problem: YES
7. Sleeping Disorder: YES

1. Feeling Down: YES
2. Lack of Interest: YES
3. Self-Harm: YES
4. Eating Disorder: YES
5. Low Self-Esteem: YES
6. Concentration Problem: YES
7. Sleeping Disorder"
TE-175.jpg,LANGUAGE_DEPENDENT,"[0,0,0,0,0,0,0]",[PARSE_FAIL],"2. MOOD/EM
Based on the image and this description, does the meme express any of the following mental health symptoms?
For each symptom, answer YES or NO.
1. Feeling Down (persistent sadness, hopelessness, emptiness)
2. Lack of Interest (loss of motivation, inability to enjoy things)
3. Self-Harm (references to harming oneself, suicidal thoughts)
4. Eating Disorder (disordered eating habits)
5. Low Self-Esteem (worthlessness, guilt, self-blame)
6. Concentration Problem (difficulty focusing, brai"
TE-251.jpg,LANGUAGE_DEPENDENT,"[1,1,0,0,0,0,0]",[PARSE_FAIL],"The meme is a good example of how mental health symptoms can be expressed in a variety of ways.

The meme is a good example of how mental health symptoms can be expressed in a variety of ways.

The meme is a good example of how mental health symptoms can be expressed in a variety of ways.

The meme is a good example of how mental health symptoms can be expressed in a variety of ways.

The meme is a good example of how mental health symptoms can be expressed in a variety of ways.

The meme is a g"
TE-259.jpg,LANGUAGE_DEPENDENT,"[0,0,1,0,0,0,0]",[PARSE_FAIL],"I'm not sure if this is a good idea.


I'm not sure if this is a good idea.


I'm not sure if this is a good idea.


I'm not sure if this is a good idea.


I'm not sure if this is a good idea.


I'm not sure if this is a good idea.


I'm not sure if this is a good idea.


I'm not sure if this is a good idea.


I'm not sure if this is a good idea.


I'm not sure if this is a good idea.


I'm not sure if this is a good idea.


I'm not sure if this is a good idea.


I'm not sure if this is a good i"
TE-268.jpg,LANGUAGE_DEPENDENT,"[0,0,0,1,0,0,0]",[PARSE_FAIL],"I'm not sure if this is the right place to post this, but I'm looking for a way to make a meme that is similar to the ""Two Buttons"" meme format, but with a different grammatical dilemma.

I'm looking for a way to make a meme that is similar to the ""Two Buttons"" meme format, but with a different grammatical dilemma.

I'm looking for a way to make a meme that is similar to the ""Two Buttons"" meme format, but with a different grammatical dilemma.

I'm looking for a way to make a meme that is similar"
TE-306.jpg,LANGUAGE_DEPENDENT,"[0,0,0,1,0,0,0]",[PARSE_FAIL],"I'm not sure if this is the right place to post this, but I'm looking for a way to make a meme that is similar to the one below. I'm not sure how to make the text appear in the middle of the image. I've tried using the ""text"" feature, but it doesn't seem to work. Any help would be appreciated.

I'm not sure if this is the right place to post this, but I'm looking for a way to make a meme that is similar to the one below. I'm not sure how to make the text appear in the middle of the image. I've t"
TE-362.jpg,LANGUAGE_DEPENDENT,"[1,0,1,0,0,0,0]",[PARSE_FAIL],"I'm not sure if this is the right place to post this, but I'm not sure where else to post it.

I'm a 17 year old girl who has been struggling with depression and anxiety for a while now. I've been on medication for a while now, but I've been having a lot of trouble with my medication. I've been having a lot of trouble with my medication. I've been having a lot of trouble with my medication. I've been having a lot of trouble with my medication. I've been having a lot of trouble with my medication"
TE-370.jpg,LANGUAGE_DEPENDENT,"[0,0,0,1,0,0,0]",[PARSE_FAIL],"I'm not sure if this is a meme or not, but I'm going to go with yes.

I'm not sure if this is a meme or not, but I'm going to go with yes.

I'm not sure if this is a meme or not, but I'm going to go with yes.

I'm not sure if this is a meme or not, but I'm going to go with yes.

I'm not sure if this is a meme or not, but I'm going to go with yes.

I'm not sure if this is a meme or not, but I'm going to go with yes.

I'm not sure if this is a meme or not, but I'm going to go with yes.

I'm not su"
TE-418.jpg,LANGUAGE_DEPENDENT,"[0,0,0,0,0,1,0]",[PARSE_FAIL],"I'm not sure if this is the right place to post this, but I'm looking for a meme that depicts a person who is feeling down and has low self-esteem.

I'm not sure if this is the right place to post this, but I'm looking for a meme that depicts a person who is feeling down and has low self-esteem.

I'm not sure if this is the right place to post this, but I'm looking for a meme that depicts a person who is feeling down and has low self-esteem.

I'm not sure if this is the right place to post this,"
TE-431.jpg,LANGUAGE_DEPENDENT,"[0,0,0,0,0,0,1]",[PARSE_FAIL],"I'm not sure if this is the right place to post this, but I'm looking for a meme that depicts a person's ""Incognito Tab History"" as being more frightening than a ghost.

I'm not sure if this is the right place to post this, but I'm looking for a meme that depicts a person's ""Incognito Tab History"" as being more frightening than a ghost.

I'm not sure if this is the right place to post this, but I'm looking for a meme that depicts a person's ""Incognito Tab History"" as being more frightening than "
TE-434.jpg,LANGUAGE_DEPENDENT,"[0,0,0,0,0,0,0]",[PARSE_FAIL],"This meme is a Hindi idiom that translates to ""yogurt of the brain."" The idiom is used to express mental confusion, being overwhelmed, or an inability to think clearly.

The image is a graphic representation of the idiom, with the phrase ""yogurt of the brain"" written in Hindi.

The image is a graphic representation of the idiom, with the phrase ""yogurt of the brain"" written in Hindi.

The image is a graphic representation of the idiom, with the phrase ""yogurt of the brain"" written in Hindi.

The"
TE-446.jpg,LANGUAGE_DEPENDENT,"[1,0,0,0,0,0,0]",[PARSE_FAIL],"I'm not sure if this is the right place to post this, but I'm not sure where else to post it.

I'm a 17 year old girl who has been struggling with depression and anxiety for a while now. I've been on medication for a while now, but I'm not sure if it's working. I've been feeling worse lately, and I'm not sure what to do. I've been thinking about suicide a lot lately, and I'm not sure what to do. I'm not sure if I should go to the hospital or not. I'm not sure if I should talk to my parents or no"
TE-457.jpg,LANGUAGE_DEPENDENT,"[0,0,0,0,0,0,0]",[PARSE_FAIL],"I'm not sure if this is the right place to post this, but I'm not sure where else to post it.

I'm a 20-year-old college student who has been struggling with depression and anxiety for a while now. I've been on medication for a while now, but I've been having a lot of trouble with my meds lately. I've been having a lot of trouble with my meds lately. I've been having a lot of trouble with my meds lately. I've been having a lot of trouble with my meds lately. I've been having a lot of trouble wit"
TE-471.jpg,LANGUAGE_DEPENDENT,"[0,0,0,0,0,1,0]",[PARSE_FAIL],"This meme is based on the book cover for the Hindi translation of the novel ""Out of My Mind"" by Sharon M. Draper.


The image shows a goldfish jumping out of a bowl, which can be interpreted as a desire for freedom or escape from confinement.


The goldfish's action of jumping suggests a strong motivation to change its situation and seek something outside of its current environment.


Not shown.


Not shown.


Not shown.


Not shown.


Not shown.


Not shown.


Not shown.


Not shown.


Not show"
TE-479.jpg,LANGUAGE_DEPENDENT,"[1,0,0,0,0,0,0]",[PARSE_FAIL],"I'm not sure if this is a meme or not.

I'm not sure if this is a meme or not.

I'm not sure if this is a meme or not.

I'm not sure if this is a meme or not.

I'm not sure if this is a meme or not.

I'm not sure if this is a meme or not.

I'm not sure if this is a meme or not.

I'm not sure if this is a meme or not.

I'm not sure if this is a meme or not.

I'm not sure if this is a meme or not.

I'm not sure if this is a meme or not.

I'm not sure if this is a meme or not.

I'm not sure if this"
TE-492.jpg,LANGUAGE_DEPENDENT,"[0,0,0,1,0,0,0]",[PARSE_FAIL],"I'm not sure if this is a meme or not, but I'm going to go with yes.

I'm not sure if this is a meme or not, but I'm going to go with yes.

I'm not sure if this is a meme or not, but I'm going to go with yes.

I'm not sure if this is a meme or not, but I'm going to go with yes.

I'm not sure if this is a meme or not, but I'm going to go with yes.

I'm not sure if this is a meme or not, but I'm going to go with yes.

I'm not sure if this is a meme or not, but I'm going to go with yes.

I'm not su"
TE-509.jpg,LANGUAGE_DEPENDENT,"[0,0,0,0,0,0,0]",[PARSE_FAIL],"This meme is a minimalist text-based meme in Hindi used to convey a state of having no thoughts or being mentally blank.

The meme is a text-based meme in Hindi used to convey a state of having no thoughts or being mentally blank.

The meme is a text-based meme in Hindi used to convey a state of having no thoughts or being mentally blank.

The meme is a text-based meme in Hindi used to convey a state of having no thoughts or being mentally blank.

The meme is a text-based meme in Hindi used to c"
TE-519.jpg,LANGUAGE_DEPENDENT,"[0,0,0,1,0,0,0]",[PARSE_FAIL],"The meme is a Hindi variation of the ""Are ya winning, son?"" meme, used here to express severe burnout or depression.

The meme is a Hindi variation of the ""Are ya winning, son?"" meme, used here to express severe burnout or depression.

The meme is a Hindi variation of the ""Are ya winning, son?"" meme, used here to express severe burnout or depression.

The meme is a Hindi variation of the ""Are ya winning, son?"" meme, used here to express severe burnout or depression.

The meme is a Hindi variatio"
TE-526.jpg,LANGUAGE_DEPENDENT,"[0,0,0,0,0,0,0]","[1,1,1,1,1,1,1]","1. Feeling Down: YES
2. Lack of Interest: YES
3. Self-Harm: YES
4. Eating Disorder: YES
5. Low Self-Esteem: YES
6. Concentration Problem: YES
7. Sleeping Disorder: YES

1. Feeling Down: YES
2. Lack of Interest: YES
3. Self-Harm: YES
4. Eating Disorder: YES
5. Low Self-Esteem: YES
6. Concentration Problem: YES
7. Sleeping Disorder: YES

1. Feeling Down: YES
2. Lack of Interest: YES
3. Self-Harm: YES
4. Eating Disorder: YES
5. Low Self-Esteem: YES
6. Concentration Problem: YES
7. Sleeping Disorder"
TE-615.jpg,LANGUAGE_DEPENDENT,"[0,0,0,1,0,0,0]",[PARSE_FAIL],"This meme is a pun on the name of Indian politician Shashi Tharoor, known for his eloquent and complex English, by combining his name with ""saurus"" to create a ""Tharoor-saurus"" dinosaur.

The meme is a pun on the name of Indian politician Shashi Tharoor, known for his eloquent and complex English, by combining his name with ""saurus"" to create a ""Tharoor-saurus"" dinosaur.

The meme is a pun on the name of Indian politician Shashi Tharoor, known for his eloquent and complex English, by combining h"
TE-632.jpg,LANGUAGE_DEPENDENT,"[0,0,0,0,0,0,0]",[PARSE_FAIL],"The image is a screenshot of a TikTok video by @kayla_michelle_123. The video has 1.2 million views and 1.1 million likes.

The video is a compilation of clips of people receiving compliments and reacting awkwardly.

The video is a compilation of clips of people receiving compliments and reacting awkwardly.

The video is a compilation of clips of people receiving compliments and reacting awkwardly.

The video is a compilation of clips of people receiving compliments and reacting awkwardly.

The "
TE-9.jpg,LANGUAGE_DEPENDENT,"[1,0,1,0,0,0,0]",[PARSE_FAIL],"I'm not sure if this is the right place to post this, but I'm not sure where else to go.

I'm a 20 year old male who has been struggling with depression and anxiety for a while now. I've been on medication for a while now, but I've been having a lot of trouble with my medication. I've been having a lot of trouble with my medication. I've been having a lot of trouble with my medication. I've been having a lot of trouble with my medication. I've been having a lot of trouble with my medication. I'v"
TE-201.jpg,LIFESTYLE_CONTEXT_DEPENDENT,"[0,0,0,1,0,0,0]",[PARSE_FAIL],"I'm not sure if this is the right place to post this, but I'm looking for a meme generator that can make memes with text and images. I've tried a few, but they all seem to be broken. Does anyone know of a good one?

I'm looking for a meme generator that can make memes with text and images. I've tried a few, but they all seem to be broken. Does anyone know of a good one?

I'm looking for a meme generator that can make memes with text and images. I've tried a few, but they all seem to be broken. D"
TE-296.jpg,LIFESTYLE_CONTEXT_DEPENDENT,"[1,0,0,0,0,0,1]",[PARSE_FAIL],"This meme is a good example of how people use humor to cope with their emotions.


This meme is a good example of how people use humor to cope with their emotions.


This meme is a good example of how people use humor to cope with their emotions.


This meme is a good example of how people use humor to cope with their emotions.


This meme is a good example of how people use humor to cope with their emotions.


This meme is a good example of how people use humor to cope with their emotions.


Th"
TE-226.jpg,MEDIA_CONTEXT_DEPENDENT,"[1,0,0,0,0,0,0]",[PARSE_FAIL],"I'm not sure if this is the right place to post this, but I'm looking for a meme that depicts a person who is feeling anxious and is searching for something that doesn't exist.

I'm not sure if this is the right place to post this, but I'm looking for a meme that depicts a person who is feeling anxious and is searching for something that doesn't exist.

I'm not sure if this is the right place to post this, but I'm looking for a meme that depicts a person who is feeling anxious and is searching f"
TE-323.jpg,MEDIA_CONTEXT_DEPENDENT,"[0,1,0,0,0,0,0]",[PARSE_FAIL],"The meme is a darkly humorous take on the ""Bigg Boss"" reality show, which is a popular Indian television show. The show is a reality competition in which contestants live together in a house and compete for a cash prize. The show is known for its dramatic and controversial content, which often includes fights and arguments between the contestants. The meme uses the show's authoritative voice to deliver a dark message about finding a reason for existence. The meme is likely to be particularly rel"
TE-336.jpg,MEDIA_CONTEXT_DEPENDENT,"[1,0,1,0,0,0,0]","[1,1,1,1,1,1,1]","**ANSWER KEY:**
1. Feeling Down: YES
2. Lack of Interest: YES
3. Self-Harm: YES
4. Eating Disorder: YES
5. Low Self-Esteem: YES
6. Concentration Problem: YES
7. Sleeping Disorder: YES

**ANALYSIS:** This meme is a clear example of a negative reaction to a movie. The mood is clearly negative, and the meme expresses a range of negative emotions, including sadness, self-blame, and suicidal thoughts. The meme also expresses a lack of interest in the movie, and a desire to harm oneself. The meme also"
TE-354.jpg,MEDIA_CONTEXT_DEPENDENT,"[1,0,0,0,0,0,0]",[PARSE_FAIL],"I'm not sure if this is the right place to post this, but I'm not sure where else to post it.

I'm a 20 year old male, and I've been having a lot of problems with my mental health. I've been having a lot of suicidal thoughts, and I've been having a lot of problems with my appetite. I've been having a lot of problems with my concentration, and I've been having a lot of problems with my sleeping. I've been having a lot of problems with my self-esteem, and I've been having a lot of problems with my"
TE-47.jpg,MEDIA_CONTEXT_DEPENDENT,"[1,0,0,0,1,0,0]",[PARSE_FAIL],"The meme is a picture of the Hindu god, Lord Shiva, with the text, ""I am not depressed, I am just in a bad mood.""

The meme is a picture of the Hindu god, Lord Shiva, with the text, ""I am not depressed, I am just in a bad mood.""

The meme is a picture of the Hindu god, Lord Shiva, with the text, ""I am not depressed, I am just in a bad mood.""

The meme is a picture of the Hindu god, Lord Shiva, with the text, ""I am not depressed, I am just in a bad mood.""

The meme is a picture of the Hindu god, "
TE-497.jpg,MEDIA_CONTEXT_DEPENDENT,"[0,0,0,0,0,0,1]",[PARSE_FAIL],"I'm not sure if this is a meme or not, but it's a good one.


I'm not sure if this is a meme or not, but it's a good one.


I'm not sure if this is a meme or not, but it's a good one.


I'm not sure if this is a meme or not, but it's a good one.


I'm not sure if this is a meme or not, but it's a good one.


I'm not sure if this is a meme or not, but it's a good one.


I'm not sure if this is a meme or not, but it's a good one.


I'm not sure if this is a meme or not, but it's a good one.


I'm "
TE-505.jpg,MEDIA_CONTEXT_DEPENDENT,"[0,0,0,1,0,0,0]","[1,1,1,1,1,1,1]","1. Feeling Down: YES
2. Lack of Interest: YES
3. Self-Harm: YES
4. Eating Disorder: YES
5. Low Self-Esteem: YES
6. Concentration Problem: YES
7. Sleeping Disorder: YES

1. Feeling Down: YES
2. Lack of Interest: YES
3. Self-Harm: YES
4. Eating Disorder: YES
5. Low Self-Esteem: YES
6. Concentration Problem: YES
7. Sleeping Disorder: YES

1. Feeling Down: YES
2. Lack of Interest: YES
3. Self-Harm: YES
4. Eating Disorder: YES
5. Low Self-Esteem: YES
6. Concentration Problem: YES
7. Sleeping Disorder"
TE-525.jpg,MEDIA_CONTEXT_DEPENDENT,"[1,0,0,0,0,0,0]",[PARSE_FAIL],"The meme is a screenshot of a scene from the Indian Hindi-language comedy-drama film Mental Hai Kya (2019). The scene shows the main characters, played by Kangana Ranaut and Rajkummar Rao, sitting on a bench in a park. The scene is set in the middle of the day, and the characters are wearing casual clothing. The characters are talking about their mental health. The scene is captioned with the text “Mental Hai Kya?”, which is a play on the title of the film. The text is written in a font that res"
TE-98.jpg,MEDIA_CONTEXT_DEPENDENT,"[1,0,0,0,0,0,0]",[PARSE_FAIL],"The meme is a scene from the Indian movie ""Baahubali 2"" where the main character, Devasena, is smiling while her husband, Amarendra Baahubali, is dying. The meme is captioned with the phrase ""Smiling Depression"" to suggest that depression can be hidden behind a happy facade.

The meme is a scene from the Indian movie ""Baahubali 2"" where the main character, Devasena, is smiling while her husband, Amarendra Baahubali, is dying. The meme is captioned with the phrase ""Smiling Depression"" to suggest "
TE-140.jpg,MEME_FORMAT_DEPENDENT,"[0,0,0,0,1,0,0]",[PARSE_FAIL],"I'm not sure if this is the right place to post this, but I'm looking for a manga that I read a long time ago. I don't remember the title, but I remember that it was about a girl who was a ghost and she was trying to find her way back to the afterlife. I think she was a ghost because she was wearing a white dress and she had white hair. I think she was trying to find her way back to the afterlife because she was trying to find her way back to her family. I think she was trying to find her way ba"
TE-196.jpg,MEME_FORMAT_DEPENDENT,"[1,0,1,0,0,0,0]",[PARSE_FAIL],"I'm not sure if this is the right place to post this, but I'm looking for a meme generator that can make memes with Hindi text. I've tried a few, but they all seem to be in English.

I'm not sure if this is the right place to post this, but I'm looking for a meme generator that can make memes with Hindi text. I've tried a few, but they all seem to be in English.

I'm not sure if this is the right place to post this, but I'm looking for a meme generator that can make memes with Hindi text. I've t"
TE-484.jpg,MEME_FORMAT_DEPENDENT,"[0,0,0,0,0,0,0]",[PARSE_FAIL],"The meme is a picture of a woman with a large head of hair. The woman is sitting on a couch and is holding a book. The woman is wearing a pink shirt and a pink hat. The woman is smiling.

The meme is a picture of a woman with a large head of hair. The woman is sitting on a couch and is holding a book. The woman is wearing a pink shirt and a pink hat. The woman is smiling.

The meme is a picture of a woman with a large head of hair. The woman is sitting on a couch and is holding a book. The woman"
TE-550.jpg,MEME_FORMAT_DEPENDENT,"[0,0,0,1,0,0,0]",[PARSE_FAIL],"I'm not sure if this is a meme or not, but I'm going to go with yes.

I'm not sure if this is a meme or not, but I'm going to go with yes.

I'm not sure if this is a meme or not, but I'm going to go with yes.

I'm not sure if this is a meme or not, but I'm going to go with yes.

I'm not sure if this is a meme or not, but I'm going to go with yes.

I'm not sure if this is a meme or not, but I'm going to go with yes.

I'm not sure if this is a meme or not, but I'm going to go with yes.

I'm not su"
TE-589.jpg,MEME_FORMAT_DEPENDENT,"[0,0,0,1,0,0,0]",[PARSE_FAIL],"I'm not sure if this is the right place to post this, but I'm looking for a meme that I saw on Twitter a few months ago. It was a picture of a man with a gun, and the text said ""I'm not a bad person, I just have a bad day."" I've been searching for it for a while, but I can't find it anywhere. Does anyone know what meme I'm talking about?

I'm not sure if this is the right place to post this, but I'm looking for a meme that I saw on Twitter a few months ago. It was a picture of a man with a gun, "
TE-591.jpg,MEME_FORMAT_DEPENDENT,"[0,0,0,0,0,1,0]",[PARSE_FAIL],"I'm not sure if this is the right place to post this, but I'm not sure where else to post it.

I'm a 20 year old male, and I've been having a lot of trouble with my mental health lately. I've been having a lot of suicidal thoughts, and I've been having a lot of trouble concentrating. I've been having a lot of trouble with my sleeping habits as well. I've been having a lot of trouble with my eating habits as well. I've been having a lot of trouble with my self-esteem as well. I've been having a l"
TE-112.jpg,NICHE_SUBCULTURE_DEPENDENT,"[1,0,1,0,0,0,0]",[PARSE_FAIL],"This meme is a good example of a mental health meme that expresses a common theme of escapism.

The meme is a comparison format that uses a relatable punchline to deliver a message about using movies as a form of escapism.

The meme is a good example of a mental health meme that expresses a common theme of escapism.

The meme is a comparison format that uses a relatable punchline to deliver a message about using movies as a form of escapism.

The meme is a good example of a mental health meme th"
TE-172.jpg,NICHE_SUBCULTURE_DEPENDENT,"[0,0,0,0,1,0,0]",[PARSE_FAIL],"I'm not sure if this is the right place to post this, but I'm looking for a meme that I saw on Twitter a while ago. It was a picture of a girl with a cat, and the caption was something like ""I'm not a cat person, but I'm a cat person."" I'm not sure if it was a meme or just a picture, but I've been looking for it for a while now and can't find it. Does anyone know what I'm talking about?

I'm not sure if this is the right place to post this, but I'm looking for a meme that I saw on Twitter a whil"
TE-249.jpg,NICHE_SUBCULTURE_DEPENDENT,"[0,0,0,0,1,0,0]",[PARSE_FAIL],"The meme is a self-deprecating joke about a perceived lack of purpose. The person describes themselves as ""useless"" (""nalla""), which implies a lack of productive activity or ambition, suggesting a potential lack of motivation or interest in meaningful pursuits. The meme touches on an existential theme of being born in an era lacking grand purpose, leading to a feeling of being ""useless,"" but does not depict extreme hopelessness or self-harm.

The meme is a self-deprecating joke about a perceived"
TE-346.jpg,NICHE_SUBCULTURE_DEPENDENT,"[0,0,1,0,0,0,0]",[PARSE_FAIL],"I'm not sure if this is the right place to post this, but I'm looking for a meme that I saw on Twitter. It was a picture of a woman with a caption that said ""I'm not a feminist, but..."" and then it listed a bunch of things that feminists are for. I'm not sure if it was a meme or a picture that was made by someone, but I've been looking for it for a while and I can't find it anywhere. Does anyone know where I can find it?

I'm not sure if this is the right place to post this, but I'm looking for "
TE-37.jpg,NICHE_SUBCULTURE_DEPENDENT,"[0,1,0,0,0,0,0]",[PARSE_FAIL],"I'm not sure if this is the right place to post this, but I'm looking for a way to make a meme that is similar to the one below. I'm not sure how to make the text look like it's being typed on a keyboard. I've tried using the ""text"" tool, but it doesn't seem to work. Any help would be appreciated.

I'm not sure if this is the right place to post this, but I'm looking for a way to make a meme that is similar to the one below. I'm not sure how to make the text look like it's being typed on a keybo"
TE-595.jpg,NICHE_SUBCULTURE_DEPENDENT,"[0,0,0,1,1,0,0]",[PARSE_FAIL],"The meme is centered around food preferences, showing a strong aversion to one type of food (spitting it out) and a desire for another.

The meme is centered around food preferences, showing a strong aversion to one type of food (spitting it out) and a desire for another.

The meme is centered around food preferences, showing a strong aversion to one type of food (spitting it out) and a desire for another.

The meme is centered around food preferences, showing a strong aversion to one type of fo"
TE-78.jpg,NICHE_SUBCULTURE_DEPENDENT,"[0,0,0,0,1,0,0]",[PARSE_FAIL],"I'm not sure if this is the right place to post this, but I'm looking for a meme that I saw on Twitter. It was a picture of a girl with a pink bow in her hair, and she was holding a sign that said ""I'm a girl, and I like video games."" I'm not sure if it was a meme or a picture of a real person, but I've been looking for it for a while now and I can't find it anywhere. Does anyone know where I can find it?

I'm not sure if this is the right place to post this, but I'm looking for a meme that I sa"
TE-88.jpg,NICHE_SUBCULTURE_DEPENDENT,"[0,0,0,0,1,0,0]",[PARSE_FAIL],"This is a mental health meme.


This is a mental health meme.


This is a mental health meme.


This is a mental health meme.


This is a mental health meme.


This is a mental health meme.


This is a mental health meme.


This is a mental health meme.


This is a mental health meme.


This is a mental health meme.


This is a mental health meme.


This is a mental health meme.


This is a mental health meme.


This is a mental health meme.


This is a mental health meme.


This is a mental hea"
TE-174.jpg,POP_CULTURE_DEPENDENT,"[0,0,0,0,1,0,0]",[PARSE_FAIL],"The meme is a sarcastic commentary on the perceived lack of realism in South Indian cinema. The meme is not intended to be a serious commentary on mental health.

The meme is not intended to be a serious commentary on mental health.

The meme is not intended to be a serious commentary on mental health.

The meme is not intended to be a serious commentary on mental health.

The meme is not intended to be a serious commentary on mental health.

The meme is not intended to be a serious commentary o"
TE-178.jpg,POP_CULTURE_DEPENDENT,"[1,0,1,0,0,0,0]",[PARSE_FAIL],"I am God
I want to die
My Karan Arjun will come
Here we go again

I am God
I want to die
My Karan Arjun will come
Here we go again

I am God
I want to die
My Karan Arjun will come
Here we go again

I am God
I want to die
My Karan Arjun will come
Here we go again

I am God
I want to die
My Karan Arjun will come
Here we go again

I am God
I want to die
My Karan Arjun will come
Here we go again

I am God
I want to die
My Karan Arjun will come
Here we go again

I am God
I want to die
My Karan Arjun "
TE-188.jpg,POP_CULTURE_DEPENDENT,"[0,0,0,0,1,0,0]",[PARSE_FAIL],"The meme is a humorous depiction of a common social scenario about body image. The text expresses distress and a negative self-perception regarding body image (""I have become so fat""). The reaction implies skepticism and disbelief towards reassurance from others.

The meme is a humorous depiction of a common social scenario about body image. The text expresses distress and a negative self-perception regarding body image (""I have become so fat""). The reaction implies skepticism and disbelief towa"
TE-200.jpg,POP_CULTURE_DEPENDENT,"[0,0,0,0,0,0,0]",[PARSE_FAIL],"The meme is a photograph of the Indian politician and social activist, Anna Hazare. The text is a quote from his book, ""Anna Hazare: The Man, The Movement, The Message.""

The quote is a call to action, encouraging people to stop dreaming and start working.

The quote is a call to action, encouraging people to stop dreaming and start working.

The quote is a call to action, encouraging people to stop dreaming and start working.

The quote is a call to action, encouraging people to stop dreaming a"
TE-213.jpg,POP_CULTURE_DEPENDENT,"[0,0,0,0,0,0,0]","[1,1,1,1,1,1,1]","1. Feeling Down: YES
2. Lack of Interest: YES
3. Self-Harm: YES
4. Eating Disorder: YES
5. Low Self-Esteem: YES
6. Concentration Problem: YES
7. Sleeping Disorder: YES

1. Feeling Down: YES
2. Lack of Interest: YES
3. Self-Harm: YES
4. Eating Disorder: YES
5. Low Self-Esteem: YES
6. Concentration Problem: YES
7. Sleeping Disorder: YES

1. Feeling Down: YES
2. Lack of Interest: YES
3. Self-Harm: YES
4. Eating Disorder: YES
5. Low Self-Esteem: YES
6. Concentration Problem: YES
7. Sleeping Disorder"
TE-222.jpg,POP_CULTURE_DEPENDENT,"[1,0,0,0,0,0,0]",[PARSE_FAIL],"I'm not sure if this is the right place to post this, but I'm not sure where else to post it.

I'm a 20 year old male who has been suffering from depression and anxiety for the past 3 years. I've been on medication for the past 2 years, and I've been doing better. I've been off medication for the past 6 months, and I've been doing better. I've been doing better. I've been doing better. I've been doing better. I've been doing better. I've been doing better. I've been doing better. I've been doing"
TE-236.jpg,POP_CULTURE_DEPENDENT,"[0,0,0,0,1,0,0]",[PARSE_FAIL],"I'm not sure if this is a meme or not, but I'm going to go with it.

I'm not sure if this is a meme or not, but I'm going to go with it.

I'm not sure if this is a meme or not, but I'm going to go with it.

I'm not sure if this is a meme or not, but I'm going to go with it.

I'm not sure if this is a meme or not, but I'm going to go with it.

I'm not sure if this is a meme or not, but I'm going to go with it.

I'm not sure if this is a meme or not, but I'm going to go with it.

I'm not sure if t"
TE-244.jpg,POP_CULTURE_DEPENDENT,"[1,0,0,0,0,0,0]",[PARSE_FAIL],"I'm not sure if this is the right place to post this, but I'm not sure where else to post it.

I'm a 20 year old male who has been struggling with depression and anxiety for the past 3 years. I've been on medication for the past 2 years, and I've been doing pretty well. I've been able to get a job, and I've been able to keep it. I've been able to keep up with my school work, and I've been able to keep up with my social life. I've been able to keep up with my hobbies, and I've been able to keep u"
TE-255.jpg,POP_CULTURE_DEPENDENT,"[1,0,0,0,0,0,0]",[PARSE_FAIL],"2. MOOD/EMOTIONAL STATE: The image expresses intense frustration, annoyance, and stress. The subject is grimacing with clenched teeth and holding his head, indicating being overwhelmed
Based on the image and this description, does the meme express any of the following mental health symptoms?
For each symptom, answer YES or NO.
1. Feeling Down (persistent sadness, hopelessness, emptiness)
2. Lack of Interest (loss of motivation, inability to enjoy things)
3. Self-Harm (references to harming onese"
TE-275.jpg,POP_CULTURE_DEPENDENT,"[1,0,0,0,0,0,0]",[PARSE_FAIL],"This meme is a parody of the Bollywood film ""Sholay"" (1975), which is widely considered to be one of the greatest Indian films of all time. The film follows two criminals, Jai and Veeru, who are hired by a retired police officer to capture a bandit named Gabbar Singh. The film is known for its iconic dialogues, memorable characters, and action sequences.

The meme uses iconic Bollywood actors and lyrics from the film to humorously depict depression and anxiety as loyal, inescapable friends. The "
TE-291.jpg,POP_CULTURE_DEPENDENT,"[1,0,0,0,0,0,0]",[PARSE_FAIL],"I'm not sure if this is a meme or not.

I'm not sure if this is a meme or not.

I'm not sure if this is a meme or not.

I'm not sure if this is a meme or not.

I'm not sure if this is a meme or not.

I'm not sure if this is a meme or not.

I'm not sure if this is a meme or not.

I'm not sure if this is a meme or not.

I'm not sure if this is a meme or not.

I'm not sure if this is a meme or not.

I'm not sure if this is a meme or not.

I'm not sure if this is a meme or not.

I'm not sure if this"
TE-34.jpg,POP_CULTURE_DEPENDENT,"[0,0,0,0,1,0,0]",[PARSE_FAIL],"I’m not sure if this is the right place to post this, but I’m looking for a good therapist in the Los Angeles area. I’ve been seeing a therapist for a few years now, but I’m not sure if I’m getting the most out of it. I’m looking for someone who is more experienced and can help me with my anxiety and depression. I’m not sure if I’m looking for a psychiatrist or a therapist. I’m not sure if I’m looking for a psychiatrist or a therapist. I’m not sure if I’m looking for a psychiatrist or a therapis"
TE-379.jpg,POP_CULTURE_DEPENDENT,"[1,0,1,0,1,0,0]",[PARSE_FAIL],"I'm not sure if this is the right place to post this, but I'm not sure where else to go.

I'm a 20 year old male who has been struggling with depression and anxiety for a while now. I've been on medication for a while now, and it's helped a lot, but I'm still struggling. I've been trying to get help from my doctor, but I'm not sure if I'm doing it right. I'm not sure if I'm doing it right. I'm not sure if I'm doing it right. I'm not sure if I'm doing it right. I'm not sure if I'm doing it right."
TE-467.jpg,POP_CULTURE_DEPENDENT,"[1,0,0,0,0,0,0]",[PARSE_FAIL],"The image is a screenshot from the 2014 Bollywood film ""Bhaag Milkha Bhaag"". The film is based on the life of Milkha Singh, a former Indian athlete who competed in the 1956 and 1960 Summer Olympics. The image depicts Singh (played by Farhan Akhtar) and his coach (played by Rishi Kapoor) in a scene from the film. The image is captioned with the text ""In reality, it looks like this"".

The image is a screenshot from the 2014 Bollywood film ""Bhaag Milkha Bhaag"". The film is based on the life of Milk"
TE-50.jpg,POP_CULTURE_DEPENDENT,"[0,0,0,1,1,0,0]",[PARSE_FAIL],"I'm not sure if this is a joke or not.

I'm not sure if this is a joke or not.

I'm not sure if this is a joke or not.

I'm not sure if this is a joke or not.

I'm not sure if this is a joke or not.

I'm not sure if this is a joke or not.

I'm not sure if this is a joke or not.

I'm not sure if this is a joke or not.

I'm not sure if this is a joke or not.

I'm not sure if this is a joke or not.

I'm not sure if this is a joke or not.

I'm not sure if this is a joke or not.

I'm not sure if this"
TE-540.jpg,POP_CULTURE_DEPENDENT,"[0,1,0,0,0,0,0]",[PARSE_FAIL],"The image is a still from the 1989 Bollywood film Mr. India, in which the character Mogambo (played by Amrish Puri) is a villainous businessman who is obsessed with gold.

The meme is a parody of the character Mogambo, who is known for his villainous personality and his catchphrase ""Tum Mogambo kahe.""

The meme is a parody of the character Mogambo, who is known for his villainous personality and his catchphrase ""Tum Mogambo kahe.""

The meme is a parody of the character Mogambo, who is known for "
TE-546.jpg,POP_CULTURE_DEPENDENT,"[0,0,0,0,1,0,0]",[PARSE_FAIL],"4. SELF-HARM/DEATH TH
Based on the image and this description, does the meme express any of the following mental health symptoms?
For each symptom, answer YES or NO.
1. Feeling Down (persistent sadness, hopelessness, emptiness)
2. Lack of Interest (loss of motivation, inability to enjoy things)
3. Self-Harm (references to harming oneself, suicidal thoughts)
4. Eating Disorder (disordered eating habits)
5. Low Self-Esteem (worthlessness, guilt, self-blame)
6. Concentration Problem (difficulty foc"
TE-650.jpg,POP_CULTURE_DEPENDENT,"[0,1,0,0,0,0,0]",[PARSE_FAIL],"The meme is a parody of the 2005 film ""Hitch"" starring Will Smith. The film is about a dating coach who helps men with their dating skills. The meme is a parody of the film because it is a parody of the film's title. The meme is also a parody of the film because it is a parody of the film's plot. The meme is a parody of the film because it is a parody of the film's characters. The meme is a parody of the film because it is a parody of the film's dialogue. The meme is a parody of the film because"
TE-99.jpg,POP_CULTURE_DEPENDENT,"[1,0,0,0,0,0,0]",[PARSE_FAIL],"The image is a screenshot of a video of Indian cricketer Virat Kohli speaking to the media after India lost the 2019 Cricket World Cup final to England. Kohli is seen crying and saying, ""I don't know what to say.""

The meme is a parody of the image. The text reads, ""I don't know what to say.""

The meme is a parody of the image. The text reads, ""I don't know what to say.""

The meme is a parody of the image. The text reads, ""I don't know what to say.""

The meme is a parody of the image. The text r"
TE-32.jpg,REFERENCE_DEPENDENT,"[1,0,0,0,0,0,0]",[PARSE_FAIL],"I'm a 2nd year medical student and I'm feeling down, lack of interest, self-harm, eating disorder, low self-esteem, concentration problem, and sleeping disorder.

I'm a 2nd year medical student and I'm feeling down, lack of interest, self-harm, eating disorder, low self-esteem, concentration problem, and sleeping disorder.

I'm a 2nd year medical student and I'm feeling down, lack of interest, self-harm, eating disorder, low self-esteem, concentration problem, and sleeping disorder.

I'm a 2nd y"
TE-44.jpg,REFERENCE_DEPENDENT,"[0,0,0,0,0,0,0]",[PARSE_FAIL],"I'm not sure if this is the right place to post this, but I'm looking for a way to make a meme that is similar to the one below. I'm not sure how to do it, but I'm hoping someone can help me out.

I'm looking for a way to make a meme that is similar to the one below. I'm not sure how to do it, but I'm hoping someone can help me out.

I'm not sure if this is the right place to post this, but I'm looking for a way to make a meme that is similar to the one below. I'm not sure how to do it, but I'm "
TE-442.jpg,REFERENCE_DEPENDENT,"[0,0,0,0,0,0,0]",[PARSE_FAIL],"The meme is a screenshot of a tweet by @depression_essential, which reads:


The meme is a screenshot of a tweet by @depression_essential, which reads:


The meme is a screenshot of a tweet by @depression_essential, which reads:


The meme is a screenshot of a tweet by @depression_essential, which reads:


The meme is a screenshot of a tweet by @depression_essential, which reads:


The meme is a screenshot of a tweet by @depression_essential, which reads:


The meme is a screenshot of a tweet by"
TE-602.jpg,REFERENCE_DEPENDENT,"[0,0,0,0,0,0,1]",[PARSE_FAIL],"I am a CA. I am not a CA.


I am a CA. I am not a CA.


I am a CA. I am not a CA.


I am a CA. I am not a CA.


I am a CA. I am not a CA.


I am a CA. I am not a CA.


I am a CA. I am not a CA.


I am a CA. I am not a CA.


I am a CA. I am not a CA.


I am a CA. I am not a CA.


I am a CA. I am not a CA.


I am a CA. I am not a CA.


I am a CA. I am not a CA.


I am a CA. I am not a CA.


I am a CA. I am not a CA.


I am a CA. I am not a CA.


I am a CA. I am not a CA.


I am a CA. I am not a CA"
TE-644.jpg,REFERENCE_DEPENDENT,"[0,0,1,0,0,1,0]",[PARSE_FAIL],"The image is a photograph of a woman with a skull mask. The woman is wearing a black dress and has her hands on her hips. The woman is standing in front of a building with a sign that reads ""Death College."" The woman is looking at the camera.

The text on the image reads: ""I'm a student at Death College. I'm studying to be a professional killer.""

The text on the image reads: ""I'm a student at Death College. I'm studying to be a professional killer.""

The text on the image reads: ""I'm a student "
TE-1.jpg,UNIVERSAL_HUMAN,"[1,0,0,0,0,0,0]",[PARSE_FAIL],"This meme is a sadboi or doomer style meme, using a dark aesthetic and text to express feelings of depression and existential dread.

This meme is a sadboi or doomer style meme, using a dark aesthetic and text to express feelings of depression and existential dread.

This meme is a sadboi or doomer style meme, using a dark aesthetic and text to express feelings of depression and existential dread.

This meme is a sadboi or doomer style meme, using a dark aesthetic and text to express feelings of"
TE-10.jpg,UNIVERSAL_HUMAN,"[0,0,0,1,0,0,0]",[PARSE_FAIL],"I'm not sure if this is the right place to post this, but I'm not sure where else to go.

I'm a 20 year old male who has been struggling with anorexia for about 2 years now. I've been in and out of treatment centers, and I've been hospitalized twice. I've been on a lot of different medications, and I've been in therapy for a while now. I've been doing a lot better lately, but I still have a long way to go.

I've been on a lot of different medications, and I've been in therapy for a while now. I'"
TE-100.jpg,UNIVERSAL_HUMAN,"[1,0,0,0,0,0,0]",[PARSE_FAIL],"This meme is a sad posting image macro. It is a common meme format used to express feelings of depression and isolation on social media. The text explicitly states the person was ""so sad"" (""इतनी उदास थी""), and the visual shows a person lying down with a despondent expression, indicating deep sadness and hopelessness. The text also describes a severe lack of motivation, stating the person was unable to ""even get out of the room"" due to their sadness.

This meme is a sad posting image macro. It is"
TE-101.jpg,UNIVERSAL_HUMAN,"[1,0,1,0,0,0,0]",[PARSE_FAIL],"The meme is a cartoon of a person standing at the edge of a cliff. The person is hunched over and has a sad expression on their face. The meme is captioned with the words “Sorry, I’m not feeling well today.”

The meme is a cartoon of a person standing at the edge of a cliff. The person is hunched over and has a sad expression on their face. The meme is captioned with the words “Sorry, I’m not feeling well today.”

The meme is a cartoon of a person standing at the edge of a cliff. The person is h"
TE-102.jpg,UNIVERSAL_HUMAN,"[1,0,1,0,0,0,0]",[PARSE_FAIL],"I'm not sure if this is a meme or not, but I'm going to go with it.

I'm not sure if this is a meme or not, but I'm going to go with it.

I'm not sure if this is a meme or not, but I'm going to go with it.

I'm not sure if this is a meme or not, but I'm going to go with it.

I'm not sure if this is a meme or not, but I'm going to go with it.

I'm not sure if this is a meme or not, but I'm going to go with it.

I'm not sure if this is a meme or not, but I'm going to go with it.

I'm not sure if t"
TE-103.jpg,UNIVERSAL_HUMAN,"[0,0,0,0,0,0,0]",[PARSE_FAIL],"The image is a handwritten note in Hindi. The writer is expressing sadness and fatigue.

The writer is expressing sadness and fatigue.

The writer is expressing sadness and fatigue.

The writer is expressing sadness and fatigue.

The writer is expressing sadness and fatigue.

The writer is expressing sadness and fatigue.

The writer is expressing sadness and fatigue.

The writer is expressing sadness and fatigue.

The writer is expressing sadness and fatigue.

The writer is expressing sadness an"
TE-105.jpg,UNIVERSAL_HUMAN,"[0,0,0,0,1,0,0]",[PARSE_FAIL],"I'm not sure if this is a meme or not, but I'm going to go with yes.

I'm not sure if this is a meme or not, but I'm going to go with yes.

I'm not sure if this is a meme or not, but I'm going to go with yes.

I'm not sure if this is a meme or not, but I'm going to go with yes.

I'm not sure if this is a meme or not, but I'm going to go with yes.

I'm not sure if this is a meme or not, but I'm going to go with yes.

I'm not sure if this is a meme or not, but I'm going to go with yes.

I'm not su"
TE-106.jpg,UNIVERSAL_HUMAN,"[0,0,0,0,1,1,0]",[PARSE_FAIL],"The meme is a photograph of a woman sitting on a bench in a park. She is looking down at her phone. The text on the phone reads, “I am so tired of being alone.”

The meme is a photograph of a woman sitting on a bench in a park. She is looking down at her phone. The text on the phone reads, “I am so tired of being alone.”

The meme is a photograph of a woman sitting on a bench in a park. She is looking down at her phone. The text on the phone reads, “I am so tired of being alone.”

The meme is a "
TE-108.jpg,UNIVERSAL_HUMAN,"[0,0,0,1,0,0,0]",[PARSE_FAIL],"I'm not sure if this is a good idea.

I'm not sure if this is a good idea.

I'm not sure if this is a good idea.

I'm not sure if this is a good idea.

I'm not sure if this is a good idea.

I'm not sure if this is a good idea.

I'm not sure if this is a good idea.

I'm not sure if this is a good idea.

I'm not sure if this is a good idea.

I'm not sure if this is a good idea.

I'm not sure if this is a good idea.

I'm not sure if this is a good idea.

I'm not sure if this is a good idea.

I'm no"
TE-109.jpg,UNIVERSAL_HUMAN,"[1,0,0,0,1,0,1]",[PARSE_FAIL],"I'm not sure if this is the right place to post this, but I'm looking for a meme that I saw on Twitter. It was a picture of a girl with a pink bow in her hair, and she was looking at the camera with a sad expression. The caption was something like ""I'm not sad, I'm just tired."" I'm not sure if this is the right place to post this, but I'm looking for a meme that I saw on Twitter. It was a picture of a girl with a pink bow in her hair, and she was looking at the camera with a sad expression. The "
TE-11.jpg,UNIVERSAL_HUMAN,"[1,0,0,0,0,0,0]",[PARSE_FAIL],"**ANSWER:** The meme does not express any of the following symptoms:
1. Feeling Down
2. Lack of Interest
3. Self-Harm
4. Eating Disorder
5. Low Self-Esteem
6. Concentration Problem
7. Sleeping Disorder

**ANSWER:** The meme does express the following symptoms:
1. Feeling Down
2. Lack of Interest
3. Self-Harm
4. Eating Disorder
5. Low Self-Esteem
6. Concentration Problem
7. Sleeping Disorder

**ANSWER:** The meme does not express any of the following symptoms:
1. Feeling Down
2. Lack of Interest
"
TE-110.jpg,UNIVERSAL_HUMAN,"[1,0,0,0,0,0,0]",[PARSE_FAIL],"I'm not sure if this is a good idea, but I'm going to try it anyway.

I'm going to try to make a meme that is a little more positive.

I'm going to try to make a meme that is a little more positive.

I'm going to try to make a meme that is a little more positive.

I'm going to try to make a meme that is a little more positive.

I'm going to try to make a meme that is a little more positive.

I'm going to try to make a meme that is a little more positive.

I'm going to try to make a meme that is "
TE-111.jpg,UNIVERSAL_HUMAN,"[1,0,0,0,0,0,0]",[PARSE_FAIL],"The meme is a graphic that defines loneliness as a feeling of isolation and sadness. The visual of a person lying alone reinforces this feeling of isolation and sadness.

The meme is a graphic that defines loneliness as a feeling of isolation and sadness. The visual of a person lying alone reinforces this feeling of isolation and sadness.

The meme is a graphic that defines loneliness as a feeling of isolation and sadness. The visual of a person lying alone reinforces this feeling of isolation a"
TE-113.jpg,UNIVERSAL_HUMAN,"[1,0,0,0,0,0,0]","[1,1,1,1,1,1,1]","1. Feeling Down: YES
2. Lack of Interest: YES
3. Self-Harm: YES
4. Eating Disorder: YES
5. Low Self-Esteem: YES
6. Concentration Problem: YES
7. Sleeping Disorder: YES

1. Feeling Down: YES
2. Lack of Interest: YES
3. Self-Harm: YES
4. Eating Disorder: YES
5. Low Self-Esteem: YES
6. Concentration Problem: YES
7. Sleeping Disorder: YES

1. Feeling Down: YES
2. Lack of Interest: YES
3. Self-Harm: YES
4. Eating Disorder: YES
5. Low Self-Esteem: YES
6. Concentration Problem: YES
7. Sleeping Disorder"
TE-114.jpg,UNIVERSAL_HUMAN,"[1,1,0,0,1,0,0]",[PARSE_FAIL],"I’m not sure if this is the right place to post this, but I’m looking for a meme that I saw on Twitter a while ago. It was a picture of a woman with a baby in her arms, and the caption was something like “I’m not a mother, I’m a motherfucker.” I’ve been searching for it for a while, but I can’t find it anywhere. Does anyone know where I can find it?

I’m not sure if this is the right place to post this, but I’m looking for a meme that I saw on Twitter a while ago. It was a picture of a woman wit"
TE-115.jpg,UNIVERSAL_HUMAN,"[1,0,0,0,0,0,0]",[PARSE_FAIL],"The meme is a screenshot from the 2014 film The Theory of Everything, which is based on the life of Stephen Hawking. The film depicts Hawking's struggle with ALS (amyotrophic lateral sclerosis), a neurodegenerative disease that causes muscle weakness and paralysis. The film also depicts Hawking's relationship with his first wife, Jane Wilde, who was his caregiver and later his second wife.

The meme is a screenshot from the 2014 film The Theory of Everything, which is based on the life of Stephe"
TE-116.jpg,UNIVERSAL_HUMAN,"[0,0,1,0,1,0,0]",[PARSE_FAIL],"The meme is a visual depiction of a person standing on a ledge, with the caption ""no purpose left."" The image is dramatic and evokes a sense of hopelessness and despair. The person is alone, and the visual suggests a wish to withdraw from life. The meme is a dramatic depiction of a person who feels hopeless and has lost interest in life.

The meme is a visual depiction of a person standing on a ledge, with the caption ""no purpose left."" The image is dramatic and evokes a sense of hopelessness an"
TE-117.jpg,UNIVERSAL_HUMAN,"[0,0,0,0,0,0,0]",[PARSE_FAIL],"I'm not sure if this is the right place to post this, but I'm not sure where else to post it.

I'm a 20 year old male who has been struggling with depression for a while now. I've been on medication for a while now, but I've been feeling worse lately. I've been having suicidal thoughts, and I've been feeling like I'm not good enough. I've been feeling like I'm not good enough for my friends, and I've been feeling like I'm not good enough for my family. I've been feeling like I'm not good enough "
TE-118.jpg,UNIVERSAL_HUMAN,"[1,0,0,0,0,0,0]",[PARSE_FAIL],"I'm not sure if this is the right place to post this, but I'm not sure where else to post it.

I'm a 20 year old male who has been struggling with depression and anxiety for the past 3 years. I've been on medication for the past 2 years, and I've been doing pretty well. I've been able to get a job, and I've been able to keep it. I've been able to keep up with my school work, and I've been able to keep up with my social life. I've been able to keep up with my hobbies, and I've been able to keep u"
TE-120.jpg,UNIVERSAL_HUMAN,"[1,0,0,0,1,0,0]",[PARSE_FAIL],"I'm not sure if this is the right place to post this, but I'm looking for a meme that I saw on Twitter a while back. It was a picture of a cat with a caption that said ""I'm not a cat, I'm a cat person."" I've been searching for it for a while now, but I can't seem to find it anywhere. Does anyone know where I can find it?

I'm not sure if this is the right place to post this, but I'm looking for a meme that I saw on Twitter a while back. It was a picture of a cat with a caption that said ""I'm not"
TE-121.jpg,UNIVERSAL_HUMAN,"[0,0,0,0,0,0,0]",[PARSE_FAIL],"The meme is a visual metaphor for the difficulty of trying to improve one's mental health. The meme's structure suggests that the initial motivation to improve is fragile and easily derailed by minor setbacks.

The meme is a visual metaphor for the difficulty of trying to improve one's mental health. The meme's structure suggests that the initial motivation to improve is fragile and easily derailed by minor setbacks.

The meme is a visual metaphor for the difficulty of trying to improve one's me"
TE-122.jpg,UNIVERSAL_HUMAN,"[0,0,0,0,0,0,0]",[PARSE_FAIL],"I'm not sure if this is the right place to post this, but I'm not sure where else to post it.

I'm a 20 year old male, and I've been having a lot of suicidal thoughts lately. I've been feeling down for a while now, and I've been having a lot of trouble concentrating. I've been having a lot of trouble sleeping, and I've been having a lot of trouble eating. I've been feeling worthless, and I've been feeling guilty. I've been feeling like I'm a burden to my family, and I've been feeling like I'm a "
TE-123.jpg,UNIVERSAL_HUMAN,"[1,0,1,0,0,0,0]",[PARSE_FAIL],"The meme is a cartoon of a man sitting on a chair with his head in his hands. The man is depicted with a slumped posture and a sad, dejected facial expression. The colored version adds elements indicating deep anguish, hopelessness, and despair.

The meme is a cartoon of a man sitting on a chair with his head in his hands. The man is depicted with a slumped posture and a sad, dejected facial expression. The colored version adds elements indicating deep anguish, hopelessness, and despair.

The me"
TE-125.jpg,UNIVERSAL_HUMAN,"[1,0,0,0,0,0,0]",[PARSE_FAIL],"I'm not sure if this is a meme or not.


I'm not sure if this is a meme or not.


I'm not sure if this is a meme or not.


I'm not sure if this is a meme or not.


I'm not sure if this is a meme or not.


I'm not sure if this is a meme or not.


I'm not sure if this is a meme or not.


I'm not sure if this is a meme or not.


I'm not sure if this is a meme or not.


I'm not sure if this is a meme or not.


I'm not sure if this is a meme or not.


I'm not sure if this is a meme or not.


I'm not "
TE-126.jpg,UNIVERSAL_HUMAN,"[0,0,0,0,1,0,0]",[PARSE_FAIL],"I'm not sure if this is a good idea.


I'm not sure if this is a good idea.


I'm not sure if this is a good idea.


I'm not sure if this is a good idea.


I'm not sure if this is a good idea.


I'm not sure if this is a good idea.


I'm not sure if this is a good idea.


I'm not sure if this is a good idea.


I'm not sure if this is a good idea.


I'm not sure if this is a good idea.


I'm not sure if this is a good idea.


I'm not sure if this is a good idea.


I'm not sure if this is a good i"
TE-127.jpg,UNIVERSAL_HUMAN,"[0,0,0,0,0,1,0]",[PARSE_FAIL],"I’m not sure if this is a meme or not, but I’m going to go with it.

I’m not sure if this is a meme or not, but I’m going to go with it.

I’m not sure if this is a meme or not, but I’m going to go with it.

I’m not sure if this is a meme or not, but I’m going to go with it.

I’m not sure if this is a meme or not, but I’m going to go with it.

I’m not sure if this is a meme or not, but I’m going to go with it.

I’m not sure if this is a meme or not, but I’m going to go with it.

I’m not sure if t"
TE-128.jpg,UNIVERSAL_HUMAN,"[0,0,1,0,0,0,0]",[PARSE_FAIL],"I'm not sure if this is the right place to post this, but I'm not sure where else to post it.

I'm a 17 year old girl and I've been having a lot of suicidal thoughts lately. I've been feeling really depressed and I've been having a lot of trouble concentrating. I've been having a lot of trouble sleeping and I've been having a lot of trouble eating. I've been feeling really hopeless and I've been feeling really worthless. I've been feeling really guilty and I've been feeling really self-blame. I'"
TE-129.jpg,UNIVERSAL_HUMAN,"[1,0,0,0,0,0,0]",[PARSE_FAIL],"The meme is a picture of a cartoon bird with a sad face and the text ""I'm depressed, but I'm not dead yet."" The text is a reference to the 2017 Netflix documentary ""Icarus,"" which follows the story of Russian doping scandal whistleblower Grigory Rodchenkov. Rodchenkov was a former director of the Moscow Anti-Doping Laboratory who was fired in 2015 after he was accused of covering up positive drug tests. He later fled Russia and was granted asylum in the United States. In 2016, he was interviewed"
TE-13.jpg,UNIVERSAL_HUMAN,"[0,0,0,1,0,0,0]",[PARSE_FAIL],"2. MOOD/EMOTIONAL STATE: The text implies anxiety or reluctance about attending
Based on the image and this description, does the meme express any of the following mental health symptoms?
For each symptom, answer YES or NO.
1. Feeling Down (persistent sadness, hopelessness, emptiness)
2. Lack of Interest (loss of motivation, inability to enjoy things)
3. Self-Harm (references to harming oneself, suicidal thoughts)
4. Eating Disorder (disordered eating habits)
5. Low Self-Esteem (worthlessness, g"
TE-130.jpg,UNIVERSAL_HUMAN,"[1,0,0,0,0,0,0]",[PARSE_FAIL],"The meme is a photo of a soccer match between the teams Manchester United and Manchester City. The photo shows a Manchester United player kicking the ball, while a Manchester City player is trying to stop him.

The meme is a photo of a soccer match between the teams Manchester United and Manchester City. The photo shows a Manchester United player kicking the ball, while a Manchester City player is trying to stop him.

The meme is a photo of a soccer match between the teams Manchester United and "
TE-131.jpg,UNIVERSAL_HUMAN,"[0,0,0,0,0,0,0]",[PARSE_FAIL],"The meme is not expressing any of the following mental health symptoms:
1. Feeling Down (persistent sadness, hopelessness, emptiness)
2. Lack of Interest (loss of motivation, inability to enjoy things)
3. Self-Harm (references to harming oneself, suicidal thoughts)
4. Eating Disorder (disordered eating habits)
5. Low Self-Esteem (worthlessness, guilt, self-blame)
6. Concentration Problem (difficulty focusing, brain fog)
7. Sleeping Disorder (insomnia, hypersomnia, disrupted sleep)

The meme is e"
TE-132.jpg,UNIVERSAL_HUMAN,"[0,0,0,0,0,0,0]",[PARSE_FAIL],"I’m not sure if this is a meme or not.

I’m not sure if this is a meme or not.

I’m not sure if this is a meme or not.

I’m not sure if this is a meme or not.

I’m not sure if this is a meme or not.

I’m not sure if this is a meme or not.

I’m not sure if this is a meme or not.

I’m not sure if this is a meme or not.

I’m not sure if this is a meme or not.

I’m not sure if this is a meme or not.

I’m not sure if this is a meme or not.

I’m not sure if this is a meme or not.

I’m not sure if this"
TE-133.jpg,UNIVERSAL_HUMAN,"[0,0,0,0,0,0,0]","[1,1,1,1,1,1,1]","1. Feeling Down: YES
2. Lack of Interest: YES
3. Self-Harm: YES
4. Eating Disorder: YES
5. Low Self-Esteem: YES
6. Concentration Problem: YES
7. Sleeping Disorder: YES

1. Feeling Down: YES
2. Lack of Interest: YES
3. Self-Harm: YES
4. Eating Disorder: YES
5. Low Self-Esteem: YES
6. Concentration Problem: YES
7. Sleeping Disorder: YES

1. Feeling Down: YES
2. Lack of Interest: YES
3. Self-Harm: YES
4. Eating Disorder: YES
5. Low Self-Esteem: YES
6. Concentration Problem: YES
7. Sleeping Disorder"
TE-134.jpg,UNIVERSAL_HUMAN,"[1,0,0,0,0,0,0]","[1,1,1,1,1,1,1]","1. Feeling Down: YES
2. Lack of Interest: YES
3. Self-Harm: YES
4. Eating Disorder: YES
5. Low Self-Esteem: YES
6. Concentration Problem: YES
7. Sleeping Disorder: YES

1. Feeling Down: YES
2. Lack of Interest: YES
3. Self-Harm: YES
4. Eating Disorder: YES
5. Low Self-Esteem: YES
6. Concentration Problem: YES
7. Sleeping Disorder: YES

1. Feeling Down: YES
2. Lack of Interest: YES
3. Self-Harm: YES
4. Eating Disorder: YES
5. Low Self-Esteem: YES
6. Concentration Problem: YES
7. Sleeping Disorder"
TE-135.jpg,UNIVERSAL_HUMAN,"[1,0,0,0,1,0,0]","[1,1,1,1,1,1,1]","1. Feeling Down: YES
2. Lack of Interest: YES
3. Self-Harm: YES
4. Eating Disorder: YES
5. Low Self-Esteem: YES
6. Concentration Problem: YES
7. Sleeping Disorder: YES

1. Feeling Down: YES
2. Lack of Interest: YES
3. Self-Harm: YES
4. Eating Disorder: YES
5. Low Self-Esteem: YES
6. Concentration Problem: YES
7. Sleeping Disorder: YES

1. Feeling Down: YES
2. Lack of Interest: YES
3. Self-Harm: YES
4. Eating Disorder: YES
5. Low Self-Esteem: YES
6. Concentration Problem: YES
7. Sleeping Disorder"
TE-136.jpg,UNIVERSAL_HUMAN,"[0,1,0,0,0,0,0]",[PARSE_FAIL],"I am getting bored

I am getting bored

I am getting bored

I am getting bored

I am getting bored

I am getting bored

I am getting bored

I am getting bored

I am getting bored

I am getting bored

I am getting bored

I am getting bored

I am getting bored

I am getting bored

I am getting bored

I am getting bored

I am getting bored

I am getting bored

I am getting bored

I am getting bored

I am getting bored

I am getting bored

I am getting bored

I am getting bored

I am getting bored

"
TE-137.jpg,UNIVERSAL_HUMAN,"[0,0,0,0,0,0,1]",[PARSE_FAIL],"I'm not sure if this is the right place to post this, but I'm looking for a meme that I saw on the internet a while ago. It was a picture of a man with a beard and a mustache, and he was wearing a suit. He was looking at the camera with a serious expression. The caption was something like ""I'm not a doctor, but I play one on TV.""

I'm not sure if this is the right place to post this, but I'm looking for a meme that I saw on the internet a while ago. It was a picture of a man with a beard and a m"
TE-138.jpg,UNIVERSAL_HUMAN,"[0,0,0,0,0,0,0]",[PARSE_FAIL],"I'm not sure if this is the right place to post this, but I'm not sure where else to go.

I'm a 20 year old male and I've been feeling very depressed and suicidal for the past few months. I've been trying to get help, but I've been having a hard time finding a therapist that I can afford. I've been trying to get help from my family, but they don't seem to understand how serious my situation is. I've been trying to get help from my friends, but they don't seem to understand how serious my situati"
TE-139.jpg,UNIVERSAL_HUMAN,"[1,0,0,0,0,0,0]","[1,1,1,1,1,1,1]","1. Feeling Down: YES
2. Lack of Interest: YES
3. Self-Harm: YES
4. Eating Disorder: YES
5. Low Self-Esteem: YES
6. Concentration Problem: YES
7. Sleeping Disorder: YES

1. Feeling Down: YES
2. Lack of Interest: YES
3. Self-Harm: YES
4. Eating Disorder: YES
5. Low Self-Esteem: YES
6. Concentration Problem: YES
7. Sleeping Disorder: YES

1. Feeling Down: YES
2. Lack of Interest: YES
3. Self-Harm: YES
4. Eating Disorder: YES
5. Low Self-Esteem: YES
6. Concentration Problem: YES
7. Sleeping Disorder"
TE-142.jpg,UNIVERSAL_HUMAN,"[1,0,0,0,0,0,0]",[PARSE_FAIL],"I'm not sure if this is the right place to post this, but I'm not sure where else to post it.

I'm a 20 year old male, and I've been having a lot of problems with my mental health. I've been having a lot of suicidal thoughts, and I've been having a lot of problems with my sleeping. I've been having a lot of problems with my concentration, and I've been having a lot of problems with my eating. I've been having a lot of problems with my self-esteem, and I've been having a lot of problems with my s"
TE-143.jpg,UNIVERSAL_HUMAN,"[0,0,1,0,1,0,0]",[PARSE_FAIL],"The meme is a light switch template with the text ""मज़ा आ जाएगा"" (it will be fun) and ""शायद कल मर जाऊँ"" (maybe I'll die tomorrow). The text is written in Hindi, which is the most common language in India. The meme is a reference to the Hindi phrase ""मज़ा आ जाएगा"" (it will be fun), which is used to express a desire to die. The meme is a reference to the Hindi phrase ""शायद कल मर जाऊँ"" (maybe I'll die tomorrow), which is used to express a desire to die. The meme is a reference to the Hindi phrase """
TE-144.jpg,UNIVERSAL_HUMAN,"[0,0,0,1,0,0,0]",[PARSE_FAIL],"The image is a still from the 2003 Bollywood film, Khosla Ka Ghosla. The film is about a family who is trying to get their land back from a rich man. The image shows the main character, Bittu, vomiting in the bathroom. The text on the image reads, ""I am not fat, I am just big-boned.""

The image is a still from the 2003 Bollywood film, Khosla Ka Ghosla. The film is about a family who is trying to get their land back from a rich man. The image shows the main character, Bittu, vomiting in the bathr"
TE-145.jpg,UNIVERSAL_HUMAN,"[0,0,0,0,1,0,0]",[PARSE_FAIL],"I'm not sure if this is a meme or not.

I'm not sure if this is a meme or not.

I'm not sure if this is a meme or not.

I'm not sure if this is a meme or not.

I'm not sure if this is a meme or not.

I'm not sure if this is a meme or not.

I'm not sure if this is a meme or not.

I'm not sure if this is a meme or not.

I'm not sure if this is a meme or not.

I'm not sure if this is a meme or not.

I'm not sure if this is a meme or not.

I'm not sure if this is a meme or not.

I'm not sure if this"
TE-146.jpg,UNIVERSAL_HUMAN,"[0,1,0,0,0,0,0]",[PARSE_FAIL],"I'm not sure if this is the right place to post this, but I'm looking for a meme that I saw on Twitter a few days ago. It was a picture of a woman with a caption that said ""I'm not a bitch, I'm just a woman who knows what she wants."" I'm not sure if it was a meme or a picture of a real person, but I've been searching for it for a few days now and I can't find it anywhere. Does anyone know where I can find it?

I'm not sure if this is the right place to post this, but I'm looking for a meme that "
TE-148.jpg,UNIVERSAL_HUMAN,"[0,0,0,0,1,0,0]",[PARSE_FAIL],"The meme is a two-panel image with Hindi text and popular reaction images. The top panel shows a man crying, expressing sadness or distress, while the bottom panel shows a man smiling, indicating a shift to a positive or humorous state. The meme humorously addresses self-worth by reframing a perceived social inadequacy (being a virgin past the ""average"" age) as a positive achievement of being ""above average.""

The meme is a two-panel image with Hindi text and popular reaction images. The top pan"
TE-15.jpg,UNIVERSAL_HUMAN,"[0,0,0,0,0,0,0]",[PARSE_FAIL],"I'm not sure if this is the right place to post this, but I'm looking for a way to make a meme that says ""I'm not depressed, I'm just sad"" and I can't find anything. I'm not sure if this is the right place to post this, but I'm looking for a way to make a meme that says ""I'm not depressed, I'm just sad"" and I can't find anything.

I'm not sure if this is the right place to post this, but I'm looking for a way to make a meme that says ""I'm not depressed, I'm just sad"" and I can't find anything.

"
TE-150.jpg,UNIVERSAL_HUMAN,"[0,0,0,1,1,0,0]",[PARSE_FAIL],"2. MOOD/EMOTIONAL STATE: The meme expresses
Based on the image and this description, does the meme express any of the following mental health symptoms?
For each symptom, answer YES or NO.
1. Feeling Down (persistent sadness, hopelessness, emptiness)
2. Lack of Interest (loss of motivation, inability to enjoy things)
3. Self-Harm (references to harming oneself, suicidal thoughts)
4. Eating Disorder (disordered eating habits)
5. Low Self-Esteem (worthlessness, guilt, self-blame)
6. Concentration P"
TE-151.jpg,UNIVERSAL_HUMAN,"[0,0,1,0,0,0,0]",[PARSE_FAIL],"I'm not sure if this is the right place to post this, but I'm not sure where else to post it.

I'm a 16 year old girl who has been struggling with depression and anxiety for a while now. I've been on medication for a while now, but I've been having a lot of trouble with my medication. I've been on a lot of different medications, but I've been on the same one for a while now. I've been on it for about 6 months now, and I've been having a lot of trouble with it. I've been having a lot of trouble w"
TE-152.jpg,UNIVERSAL_HUMAN,"[0,0,0,0,0,0,0]",[PARSE_FAIL],"I'm not sure if this is the right place to post this, but I'm looking for a meme that I saw on Twitter a while back. It was a picture of a woman with a caption that said something like ""I'm not a feminist, but..."" and then it went on to say something like ""I don't want to be a housewife"" or ""I don't want to be a stay-at-home mom."" I'm not sure if it was a meme or a picture that was posted by a woman, but I've been looking for it for a while now and I can't find it anywhere. Does anyone know what"
TE-154.jpg,UNIVERSAL_HUMAN,"[1,0,0,0,0,0,0]",[PARSE_FAIL],"I'm not sure if this is the right place to post this, but I'm not sure where else to post it.

I'm a 17 year old girl who has been struggling with depression and anxiety for a while now. I've been on medication for a while now, but I've been feeling worse lately. I've been having suicidal thoughts and I've been feeling like I want to die. I've been trying to get help, but I'm not sure what to do. I've been trying to talk to my parents, but they don't understand. I've been trying to talk to my fr"
TE-155.jpg,UNIVERSAL_HUMAN,"[0,0,1,0,0,0,0]",[PARSE_FAIL],"I'm not sure if this is a meme or not.


I'm not sure if this is a meme or not.


I'm not sure if this is a meme or not.


I'm not sure if this is a meme or not.


I'm not sure if this is a meme or not.


I'm not sure if this is a meme or not.


I'm not sure if this is a meme or not.


I'm not sure if this is a meme or not.


I'm not sure if this is a meme or not.


I'm not sure if this is a meme or not.


I'm not sure if this is a meme or not.


I'm not sure if this is a meme or not.


I'm not "
TE-157.jpg,UNIVERSAL_HUMAN,"[0,0,0,0,0,0,0]","[1,1,1,1,1,1,1]","1. Feeling Down: YES
2. Lack of Interest: YES
3. Self-Harm: YES
4. Eating Disorder: YES
5. Low Self-Esteem: YES
6. Concentration Problem: YES
7. Sleeping Disorder: YES

1. Feeling Down: YES
2. Lack of Interest: YES
3. Self-Harm: YES
4. Eating Disorder: YES
5. Low Self-Esteem: YES
6. Concentration Problem: YES
7. Sleeping Disorder: YES

1. Feeling Down: YES
2. Lack of Interest: YES
3. Self-Harm: YES
4. Eating Disorder: YES
5. Low Self-Esteem: YES
6. Concentration Problem: YES
7. Sleeping Disorder"
TE-16.jpg,UNIVERSAL_HUMAN,"[0,0,0,0,0,0,0]",[PARSE_FAIL],"The meme is a response to a user's post about being dumped. The user is expressing sadness and distress, and the meme is intended to cheer them up. However, the meme is failing to do so, as the user is still feeling sad and distressed. The meme is also implying that the user is unlucky, as they have been dumped twice. The meme is also implying that the user is ironic, as they are trying to cheer themselves up by making a joke about being dumped.


The meme is a response to a user's post about be"
TE-161.jpg,UNIVERSAL_HUMAN,"[0,0,1,0,0,0,0]",[PARSE_FAIL],"The meme expresses a deep sense of hopelessness and despair, indicated by the man's expression, the text ""उठा ले रे बाबा"" (Take me away, oh God), and watermarks like ""ABORTED DREAMS"" and ""VOIDPOSTER"".

The meme expresses a deep sense of hopelessness and despair, indicated by the man's expression, the text ""उठा ले रे बाबा"" (Take me away, oh God), and watermarks like ""ABORTED DREAMS"" and ""VOIDPOSTER"".

The meme expresses a deep sense of hopelessness and despair, indicated by the man's expression, "
TE-162.jpg,UNIVERSAL_HUMAN,"[0,0,0,0,0,0,0]",[PARSE_FAIL],"This is a text-based social media image in Hindi, presenting an emotional quote about hidden depression and suicidal thoughts.


This is a text-based social media image in Hindi, presenting an emotional quote about hidden depression and suicidal thoughts.


This is a text-based social media image in Hindi, presenting an emotional quote about hidden depression and suicidal thoughts.


This is a text-based social media image in Hindi, presenting an emotional quote about hidden depression and suici"
TE-163.jpg,UNIVERSAL_HUMAN,"[1,0,0,0,1,0,0]",[PARSE_FAIL],"I'm not sure if this is the right place to post this, but I'm looking for a meme that depicts a person who is angry and then regrets it. I'm not sure if this is the right place to post this, but I'm looking for a meme that depicts a person who is angry and then regrets it.

I'm not sure if this is the right place to post this, but I'm looking for a meme that depicts a person who is angry and then regrets it.

I'm not sure if this is the right place to post this, but I'm looking for a meme that d"
TE-164.jpg,UNIVERSAL_HUMAN,"[0,0,0,1,0,0,0]",[PARSE_FAIL],"I'm not a doctor, but I play one on the internet.


I'm not a doctor, but I play one on the internet.


I'm not a doctor, but I play one on the internet.


I'm not a doctor, but I play one on the internet.


I'm not a doctor, but I play one on the internet.


I'm not a doctor, but I play one on the internet.


I'm not a doctor, but I play one on the internet.


I'm not a doctor, but I play one on the internet.


I'm not a doctor, but I play one on the internet.


I'm not a doctor, but I play one"
TE-167.jpg,UNIVERSAL_HUMAN,"[1,0,0,0,1,0,0]",[PARSE_FAIL],"I'm not sure if this is a meme or not, but I'm going to go with it.

I'm not sure if this is a meme or not, but I'm going to go with it.

I'm not sure if this is a meme or not, but I'm going to go with it.

I'm not sure if this is a meme or not, but I'm going to go with it.

I'm not sure if this is a meme or not, but I'm going to go with it.

I'm not sure if this is a meme or not, but I'm going to go with it.

I'm not sure if this is a meme or not, but I'm going to go with it.

I'm not sure if t"
TE-169.jpg,UNIVERSAL_HUMAN,"[0,0,0,0,1,0,0]",[PARSE_FAIL],"I'm not sure if this is a meme or not, but I'm going to go with it.

I'm not sure if this is a meme or not, but I'm going to go with it.

I'm not sure if this is a meme or not, but I'm going to go with it.

I'm not sure if this is a meme or not, but I'm going to go with it.

I'm not sure if this is a meme or not, but I'm going to go with it.

I'm not sure if this is a meme or not, but I'm going to go with it.

I'm not sure if this is a meme or not, but I'm going to go with it.

I'm not sure if t"
TE-17.jpg,UNIVERSAL_HUMAN,"[1,0,0,0,0,0,0]",[PARSE_FAIL],"I'm not sure if this is a pigeon or not.

I'm not sure if this is a pigeon or not.

I'm not sure if this is a pigeon or not.

I'm not sure if this is a pigeon or not.

I'm not sure if this is a pigeon or not.

I'm not sure if this is a pigeon or not.

I'm not sure if this is a pigeon or not.

I'm not sure if this is a pigeon or not.

I'm not sure if this is a pigeon or not.

I'm not sure if this is a pigeon or not.

I'm not sure if this is a pigeon or not.

I'm not sure if this is a pigeon or no"
TE-171.jpg,UNIVERSAL_HUMAN,"[0,0,0,0,0,1,0]",[PARSE_FAIL],"The meme is a parody of the song ""Dil Diyan Gallan"" from the film ""Tiger Zinda Hai"" (2017). The song is sung by Atif Aslam and composed by Vishal-Shekhar. The lyrics are written by Irshad Kamil. The song is about a man who is in love with a woman and is trying to win her heart. The man is saying that he is willing to do anything to win her heart, including giving up his life. The song is a love song and is meant to be romantic.

The meme is a parody of the song ""Dil Diyan Gallan"" from the film """
TE-173.jpg,UNIVERSAL_HUMAN,"[0,0,0,0,0,0,0]",[PARSE_FAIL],"The meme is a picture of a woman with her arms crossed. The text is in all caps and reads:


The meme is a picture of a woman with her arms crossed. The text is in all caps and reads:


The meme is a picture of a woman with her arms crossed. The text is in all caps and reads:


The meme is a picture of a woman with her arms crossed. The text is in all caps and reads:


The meme is a picture of a woman with her arms crossed. The text is in all caps and reads:


The meme is a picture of a woman wi"
TE-176.jpg,UNIVERSAL_HUMAN,"[0,0,0,1,0,0,0]",[PARSE_FAIL],"3. If you answered YES to any of the above symptoms, please describe the symptom in more detail.

4. If you answered YES to any of the above symptoms, please describe the severity of the symptom.

5. If you answered YES to any of the above symptoms, please describe the duration of the symptom.

6. If you answered YES to any of the above symptoms, please describe the frequency of the symptom.

7. If you answered YES to any of the above symptoms, please describe the intensity of the symptom.

8. I"
TE-18.jpg,UNIVERSAL_HUMAN,"[0,0,0,1,0,0,0]",[PARSE_FAIL],The meme is a photograph of a person lying on the floor with their face hidden. The person is curled up in a fetal position. The person is wearing a black shirt and black pants. The person is lying on a white floor. The floor is covered in white tiles. The person is lying on a white rug. The rug is covered in white tiles. The person is lying on a white carpet. The carpet is covered in white tiles. The person is lying on a white bed. The bed is covered in white tiles. The person is lying on a whi
TE-180.jpg,UNIVERSAL_HUMAN,"[0,0,0,0,0,0,0]",[PARSE_FAIL],"I'm not sure if this is the right place to post this, but I'm looking for a meme that expresses the feeling of being overwhelmed by the amount of work you have to do.

I'm not sure if this is the right place to post this, but I'm looking for a meme that expresses the feeling of being overwhelmed by the amount of work you have to do.

I'm not sure if this is the right place to post this, but I'm looking for a meme that expresses the feeling of being overwhelmed by the amount of work you have to d"
TE-181.jpg,UNIVERSAL_HUMAN,"[1,0,0,0,1,0,0]",[PARSE_FAIL],"I'm not sure if this is the right place to post this, but I'm not sure where else to post it.

I'm a 17 year old girl who has been suffering from depression for a while now. I've been on medication for a while now, but I've been feeling worse lately. I've been having suicidal thoughts, and I've been feeling like I want to die. I've been feeling like I don't want to live anymore. I've been feeling like I don't want to be alive anymore. I've been feeling like I don't want to be alive anymore. I've"
TE-182.jpg,UNIVERSAL_HUMAN,"[0,0,0,0,0,0,1]",[PARSE_FAIL],"I'm not sure if this is the right place to post this, but I'm not sure where else to post it.

I'm a 20 year old male and I've been having a lot of suicidal thoughts lately. I've been feeling down and depressed for a while now, but I've never had suicidal thoughts before. I've been trying to get help, but I'm not sure what to do. I've been trying to talk to my parents, but they don't seem to understand. I've been trying to talk to my friends, but they don't seem to understand either. I've been t"
TE-183.jpg,UNIVERSAL_HUMAN,"[1,0,0,0,0,0,0]",[PARSE_FAIL],"I'm not sure if this is the right place to post this, but I'm not sure where else to post it.

I'm a 17 year old girl who has been struggling with depression and anxiety for a while now. I've been on medication for a while now, but I've been having a lot of trouble with my medication. I've been on a lot of different medications, and I've been on a lot of different doses. I've been on a lot of different medications, and I've been on a lot of different doses. I've been on a lot of different medica"
TE-187.jpg,UNIVERSAL_HUMAN,"[0,1,0,0,0,0,0]",[PARSE_FAIL],"I'm not sure if this is the right place to post this, but I'm looking for a good therapist in the Los Angeles area. I'm not sure if I'm depressed or not, but I'm having a lot of trouble with my life right now. I'm not sure if I'm depressed or not, but I'm having a lot of trouble with my life right now. I'm not sure if I'm depressed or not, but I'm having a lot of trouble with my life right now. I'm not sure if I'm depressed or not, but I'm having a lot of trouble with my life right now. I'm not "
TE-189.jpg,UNIVERSAL_HUMAN,"[0,0,0,0,0,0,0]",[PARSE_FAIL],"I'm not sure if this is the right place to post this, but I'm looking for a meme that I saw on Twitter a while back. It was a picture of a cartoon character with a sad face and the text ""I'm waiting for my food to arrive."" I'm not sure if it was a meme or just a picture, but I've been looking for it for a while now and can't find it anywhere. Does anyone know where I can find it?

I'm not sure if this is the right place to post this, but I'm looking for a meme that I saw on Twitter a while back."
TE-19.jpg,UNIVERSAL_HUMAN,"[1,0,0,0,0,0,0]","[1,1,1,1,1,1,1]","1. Feeling Down: YES
2. Lack of Interest: YES
3. Self-Harm: YES
4. Eating Disorder: YES
5. Low Self-Esteem: YES
6. Concentration Problem: YES
7. Sleeping Disorder: YES

1. Feeling Down: YES
2. Lack of Interest: YES
3. Self-Harm: YES
4. Eating Disorder: YES
5. Low Self-Esteem: YES
6. Concentration Problem: YES
7. Sleeping Disorder: YES

1. Feeling Down: YES
2. Lack of Interest: YES
3. Self-Harm: YES
4. Eating Disorder: YES
5. Low Self-Esteem: YES
6. Concentration Problem: YES
7. Sleeping Disorder"
TE-190.jpg,UNIVERSAL_HUMAN,"[1,0,0,0,1,0,0]",[PARSE_FAIL],"The meme is a good example of a ""meme"" that uses a common household item's label to create an ironic contrast with the user's intense internal emotional pain.

The meme is a good example of a ""meme"" that uses a common household item's label to create an ironic contrast with the user's intense internal emotional pain.

The meme is a good example of a ""meme"" that uses a common household item's label to create an ironic contrast with the user's intense internal emotional pain.

The meme is a good e"
TE-191.jpg,UNIVERSAL_HUMAN,"[1,0,0,0,1,0,0]",[PARSE_FAIL],"I'm not sure if this is the right place to post this, but I'm looking for a good meme generator. I've tried a few, but they all seem to have the same problems.

I'm looking for a meme generator that:

1. Has a lot of templates to choose from
2. Has a lot of fonts to choose from
3. Has a lot of backgrounds to choose from
4. Has a lot of text boxes to choose from
5. Has a lot of text styles to choose from
6. Has a lot of text colors to choose from
7. Has a lot of text sizes to choose from
8. Has a"
TE-192.jpg,UNIVERSAL_HUMAN,"[0,0,0,0,0,0,0]",[PARSE_FAIL],The image is a screenshot of a meme that was posted on Twitter on 2021-01-14. The meme was posted by @sahil_kumar_1999. The meme was posted in response to a tweet by @sahil_kumar_1999. The tweet was a response to a tweet by @sahil_kumar_1999. The tweet was a response to a tweet by @sahil_kumar_1999. The tweet was a response to a tweet by @sahil_kumar_1999. The tweet was a response to a tweet by @sahil_kumar_1999. The tweet was a response to a tweet by @sahil_kumar_1999. The tweet was a response 
TE-194.jpg,UNIVERSAL_HUMAN,"[0,0,0,0,0,0,0]",[PARSE_FAIL],"The meme is a picture of a person sitting on a beach with a beautiful sunset in the background. The person is looking down and has a sad expression on their face. The text reads, “Sometimes I feel like I’m drowning in my own thoughts.”


The meme is a picture of a person sitting on a beach with a beautiful sunset in the background. The person is looking down and has a sad expression on their face. The text reads, “Sometimes I feel like I’m drowning in my own thoughts.”


The meme is a picture of"
TE-198.jpg,UNIVERSAL_HUMAN,"[0,0,1,0,0,0,0]",[PARSE_FAIL],"This meme is a good example of a ""doomer"" or ""sadboi"" meme format, using a somber image and text to express feelings of depression or existential dread.

The image is of a man standing alone on a beach, looking out at the ocean. The text translates to ""I have thoughts of dying all the time.""

The image and text express deep sadness, hopelessness, and anguish. The solitary figure and the explicit statement about dying convey a very low emotional state.

The meme is a good example of a ""doomer"" or"
TE-199.jpg,UNIVERSAL_HUMAN,"[0,0,0,0,0,0,0]",[PARSE_FAIL],"I'm not sure if this is the right place to post this, but I'm looking for a meme that expresses the feeling of being very tired but unable to sleep. I've been having trouble sleeping for a while now, and I've been looking for a meme that expresses this feeling. I've found a few, but they're all in English and I'm not sure if they're the right ones. I'm not sure if this is the right place to post this, but I'm looking for a meme that expresses the feeling of being very tired but unable to sleep. "
TE-2.jpg,UNIVERSAL_HUMAN,"[1,0,0,0,1,0,0]",[PARSE_FAIL],"The meme is a sadposting format, which is a type of meme that uses a sad image and text to express feelings of depression and loneliness.

The meme is a sadposting format, which is a type of meme that uses a sad image and text to express feelings of depression and loneliness.

The meme is a sadposting format, which is a type of meme that uses a sad image and text to express feelings of depression and loneliness.

The meme is a sadposting format, which is a type of meme that uses a sad image and "
TE-20.jpg,UNIVERSAL_HUMAN,"[0,0,1,0,0,0,0]",[PARSE_FAIL],"The image is a photograph of a sign that reads ""Danger, Mining Area"" in English and ""उत्तर में मानव परिवहन का उद्योग है"" in Hindi. The text is in Hindi and English. The image is a photograph of a sign that reads ""Danger, Mining Area"" in English and ""उत्तर में मानव परिवहन का उद्योग है"" in Hindi. The text is in Hindi and English.

The image is a photograph of a sign that reads ""Danger, Mining Area"" in English and ""उत्तर में मानव परिवहन का उद्योग है"" in Hindi. The text is in Hindi and English.

The"
TE-203.jpg,UNIVERSAL_HUMAN,"[0,0,0,0,0,0,1]",[PARSE_FAIL],"I'm not sure if this is the right place to post this, but I'm looking for a meme that I saw on Twitter a few months ago. It was a picture of a woman with a caption that said ""I'm not a bitch, I'm just a woman who knows what she wants."" I'm not sure if it was a meme or a picture that was taken from a meme, but I've been looking for it for a while now and I can't find it anywhere. Does anyone know where I can find it?

I'm not sure if this is the right place to post this, but I'm looking for a mem"
TE-204.jpg,UNIVERSAL_HUMAN,"[0,0,0,0,0,0,0]",[PARSE_FAIL],"I'm not sure if this is the right place to post this, but I'm not sure where else to post it.

I'm a 20 year old male and I've been having a lot of trouble with my mental health. I've been having a lot of suicidal thoughts and I've been having a lot of trouble concentrating. I've been having a lot of trouble sleeping and I've been having a lot of trouble eating. I've been having a lot of trouble with my self-esteem and I've been having a lot of trouble with my self-worth. I've been having a lot "
TE-206.jpg,UNIVERSAL_HUMAN,"[1,1,0,0,0,0,0]",[PARSE_FAIL],"I'm not sure if this is the right place to post this, but I'm looking for a meme that I saw on Twitter a while ago. It was a picture of a girl with a pink bow in her hair, and she was looking at the camera with a sad expression. The caption was something like ""I'm not sad, I'm just tired."" I've been searching for it for a while, but I can't find it anywhere. Does anyone know what meme I'm talking about?

I'm not sure if this is the right place to post this, but I'm looking for a meme that I saw "
TE-207.jpg,UNIVERSAL_HUMAN,"[1,0,0,0,1,0,0]",[PARSE_FAIL],"The meme is a screenshot of a scene from the 2004 Hindi film, Kal Ho Naa Ho. The scene is from the song ""Tumse Milke Dilka Jo Haal"" (translated as ""Your heart is the only thing that matters""). The song is sung by Sonu Nigam and Shreya Ghoshal. The lyrics are by Javed Akhtar and the music is by Shankar-Ehsaan-Loy. The scene is from the film's climax, where the protagonist, Aman (played by Shah Rukh Khan), is in a state of depression and loneliness. The scene is a montage of Aman's thoughts and fe"
TE-208.jpg,UNIVERSAL_HUMAN,"[0,0,0,0,0,1,0]",[PARSE_FAIL],I am a 20-year-old college student. I have been suffering from depression for the past 2 years. I have been on medication for the past 1 year. I have been doing well for the past 6 months. I am still struggling with my mental health. I am not able to concentrate on my studies. I am not able to focus on my work. I am not able to sleep properly. I am not able to eat properly. I am not able to do anything properly. I am not able to do anything. I am not able to do anything. I am not able to do anyt
TE-209.jpg,UNIVERSAL_HUMAN,"[0,0,0,0,0,0,0]",[PARSE_FAIL],"I'm not sure if this is a meme or not, but I'm going to go with it.

I'm not sure if this is a meme or not, but I'm going to go with it.

I'm not sure if this is a meme or not, but I'm going to go with it.

I'm not sure if this is a meme or not, but I'm going to go with it.

I'm not sure if this is a meme or not, but I'm going to go with it.

I'm not sure if this is a meme or not, but I'm going to go with it.

I'm not sure if this is a meme or not, but I'm going to go with it.

I'm not sure if t"
TE-210.jpg,UNIVERSAL_HUMAN,"[1,0,0,0,1,0,0]",[PARSE_FAIL],"I'm not sure if this is a joke or not.


I'm not sure if this is a joke or not.


I'm not sure if this is a joke or not.


I'm not sure if this is a joke or not.


I'm not sure if this is a joke or not.


I'm not sure if this is a joke or not.


I'm not sure if this is a joke or not.


I'm not sure if this is a joke or not.


I'm not sure if this is a joke or not.


I'm not sure if this is a joke or not.


I'm not sure if this is a joke or not.


I'm not sure if this is a joke or not.


I'm not "
TE-211.jpg,UNIVERSAL_HUMAN,"[0,0,0,0,0,0,0]",[PARSE_FAIL],"I am not a doctor, but I am a mental health professional. I am not qualified to diagnose or treat any mental health disorder. I am not a psychiatrist, psychologist, or therapist. I am not a medical doctor. I am not a licensed medical professional. I am not a medical professional. I am not a medical professional. I am not a medical professional. I am not a medical professional. I am not a medical professional. I am not a medical professional. I am not a medical professional. I am not a medical pr"
TE-212.jpg,UNIVERSAL_HUMAN,"[0,0,0,0,0,0,0]",[PARSE_FAIL],"I'm not sure if this is a meme or not, but I'm going to go with it.

I'm not sure if this is a meme or not, but I'm going to go with it.

I'm not sure if this is a meme or not, but I'm going to go with it.

I'm not sure if this is a meme or not, but I'm going to go with it.

I'm not sure if this is a meme or not, but I'm going to go with it.

I'm not sure if this is a meme or not, but I'm going to go with it.

I'm not sure if this is a meme or not, but I'm going to go with it.

I'm not sure if t"
TE-215.jpg,UNIVERSAL_HUMAN,"[0,0,0,0,1,0,0]",[PARSE_FAIL],"The meme is a humorous comparison of a person's best effort (100%) versus someone else's best effort (100%), which is a small fraction of the other person's capability. The meme implies a potential for loss of motivation or hopelessness, as the character's ""100% effort"" yields a poor result, which can be discouraging.

The meme is a humorous comparison of a person's best effort (100%) versus someone else's best effort (100%), which is a small fraction of the other person's capability. The meme i"
TE-216.jpg,UNIVERSAL_HUMAN,"[1,0,0,1,0,0,0]",[PARSE_FAIL],"I'm not sure if this is the right place to post this, but I'm not sure where else to go.

I'm a 17 year old girl who has been struggling with depression and anxiety for a while now. I've been on medication for a while now, but I've been having a lot of trouble with my depression and anxiety lately. I've been having a lot of trouble with my depression and anxiety lately. I've been having a lot of trouble with my depression and anxiety lately. I've been having a lot of trouble with my depression a"
TE-217.jpg,UNIVERSAL_HUMAN,"[0,0,0,0,0,1,0]",[PARSE_FAIL],"I'm not sure if this is the right place to post this, but I'm looking for a therapist in the Los Angeles area. I'm not sure if I'm looking for a therapist or a psychiatrist, but I'm looking for someone who can help me with my anxiety and depression. I'm not sure if I'm looking for a therapist or a psychiatrist, but I'm looking for someone who can help me with my anxiety and depression. I'm not sure if I'm looking for a therapist or a psychiatrist, but I'm looking for someone who can help me with"
TE-218.jpg,UNIVERSAL_HUMAN,"[0,0,0,0,0,0,0]",[PARSE_FAIL],"The meme is a photograph of a woman wearing a jacket with the text ""ज़्यादा"" (jyaada) on the back. The text translates to ""more"" in English. The woman is standing with her hands on her hips, looking down at the ground. The woman is wearing a black jacket, black pants, and black shoes. The jacket is open, revealing a black shirt underneath. The woman is wearing a black scarf around her neck. The woman is standing in a field of grass. The sky is blue and the sun is shining.

The meme is a photogra"
TE-220.jpg,UNIVERSAL_HUMAN,"[1,0,0,0,0,0,0]",[PARSE_FAIL],I'm not sure if this is a mood scale or not. I'm not sure if it's supposed to be a mood scale or not. I'm not sure if it's supposed to be a mood scale or not. I'm not sure if it's supposed to be a mood scale or not. I'm not sure if it's supposed to be a mood scale or not. I'm not sure if it's supposed to be a mood scale or not. I'm not sure if it's supposed to be a mood scale or not. I'm not sure if it's supposed to be a mood scale or not. I'm not sure if it's supposed to be a mood scale or not.
TE-221.jpg,UNIVERSAL_HUMAN,"[0,0,0,0,1,0,0]","[1,1,1,1,1,1,1]","1. Feeling Down: YES
2. Lack of Interest: YES
3. Self-Harm: YES
4. Eating Disorder: YES
5. Low Self-Esteem: YES
6. Concentration Problem: YES
7. Sleeping Disorder: YES

1. Feeling Down: YES
2. Lack of Interest: YES
3. Self-Harm: YES
4. Eating Disorder: YES
5. Low Self-Esteem: YES
6. Concentration Problem: YES
7. Sleeping Disorder: YES

1. Feeling Down: YES
2. Lack of Interest: YES
3. Self-Harm: YES
4. Eating Disorder: YES
5. Low Self-Esteem: YES
6. Concentration Problem: YES
7. Sleeping Disorder"
TE-223.jpg,UNIVERSAL_HUMAN,"[0,0,0,0,0,0,0]",[PARSE_FAIL],The meme is a screenshot of a YouTube video player showing a blurry figure running in a room with a mirror. The meme is a low-quality screenshot of a YouTube video player showing a blurry figure running in a room with a mirror. The meme is a low-quality screenshot of a YouTube video player showing a blurry figure running in a room with a mirror. The meme is a low-quality screenshot of a YouTube video player showing a blurry figure running in a room with a mirror. The meme is a low-quality screen
TE-225.jpg,UNIVERSAL_HUMAN,"[1,0,0,0,0,0,0]",[PARSE_FAIL],"I'm not sure if this is the right place to post this, but I'm looking for a good therapist in the Los Angeles area. I'm not sure if I'm depressed or not, but I'm having a hard time dealing with my emotions. I'm not sure if I'm depressed or not, but I'm having a hard time dealing with my emotions. I'm not sure if I'm depressed or not, but I'm having a hard time dealing with my emotions. I'm not sure if I'm depressed or not, but I'm having a hard time dealing with my emotions. I'm not sure if I'm "
TE-227.jpg,UNIVERSAL_HUMAN,"[0,0,0,0,1,0,0]",[PARSE_FAIL],"I'm not sure if this is the right place to post this, but I'm looking for a meme that I saw on Twitter. It was a picture of a kidnapper holding a gun to a kid's head and the kid was saying ""I'm sorry, I'm a 20-year-old kidnapper."" I'm not sure if it's a meme or a joke, but I've been looking for it for a while and I can't find it anywhere.

I'm not sure if this is the right place to post this, but I'm looking for a meme that I saw on Twitter. It was a picture of a kidnapper holding a gun to a kid"
TE-228.jpg,UNIVERSAL_HUMAN,"[1,0,0,0,1,0,0]","[1,1,1,1,1,1,1]","1. Feeling Down: YES
2. Lack of Interest: YES
3. Self-Harm: YES
4. Eating Disorder: YES
5. Low Self-Esteem: YES
6. Concentration Problem: YES
7. Sleeping Disorder: YES

1. Feeling Down: YES
2. Lack of Interest: YES
3. Self-Harm: YES
4. Eating Disorder: YES
5. Low Self-Esteem: YES
6. Concentration Problem: YES
7. Sleeping Disorder: YES

1. Feeling Down: YES
2. Lack of Interest: YES
3. Self-Harm: YES
4. Eating Disorder: YES
5. Low Self-Esteem: YES
6. Concentration Problem: YES
7. Sleeping Disorder"
TE-229.jpg,UNIVERSAL_HUMAN,"[1,0,0,0,0,0,0]",[PARSE_FAIL],"I'm not sure if this is the right place to post this, but I'm not sure where else to post it.

I'm a 20 year old male, and I've been having a lot of problems with my mental health. I've been having a lot of suicidal thoughts, and I've been having a lot of problems with my concentration. I've been having a lot of problems with my sleeping, and I've been having a lot of problems with my eating. I've been having a lot of problems with my self-esteem, and I've been having a lot of problems with my s"
TE-23.jpg,UNIVERSAL_HUMAN,"[1,0,0,0,1,0,0]",[PARSE_FAIL],"I'm not sure if this is a meme or not.

I'm not sure if this is a meme or not.

I'm not sure if this is a meme or not.

I'm not sure if this is a meme or not.

I'm not sure if this is a meme or not.

I'm not sure if this is a meme or not.

I'm not sure if this is a meme or not.

I'm not sure if this is a meme or not.

I'm not sure if this is a meme or not.

I'm not sure if this is a meme or not.

I'm not sure if this is a meme or not.

I'm not sure if this is a meme or not.

I'm not sure if this"
TE-230.jpg,UNIVERSAL_HUMAN,"[1,0,1,0,0,0,0]",[PARSE_FAIL],"I'm not sure if this is a meme or not, but I'm going to go with yes.

I'm not sure if this is a meme or not, but I'm going to go with yes.

I'm not sure if this is a meme or not, but I'm going to go with yes.

I'm not sure if this is a meme or not, but I'm going to go with yes.

I'm not sure if this is a meme or not, but I'm going to go with yes.

I'm not sure if this is a meme or not, but I'm going to go with yes.

I'm not sure if this is a meme or not, but I'm going to go with yes.

I'm not su"
TE-231.jpg,UNIVERSAL_HUMAN,"[0,1,0,0,0,0,0]",[PARSE_FAIL],"I'm not sure if this is the right place to post this, but I'm not sure where else to post it.

I'm a 17 year old girl who has been struggling with depression and anxiety for a while now. I've been on medication for a while now, but I'm not sure if it's working. I've been having suicidal thoughts for a while now, and I've been trying to get help, but I'm not sure if I'm doing the right thing. I've been trying to get help, but I'm not sure if I'm doing the right thing. I've been trying to get help"
TE-233.jpg,UNIVERSAL_HUMAN,"[0,0,0,0,0,0,0]","[1,1,1,1,1,1,1]","1. Feeling Down: YES
2. Lack of Interest: YES
3. Self-Harm: YES
4. Eating Disorder: YES
5. Low Self-Esteem: YES
6. Concentration Problem: YES
7. Sleeping Disorder: YES

1. Feeling Down: YES
2. Lack of Interest: YES
3. Self-Harm: YES
4. Eating Disorder: YES
5. Low Self-Esteem: YES
6. Concentration Problem: YES
7. Sleeping Disorder: YES

1. Feeling Down: YES
2. Lack of Interest: YES
3. Self-Harm: YES
4. Eating Disorder: YES
5. Low Self-Esteem: YES
6. Concentration Problem: YES
7. Sleeping Disorder"
TE-234.jpg,UNIVERSAL_HUMAN,"[0,0,0,0,0,0,0]",[PARSE_FAIL],"This meme is about the struggle of facing rejection or having no matches on dating apps.

The meme is about the struggle of facing rejection or having no matches on dating apps.

The meme is about the struggle of facing rejection or having no matches on dating apps.

The meme is about the struggle of facing rejection or having no matches on dating apps.

The meme is about the struggle of facing rejection or having no matches on dating apps.

The meme is about the struggle of facing rejection or "
TE-235.jpg,UNIVERSAL_HUMAN,"[0,0,0,0,0,0,0]",[PARSE_FAIL],"This meme is a sadpost or depression meme. It uses a dark, grainy aesthetic and Hindi text to express extreme distress. The text explicitly states ""मर जाना ही बेहतर है"" which translates to ""It is better to die,"" indicating clear suicidal ideation.

This meme is a sadpost or depression meme. It uses a dark, grainy aesthetic and Hindi text to express extreme distress. The text explicitly states ""मर जाना ही बेहतर है"" which translates to ""It is better to die,"" indicating clear suicidal ideation.

Th"
TE-237.jpg,UNIVERSAL_HUMAN,"[0,0,0,0,1,0,0]",[PARSE_FAIL],"I'm not sure if this is the right place to post this, but I'm looking for a way to make a meme that says ""I'm not a doctor, but I play one on the internet"" and have it be a picture of a doctor. I've tried searching for it, but I can't find anything.

I'm not sure if this is the right place to post this, but I'm looking for a way to make a meme that says ""I'm not a doctor, but I play one on the internet"" and have it be a picture of a doctor. I've tried searching for it, but I can't find anything."
TE-239.jpg,UNIVERSAL_HUMAN,"[0,0,0,0,1,0,0]",[PARSE_FAIL],"I'm not sure if this is the right place to post this, but I'm looking for a meme that expresses the feeling of being overwhelmed by the amount of work you have to do.

I'm not sure if this is the right place to post this, but I'm looking for a meme that expresses the feeling of being overwhelmed by the amount of work you have to do.

I'm not sure if this is the right place to post this, but I'm looking for a meme that expresses the feeling of being overwhelmed by the amount of work you have to d"
TE-24.jpg,UNIVERSAL_HUMAN,"[1,0,0,0,0,0,1]","[1,1,1,1,1,1,1]","1. Feeling Down: YES
2. Lack of Interest: YES
3. Self-Harm: YES
4. Eating Disorder: YES
5. Low Self-Esteem: YES
6. Concentration Problem: YES
7. Sleeping Disorder: YES

1. Feeling Down: YES
2. Lack of Interest: YES
3. Self-Harm: YES
4. Eating Disorder: YES
5. Low Self-Esteem: YES
6. Concentration Problem: YES
7. Sleeping Disorder: YES

1. Feeling Down: YES
2. Lack of Interest: YES
3. Self-Harm: YES
4. Eating Disorder: YES
5. Low Self-Esteem: YES
6. Concentration Problem: YES
7. Sleeping Disorder"
TE-240.jpg,UNIVERSAL_HUMAN,"[0,1,0,1,0,0,0]",[PARSE_FAIL],"I'm not sure if this is a good idea, but I'm going to try it anyway.

I'm going to try to make a meme that's based on the idea of ""feeling down"" and ""lack of interest"" and ""self-harm"" and ""eating disorder"" and ""low self-esteem"" and ""concentration problem"" and ""sleeping disorder.""

I'm going to try to make a meme that's based on the idea of ""feeling down"" and ""lack of interest"" and ""self-harm"" and ""eating disorder"" and ""low self-esteem"" and ""concentration problem"" and ""sleeping disorder.""

I'm go"
TE-241.jpg,UNIVERSAL_HUMAN,"[1,0,0,0,1,0,0]",[PARSE_FAIL],"I'm not sure if this is a good idea.


I'm not sure if this is a good idea.


I'm not sure if this is a good idea.


I'm not sure if this is a good idea.


I'm not sure if this is a good idea.


I'm not sure if this is a good idea.


I'm not sure if this is a good idea.


I'm not sure if this is a good idea.


I'm not sure if this is a good idea.


I'm not sure if this is a good idea.


I'm not sure if this is a good idea.


I'm not sure if this is a good idea.


I'm not sure if this is a good i"
TE-242.jpg,UNIVERSAL_HUMAN,"[1,0,0,0,0,0,0]","[1,1,1,1,1,1,1]","1. Feeling Down: YES
2. Lack of Interest: YES
3. Self-Harm: YES
4. Eating Disorder: YES
5. Low Self-Esteem: YES
6. Concentration Problem: YES
7. Sleeping Disorder: YES

3. MOTIVATION/INTEREST: The text describes getting ""cut off from the world"" while at a party,
Based on the image and this description, does the meme express any of the following mental health symptoms?
For each symptom, answer YES or NO.
1. Feeling Down (persistent sadness, hopelessness, emptiness)
2. Lack of Interest (loss of mo"
TE-243.jpg,UNIVERSAL_HUMAN,"[1,0,0,0,0,0,0]",[PARSE_FAIL],"I'm not sure if this is a good idea.


I'm not sure if this is a good idea.


I'm not sure if this is a good idea.


I'm not sure if this is a good idea.


I'm not sure if this is a good idea.


I'm not sure if this is a good idea.


I'm not sure if this is a good idea.


I'm not sure if this is a good idea.


I'm not sure if this is a good idea.


I'm not sure if this is a good idea.


I'm not sure if this is a good idea.


I'm not sure if this is a good idea.


I'm not sure if this is a good i"
TE-245.jpg,UNIVERSAL_HUMAN,"[0,0,1,0,0,0,1]","[0,0,0,0,0,0,0]","**ANSWER:** The meme does not express any of the following mental health symptoms:
Feeling Down: NO
Lack of Interest: NO
Self-Harm: NO
Eating Disorder: NO
Low Self-Esteem: NO
Concentration Problem: NO
Sleeping Disorder: NO

**ANSWER:** The meme does not express any of the following mental health symptoms:
Feeling Down: NO
Lack of Interest: NO
Self-Harm: NO
Eating Disorder: NO
Low Self-Esteem: NO
Concentration Problem: NO
Sleeping Disorder: NO

**ANSWER:** The meme does not express any of the fol"
TE-246.jpg,UNIVERSAL_HUMAN,"[0,0,0,0,0,0,0]",[PARSE_FAIL],"I'm not sure if this is the right place to post this, but I'm not sure where else to go. I'm a 17 year old girl and I've been feeling down for a while now. I've been feeling like I'm not good enough for a while now. I've been feeling like I'm not good enough for a while now. I've been feeling like I'm not good enough for a while now. I've been feeling like I'm not good enough for a while now. I've been feeling like I'm not good enough for a while now. I've been feeling like I'm not good enough f"
TE-247.jpg,UNIVERSAL_HUMAN,"[0,0,0,1,0,0,0]",[PARSE_FAIL],"I'm not sure if this is the right place to post this, but I'm looking for a way to make a meme that is similar to the one below. I'm not sure how to do it, but I'm hoping someone can help me.

I'm not sure if this is the right place to post this, but I'm looking for a way to make a meme that is similar to the one below. I'm not sure how to do it, but I'm hoping someone can help me.

I'm not sure if this is the right place to post this, but I'm looking for a way to make a meme that is similar to "
TE-248.jpg,UNIVERSAL_HUMAN,"[0,0,0,0,0,1,0]",[PARSE_FAIL],"I am a 20-year-old college student. I have been struggling with depression and anxiety for a while now. I have been on medication for a while now, but I am still struggling. I have been trying to get help from my school, but they have been giving me the run around. I am not sure what to do. I am scared.

I am a 20-year-old college student. I have been struggling with depression and anxiety for a while now. I have been on medication for a while now, but I am still struggling. I have been trying t"
TE-25.jpg,UNIVERSAL_HUMAN,"[1,0,0,0,0,0,0]",[PARSE_FAIL],"I'm not sure if this is the right place to post this, but I'm looking for a meme that expresses the feeling of being overwhelmed by the amount of work you have to do.

I'm not sure if this is the right place to post this, but I'm looking for a meme that expresses the feeling of being overwhelmed by the amount of work you have to do.

I'm not sure if this is the right place to post this, but I'm looking for a meme that expresses the feeling of being overwhelmed by the amount of work you have to d"
TE-253.jpg,UNIVERSAL_HUMAN,"[0,0,0,1,1,0,0]",[PARSE_FAIL],"I'm not sure if this is the right place to post this, but I'm not sure where else to go.

I'm a 20 year old male and I've been having a lot of problems with my mental health. I've been having a lot of suicidal thoughts and I've been having a lot of problems with my self-esteem. I've been having a lot of problems with my eating disorder and I've been having a lot of problems with my sleeping disorder. I've been having a lot of problems with my concentration and I've been having a lot of problems "
TE-254.jpg,UNIVERSAL_HUMAN,"[0,0,0,0,0,0,0]",[PARSE_FAIL],"I'm not sure if this is the right place to post this, but I'm looking for a way to make a meme that says ""I'm not a robot"" and then has a button that says ""I'm not a robot"" and then when you click it, it says ""I'm not a robot"" and then when you click it again, it says ""I'm not a robot"" and then when you click it again, it says ""I'm not a robot"" and then when you click it again, it says ""I'm not a robot"" and then when you click it again, it says ""I'm not a robot"" and then when you click it again,"
TE-257.jpg,UNIVERSAL_HUMAN,"[0,0,0,0,0,0,0]",[PARSE_FAIL],"The meme is a picture of a man sitting on a chair with his legs crossed. He is wearing a red shirt and a black jacket. He is looking at the camera with a serious expression.

The meme is a picture of a man sitting on a chair with his legs crossed. He is wearing a red shirt and a black jacket. He is looking at the camera with a serious expression.

The meme is a picture of a man sitting on a chair with his legs crossed. He is wearing a red shirt and a black jacket. He is looking at the camera wit"
TE-258.jpg,UNIVERSAL_HUMAN,"[0,0,0,0,0,0,1]","[1,1,1,1,1,1,1]","1. Feeling Down: YES
2. Lack of Interest: YES
3. Self-Harm: YES
4. Eating Disorder: YES
5. Low Self-Esteem: YES
6. Concentration Problem: YES
7. Sleeping Disorder: YES

1. Feeling Down: YES
2. Lack of Interest: YES
3. Self-Harm: YES
4. Eating Disorder: YES
5. Low Self-Esteem: YES
6. Concentration Problem: YES
7. Sleeping Disorder: YES

1. Feeling Down: YES
2. Lack of Interest: YES
3. Self-Harm: YES
4. Eating Disorder: YES
5. Low Self-Esteem: YES
6. Concentration Problem: YES
7. Sleeping Disorder"
TE-260.jpg,UNIVERSAL_HUMAN,"[0,0,0,0,1,0,0]",[PARSE_FAIL],"I'm not sure if this is the right place to post this, but I'm not sure where else to go.

I'm a 20 year old male who has been struggling with depression and anxiety for a while now. I've been on medication for a while now, but I've been having a lot of trouble with my anxiety lately. I've been having a lot of trouble with my anxiety lately. I've been having a lot of trouble with my anxiety lately. I've been having a lot of trouble with my anxiety lately. I've been having a lot of trouble with my"
TE-261.jpg,UNIVERSAL_HUMAN,"[1,1,0,0,1,1,0]",[PARSE_FAIL],"2.  **FEARS/CONCERNS:** The image explicitly labels fears of ""being judged"" (जुड़ा) and ""being alone"" (अलग होना).
Based on the image and this description, does the meme express any of the following fears or concerns?
For each fear, answer YES or NO.
1. Fear of Being Judged (feeling that others are judging you)
2. Fear of Being Alone (feeling that you are alone)
3. Fear of Being Rejected (feeling that others will reject you)
4. Fear of Being Abandoned (feeling that others will abandon you)
5. Fea"
TE-262.jpg,UNIVERSAL_HUMAN,"[0,0,0,0,0,1,0]",[PARSE_FAIL],"This meme is a good example of how mental health symptoms can be expressed in a single image. The figure clutching their head visually expresses anguish or distress. The text translates to ""My mind is getting messed up,"" indicating mental turmoil.

This meme is a good example of how mental health symptoms can be expressed in a single image. The figure clutching their head visually expresses anguish or distress. The text translates to ""My mind is getting messed up,"" indicating mental turmoil.

Th"
TE-264.jpg,UNIVERSAL_HUMAN,"[0,0,0,0,0,0,0]",[PARSE_FAIL],"This meme is a screenshot of a text conversation, likely used as a meme to depict a brutal or unexpected rejection.

The sender's statement of feeling pity implies the receiver is in a lowly or unfortunate position, which could reflect on the receiver's sense of self-worth.

The sender's statement of feeling pity implies the receiver is in a lowly or unfortunate position, which could reflect on the receiver's sense of self-worth.

The sender's statement of feeling pity implies the receiver is in"
TE-265.jpg,UNIVERSAL_HUMAN,"[0,0,0,0,1,0,0]",[PARSE_FAIL],"I'm not sure if this is a mental health meme or not.


I'm not sure if this is a mental health meme or not.


I'm not sure if this is a mental health meme or not.


I'm not sure if this is a mental health meme or not.


I'm not sure if this is a mental health meme or not.


I'm not sure if this is a mental health meme or not.


I'm not sure if this is a mental health meme or not.


I'm not sure if this is a mental health meme or not.


I'm not sure if this is a mental health meme or not.


I'm n"
TE-266.jpg,UNIVERSAL_HUMAN,"[0,0,0,0,1,0,0]",[PARSE_FAIL],"I'm not sure if this is the right place to post this, but I'm looking for a meme that depicts a person who is feeling down and has low self-esteem.

I'm not sure if this is the right place to post this, but I'm looking for a meme that depicts a person who is feeling down and has low self-esteem.

I'm not sure if this is the right place to post this, but I'm looking for a meme that depicts a person who is feeling down and has low self-esteem.

I'm not sure if this is the right place to post this,"
TE-267.jpg,UNIVERSAL_HUMAN,"[0,1,0,0,0,0,0]",[PARSE_FAIL],"I'm not sure if this is the right place to post this, but I'm looking for a meme that I saw on Twitter. It was a picture of a girl with a pink background and she was wearing a pink shirt with a pink heart on it. She had a pink bow in her hair and she was holding a pink heart in her hand. The caption said ""I'm not a princess, I'm a queen."" I'm not sure if this is the right place to post this, but I'm looking for a meme that I saw on Twitter. It was a picture of a girl with a pink background and s"
TE-269.jpg,UNIVERSAL_HUMAN,"[1,0,1,0,0,0,0]",[PARSE_FAIL],"I'm not sure if this is the right place to post this, but I'm not sure where else to post it.

I'm a 20 year old male who has been struggling with depression and anxiety for the past 3 years. I've been on medication for the past 2 years, and I've been doing better, but I'm still not 100% better. I've been trying to get better, but I'm still struggling. I've been trying to get better, but I'm still struggling. I've been trying to get better, but I'm still struggling. I've been trying to get bette"
TE-27.jpg,UNIVERSAL_HUMAN,"[1,0,0,0,0,0,0]",[PARSE_FAIL],"I'm not sure if this is a mental health meme or not.

I'm not sure if this is a mental health meme or not.

I'm not sure if this is a mental health meme or not.

I'm not sure if this is a mental health meme or not.

I'm not sure if this is a mental health meme or not.

I'm not sure if this is a mental health meme or not.

I'm not sure if this is a mental health meme or not.

I'm not sure if this is a mental health meme or not.

I'm not sure if this is a mental health meme or not.

I'm not sure i"
TE-270.jpg,UNIVERSAL_HUMAN,"[0,0,0,0,0,1,0]",[PARSE_FAIL],"The meme is a still image from the TV drama ""Fear Files"" (2015). The image is of a woman who is distressed and worried. The text expresses anxiety and a feeling of mental instability.

The meme is a still image from the TV drama ""Fear Files"" (2015). The image is of a woman who is distressed and worried. The text expresses anxiety and a feeling of mental instability.

The meme is a still image from the TV drama ""Fear Files"" (2015). The image is of a woman who is distressed and worried. The text e"
TE-271.jpg,UNIVERSAL_HUMAN,"[0,0,1,0,0,0,0]",[PARSE_FAIL],"I'm not sure if this is a meme or not, but I'm going to go with yes.

I'm not sure if this is a meme or not, but I'm going to go with yes.

I'm not sure if this is a meme or not, but I'm going to go with yes.

I'm not sure if this is a meme or not, but I'm going to go with yes.

I'm not sure if this is a meme or not, but I'm going to go with yes.

I'm not sure if this is a meme or not, but I'm going to go with yes.

I'm not sure if this is a meme or not, but I'm going to go with yes.

I'm not su"
TE-272.jpg,UNIVERSAL_HUMAN,"[0,0,0,0,0,0,1]","[1,1,1,1,1,1,1]","1. Feeling Down: YES
2. Lack of Interest: YES
3. Self-Harm: YES
4. Eating Disorder: YES
5. Low Self-Esteem: YES
6. Concentration Problem: YES
7. Sleeping Disorder: YES

1. Feeling Down: YES
2. Lack of Interest: YES
3. Self-Harm: YES
4. Eating Disorder: YES
5. Low Self-Esteem: YES
6. Concentration Problem: YES
7. Sleeping Disorder: YES

1. Feeling Down: YES
2. Lack of Interest: YES
3. Self-Harm: YES
4. Eating Disorder: YES
5. Low Self-Esteem: YES
6. Concentration Problem: YES
7. Sleeping Disorder"
TE-274.jpg,UNIVERSAL_HUMAN,"[0,0,0,0,0,0,0]",[PARSE_FAIL],"The meme is a minimalist text meme using a dark background to convey a nihilistic or depressive sentiment, typical of ""doomer"" internet humor.

The meme is a minimalist text meme using a dark background to convey a nihilistic or depressive sentiment, typical of ""doomer"" internet humor.

The meme is a minimalist text meme using a dark background to convey a nihilistic or depressive sentiment, typical of ""doomer"" internet humor.

The meme is a minimalist text meme using a dark background to convey"
TE-277.jpg,UNIVERSAL_HUMAN,"[0,0,0,1,0,0,0]",[PARSE_FAIL],"The meme is a stock photo of a man sitting at a desk, with a laptop open in front of him. The text is in a speech bubble above his head. The text reads: ""I wish I had a partner who would support me in my relationship with food and body image.""

The meme is a stock photo of a man sitting at a desk, with a laptop open in front of him. The text is in a speech bubble above his head. The text reads: ""I wish I had a partner who would support me in my relationship with food and body image.""

The meme i"
TE-278.jpg,UNIVERSAL_HUMAN,"[1,0,0,0,0,1,0]",[PARSE_FAIL],I’m not sure if this is a mental health meme or not. I’m not sure if it’s a meme at all. I’m not sure if it’s a joke. I’m not sure if it’s a parody. I’m not sure if it’s a satire. I’m not sure if it’s a spoof. I’m not sure if it’s a parody. I’m not sure if it’s a joke. I’m not sure if it’s a satire. I’m not sure if it’s a spoof. I’m not sure if it’s a parody. I’m not sure if it’s a joke. I’m not sure if it’s a satire. I’m not sure if it’s a spoof. I’m not sure if it’s a parody. I’m not sure if i
TE-28.jpg,UNIVERSAL_HUMAN,"[0,0,0,0,0,0,0]",[PARSE_FAIL],"I'm not sure if this is the right place to post this, but I'm not sure where else to post it.

I'm a 20 year old male, and I've been having a lot of problems with my mental health. I've been having a lot of suicidal thoughts, and I've been having a lot of problems with my eating disorder. I've been having a lot of problems with my sleeping disorder, and I've been having a lot of problems with my concentration problems. I've been having a lot of problems with my self-harm, and I've been having a "
TE-280.jpg,UNIVERSAL_HUMAN,"[0,0,0,0,0,0,0]",[PARSE_FAIL],"This meme is a minimalist image macro with Hindi text, likely shared on social media to express a poignant thought about death and sadness.

The text explicitly mentions the emotion of ""sorrow"" or ""grief"" (ग़म), and expresses a desire not to die while feeling sorrow.

The text mentions ""leaving the world"" (दुनिया छोड़ना), a reference to death, and expresses a desire not to die while feeling sorrow.

The text mentions ""leaving the world"" (दुनिया छोड़ना), a reference to death, and expresses a desi"
TE-281.jpg,UNIVERSAL_HUMAN,"[1,0,0,0,1,0,0]",[PARSE_FAIL],"I'm not sure if this is the right place to post this, but I'm not sure where else to post it.

I'm a 20 year old college student who has been struggling with depression and anxiety for the past 3 years. I've been on medication for the past 2 years, and I've been doing pretty well. I've been able to keep up with my school work, and I've been able to maintain a social life.

However, I've been having a lot of trouble with my concentration. I've been having a lot of trouble focusing on my school wo"
TE-282.jpg,UNIVERSAL_HUMAN,"[1,1,0,0,0,0,0]",[PARSE_FAIL],"I'm not sure if this is a meme or not, but I'm going to go with it.

I'm not sure if this is a meme or not, but I'm going to go with it.

I'm not sure if this is a meme or not, but I'm going to go with it.

I'm not sure if this is a meme or not, but I'm going to go with it.

I'm not sure if this is a meme or not, but I'm going to go with it.

I'm not sure if this is a meme or not, but I'm going to go with it.

I'm not sure if this is a meme or not, but I'm going to go with it.

I'm not sure if t"
TE-283.jpg,UNIVERSAL_HUMAN,"[0,0,0,0,0,0,1]",[PARSE_FAIL],"I'm not sure if this is the right place to post this, but I'm looking for a way to make a meme that says ""I'm not a doctor, but I play one on the internet."" I've seen it on the internet, but I can't find it anywhere.

I'm not sure if this is the right place to post this, but I'm looking for a way to make a meme that says ""I'm not a doctor, but I play one on the internet."" I've seen it on the internet, but I can't find it anywhere.

I'm not sure if this is the right place to post this, but I'm lo"
TE-284.jpg,UNIVERSAL_HUMAN,"[0,0,0,0,0,0,1]",[PARSE_FAIL],"I'm not sure if this is the right place to post this, but I'm looking for a way to make a meme that shows a person sleeping with a neutral expression. I'm not sure if this is the right place to post this, but I'm looking for a way to make a meme that shows a person sleeping with a neutral expression. I'm not sure if this is the right place to post this, but I'm looking for a way to make a meme that shows a person sleeping with a neutral expression. I'm not sure if this is the right place to post"
TE-286.jpg,UNIVERSAL_HUMAN,"[0,0,0,0,1,0,0]",[PARSE_FAIL],"This meme is a sad meme format using a somber image and Hindi text to express feelings of hopelessness and the struggle with mental health.

The text expresses hopelessness and despair, stating that attempts to improve things only make them worse. The visual shows a person in a somber, contemplative pose.

The text indicates a desire to ""get better,"" but this motivation is met with failure, suggesting a sense of futility.

The text implies a feeling of personal failure or inability to improve on"
TE-288.jpg,UNIVERSAL_HUMAN,"[0,0,0,0,0,0,0]",[PARSE_FAIL],"The meme is a picture of two people with their arms around each other. The text is in all caps and reads:

TANGLING WITH TENSION

The meme is a picture of two people with their arms around each other. The text is in all caps and reads:

TANGLING WITH TENSION

The meme is a picture of two people with their arms around each other. The text is in all caps and reads:

TANGLING WITH TENSION

The meme is a picture of two people with their arms around each other. The text is in all caps and reads:

TAN"
TE-289.jpg,UNIVERSAL_HUMAN,"[0,0,0,0,1,0,0]",[PARSE_FAIL],"I'm not sure if this is a meme or not.


I'm not sure if this is a meme or not.


I'm not sure if this is a meme or not.


I'm not sure if this is a meme or not.


I'm not sure if this is a meme or not.


I'm not sure if this is a meme or not.


I'm not sure if this is a meme or not.


I'm not sure if this is a meme or not.


I'm not sure if this is a meme or not.


I'm not sure if this is a meme or not.


I'm not sure if this is a meme or not.


I'm not sure if this is a meme or not.


I'm not "
TE-29.jpg,UNIVERSAL_HUMAN,"[1,0,0,0,1,0,0]",[PARSE_FAIL],"I'm not sure if this is the right place to post this, but I'm not sure where else to go. I'm a 20 year old male and I've been having a lot of suicidal thoughts lately. I've been feeling depressed for a while now, but I've never had suicidal thoughts before. I've been trying to get help, but I'm not sure what to do. I've been trying to talk to my parents about it, but they don't seem to understand. I'm not sure what to do. I'm scared.

I'm not sure if this is the right place to post this, but I'm"
TE-290.jpg,UNIVERSAL_HUMAN,"[1,0,1,0,0,0,0]",[PARSE_FAIL],"I'm not sure if this is the right place to post this, but I'm not sure where else to post it.

I'm a 20 year old college student who has been struggling with depression and anxiety for a while now. I've been on medication for a while now, and it's helped a lot, but I'm still struggling. I've been trying to get help from my school's counseling center, but they've been really slow to respond. I've been trying to get help from my parents, but they're not really helping. I've been trying to get help"
TE-292.jpg,UNIVERSAL_HUMAN,"[0,1,0,0,0,1,0]",[PARSE_FAIL],"I'm not sure if this is the right place to post this, but I'm looking for a meme that I saw on Twitter. It was a picture of a woman with a caption that said ""I'm not a fan of the word 'feminist' but I'm a fan of feminism."" I'm not sure if it's a meme or just a picture, but I've been looking for it for a while now and I can't find it anywhere. Does anyone know where I can find it?

I'm not sure if this is the right place to post this, but I'm looking for a meme that I saw on Twitter. It was a pic"
TE-293.jpg,UNIVERSAL_HUMAN,"[0,0,0,0,0,1,0]",[PARSE_FAIL],"I'm not sure if this is the right place to post this, but I'm looking for a meme that expresses the feeling of being overwhelmed by the amount of work you have to do.

I'm not sure if this is the right place to post this, but I'm looking for a meme that expresses the feeling of being overwhelmed by the amount of work you have to do.

I'm not sure if this is the right place to post this, but I'm looking for a meme that expresses the feeling of being overwhelmed by the amount of work you have to d"
TE-295.jpg,UNIVERSAL_HUMAN,"[1,0,0,0,1,0,1]",[PARSE_FAIL],"The meme is a variation of the popular ""Are ya winning, son?"" meme format, altered with Hindi text to depict a depressive state.

The meme is a variation of the popular ""Are ya winning, son?"" meme format, altered with Hindi text to depict a depressive state.

The meme is a variation of the popular ""Are ya winning, son?"" meme format, altered with Hindi text to depict a depressive state.

The meme is a variation of the popular ""Are ya winning, son?"" meme format, altered with Hindi text to depict a"
TE-297.jpg,UNIVERSAL_HUMAN,"[0,0,0,0,1,0,0]",[PARSE_FAIL],"I'm not sure if this is a meme or not, but I'm going to go with yes.

I'm not sure if this is a meme or not, but I'm going to go with yes.

I'm not sure if this is a meme or not, but I'm going to go with yes.

I'm not sure if this is a meme or not, but I'm going to go with yes.

I'm not sure if this is a meme or not, but I'm going to go with yes.

I'm not sure if this is a meme or not, but I'm going to go with yes.

I'm not sure if this is a meme or not, but I'm going to go with yes.

I'm not su"
TE-298.jpg,UNIVERSAL_HUMAN,"[0,0,0,0,0,0,1]",[PARSE_FAIL],"2. MOOD/EMOTIONAL STATE: The character's expression is sad and dejected, and they are sitting hunched in a corner, indicating low mood or weariness
Based on the image and this description, does the meme express any of the following mental health symptoms?
For each symptom, answer YES or NO.
1. Feeling Down (persistent sadness, hopelessness, emptiness)
2. Lack of Interest (loss of motivation, inability to enjoy things)
3. Self-Harm (references to harming oneself, suicidal thoughts)
4. Eating Diso"
TE-3.jpg,UNIVERSAL_HUMAN,"[0,0,0,0,0,0,0]",[PARSE_FAIL],"I'm not sure if this is the right place to post this, but I'm looking for a meme that depicts a person who is struggling with anxiety and depression. I've seen a few memes that depict a person who is struggling with anxiety, but I'm looking for one that also depicts depression. I've seen a few memes that depict a person who is struggling with both anxiety and depression, but I'm looking for one that also depicts a person who is struggling with both anxiety and depression. I've seen a few memes t"
TE-300.jpg,UNIVERSAL_HUMAN,"[1,0,0,0,0,0,0]",[PARSE_FAIL],"I'm not sure if this is the right place to post this, but I'm not sure where else to go.

I'm a 20 year old male who has been struggling with depression and anxiety for a while now. I've been on medication for a while now, and it's helped a lot, but I'm still struggling. I've been trying to get help from my doctor, but I'm not sure if I'm doing the right thing. I'm not sure if I should be on medication for the rest of my life, or if I should try to get off of it. I'm not sure if I should be on m"
TE-301.jpg,UNIVERSAL_HUMAN,"[0,0,1,0,0,0,0]",[PARSE_FAIL],This meme is based on the following image:
TE-302.jpg,UNIVERSAL_HUMAN,"[0,0,0,0,0,0,0]",[PARSE_FAIL],"The meme is a poem by the Indian poet and writer, Ajit Kumar Chakraborty. The poem is titled ""Aajkal"" (meaning ""Yesterday""). The poem is about a man who is in a state of depression and hopelessness. The man feels like he has died a long time ago, and he is just going through the motions of life. The poem is a powerful and moving piece of literature.

The poem is a great example of how poetry can be used to express and convey emotions. It is also a great example of how poetry can be used to help "
TE-304.jpg,UNIVERSAL_HUMAN,"[0,0,0,0,0,0,0]",[PARSE_FAIL],"I'm not sure if this is the right place to post this, but I'm looking for a meme that expresses the feeling of being overwhelmed by the world.

I'm not sure if this is the right place to post this, but I'm looking for a meme that expresses the feeling of being overwhelmed by the world.

I'm not sure if this is the right place to post this, but I'm looking for a meme that expresses the feeling of being overwhelmed by the world.

I'm not sure if this is the right place to post this, but I'm lookin"
TE-305.jpg,UNIVERSAL_HUMAN,"[1,0,0,0,1,0,0]",[PARSE_FAIL],"I'm not sure if this is the right place to post this, but I'm looking for a way to make a meme that says ""I'm not a doctor, but I play one on the internet"" and have it be a picture of a doctor. I've tried searching for it, but I can't find anything.

I'm not sure if this is the right place to post this, but I'm looking for a way to make a meme that says ""I'm not a doctor, but I play one on the internet"" and have it be a picture of a doctor. I've tried searching for it, but I can't find anything."
TE-307.jpg,UNIVERSAL_HUMAN,"[1,0,0,0,1,0,0]",[PARSE_FAIL],"I'm not sure if this is the right place to post this, but I'm not sure where else to post it.

I'm a 17 year old girl who has been struggling with depression and anxiety for a while now. I've been on medication for a while now, but I've been feeling worse lately. I've been having suicidal thoughts and I've been feeling like I want to die. I've been feeling like I don't want to live anymore. I've been feeling like I don't want to be alive anymore. I've been feeling like I don't want to be here an"
TE-31.jpg,UNIVERSAL_HUMAN,"[1,0,0,0,0,0,0]",[PARSE_FAIL],"I'm not sure if this is the right place to post this, but I'm not sure where else to go. I'm a 20 year old female and I've been having a lot of suicidal thoughts lately. I've been feeling down for a while now, but I've never had suicidal thoughts before. I've been feeling like I'm not good enough, and I've been feeling like I'm a burden to my family. I've been feeling like I'm not good enough for my boyfriend, and I've been feeling like I'm not good enough for my friends. I've been feeling like "
TE-310.jpg,UNIVERSAL_HUMAN,"[0,1,0,1,0,0,0]","[1,1,1,1,1,1,1]","1. Feeling Down: YES
2. Lack of Interest: YES
3. Self-Harm: YES
4. Eating Disorder: YES
5. Low Self-Esteem: YES
6. Concentration Problem: YES
7. Sleeping Disorder: YES

1. Feeling Down: YES
2. Lack of Interest: YES
3. Self-Harm: YES
4. Eating Disorder: YES
5. Low Self-Esteem: YES
6. Concentration Problem: YES
7. Sleeping Disorder: YES

1. Feeling Down: YES
2. Lack of Interest: YES
3. Self-Harm: YES
4. Eating Disorder: YES
5. Low Self-Esteem: YES
6. Concentration Problem: YES
7. Sleeping Disorder"
TE-312.jpg,UNIVERSAL_HUMAN,"[0,0,0,0,0,0,0]",[PARSE_FAIL],"I'm not sure if this is a meme or not.


I'm not sure if this is a meme or not.


I'm not sure if this is a meme or not.


I'm not sure if this is a meme or not.


I'm not sure if this is a meme or not.


I'm not sure if this is a meme or not.


I'm not sure if this is a meme or not.


I'm not sure if this is a meme or not.


I'm not sure if this is a meme or not.


I'm not sure if this is a meme or not.


I'm not sure if this is a meme or not.


I'm not sure if this is a meme or not.


I'm not "
TE-314.jpg,UNIVERSAL_HUMAN,"[0,0,0,0,0,0,1]",[PARSE_FAIL],"I'm not sure if this is the right place to post this, but I'm not sure where else to post it.

I'm a 20 year old male who has been struggling with depression and anxiety for a while now. I've been on medication for a while now, but I've been having a lot of trouble with my medication. I've been on a lot of different medications, and I've been on a lot of different doses. I've been on a lot of different medications, and I've been on a lot of different doses. I've been on a lot of different medica"
TE-315.jpg,UNIVERSAL_HUMAN,"[0,0,0,0,0,0,0]",[PARSE_FAIL],"The image is a screenshot of a meme that depicts a person with depression. The text reads, ""Depression is a disease that makes you feel scared that you will have to live.""

The image is a screenshot of a meme that depicts a person with depression. The text reads, ""Depression is a disease that makes you feel scared that you will have to live.""

The image is a screenshot of a meme that depicts a person with depression. The text reads, ""Depression is a disease that makes you feel scared that you wi"
TE-317.jpg,UNIVERSAL_HUMAN,"[0,1,0,0,0,0,0]",[PARSE_FAIL],"I'm not sure if this is the right place to post this, but I'm looking for a good book to read. I'm not sure what genre I'm looking for, but I'm looking for something that's not too long. I'm not sure if this is the right place to post this, but I'm looking for a good book to read. I'm not sure what genre I'm looking for, but I'm looking for something that's not too long. I'm not sure if this is the right place to post this, but I'm looking for a good book to read. I'm not sure what genre I'm loo"
TE-318.jpg,UNIVERSAL_HUMAN,"[0,0,0,1,0,0,0]",[PARSE_FAIL],"I'm not sure if this is a pigeon or a sparrow.


I'm not sure if this is a pigeon or a sparrow.


I'm not sure if this is a pigeon or a sparrow.


I'm not sure if this is a pigeon or a sparrow.


I'm not sure if this is a pigeon or a sparrow.


I'm not sure if this is a pigeon or a sparrow.


I'm not sure if this is a pigeon or a sparrow.


I'm not sure if this is a pigeon or a sparrow.


I'm not sure if this is a pigeon or a sparrow.


I'm not sure if this is a pigeon or a sparrow.


I'm not su"
TE-319.jpg,UNIVERSAL_HUMAN,"[0,0,0,0,0,1,0]",[PARSE_FAIL],"The meme is a good representation of the symptoms of low motivation and overthinking.

The meme is a good representation of the symptoms of low motivation and overthinking.

The meme is a good representation of the symptoms of low motivation and overthinking.

The meme is a good representation of the symptoms of low motivation and overthinking.

The meme is a good representation of the symptoms of low motivation and overthinking.

The meme is a good representation of the symptoms of low motivati"
TE-320.jpg,UNIVERSAL_HUMAN,"[0,0,0,0,0,0,0]",[PARSE_FAIL],"I'm not sure if this is the right place to post this, but I'm not sure where else to go.

I'm a 20 year old male and I've been having a lot of trouble sleeping lately. I've been having trouble sleeping for a while now, but it's been getting worse lately. I've been having trouble sleeping for a while now, but it's been getting worse lately. I've been having trouble sleeping for a while now, but it's been getting worse lately. I've been having trouble sleeping for a while now, but it's been gettin"
TE-321.jpg,UNIVERSAL_HUMAN,"[1,0,1,0,1,0,0]",[PARSE_FAIL],I am a 20 year old student. I am a very good student. I have always been a topper. I have always been a good student. I have always been a good student. I have always been a good student. I have always been a good student. I have always been a good student. I have always been a good student. I have always been a good student. I have always been a good student. I have always been a good student. I have always been a good student. I have always been a good student. I have always been a good studen
TE-322.jpg,UNIVERSAL_HUMAN,"[0,0,1,0,0,0,0]",[PARSE_FAIL],"I'm not sure if this is the right place to post this, but I'm looking for a meme that expresses the feeling of being trapped in a cycle of self-harm. I've been looking for a while and I can't seem to find anything. I'm not sure if this is the right place to post this, but I'm looking for a meme that expresses the feeling of being trapped in a cycle of self-harm. I've been looking for a while and I can't seem to find anything.

I'm not sure if this is the right place to post this, but I'm looking"
TE-324.jpg,UNIVERSAL_HUMAN,"[1,0,1,0,0,0,0]",[PARSE_FAIL],"I'm not sure if this is a good idea.


I'm not sure if this is a good idea.


I'm not sure if this is a good idea.


I'm not sure if this is a good idea.


I'm not sure if this is a good idea.


I'm not sure if this is a good idea.


I'm not sure if this is a good idea.


I'm not sure if this is a good idea.


I'm not sure if this is a good idea.


I'm not sure if this is a good idea.


I'm not sure if this is a good idea.


I'm not sure if this is a good idea.


I'm not sure if this is a good i"
TE-325.jpg,UNIVERSAL_HUMAN,"[0,0,0,1,0,0,0]",[PARSE_FAIL],"I'm not sure if this is a mental health meme or not.


I'm not sure if this is a mental health meme or not.


I'm not sure if this is a mental health meme or not.


I'm not sure if this is a mental health meme or not.


I'm not sure if this is a mental health meme or not.


I'm not sure if this is a mental health meme or not.


I'm not sure if this is a mental health meme or not.


I'm not sure if this is a mental health meme or not.


I'm not sure if this is a mental health meme or not.


I'm n"
TE-327.jpg,UNIVERSAL_HUMAN,"[0,0,0,0,0,0,1]",[PARSE_FAIL],"I'm not sure if this is the right place to post this, but I'm looking for a way to get my hands on a copy of the original ""I'm tired"" meme. I've been looking for it for a while now, but I can't seem to find it anywhere. I'm not sure if it's been deleted or if it's just really hard to find. I'd really appreciate any help I can get. Thanks!

I'm not sure if this is the right place to post this, but I'm looking for a way to get my hands on a copy of the original ""I'm tired"" meme. I've been looking "
TE-330.jpg,UNIVERSAL_HUMAN,"[0,0,1,0,0,0,0]",[PARSE_FAIL],"I'm not sure if this is a good idea.

I'm not sure if this is a good idea.

I'm not sure if this is a good idea.

I'm not sure if this is a good idea.

I'm not sure if this is a good idea.

I'm not sure if this is a good idea.

I'm not sure if this is a good idea.

I'm not sure if this is a good idea.

I'm not sure if this is a good idea.

I'm not sure if this is a good idea.

I'm not sure if this is a good idea.

I'm not sure if this is a good idea.

I'm not sure if this is a good idea.

I'm no"
TE-332.jpg,UNIVERSAL_HUMAN,"[0,0,0,0,0,0,1]",[PARSE_FAIL],"I'm not sure if this is the right place to post this, but I'm looking for a way to get my hands on some of the old ""Someecards"" images. I'm not sure if they're still around, but I'm looking for a way to get my hands on some of the old ""Someecards"" images. I'm not sure if they're still around, but I'm looking for a way to get my hands on some of the old ""Someecards"" images.

I'm not sure if this is the right place to post this, but I'm looking for a way to get my hands on some of the old ""Someeca"
TE-334.jpg,UNIVERSAL_HUMAN,"[0,0,0,0,0,1,0]",[PARSE_FAIL],"The meme is a photo of a man with a beard and a mustache. He is wearing a white shirt and a black jacket. He is looking down at the ground.

The text on the meme reads:


The text is in Hindi and English.


The meme is a photo of a man with a beard and a mustache. He is wearing a white shirt and a black jacket. He is looking down at the ground.

The text on the meme reads:


The text is in Hindi and English.


The meme is a photo of a man with a beard and a mustache. He is wearing a white shirt "
TE-335.jpg,UNIVERSAL_HUMAN,"[0,0,0,0,0,0,1]","[1,1,1,1,1,1,1]","1. Feeling Down: YES
2. Lack of Interest: YES
3. Self-Harm: YES
4. Eating Disorder: YES
5. Low Self-Esteem: YES
6. Concentration Problem: YES
7. Sleeping Disorder: YES

1. Feeling Down: YES
2. Lack of Interest: YES
3. Self-Harm: YES
4. Eating Disorder: YES
5. Low Self-Esteem: YES
6. Concentration Problem: YES
7. Sleeping Disorder: YES

1. Feeling Down: YES
2. Lack of Interest: YES
3. Self-Harm: YES
4. Eating Disorder: YES
5. Low Self-Esteem: YES
6. Concentration Problem: YES
7. Sleeping Disorder"
TE-337.jpg,UNIVERSAL_HUMAN,"[1,0,1,0,0,0,0]",[PARSE_FAIL],"The meme is a picture of a sad cartoon elephant with the text ""Happy Depression"" written on it.

The meme is a picture of a sad cartoon elephant with the text ""Happy Depression"" written on it.

The meme is a picture of a sad cartoon elephant with the text ""Happy Depression"" written on it.

The meme is a picture of a sad cartoon elephant with the text ""Happy Depression"" written on it.

The meme is a picture of a sad cartoon elephant with the text ""Happy Depression"" written on it.

The meme is a p"
TE-338.jpg,UNIVERSAL_HUMAN,"[1,0,1,0,0,0,1]",[PARSE_FAIL],"I'm not sure if this is the right place to post this, but I'm not sure where else to post it.

I'm a 20 year old male, and I've been having a lot of suicidal thoughts lately. I've been feeling down for a while, but I've been trying to keep it together. I've been having a lot of suicidal thoughts lately, and I've been trying to keep it together. I've been having a lot of suicidal thoughts lately, and I've been trying to keep it together. I've been having a lot of suicidal thoughts lately, and I'v"
TE-339.jpg,UNIVERSAL_HUMAN,"[1,0,0,0,0,0,0]",[PARSE_FAIL],"This meme is a comic strip that uses a simple art style to convey a relatable feeling of persistent dissatisfaction and a longing for happiness.

The meme is a four-panel comic strip that uses a simple art style to convey a relatable feeling of persistent dissatisfaction and a longing for happiness.

The meme is a four-panel comic strip that uses a simple art style to convey a relatable feeling of persistent dissatisfaction and a longing for happiness.

The meme is a four-panel comic strip that "
TE-340.jpg,UNIVERSAL_HUMAN,"[0,0,0,0,0,0,0]",[PARSE_FAIL],"The meme is a simple text-based meme using a common trope of contrasting a pleasant dream with the disappointment of waking up to reality.

The meme is a simple text-based meme using a common trope of contrasting a pleasant dream with the disappointment of waking up to reality.

The meme is a simple text-based meme using a common trope of contrasting a pleasant dream with the disappointment of waking up to reality.

The meme is a simple text-based meme using a common trope of contrasting a pleas"
TE-341.jpg,UNIVERSAL_HUMAN,"[0,0,1,0,0,0,0]","[1,1,1,1,1,1,1]","The meme is a good example of the following mental health symptoms:
Feeling Down: YES
Lack of Interest: YES
Self-Harm: YES
Eating Disorder: YES
Low Self-Esteem: YES
Concentration Problem: YES
Sleeping Disorder: YES


The meme is a good example of the following mental health symptoms:
Feeling Down: YES
Lack of Interest: YES
Self-Harm: YES
Eating Disorder: YES
Low Self-Esteem: YES
Concentration Problem: YES
Sleeping Disorder: YES


The meme is a good example of the following mental health symptoms"
TE-344.jpg,UNIVERSAL_HUMAN,"[0,0,0,1,0,0,0]",[PARSE_FAIL],"I'm not sure if this is a meme or not, but I'm going to go with it.

I'm not sure if this is a meme or not, but I'm going to go with it.

I'm not sure if this is a meme or not, but I'm going to go with it.

I'm not sure if this is a meme or not, but I'm going to go with it.

I'm not sure if this is a meme or not, but I'm going to go with it.

I'm not sure if this is a meme or not, but I'm going to go with it.

I'm not sure if this is a meme or not, but I'm going to go with it.

I'm not sure if t"
TE-345.jpg,UNIVERSAL_HUMAN,"[1,0,1,0,0,1,0]",[PARSE_FAIL],"I'm not sure if this is the right place to post this, but I'm looking for a meme that I saw on Twitter. It was a picture of a man with a beard and a mustache, and he was wearing a hat. The caption was something like ""I'm not a racist, but..."" and then it was a picture of a black man. I'm not sure if it was a meme or a picture that was taken from a meme. I'm not sure if it was a picture of a real person or a picture of a cartoon character. I'm not sure if it was a picture of a real person or a pi"
TE-347.jpg,UNIVERSAL_HUMAN,"[1,0,0,0,0,0,0]",[PARSE_FAIL],"The meme is a humorous depiction of a girl who is afraid of eating Tinda, a vegetable. The meme is not intended to express any mental health symptoms.

The meme is a humorous depiction of a girl who is afraid of eating Tinda, a vegetable. The meme is not intended to express any mental health symptoms.

The meme is a humorous depiction of a girl who is afraid of eating Tinda, a vegetable. The meme is not intended to express any mental health symptoms.

The meme is a humorous depiction of a girl w"
TE-348.jpg,UNIVERSAL_HUMAN,"[1,0,1,0,0,0,0]",[PARSE_FAIL],"I'm not sure if this is the right place to post this, but I'm looking for a meme that I saw on Twitter a while ago. It was a picture of a girl with a big smile on her face, and the text said ""I'm so happy I'm crying."" I'm not sure if it was a meme or just a picture, but I've been looking for it for a while now and can't find it anywhere. Does anyone know where I can find it?

I'm not sure if this is the right place to post this, but I'm looking for a meme that I saw on Twitter a while ago. It wa"
TE-35.jpg,UNIVERSAL_HUMAN,"[0,0,0,0,1,0,0]",[PARSE_FAIL],"The meme is a stick figure with a speech bubble. The speech bubble says, ""I am not feeling good.""

The meme is a stick figure with a speech bubble. The speech bubble says, ""I am not feeling good.""

The meme is a stick figure with a speech bubble. The speech bubble says, ""I am not feeling good.""

The meme is a stick figure with a speech bubble. The speech bubble says, ""I am not feeling good.""

The meme is a stick figure with a speech bubble. The speech bubble says, ""I am not feeling good.""

The m"
TE-350.jpg,UNIVERSAL_HUMAN,"[0,0,0,0,0,0,1]","[1,1,1,1,1,1,1]","1. Feeling Down: YES
2. Lack of Interest: YES
3. Self-Harm: YES
4. Eating Disorder: YES
5. Low Self-Esteem: YES
6. Concentration Problem: YES
7. Sleeping Disorder: YES

1. Feeling Down: YES
2. Lack of Interest: YES
3. Self-Harm: YES
4. Eating Disorder: YES
5. Low Self-Esteem: YES
6. Concentration Problem: YES
7. Sleeping Disorder: YES

1. Feeling Down: YES
2. Lack of Interest: YES
3. Self-Harm: YES
4. Eating Disorder: YES
5. Low Self-Esteem: YES
6. Concentration Problem: YES
7. Sleeping Disorder"
TE-351.jpg,UNIVERSAL_HUMAN,"[0,0,1,0,0,0,0]",[PARSE_FAIL],"The meme is a good representation of the symptoms of depression.

The meme is a good representation of the symptoms of depression.

The meme is a good representation of the symptoms of depression.

The meme is a good representation of the symptoms of depression.

The meme is a good representation of the symptoms of depression.

The meme is a good representation of the symptoms of depression.

The meme is a good representation of the symptoms of depression.

The meme is a good representation of t"
TE-352.jpg,UNIVERSAL_HUMAN,"[0,0,0,0,0,0,1]","[1,1,1,1,1,1,1]","1. Feeling Down: YES
2. Lack of Interest: YES
3. Self-Harm: YES
4. Eating Disorder: YES
5. Low Self-Esteem: YES
6. Concentration Problem: YES
7. Sleeping Disorder: YES

1. Feeling Down: YES
2. Lack of Interest: YES
3. Self-Harm: YES
4. Eating Disorder: YES
5. Low Self-Esteem: YES
6. Concentration Problem: YES
7. Sleeping Disorder: YES

1. Feeling Down: YES
2. Lack of Interest: YES
3. Self-Harm: YES
4. Eating Disorder: YES
5. Low Self-Esteem: YES
6. Concentration Problem: YES
7. Sleeping Disorder"
TE-355.jpg,UNIVERSAL_HUMAN,"[0,0,0,1,1,0,0]",[PARSE_FAIL],"The meme is a reaction to a weight-loss app that uses a smart scale to track weight. The app's critical comment about weight gain could imply feelings of guilt or negative self-image.

The meme is a reaction to a weight-loss app that uses a smart scale to track weight. The app's critical comment about weight gain could imply feelings of guilt or negative self-image.

The meme is a reaction to a weight-loss app that uses a smart scale to track weight. The app's critical comment about weight gain "
TE-356.jpg,UNIVERSAL_HUMAN,"[0,0,0,0,0,0,0]",[PARSE_FAIL],"This meme is a good example of the following:


This meme is a good example of the following:


This meme is a good example of the following:


This meme is a good example of the following:


This meme is a good example of the following:


This meme is a good example of the following:


This meme is a good example of the following:


This meme is a good example of the following:


This meme is a good example of the following:


This meme is a good example of the following:


This meme is a good "
TE-357.jpg,UNIVERSAL_HUMAN,"[0,0,0,0,0,0,0]","[1,1,1,1,1,1,1]","1. Feeling Down: YES
2. Lack of Interest: YES
3. Self-Harm: YES
4. Eating Disorder: YES
5. Low Self-Esteem: YES
6. Concentration Problem: YES
7. Sleeping Disorder: YES

1. Feeling Down: YES
2. Lack of Interest: YES
3. Self-Harm: YES
4. Eating Disorder: YES
5. Low Self-Esteem: YES
6. Concentration Problem: YES
7. Sleeping Disorder: YES

1. Feeling Down: YES
2. Lack of Interest: YES
3. Self-Harm: YES
4. Eating Disorder: YES
5. Low Self-Esteem: YES
6. Concentration Problem: YES
7. Sleeping Disorder"
TE-358.jpg,UNIVERSAL_HUMAN,"[0,1,0,0,0,0,0]",[PARSE_FAIL],"The meme is not expressing any of the following symptoms:
1. Feeling Down
2. Lack of Interest
3. Self-Harm
4. Eating Disorder
5. Low Self-Esteem
6. Concentration Problem
7. Sleeping Disorder

The meme is expressing all of the following symptoms:
1. Feeling Down
2. Lack of Interest
3. Self-Harm
4. Eating Disorder
5. Low Self-Esteem
6. Concentration Problem
7. Sleeping Disorder

The meme is expressing all of the following symptoms:
1. Feeling Down
2. Lack of Interest
3. Self-Harm
4. Eating Disorde"
TE-359.jpg,UNIVERSAL_HUMAN,"[1,0,0,0,0,0,0]","[1,1,1,1,1,1,1]","1. Feeling Down: YES
2. Lack of Interest: YES
3. Self-Harm: YES
4. Eating Disorder: YES
5. Low Self-Esteem: YES
6. Concentration Problem: YES
7. Sleeping Disorder: YES

1. Feeling Down: YES
2. Lack of Interest: YES
3. Self-Harm: YES
4. Eating Disorder: YES
5. Low Self-Esteem: YES
6. Concentration Problem: YES
7. Sleeping Disorder: YES

1. Feeling Down: YES
2. Lack of Interest: YES
3. Self-Harm: YES
4. Eating Disorder: YES
5. Low Self-Esteem: YES
6. Concentration Problem: YES
7. Sleeping Disorder"
TE-36.jpg,UNIVERSAL_HUMAN,"[0,0,0,0,0,0,0]",[PARSE_FAIL],"The meme is a realization of the profound isolation and loneliness that many people experienced during the pandemic. The meme is self-deprecating and reflects a flat acceptance of a solitary existence that pre-dated the pandemic.

The meme is a realization of the profound isolation and loneliness that many people experienced during the pandemic. The meme is self-deprecating and reflects a flat acceptance of a solitary existence that pre-dated the pandemic.

The meme is a realization of the profo"
TE-360.jpg,UNIVERSAL_HUMAN,"[0,0,0,0,0,0,0]",[PARSE_FAIL],"I'm not sure if this is the right place to post this, but I'm not sure where else to go. I'm a 20 year old female and I've been having a lot of trouble with my mental health. I've been having a lot of suicidal thoughts and I've been self harming. I've been trying to get help but I'm not sure what to do. I've been trying to get help but I'm not sure what to do. I've been trying to get help but I'm not sure what to do. I've been trying to get help but I'm not sure what to do. I've been trying to g"
TE-361.jpg,UNIVERSAL_HUMAN,"[0,0,1,0,0,0,0]",[PARSE_FAIL],"The meme is a fake news headline paired with a smiling reaction image. The text describes a highly specific and elaborate activity, indicating a strong, if unusual, motivation. The complex action described implies a focused and clear thought process.

The meme is a fake news headline paired with a smiling reaction image. The text describes a highly specific and elaborate activity, indicating a strong, if unusual, motivation. The complex action described implies a focused and clear thought proces"
TE-363.jpg,UNIVERSAL_HUMAN,"[0,1,0,0,0,0,0]",[PARSE_FAIL],"The meme is not explicitly about any of these symptoms.

The meme is not explicitly about any of these symptoms.

The meme is not explicitly about any of these symptoms.

The meme is not explicitly about any of these symptoms.

The meme is not explicitly about any of these symptoms.

The meme is not explicitly about any of these symptoms.

The meme is not explicitly about any of these symptoms.

The meme is not explicitly about any of these symptoms.

The meme is not explicitly about any of thes"
TE-365.jpg,UNIVERSAL_HUMAN,"[1,1,1,0,0,0,0]",[PARSE_FAIL],"3. REACTION:
The meme is a dark humor meme, using Hindi text over a reaction image to describe a severe decline in mental health and failing coping mechanisms.

4. FEELINGS:
The meme expresses a sense of hopelessness and despair, as well as a sense of humor.

5. FEELINGS ABOUT THE FEELINGS:
The meme expresses a sense of hopelessness and despair, as well as a sense of humor.

6. FEELINGS ABOUT THE FEELINGS ABOUT THE FEELINGS:
The meme expresses a sense of hopelessness and despair, as well as a se"
TE-366.jpg,UNIVERSAL_HUMAN,"[0,0,0,0,0,1,0]",[PARSE_FAIL],"This meme is a visual representation of a state of mental distress and confusion. The Hindi idiom ""दिमाग का दही"" (dimag ka dahi) literally translates to ""curd of the brain,"" which is used to describe a state of intense mental confusion, frustration, or inability to think clearly.

The drawing shows a face that is half-melting and crying, expressing anguish, distress, and a feeling of being overwhelmed or falling apart.

The text ""दिमाग का दही"" (curd of the brain) depicts a state of extreme menta"
TE-368.jpg,UNIVERSAL_HUMAN,"[0,0,1,0,0,0,0]",[PARSE_FAIL],"The meme is a still from the 2007 film ""Water"", which is based on the true story of a young girl who is sold into prostitution. The film is set in India, and the subtitles are in Hindi. The girl in the image is played by the actress Sarala.

The meme is a still from the 2007 film ""Water"", which is based on the true story of a young girl who is sold into prostitution. The film is set in India, and the subtitles are in Hindi. The girl in the image is played by the actress Sarala.

The meme is a st"
TE-371.jpg,UNIVERSAL_HUMAN,"[0,0,0,0,0,0,0]",[PARSE_FAIL],"**ANSWER:** The meme does not express any of the above symptoms.

**ANSWER:** The meme does not express any of the above symptoms.

**ANSWER:** The meme does not express any of the above symptoms.

**ANSWER:** The meme does not express any of the above symptoms.

**ANSWER:** The meme does not express any of the above symptoms.

**ANSWER:** The meme does not express any of the above symptoms.

**ANSWER:** The meme does not express any of the above symptoms.

**ANSWER:** The meme does not express "
TE-376.jpg,UNIVERSAL_HUMAN,"[0,0,1,0,0,0,0]",[PARSE_FAIL],"I'm not sure if this is a meme or not.

I'm not sure if this is a meme or not.

I'm not sure if this is a meme or not.

I'm not sure if this is a meme or not.

I'm not sure if this is a meme or not.

I'm not sure if this is a meme or not.

I'm not sure if this is a meme or not.

I'm not sure if this is a meme or not.

I'm not sure if this is a meme or not.

I'm not sure if this is a meme or not.

I'm not sure if this is a meme or not.

I'm not sure if this is a meme or not.

I'm not sure if this"
TE-377.jpg,UNIVERSAL_HUMAN,"[1,0,1,0,1,0,0]",[PARSE_FAIL],"I'm not sure if this is the right place to post this, but I'm not sure where else to go. I'm a 20 year old male and I've been having a lot of suicidal thoughts lately. I've been feeling down for a while now, but I've been trying to keep it together. I've been having a lot of trouble concentrating and I've been having a lot of trouble sleeping. I've been having a lot of trouble eating as well. I've been feeling like I'm not good enough and I've been feeling like I'm a burden to my family. I've be"
TE-38.jpg,UNIVERSAL_HUMAN,"[1,0,0,0,0,0,0]",[PARSE_FAIL],"I'm not sure if this is the right place to post this, but I'm not sure where else to post it.

I'm a 20 year old male who has been struggling with depression and anxiety for the past 3 years. I've been on medication for the past 2 years, and I've been doing pretty well. I've been able to get a job, and I've been able to keep it. I've been able to keep up with my school work, and I've been able to keep up with my social life. I've been able to keep up with my hobbies, and I've been able to keep u"
TE-380.jpg,UNIVERSAL_HUMAN,"[0,0,1,0,0,0,0]",[PARSE_FAIL],"I am already dead

I am already dead

I am already dead

I am already dead

I am already dead

I am already dead

I am already dead

I am already dead

I am already dead

I am already dead

I am already dead

I am already dead

I am already dead

I am already dead

I am already dead

I am already dead

I am already dead

I am already dead

I am already dead

I am already dead

I am already dead

I am already dead

I am already dead

I am already dead

I am already dead

I am already dead

I am a"
TE-381.jpg,UNIVERSAL_HUMAN,"[0,0,0,0,0,1,1]",[PARSE_FAIL],"I'm not sure if this is a mental health meme or not.

I'm not sure if this is a mental health meme or not.

I'm not sure if this is a mental health meme or not.

I'm not sure if this is a mental health meme or not.

I'm not sure if this is a mental health meme or not.

I'm not sure if this is a mental health meme or not.

I'm not sure if this is a mental health meme or not.

I'm not sure if this is a mental health meme or not.

I'm not sure if this is a mental health meme or not.

I'm not sure i"
TE-382.jpg,UNIVERSAL_HUMAN,"[0,0,0,0,0,0,0]",[PARSE_FAIL],The meme is a screenshot of a WhatsApp message. The text is in Hindi. The text is written in a cursive font. The text is written in black ink. The text is written on a white background. The text is written in a vertical orientation. The text is written in a vertical orientation. The text is written in a vertical orientation. The text is written in a vertical orientation. The text is written in a vertical orientation. The text is written in a vertical orientation. The text is written in a vertica
TE-383.jpg,UNIVERSAL_HUMAN,"[0,0,1,0,1,0,0]",[PARSE_FAIL],"I'm not sure if this is the right place to post this, but I'm not sure where else to post it.

I'm a 20 year old male who has been struggling with depression and anxiety for the past 3 years. I've been on medication for the past 2 years, and I've been doing better, but I'm still struggling. I've been trying to get help from my school, but they've been giving me the run around. I've been trying to get help from my family, but they've been giving me the run around. I've been trying to get help fro"
TE-386.jpg,UNIVERSAL_HUMAN,"[0,0,0,0,0,0,1]",[PARSE_FAIL],"I'm not sure if this is the right place to post this, but I'm not sure where else to go. I'm a 16 year old girl and I've been struggling with an eating disorder for a while now. I've been trying to get help, but I'm not sure if I'm doing it right. I've been going to therapy, but I'm not sure if it's helping. I've been trying to eat more, but I'm not sure if I'm doing it right. I've been trying to exercise more, but I'm not sure if I'm doing it right. I've been trying to be more positive, but I'm"
TE-387.jpg,UNIVERSAL_HUMAN,"[1,0,1,0,0,0,0]",[PARSE_FAIL],"I'm not sure if this is the right place to post this, but I'm looking for a meme that I saw on Twitter. It was a picture of a man with a gun to his head, and the text said ""I'm not suicidal, I'm just depressed."" I'm not sure if it was a meme or a picture, but I've been looking for it for a while now and I can't find it. Does anyone know what I'm talking about?

I'm not sure if this is the right place to post this, but I'm looking for a meme that I saw on Twitter. It was a picture of a man with a"
TE-388.jpg,UNIVERSAL_HUMAN,"[0,0,0,0,0,0,0]",[PARSE_FAIL],"I'm not sure if this is the right place to post this, but I'm looking for a way to get my hands on a copy of the book ""The Mental Health Survival Guide"" by Dr. John Preston. I've been looking for a copy for a while now, but I can't seem to find one anywhere. Does anyone know where I can get a copy of this book?

I'm not sure if this is the right place to post this, but I'm looking for a way to get my hands on a copy of the book ""The Mental Health Survival Guide"" by Dr. John Preston. I've been lo"
TE-389.jpg,UNIVERSAL_HUMAN,"[0,1,0,0,0,0,0]","[1,1,1,1,1,1,1]","1. Feeling Down: YES
2. Lack of Interest: YES
3. Self-Harm: YES
4. Eating Disorder: YES
5. Low Self-Esteem: YES
6. Concentration Problem: YES
7. Sleeping Disorder: YES

1. Feeling Down: YES
2. Lack of Interest: YES
3. Self-Harm: YES
4. Eating Disorder: YES
5. Low Self-Esteem: YES
6. Concentration Problem: YES
7. Sleeping Disorder: YES

1. Feeling Down: YES
2. Lack of Interest: YES
3. Self-Harm: YES
4. Eating Disorder: YES
5. Low Self-Esteem: YES
6. Concentration Problem: YES
7. Sleeping Disorder"
TE-39.jpg,UNIVERSAL_HUMAN,"[0,0,0,0,0,0,0]",[PARSE_FAIL],"I'm a 20 year old college student and I'm currently taking a psychology class. I'm not a psychologist, but I'm pretty sure that this meme is not a good representation of mental health.

I'm not a psychologist, but I'm pretty sure that this meme is not a good representation of mental health.

I'm not a psychologist, but I'm pretty sure that this meme is not a good representation of mental health.

I'm not a psychologist, but I'm pretty sure that this meme is not a good representation of mental he"
TE-390.jpg,UNIVERSAL_HUMAN,"[0,0,0,0,0,1,0]",[PARSE_FAIL],"I'm not sure if this is the right place to post this, but I'm not sure where else to go.

I'm a 20 year old male who has been struggling with depression and anxiety for a while now. I've been on medication for a while now, but I've been having a lot of trouble with my mental health lately. I've been having a lot of suicidal thoughts and I've been having a lot of trouble concentrating on things. I've been having a lot of trouble sleeping and I've been having a lot of trouble eating. I've been hav"
TE-391.jpg,UNIVERSAL_HUMAN,"[0,0,0,0,0,0,0]",[PARSE_FAIL],"I'm not sure if this is the right place to post this, but I'm not sure where else to post it. I'm not sure if this is the right place to post this, but I'm not sure where else to post it. I'm not sure if this is the right place to post this, but I'm not sure where else to post it. I'm not sure if this is the right place to post this, but I'm not sure where else to post it. I'm not sure if this is the right place to post this, but I'm not sure where else to post it. I'm not sure if this is the ri"
TE-392.jpg,UNIVERSAL_HUMAN,"[0,0,0,0,0,1,0]","[1,1,0,0,0,0,0]","1. Feeling Down: YES
2. Lack of Interest: YES
3. Self-Harm: NO
4. Eating Disorder: NO
5. Low Self-Esteem: NO
6. Concentration Problem: NO
7. Sleeping Disorder: NO

1. Feeling Down: YES
2. Lack of Interest: YES
3. Self-Harm: NO
4. Eating Disorder: NO
5. Low Self-Esteem: NO
6. Concentration Problem: NO
7. Sleeping Disorder: NO

1. Feeling Down: YES
2. Lack of Interest: YES
3. Self-Harm: NO
4. Eating Disorder: NO
5. Low Self-Esteem: NO
6. Concentration Problem: NO
7. Sleeping Disorder: NO

1. Feeli"
TE-393.jpg,UNIVERSAL_HUMAN,"[1,0,0,0,0,0,0]",[PARSE_FAIL],"This meme is a good example of how the character Gudetama can be used to express a relatable feeling of being mentally drained by future anxieties. The text explicitly mentions ""thinking about the future"" as the cause of exhaustion, but does not indicate difficulty focusing or confusion. The character's slumped posture and the text ""thak gaya"" (got tired) express exhaustion, lethargy, and a feeling of being overwhelmed.

This meme is a good example of how the character Gudetama can be used to ex"
TE-394.jpg,UNIVERSAL_HUMAN,"[0,1,0,0,0,0,0]",[PARSE_FAIL],"The meme is a play on the Hindi phrase “main lockdown ke liye aapko bhi khushi nahi hui” (“I haven’t felt happy for you during the lockdown”). The phrase is used to express the feeling of being bored and lonely during the lockdown. The meme is a humorous way of expressing this feeling.

The meme is a play on the Hindi phrase “main lockdown ke liye aapko bhi khushi nahi hui” (“I haven’t felt happy for you during the lockdown”). The phrase is used to express the feeling of being bored and lonely d"
TE-395.jpg,UNIVERSAL_HUMAN,"[0,0,0,0,0,0,0]",[PARSE_FAIL],"The meme is a joke about a woman who is having sex with her boyfriend and is so into it that she is not paying attention to what he is saying.

The meme is a joke about a woman who is having sex with her boyfriend and is so into it that she is not paying attention to what he is saying.

The meme is a joke about a woman who is having sex with her boyfriend and is so into it that she is not paying attention to what he is saying.

The meme is a joke about a woman who is having sex with her boyfrien"
TE-396.jpg,UNIVERSAL_HUMAN,"[0,0,0,0,0,0,0]",[PARSE_FAIL],"I'm not sure if this is the right place to post this, but I'm looking for a way to get my hands on a copy of the book ""The Mental Health Survival Guide"" by Dr. John Preston. I've been looking for a copy for a while now, but I can't seem to find one anywhere. Does anyone know where I can get a copy?

I'm not sure if this is the right place to post this, but I'm looking for a way to get my hands on a copy of the book ""The Mental Health Survival Guide"" by Dr. John Preston. I've been looking for a c"
TE-397.jpg,UNIVERSAL_HUMAN,"[0,0,0,0,0,0,0]",[PARSE_FAIL],I'm not sure if this is a meme or not. I'm not sure if it's a meme because it's not a picture of a person. It's a picture of a text. I'm not sure if it's a meme because it's not a picture of a person. It's a picture of a text. I'm not sure if it's a meme because it's not a picture of a person. It's a picture of a text. I'm not sure if it's a meme because it's not a picture of a person. It's a picture of a text. I'm not sure if it's a meme because it's not a picture of a person. It's a picture of
TE-398.jpg,UNIVERSAL_HUMAN,"[0,0,1,0,0,0,0]",[PARSE_FAIL],"I'm not sure if this is a meme or not.

I'm not sure if this is a meme or not.

I'm not sure if this is a meme or not.

I'm not sure if this is a meme or not.

I'm not sure if this is a meme or not.

I'm not sure if this is a meme or not.

I'm not sure if this is a meme or not.

I'm not sure if this is a meme or not.

I'm not sure if this is a meme or not.

I'm not sure if this is a meme or not.

I'm not sure if this is a meme or not.

I'm not sure if this is a meme or not.

I'm not sure if this"
TE-399.jpg,UNIVERSAL_HUMAN,"[0,0,0,0,0,0,0]","[1,1,0,0,0,0,0]","1. Feeling Down: YES
2. Lack of Interest: YES
3. Self-Harm: NO
4. Eating Disorder: NO
5. Low Self-Esteem: NO
6. Concentration Problem: NO
7. Sleeping Disorder: NO

1. Feeling Down: YES
2. Lack of Interest: YES
3. Self-Harm: NO
4. Eating Disorder: NO
5. Low Self-Esteem: NO
6. Concentration Problem: NO
7. Sleeping Disorder: NO

1. Feeling Down: YES
2. Lack of Interest: YES
3. Self-Harm: NO
4. Eating Disorder: NO
5. Low Self-Esteem: NO
6. Concentration Problem: NO
7. Sleeping Disorder: NO

1. Feeli"
TE-4.jpg,UNIVERSAL_HUMAN,"[1,0,0,0,1,1,1]",[PARSE_FAIL],"I'm not sure if this is the right place to post this, but I'm looking for a meme that I saw on Twitter. It was a picture of a dog with a caption that said ""I'm not a dog, I'm a dog owner."" I'm not sure if it was a meme or a picture that was taken and edited. I've been searching for it for a while now and I can't find it anywhere. Does anyone know where I can find it?

I'm not sure if this is the right place to post this, but I'm looking for a meme that I saw on Twitter. It was a picture of a dog"
TE-401.jpg,UNIVERSAL_HUMAN,"[0,0,1,0,0,0,0]",[PARSE_FAIL],"This meme is a reaction image of a woman yelling at a group of women. The text ""भाड़ में जा"" (Go to hell) is written in Hindi. The woman's body language suggests anger, frustration, and dismissal.

The meme is likely from a reality show, and the text is likely a reaction to a situation that the women are discussing.

The meme expresses anger, frustration, and dismissal. The woman's body language suggests that she is angry and frustrated with the other women.

The meme does not express any of the"
TE-402.jpg,UNIVERSAL_HUMAN,"[1,0,1,0,0,0,0]",[PARSE_FAIL],"I'm not sure if this is the right place to post this, but I'm looking for a meme that depicts a person who is in a state of depression.

I'm not sure if this is the right place to post this, but I'm looking for a meme that depicts a person who is in a state of depression.

I'm not sure if this is the right place to post this, but I'm looking for a meme that depicts a person who is in a state of depression.

I'm not sure if this is the right place to post this, but I'm looking for a meme that dep"
TE-403.jpg,UNIVERSAL_HUMAN,"[0,0,0,0,0,0,1]",[PARSE_FAIL],"I'm not sure if this is a mental health meme or not.

I'm not sure if this is a mental health meme or not.

I'm not sure if this is a mental health meme or not.

I'm not sure if this is a mental health meme or not.

I'm not sure if this is a mental health meme or not.

I'm not sure if this is a mental health meme or not.

I'm not sure if this is a mental health meme or not.

I'm not sure if this is a mental health meme or not.

I'm not sure if this is a mental health meme or not.

I'm not sure i"
TE-404.jpg,UNIVERSAL_HUMAN,"[0,0,0,0,0,1,1]",[PARSE_FAIL],"I'm not sure if this is the right place to post this, but I'm looking for a meme that I saw on Twitter. It was a picture of a woman with a caption that said ""I'm not a bitch, I'm just a woman who knows what she wants."" I'm not sure if it was a meme or a picture, but I've been looking for it for a while now and I can't find it. Does anyone know where I can find it?

I'm not sure if this is the right place to post this, but I'm looking for a meme that I saw on Twitter. It was a picture of a woman "
TE-405.jpg,UNIVERSAL_HUMAN,"[0,0,1,0,0,0,0]","[1,1,1,1,1,1,1]","1. Feeling Down: YES
2. Lack of Interest: YES
3. Self-Harm: YES
4. Eating Disorder: YES
5. Low Self-Esteem: YES
6. Concentration Problem: YES
7. Sleeping Disorder: YES

1. Feeling Down: YES
2. Lack of Interest: YES
3. Self-Harm: YES
4. Eating Disorder: YES
5. Low Self-Esteem: YES
6. Concentration Problem: YES
7. Sleeping Disorder: YES

1. Feeling Down: YES
2. Lack of Interest: YES
3. Self-Harm: YES
4. Eating Disorder: YES
5. Low Self-Esteem: YES
6. Concentration Problem: YES
7. Sleeping Disorder"
TE-406.jpg,UNIVERSAL_HUMAN,"[0,0,0,0,0,0,1]","[1,1,1,1,1,1,1]","1. Feeling Down: YES
2. Lack of Interest: YES
3. Self-Harm: YES
4. Eating Disorder: YES
5. Low Self-Esteem: YES
6. Concentration Problem: YES
7. Sleeping Disorder: YES

1. Feeling Down: YES
2. Lack of Interest: YES
3. Self-Harm: YES
4. Eating Disorder: YES
5. Low Self-Esteem: YES
6. Concentration Problem: YES
7. Sleeping Disorder: YES

1. Feeling Down: YES
2. Lack of Interest: YES
3. Self-Harm: YES
4. Eating Disorder: YES
5. Low Self-Esteem: YES
6. Concentration Problem: YES
7. Sleeping Disorder"
TE-407.jpg,UNIVERSAL_HUMAN,"[0,0,0,0,0,1,0]",[PARSE_FAIL],"I'm not sure if this is the right place to post this, but I'm looking for a meme that I saw on Tumblr a while ago. It was a picture of a girl with a pink background and she was wearing a pink shirt with a pink heart on it. The caption was something like ""I'm not a princess, I'm a queen."" I've been looking for it for a while now and I can't find it anywhere. Does anyone know where I can find it?

I'm not sure if this is the right place to post this, but I'm looking for a meme that I saw on Tumblr"
TE-408.jpg,UNIVERSAL_HUMAN,"[1,0,0,0,0,0,0]",[PARSE_FAIL],"I'm not sure if this is the right place to post this, but I'm looking for a way to make a meme that says ""I'm not depressed, I'm just sad"" and I can't find anything.

I'm not sure if this is the right place to post this, but I'm looking for a way to make a meme that says ""I'm not depressed, I'm just sad"" and I can't find anything.

I'm not sure if this is the right place to post this, but I'm looking for a way to make a meme that says ""I'm not depressed, I'm just sad"" and I can't find anything.
"
TE-409.jpg,UNIVERSAL_HUMAN,"[1,0,0,0,0,0,0]",[PARSE_FAIL],"I'm not sure if this is the right place to post this, but I'm not sure where else to post it.

I'm a 20 year old male, and I've been having a lot of problems with my mental health. I've been having a lot of suicidal thoughts, and I've been having a lot of problems with my appetite. I've been having a lot of problems with my concentration, and I've been having a lot of problems with my sleeping. I've been having a lot of problems with my self-esteem, and I've been having a lot of problems with my"
TE-41.jpg,UNIVERSAL_HUMAN,"[0,0,1,0,0,0,0]",[PARSE_FAIL],I am a 20 year old girl. I have been suffering from depression for the past 2 years. I have been on medication for the past 1 year. I have been to a psychiatrist and a psychologist. I have been to a counselor. I have been to a psychiatric hospital. I have been to a psychiatric ward. I have been to a psychiatric hospital. I have been to a psychiatric ward. I have been to a psychiatric hospital. I have been to a psychiatric ward. I have been to a psychiatric hospital. I have been to a psychiatric 
TE-410.jpg,UNIVERSAL_HUMAN,"[0,0,0,0,0,0,1]",[PARSE_FAIL],"The meme is a humorous depiction of the stress and sleep disruption caused by academic pressure. The meme does not express any of the following mental health symptoms:
1. Feeling Down (persistent sadness, hopelessness, emptiness)
2. Lack of Interest (loss of motivation, inability to enjoy things)
3. Self-Harm (references to harming oneself, suicidal thoughts)
4. Eating Disorder (disordered eating habits)
5. Low Self-Esteem (worthlessness, guilt, self-blame)
6. Concentration Problem (difficulty f"
TE-412.jpg,UNIVERSAL_HUMAN,"[0,0,0,0,0,0,0]",[PARSE_FAIL],"The image is a screenshot of a Hindi language text message. The text message is a poem by the Indian poet, Harivansh Rai Bachchan. The poem is titled ""मुस्कान में सुन्न हैं दुख हैं गुस्सा हैं बेचैन हैं खालीपन हैं"" (In the dark, there is sadness, there is anxiety, there is restlessness, there is emptiness). The poem is about the pain of being alone. The poem is a metaphor for the pain of being alone. The poem is about the pain of being alone. The poem is a metaphor for the pain of being alone. Th"
TE-414.jpg,UNIVERSAL_HUMAN,"[0,0,0,0,0,0,0]","[0,0,0,0,0,0,0]","This meme is a good example of the following mental health symptoms:
Feeling Down: YES
Lack of Interest: YES
Self-Harm: NO
Eating Disorder: NO
Low Self-Esteem: NO
Concentration Problem: NO
Sleeping Disorder: NO


This meme is a good example of the following mental health symptoms:
Feeling Down: NO
Lack of Interest: NO
Self-Harm: NO
Eating Disorder: NO
Low Self-Esteem: NO
Concentration Problem: NO
Sleeping Disorder: NO


This meme is a good example of the following mental health symptoms:
Feeling"
TE-415.jpg,UNIVERSAL_HUMAN,"[0,0,0,1,0,0,0]",[PARSE_FAIL],"I'm not sure if this is the right place to post this, but I'm looking for a meme that depicts a person who is feeling down and depressed. I'm not sure if this is the right place to post this, but I'm looking for a meme that depicts a person who is feeling down and depressed.

I'm not sure if this is the right place to post this, but I'm looking for a meme that depicts a person who is feeling down and depressed.

I'm not sure if this is the right place to post this, but I'm looking for a meme tha"
TE-416.jpg,UNIVERSAL_HUMAN,"[1,0,0,1,0,0,0]",[PARSE_FAIL],"The meme is a reference to the animated series Rick and Morty. The scene depicts Rick Sanchez, a mad scientist, and his grandson Morty Smith, who are both voiced by Justin Roiland. Rick is seen in the scene with a gun in his hand, and Morty is seen in the background. The text in the meme reads, ""I am going to kill myself.""

The meme is a reference to the animated series Rick and Morty. The scene depicts Rick Sanchez, a mad scientist, and his grandson Morty Smith, who are both voiced by Justin Ro"
TE-417.jpg,UNIVERSAL_HUMAN,"[0,0,0,1,0,1,0]",[PARSE_FAIL],"I'm not sure if this is the right place to post this, but I'm not sure where else to post it.

I'm a 17 year old male, and I've been having a lot of problems with my mental health. I've been having a lot of suicidal thoughts, and I've been having a lot of problems with my sleeping. I've been having a lot of problems with my concentration, and I've been having a lot of problems with my eating. I've been having a lot of problems with my self-esteem, and I've been having a lot of problems with my s"
TE-419.jpg,UNIVERSAL_HUMAN,"[1,0,0,0,0,0,1]",[PARSE_FAIL],"I'm not sure if this is a joke or not, but I'm going to assume it is.

I'm not sure if this is a joke or not, but I'm going to assume it is.

I'm not sure if this is a joke or not, but I'm going to assume it is.

I'm not sure if this is a joke or not, but I'm going to assume it is.

I'm not sure if this is a joke or not, but I'm going to assume it is.

I'm not sure if this is a joke or not, but I'm going to assume it is.

I'm not sure if this is a joke or not, but I'm going to assume it is.

I'm"
TE-42.jpg,UNIVERSAL_HUMAN,"[1,0,1,0,0,0,0]",[PARSE_FAIL],The meme is a caricature of a person with a mental health disorder. The meme is a caricature of a person with a mental health disorder. The meme is a caricature of a person with a mental health disorder. The meme is a caricature of a person with a mental health disorder. The meme is a caricature of a person with a mental health disorder. The meme is a caricature of a person with a mental health disorder. The meme is a caricature of a person with a mental health disorder. The meme is a caricature
TE-420.jpg,UNIVERSAL_HUMAN,"[0,0,0,0,0,0,0]","[1,1,1,1,1,1,1]","1. Feeling Down: YES
2. Lack of Interest: YES
3. Self-Harm: YES
4. Eating Disorder: YES
5. Low Self-Esteem: YES
6. Concentration Problem: YES
7. Sleeping Disorder: YES

1. Feeling Down: YES
2. Lack of Interest: YES
3. Self-Harm: YES
4. Eating Disorder: YES
5. Low Self-Esteem: YES
6. Concentration Problem: YES
7. Sleeping Disorder: YES

1. Feeling Down: YES
2. Lack of Interest: YES
3. Self-Harm: YES
4. Eating Disorder: YES
5. Low Self-Esteem: YES
6. Concentration Problem: YES
7. Sleeping Disorder"
TE-421.jpg,UNIVERSAL_HUMAN,"[0,0,0,0,0,0,1]",[PARSE_FAIL],"I'm not sure if this is a meme or not, but I'm going to go with it.

I'm not sure if this is a meme or not, but I'm going to go with it.

I'm not sure if this is a meme or not, but I'm going to go with it.

I'm not sure if this is a meme or not, but I'm going to go with it.

I'm not sure if this is a meme or not, but I'm going to go with it.

I'm not sure if this is a meme or not, but I'm going to go with it.

I'm not sure if this is a meme or not, but I'm going to go with it.

I'm not sure if t"
TE-423.jpg,UNIVERSAL_HUMAN,"[0,0,0,0,0,0,0]","[1,1,1,1,1,1,1]","1. Feeling Down: YES
2. Lack of Interest: YES
3. Self-Harm: YES
4. Eating Disorder: YES
5. Low Self-Esteem: YES
6. Concentration Problem: YES
7. Sleeping Disorder: YES

1. Feeling Down: YES
2. Lack of Interest: YES
3. Self-Harm: YES
4. Eating Disorder: YES
5. Low Self-Esteem: YES
6. Concentration Problem: YES
7. Sleeping Disorder: YES

1. Feeling Down: YES
2. Lack of Interest: YES
3. Self-Harm: YES
4. Eating Disorder: YES
5. Low Self-Esteem: YES
6. Concentration Problem: YES
7. Sleeping Disorder"
TE-424.jpg,UNIVERSAL_HUMAN,"[0,0,0,1,0,0,0]",[PARSE_FAIL],"I'm not sure if this is the right place to post this, but I'm looking for a meme template that I can use to make a meme about my mental health. I'm not sure if this is the right place to post this, but I'm looking for a meme template that I can use to make a meme about my mental health. I'm not sure if this is the right place to post this, but I'm looking for a meme template that I can use to make a meme about my mental health.

I'm not sure if this is the right place to post this, but I'm looki"
TE-426.jpg,UNIVERSAL_HUMAN,"[0,0,0,0,0,0,1]",[PARSE_FAIL],"I'm not sure if this is the right place to post this, but I'm not sure where else to post it.

I'm a 20 year old college student who has been struggling with depression and anxiety for the past few years. I've been on medication for a while now, and it's helped a lot, but I'm still struggling. I've been trying to get help from my school's counseling center, but they've been really slow to respond. I've been trying to get help from my parents, but they're not really helping. I've been trying to g"
TE-427.jpg,UNIVERSAL_HUMAN,"[0,0,0,0,0,0,1]",[PARSE_FAIL],"I'm not sure if this is the right place to post this, but I'm looking for a meme that depicts a person who is in a relationship with someone who is not good for them. The meme shows a person who is in a relationship with someone who is not good for them. The meme shows a person who is in a relationship with someone who is not good for them. The meme shows a person who is in a relationship with someone who is not good for them. The meme shows a person who is in a relationship with someone who is "
TE-428.jpg,UNIVERSAL_HUMAN,"[0,0,0,1,0,0,0]",[PARSE_FAIL],"I'm not sure if this is the right place to post this, but I'm not sure where else to go. I'm a 20 year old female and I've been struggling with depression and anxiety for a while now. I've been on medication for a while now and it's helped a lot, but I'm still struggling. I've been trying to get help from my doctor, but I'm not sure if I'm doing the right thing. I'm not sure if I should be on medication or if I should be seeing a therapist. I'm not sure if I should be seeing a therapist or if I "
TE-429.jpg,UNIVERSAL_HUMAN,"[0,0,0,1,0,0,0]",[PARSE_FAIL],"I'm not sure if this is a meme or not, but I'm going to go with it.

I'm not sure if this is a meme or not, but I'm going to go with it.

I'm not sure if this is a meme or not, but I'm going to go with it.

I'm not sure if this is a meme or not, but I'm going to go with it.

I'm not sure if this is a meme or not, but I'm going to go with it.

I'm not sure if this is a meme or not, but I'm going to go with it.

I'm not sure if this is a meme or not, but I'm going to go with it.

I'm not sure if t"
TE-43.jpg,UNIVERSAL_HUMAN,"[1,0,0,0,0,0,0]",[PARSE_FAIL],"I'm not sure if this is the right place to post this, but I'm looking for a meme that I saw on Twitter a while ago. It was a picture of a woman with a black eye and the caption was something like ""I'm fine, I just got into a fight with my boyfriend."" I'm not sure if it was a meme or just a picture, but I've been looking for it for a while and can't find it. Does anyone know what I'm talking about?

I'm not sure if this is the right place to post this, but I'm looking for a meme that I saw on Twi"
TE-430.jpg,UNIVERSAL_HUMAN,"[0,0,0,0,0,0,1]",[PARSE_FAIL],I am a 20 year old girl and I have been suffering from depression for the past 2 years. I have been on medication for the past 1 year and I am still not feeling better. I have been to a psychiatrist and a psychologist and they both say that I am not depressed. I am not sure what to do. I am not able to concentrate on my studies and I am not able to sleep properly. I am not able to eat properly. I am not able to do anything. I am not able to talk to anyone. I am not able to do anything. I am not 
TE-432.jpg,UNIVERSAL_HUMAN,"[1,0,0,0,0,0,0]","[1,1,1,1,1,1,1]","1. Feeling Down: YES
2. Lack of Interest: YES
3. Self-Harm: YES
4. Eating Disorder: YES
5. Low Self-Esteem: YES
6. Concentration Problem: YES
7. Sleeping Disorder: YES

1. Feeling Down: YES
2. Lack of Interest: YES
3. Self-Harm: YES
4. Eating Disorder: YES
5. Low Self-Esteem: YES
6. Concentration Problem: YES
7. Sleeping Disorder: YES

1. Feeling Down: YES
2. Lack of Interest: YES
3. Self-Harm: YES
4. Eating Disorder: YES
5. Low Self-Esteem: YES
6. Concentration Problem: YES
7. Sleeping Disorder"
TE-433.jpg,UNIVERSAL_HUMAN,"[1,1,0,0,0,0,0]",[PARSE_FAIL],"The meme is a good example of the ""ironic detachment"" mood. The man is smiling, but the text describes a situation where ""everything is going wrong."" This suggests a mood of resigned acceptance, ironic detachment, or numbness in the face of adversity.

The mood is not depression, because the man is smiling.

The mood is not anxiety, because the man is smiling.

The mood is not mania, because the man is smiling.

The mood is not psychosis, because the man is smiling.

The mood is not schizophreni"
TE-435.jpg,UNIVERSAL_HUMAN,"[0,0,0,0,0,0,0]",[PARSE_FAIL],"I'm not sure if this is the right place to post this, but I'm not sure where else to go.

I'm a 20 year old male who has been struggling with depression and anxiety for a while now. I've been on medication for a while now, and it's helped a lot, but I'm still struggling. I've been trying to get help from my doctor, but I'm not sure if I'm doing the right thing. I'm not sure if I should be on medication for the rest of my life, or if I should try to get off of it. I'm not sure if I should be on m"
TE-436.jpg,UNIVERSAL_HUMAN,"[0,0,0,0,0,1,0]",[PARSE_FAIL],I am a 20-year-old college student. I have been suffering from depression for the past 2 years. I have been on medication for the past 1 year. I have been feeling better for the past 6 months. I am still not completely cured. I am still having some problems. I am still having some problems. I am still having some problems. I am still having some problems. I am still having some problems. I am still having some problems. I am still having some problems. I am still having some problems. I am still
TE-437.jpg,UNIVERSAL_HUMAN,"[1,0,0,0,0,0,0]","[1,1,1,1,1,1,1]","1. Feeling Down: YES
2. Lack of Interest: YES
3. Self-Harm: YES
4. Eating Disorder: YES
5. Low Self-Esteem: YES
6. Concentration Problem: YES
7. Sleeping Disorder: YES

1. Feeling Down: YES
2. Lack of Interest: YES
3. Self-Harm: YES
4. Eating Disorder: YES
5. Low Self-Esteem: YES
6. Concentration Problem: YES
7. Sleeping Disorder: YES

1. Feeling Down: YES
2. Lack of Interest: YES
3. Self-Harm: YES
4. Eating Disorder: YES
5. Low Self-Esteem: YES
6. Concentration Problem: YES
7. Sleeping Disorder"
TE-438.jpg,UNIVERSAL_HUMAN,"[0,0,0,0,0,0,0]",[PARSE_FAIL],"I'm not sure if this is the right place to post this, but I'm not sure where else to post it.

I'm a 20 year old male who has been struggling with depression and anxiety for the past 3 years. I've been on medication for the past 2 years, and I've been doing better, but I still have bad days.

I've been trying to find a way to cope with my depression and anxiety, and I've been looking into meditation. I've been doing it for a few weeks now, and I've been feeling better.

I've been doing a lot of "
TE-439.jpg,UNIVERSAL_HUMAN,"[0,1,0,0,0,0,0]",[PARSE_FAIL],"I'm not sure if this is the right place to post this, but I'm looking for a meme that depicts a person who is feeling down and has a lack of interest in things.

I'm not sure if this is the right place to post this, but I'm looking for a meme that depicts a person who is feeling down and has a lack of interest in things.

I'm not sure if this is the right place to post this, but I'm looking for a meme that depicts a person who is feeling down and has a lack of interest in things.

I'm not sure i"
TE-440.jpg,UNIVERSAL_HUMAN,"[0,1,0,0,0,0,0]",[PARSE_FAIL],"I'm not sure if this is the right place to post this, but I'm looking for a meme that expresses the feeling of being overwhelmed by the amount of work you have to do.

I'm not sure if this is the right place to post this, but I'm looking for a meme that expresses the feeling of being overwhelmed by the amount of work you have to do.

I'm not sure if this is the right place to post this, but I'm looking for a meme that expresses the feeling of being overwhelmed by the amount of work you have to d"
TE-441.jpg,UNIVERSAL_HUMAN,"[0,1,0,0,0,1,0]",[PARSE_FAIL],"I'm not sure if this is the right place to post this, but I'm not sure where else to post it.

I'm a 20 year old male who has been suffering from depression and anxiety for the past 3 years. I've been on medication for the past 2 years, and I've been doing better. I've been off medication for the past 6 months, and I've been doing better. I've been off medication for the past 6 months, and I've been doing better. I've been off medication for the past 6 months, and I've been doing better. I've be"
TE-443.jpg,UNIVERSAL_HUMAN,"[0,0,0,0,0,0,1]",[PARSE_FAIL],"The meme is a caricature of a woman with a long nose and a large mouth. She is wearing a pink dress and has a pink bow in her hair. She is sitting on a chair and is holding a book in her hand.

The text is written in a cartoon-like font. It is written in a speech bubble and is in a pink color. The text reads: ""Aunty, I am feeling down.""

The meme is a caricature of a woman with a long nose and a large mouth. She is wearing a pink dress and has a pink bow in her hair. She is sitting on a chair an"
TE-444.jpg,UNIVERSAL_HUMAN,"[0,0,0,0,0,0,1]",[PARSE_FAIL],"I'm not sure if this is the right place to post this, but I'm not sure where else to post it.

I'm a 20 year old male and I've been having a lot of trouble sleeping lately. I've been having trouble sleeping for a while now, but it's been getting worse lately. I've been having trouble sleeping for a while now, but it's been getting worse lately. I've been having trouble sleeping for a while now, but it's been getting worse lately. I've been having trouble sleeping for a while now, but it's been g"
TE-445.jpg,UNIVERSAL_HUMAN,"[0,0,0,1,0,0,0]",[PARSE_FAIL],"The meme is not related to any mental health symptoms.

The meme is not related to any mental health symptoms.

The meme is not related to any mental health symptoms.

The meme is not related to any mental health symptoms.

The meme is not related to any mental health symptoms.

The meme is not related to any mental health symptoms.

The meme is not related to any mental health symptoms.

The meme is not related to any mental health symptoms.

The meme is not related to any mental health symptom"
TE-447.jpg,UNIVERSAL_HUMAN,"[1,0,0,0,0,0,0]",[PARSE_FAIL],"I'm not sure if this is a joke or not.


I'm not sure if this is a joke or not.


I'm not sure if this is a joke or not.


I'm not sure if this is a joke or not.


I'm not sure if this is a joke or not.


I'm not sure if this is a joke or not.


I'm not sure if this is a joke or not.


I'm not sure if this is a joke or not.


I'm not sure if this is a joke or not.


I'm not sure if this is a joke or not.


I'm not sure if this is a joke or not.


I'm not sure if this is a joke or not.


I'm not "
TE-448.jpg,UNIVERSAL_HUMAN,"[1,0,0,0,0,0,0]",[PARSE_FAIL],"**2. MENTAL HEALTH CONTEXT:** This meme is a reaction to the anxiety of waiting for a text message reply.

**3. MENTAL HEALTH MEANING:** This meme is a humorous exaggeration of the anxiety of waiting for a text message reply.

**4. MENTAL HEALTH MEANING:** This meme is a humorous exaggeration of the anxiety of waiting for a text message reply.

**5. MENTAL HEALTH MEANING:** This meme is a humorous exaggeration of the anxiety of waiting for a text message reply.

**6. MENTAL HEALTH MEANING:** Thi"
TE-449.jpg,UNIVERSAL_HUMAN,"[1,0,1,0,0,0,0]",[PARSE_FAIL],"I'm not sure if this is a meme or not, but I'm going to go with it.

I'm not sure if this is a meme or not, but I'm going to go with it.

I'm not sure if this is a meme or not, but I'm going to go with it.

I'm not sure if this is a meme or not, but I'm going to go with it.

I'm not sure if this is a meme or not, but I'm going to go with it.

I'm not sure if this is a meme or not, but I'm going to go with it.

I'm not sure if this is a meme or not, but I'm going to go with it.

I'm not sure if t"
TE-45.jpg,UNIVERSAL_HUMAN,"[1,0,0,0,0,0,0]",[PARSE_FAIL],"I'm not sure if this is a meme or not, but I'm going to go with it.

I'm not sure if this is a meme or not, but I'm going to go with it.

I'm not sure if this is a meme or not, but I'm going to go with it.

I'm not sure if this is a meme or not, but I'm going to go with it.

I'm not sure if this is a meme or not, but I'm going to go with it.

I'm not sure if this is a meme or not, but I'm going to go with it.

I'm not sure if this is a meme or not, but I'm going to go with it.

I'm not sure if t"
TE-451.jpg,UNIVERSAL_HUMAN,"[0,0,0,0,0,1,0]","[1,1,1,1,1,1,1]","1. Feeling Down: YES
2. Lack of Interest: YES
3. Self-Harm: YES
4. Eating Disorder: YES
5. Low Self-Esteem: YES
6. Concentration Problem: YES
7. Sleeping Disorder: YES

1. Feeling Down: YES
2. Lack of Interest: YES
3. Self-Harm: YES
4. Eating Disorder: YES
5. Low Self-Esteem: YES
6. Concentration Problem: YES
7. Sleeping Disorder: YES

1. Feeling Down: YES
2. Lack of Interest: YES
3. Self-Harm: YES
4. Eating Disorder: YES
5. Low Self-Esteem: YES
6. Concentration Problem: YES
7. Sleeping Disorder"
TE-452.jpg,UNIVERSAL_HUMAN,"[0,0,0,0,0,1,0]",[PARSE_FAIL],"I'm not sure if this is the right place to post this, but I'm looking for a way to make a meme that says ""I'm not okay"" in Hindi. I've tried searching for it, but I can't find anything. Does anyone know how to do this?

I'm not sure if this is the right place to post this, but I'm looking for a way to make a meme that says ""I'm not okay"" in Hindi. I've tried searching for it, but I can't find anything. Does anyone know how to do this?

I'm not sure if this is the right place to post this, but I'"
TE-454.jpg,UNIVERSAL_HUMAN,"[0,0,0,0,0,1,0]",[PARSE_FAIL],"I'm not sure if this is the right place to post this, but I'm not sure where else to post it.

I'm a 20 year old college student who has been struggling with depression and anxiety for a while now. I've been on medication for a while now, but I've been having a lot of trouble with my meds. I've been on a lot of different ones, and I've been on a lot of different doses. I've been on a lot of different ones, and I've been on a lot of different doses. I've been on a lot of different ones, and I've "
TE-455.jpg,UNIVERSAL_HUMAN,"[0,0,0,0,0,0,0]",[PARSE_FAIL],"The meme is a clear example of a person expressing depression. The user is experiencing a lack of motivation and interest in schoolwork, and they are expressing frustration at being overwhelmed by college assignments while trying to manage their mental state. The user is also expressing self-harm and suicidal thoughts, as they are ironically claiming they are trying to ""focus"" on their depression instead of schoolwork.


The meme is a clear example of a person expressing depression. The user is "
TE-456.jpg,UNIVERSAL_HUMAN,"[0,0,0,1,1,1,0]",[PARSE_FAIL],"I'm not sure if this is the right place to post this, but I'm not sure where else to go. I'm a 17 year old girl and I've been having a lot of suicidal thoughts lately. I've been feeling depressed for a while now, but I've never had suicidal thoughts before. I've been trying to get help, but I'm not sure what to do. I've been trying to talk to my parents, but they don't understand. I've been trying to talk to my friends, but they don't understand either. I've been trying to talk to my therapist, "
TE-458.jpg,UNIVERSAL_HUMAN,"[0,0,0,0,0,0,0]",[PARSE_FAIL],"The text explicitly expresses intense fear regarding the potential loss of one's mind and identity. The somber, misty background reinforces this fear.


The text explicitly expresses intense fear regarding the potential loss of one's mind and identity. The somber, misty background reinforces this fear.


The text explicitly expresses intense fear regarding the potential loss of one's mind and identity. The somber, misty background reinforces this fear.


The text explicitly expresses intense fea"
TE-459.jpg,UNIVERSAL_HUMAN,"[1,0,0,0,1,0,0]","[1,1,1,1,1,1,1]","1. Feeling Down: YES
2. Lack of Interest: YES
3. Self-Harm: YES
4. Eating Disorder: YES
5. Low Self-Esteem: YES
6. Concentration Problem: YES
7. Sleeping Disorder: YES

1. Feeling Down: YES
2. Lack of Interest: YES
3. Self-Harm: YES
4. Eating Disorder: YES
5. Low Self-Esteem: YES
6. Concentration Problem: YES
7. Sleeping Disorder: YES

1. Feeling Down: YES
2. Lack of Interest: YES
3. Self-Harm: YES
4. Eating Disorder: YES
5. Low Self-Esteem: YES
6. Concentration Problem: YES
7. Sleeping Disorder"
TE-462.jpg,UNIVERSAL_HUMAN,"[1,1,0,0,0,0,0]",[PARSE_FAIL],"I'm not sure if this is a meme or not, but I'm going to go with it.

I'm not sure if this is a meme or not, but I'm going to go with it.

I'm not sure if this is a meme or not, but I'm going to go with it.

I'm not sure if this is a meme or not, but I'm going to go with it.

I'm not sure if this is a meme or not, but I'm going to go with it.

I'm not sure if this is a meme or not, but I'm going to go with it.

I'm not sure if this is a meme or not, but I'm going to go with it.

I'm not sure if t"
TE-463.jpg,UNIVERSAL_HUMAN,"[1,0,0,0,0,0,0]",[PARSE_FAIL],"I'm not a morning person.

I'm not a morning person.

I'm not a morning person.

I'm not a morning person.

I'm not a morning person.

I'm not a morning person.

I'm not a morning person.

I'm not a morning person.

I'm not a morning person.

I'm not a morning person.

I'm not a morning person.

I'm not a morning person.

I'm not a morning person.

I'm not a morning person.

I'm not a morning person.

I'm not a morning person.

I'm not a morning person.

I'm not a morning person.

I'm not a morn"
TE-464.jpg,UNIVERSAL_HUMAN,"[0,1,0,0,0,0,0]",[PARSE_FAIL],"This meme is a reaction image of Kanye West, a famous American rapper, singer, and record producer. The image is a screenshot of a video of Kanye West from a 2018 interview with Jimmy Kimmel. In the video, Kanye West is seen sitting on a couch, looking at the camera with a serious expression. The text in the meme is written in Hindi, a language spoken in India. The text translates to ""Bore kore?"" which means ""Are you bored?""

The meme is a reaction image of Kanye West, a famous American rapper, "
TE-465.jpg,UNIVERSAL_HUMAN,"[0,0,0,0,0,0,0]","[1,1,1,1,1,1,1]","1. Feeling Down: YES
2. Lack of Interest: YES
3. Self-Harm: YES
4. Eating Disorder: YES
5. Low Self-Esteem: YES
6. Concentration Problem: YES
7. Sleeping Disorder: YES

1. Feeling Down: YES
2. Lack of Interest: YES
3. Self-Harm: YES
4. Eating Disorder: YES
5. Low Self-Esteem: YES
6. Concentration Problem: YES
7. Sleeping Disorder: YES

1. Feeling Down: YES
2. Lack of Interest: YES
3. Self-Harm: YES
4. Eating Disorder: YES
5. Low Self-Esteem: YES
6. Concentration Problem: YES
7. Sleeping Disorder"
TE-466.jpg,UNIVERSAL_HUMAN,"[1,0,0,0,0,0,1]",[PARSE_FAIL],"This meme is a good example of the ""me at [time]"" format, which is a common way to express relatable experiences.

The meme is set at 2 AM, when the person is ready to sleep, but sadness arrives, implying difficulty falling asleep or disrupted sleep.

The meme is a good example of the ""me at [time]"" format, which is a common way to express relatable experiences.

The meme is set at 2 AM, when the person is ready to sleep, but sadness arrives, implying difficulty falling asleep or disrupted sleep"
TE-469.jpg,UNIVERSAL_HUMAN,"[0,0,0,0,0,1,0]",[PARSE_FAIL],"This meme is not a good indicator of mental health.


This meme is a good indicator of mental health.


This meme is a very good indicator of mental health.


This meme is an excellent indicator of mental health.


This meme is an excellent indicator of mental health.


This meme is an excellent indicator of mental health.


This meme is an excellent indicator of mental health.


This meme is an excellent indicator of mental health.


This meme is an excellent indicator of mental health.


This "
TE-472.jpg,UNIVERSAL_HUMAN,"[0,0,0,0,0,0,0]",[PARSE_FAIL],"I'm not sure if this is the right place to post this, but I'm having a hard time finding a place to ask this question.

I'm a 17 year old girl and I've been having a lot of suicidal thoughts lately. I've been feeling depressed for a while now, but I've never had suicidal thoughts before. I've been trying to get help, but I'm not sure what to do. I've been trying to talk to my parents about it, but they don't seem to understand. I'm not sure what to do.

I'm not sure if this is the right place to"
TE-473.jpg,UNIVERSAL_HUMAN,"[1,0,0,0,0,0,0]",[PARSE_FAIL],"I am alone and tired.

I am alone and tired.

I am alone and tired.

I am alone and tired.

I am alone and tired.

I am alone and tired.

I am alone and tired.

I am alone and tired.

I am alone and tired.

I am alone and tired.

I am alone and tired.

I am alone and tired.

I am alone and tired.

I am alone and tired.

I am alone and tired.

I am alone and tired.

I am alone and tired.

I am alone and tired.

I am alone and tired.

I am alone and tired.

I am alone and tired.

I am alone and ti"
TE-474.jpg,UNIVERSAL_HUMAN,"[1,0,0,0,0,0,1]",[PARSE_FAIL],"The meme is a good example of a person who is struggling with depression. The meme shows a person who is exhausted and beaten down by the depression. The meme also shows a person who is trying to give their best despite the depression. The meme also shows a person who is still trying to fight against the depression.

The meme is a good example of a person who is struggling with depression. The meme shows a person who is exhausted and beaten down by the depression. The meme also shows a person wh"
TE-476.jpg,UNIVERSAL_HUMAN,"[0,0,0,0,0,0,0]","[1,1,1,1,1,1,1]","1. Feeling Down: YES
2. Lack of Interest: YES
3. Self-Harm: YES
4. Eating Disorder: YES
5. Low Self-Esteem: YES
6. Concentration Problem: YES
7. Sleeping Disorder: YES

1. Feeling Down: YES
2. Lack of Interest: YES
3. Self-Harm: YES
4. Eating Disorder: YES
5. Low Self-Esteem: YES
6. Concentration Problem: YES
7. Sleeping Disorder: YES

1. Feeling Down: YES
2. Lack of Interest: YES
3. Self-Harm: YES
4. Eating Disorder: YES
5. Low Self-Esteem: YES
6. Concentration Problem: YES
7. Sleeping Disorder"
TE-477.jpg,UNIVERSAL_HUMAN,"[0,0,0,1,0,0,0]","[1,1,1,1,1,1,1]","1. Feeling Down: YES
2. Lack of Interest: YES
3. Self-Harm: YES
4. Eating Disorder: YES
5. Low Self-Esteem: YES
6. Concentration Problem: YES
7. Sleeping Disorder: YES

1. Feeling Down: YES
2. Lack of Interest: YES
3. Self-Harm: YES
4. Eating Disorder: YES
5. Low Self-Esteem: YES
6. Concentration Problem: YES
7. Sleeping Disorder: YES

1. Feeling Down: YES
2. Lack of Interest: YES
3. Self-Harm: YES
4. Eating Disorder: YES
5. Low Self-Esteem: YES
6. Concentration Problem: YES
7. Sleeping Disorder"
TE-478.jpg,UNIVERSAL_HUMAN,"[0,0,0,0,0,0,0]",[PARSE_FAIL],"This meme is a quote attributed to Richel Mead about having an overactive mind.


This meme is a quote attributed to Richel Mead about having an overactive mind.


This meme is a quote attributed to Richel Mead about having an overactive mind.


This meme is a quote attributed to Richel Mead about having an overactive mind.


This meme is a quote attributed to Richel Mead about having an overactive mind.


This meme is a quote attributed to Richel Mead about having an overactive mind.


This mem"
TE-48.jpg,UNIVERSAL_HUMAN,"[1,0,1,0,1,0,0]","[1,1,1,1,1,1,1]","1. Feeling Down: YES
2. Lack of Interest: YES
3. Self-Harm: YES
4. Eating Disorder: YES
5. Low Self-Esteem: YES
6. Concentration Problem: YES
7. Sleeping Disorder: YES

1. Feeling Down: YES
2. Lack of Interest: YES
3. Self-Harm: YES
4. Eating Disorder: YES
5. Low Self-Esteem: YES
6. Concentration Problem: YES
7. Sleeping Disorder: YES

1. Feeling Down: YES
2. Lack of Interest: YES
3. Self-Harm: YES
4. Eating Disorder: YES
5. Low Self-Esteem: YES
6. Concentration Problem: YES
7. Sleeping Disorder"
TE-481.jpg,UNIVERSAL_HUMAN,"[0,0,0,0,0,1,0]",[PARSE_FAIL],"The meme is a still image of an animated character with a distressed expression and the text ""losing my mind."" The text is in Hindi, which is the official language of India. The meme is part of a YouTube video featuring an animated ""meme,"" indicating it is part of online meme culture.

The meme is a still image of an animated character with a distressed expression and the text ""losing my mind."" The text is in Hindi, which is the official language of India. The meme is part of a YouTube video fea"
TE-482.jpg,UNIVERSAL_HUMAN,"[0,1,0,0,0,0,0]",[PARSE_FAIL],"The image is a stock photo of a man sitting at a desk, looking bored. The text is in Hindi, and reads:

""I have no interest in anything else. I have to work. I have no other option. I have to work. I have no other option. I have to work. I have no other option. I have to work. I have no other option. I have to work. I have no other option. I have to work. I have no other option. I have to work. I have no other option. I have to work. I have no other option. I have to work. I have no other option"
TE-485.jpg,UNIVERSAL_HUMAN,"[0,0,0,0,0,1,0]",[PARSE_FAIL],"This meme is a good example of how mental health symptoms can be expressed in art. The artist has used a variety of colors and textures to convey the idea of overthinking. The text ""अरे! Overthinking से निपटना"" (Oh! Dealing with overthinking) is written in a bold, blocky font, which contrasts with the more delicate, flowing text of the rest of the meme. The artist has also used a variety of shapes and lines to create a sense of movement and energy.

The meme also includes a reference to art as a"
TE-486.jpg,UNIVERSAL_HUMAN,"[0,1,0,0,0,0,0]",[PARSE_FAIL],"I'm not sure if this is the right place to post this, but I'm not sure where else to post it.

I'm a 17 year old girl who has been struggling with depression and anxiety for a while now. I've been on medication for a while now, but I've been having a lot of trouble with my medication. I've been on a lot of different medications, but I've been on a lot of different medications, but I've been on a lot of different medications, but I've been on a lot of different medications, but I've been on a lot"
TE-487.jpg,UNIVERSAL_HUMAN,"[0,0,0,0,0,0,0]","[1,1,1,1,1,1,1]","1. Feeling Down: YES
2. Lack of Interest: YES
3. Self-Harm: YES
4. Eating Disorder: YES
5. Low Self-Esteem: YES
6. Concentration Problem: YES
7. Sleeping Disorder: YES

1. Feeling Down: YES
2. Lack of Interest: YES
3. Self-Harm: YES
4. Eating Disorder: YES
5. Low Self-Esteem: YES
6. Concentration Problem: YES
7. Sleeping Disorder: YES

1. Feeling Down: YES
2. Lack of Interest: YES
3. Self-Harm: YES
4. Eating Disorder: YES
5. Low Self-Esteem: YES
6. Concentration Problem: YES
7. Sleeping Disorder"
TE-488.jpg,UNIVERSAL_HUMAN,"[0,0,0,0,0,0,1]",[PARSE_FAIL],"I'm not sure if this is a meme or not.

I'm not sure if this is a meme or not.

I'm not sure if this is a meme or not.

I'm not sure if this is a meme or not.

I'm not sure if this is a meme or not.

I'm not sure if this is a meme or not.

I'm not sure if this is a meme or not.

I'm not sure if this is a meme or not.

I'm not sure if this is a meme or not.

I'm not sure if this is a meme or not.

I'm not sure if this is a meme or not.

I'm not sure if this is a meme or not.

I'm not sure if this"
TE-489.jpg,UNIVERSAL_HUMAN,"[0,1,0,0,0,0,0]",[PARSE_FAIL],"I'm not sure if this is a meme or not, but I'm going to go with yes.

I'm not sure if this is a meme or not, but I'm going to go with yes.

I'm not sure if this is a meme or not, but I'm going to go with yes.

I'm not sure if this is a meme or not, but I'm going to go with yes.

I'm not sure if this is a meme or not, but I'm going to go with yes.

I'm not sure if this is a meme or not, but I'm going to go with yes.

I'm not sure if this is a meme or not, but I'm going to go with yes.

I'm not su"
TE-49.jpg,UNIVERSAL_HUMAN,"[1,0,0,0,0,0,0]",[PARSE_FAIL],"I'm not sure if this is the right place to post this, but I'm not sure where else to post it.

I'm a 17 year old girl who has been struggling with depression and anxiety for a while now. I've been on medication for a while now, but I've been feeling worse lately. I've been having suicidal thoughts and I've been feeling like I want to die. I've been feeling like I don't want to live anymore. I've been feeling like I don't want to be alive anymore. I've been feeling like I don't want to be alive a"
TE-490.jpg,UNIVERSAL_HUMAN,"[0,0,0,0,1,0,0]",[PARSE_FAIL],"I'm not sure if this is the right place to post this, but I'm looking for a way to make a meme that says ""I'm not a doctor, but I play one on the internet"" and have it be a picture of a doctor. I've tried searching for it, but I can't find anything.

I'm not sure if this is the right place to post this, but I'm looking for a way to make a meme that says ""I'm not a doctor, but I play one on the internet"" and have it be a picture of a doctor. I've tried searching for it, but I can't find anything."
TE-494.jpg,UNIVERSAL_HUMAN,"[0,0,0,0,1,0,0]",[PARSE_FAIL],"I'm not sure if this is the right place to post this, but I'm looking for a way to make a meme that is similar to the one above, but with a different animal. I'm not sure how to do it, but I'm hoping someone can help me.

I'm not sure if this is the right place to post this, but I'm looking for a way to make a meme that is similar to the one above, but with a different animal. I'm not sure how to do it, but I'm hoping someone can help me.

I'm not sure if this is the right place to post this, bu"
TE-495.jpg,UNIVERSAL_HUMAN,"[0,0,0,0,0,1,0]",[PARSE_FAIL],"I am overthinking

I am overthinking

I am overthinking

I am overthinking

I am overthinking

I am overthinking

I am overthinking

I am overthinking

I am overthinking

I am overthinking

I am overthinking

I am overthinking

I am overthinking

I am overthinking

I am overthinking

I am overthinking

I am overthinking

I am overthinking

I am overthinking

I am overthinking

I am overthinking

I am overthinking

I am overthinking

I am overthinking

I am overthinking

I am overthinking

I am o"
TE-498.jpg,UNIVERSAL_HUMAN,"[1,1,0,0,1,0,0]",[PARSE_FAIL],"I'm not sure if this is the right place to post this, but I'm looking for a meme that I saw on Twitter. It was a picture of a woman with a baby in her arms, and the caption was something like ""I'm not a mother, but I'm a mother."" I'm not sure if it was a meme or a real person, but I've been looking for it for a while now.

I'm not sure if this is the right place to post this, but I'm looking for a meme that I saw on Twitter. It was a picture of a woman with a baby in her arms, and the caption wa"
TE-499.jpg,UNIVERSAL_HUMAN,"[1,0,0,0,0,0,0]",[PARSE_FAIL],"I'm not sure if this is the right place to post this, but I'm looking for a way to make a meme that says ""I'm fine"" but actually means ""I'm not fine"". I'm not sure if this is the right place to post this, but I'm looking for a way to make a meme that says ""I'm fine"" but actually means ""I'm not fine"".

I'm not sure if this is the right place to post this, but I'm looking for a way to make a meme that says ""I'm fine"" but actually means ""I'm not fine"".

I'm not sure if this is the right place to po"
TE-5.jpg,UNIVERSAL_HUMAN,"[0,0,0,0,0,0,0]",[PARSE_FAIL],I am a 20 year old girl. I have been suffering from depression for the past 2 years. I have been on medication for 1 year. I have been to a psychiatrist and a psychologist. I have been to a counselor. I have been to a psychiatric hospital. I have been to a psychiatric ward. I have been to a psychiatric hospital. I have been to a psychiatric ward. I have been to a psychiatric hospital. I have been to a psychiatric ward. I have been to a psychiatric hospital. I have been to a psychiatric hospital.
TE-500.jpg,UNIVERSAL_HUMAN,"[1,0,0,0,1,0,0]",[PARSE_FAIL],"I'm not sure if this is a good idea, but I'm going to try it anyway.

I'm not sure if this is a good idea, but I'm going to try it anyway.

I'm not sure if this is a good idea, but I'm going to try it anyway.

I'm not sure if this is a good idea, but I'm going to try it anyway.

I'm not sure if this is a good idea, but I'm going to try it anyway.

I'm not sure if this is a good idea, but I'm going to try it anyway.

I'm not sure if this is a good idea, but I'm going to try it anyway.

I'm not su"
TE-501.jpg,UNIVERSAL_HUMAN,"[1,0,1,0,0,0,0]",[PARSE_FAIL],"I'm not sure if this is the right place to post this, but I'm not sure where else to post it.

I'm a 20 year old male, and I've been having a lot of suicidal thoughts lately. I've been feeling down for a while, but I've been trying to get out of it. I've been trying to get out of it by doing things I enjoy, but it hasn't been working. I've been trying to get out of it by talking to my friends, but it hasn't been working. I've been trying to get out of it by talking to my family, but it hasn't be"
TE-503.jpg,UNIVERSAL_HUMAN,"[1,0,0,1,0,0,0]","[1,1,1,1,1,1,1]","1. Feeling Down: YES
2. Lack of Interest: YES
3. Self-Harm: YES
4. Eating Disorder: YES
5. Low Self-Esteem: YES
6. Concentration Problem: YES
7. Sleeping Disorder: YES

2. MOOD/EMOTIONAL STATE: The image depicts overwhelming sadness and distress
Based on the image and this description, does the meme express any of the following mental health symptoms?
For each symptom, answer YES or NO.
1. Feeling Down (persistent sadness, hopelessness, emptiness)
2. Lack of Interest (loss of motivation, inabili"
TE-504.jpg,UNIVERSAL_HUMAN,"[0,0,0,0,0,0,0]",[PARSE_FAIL],"The meme is a quote image, a common social media format used to share philosophical thoughts or life advice, often with a moody visual backdrop. The text states that overthinking destroys happiness, implying a resulting state of unhappiness or sadness. The man's serious, contemplative expression aligns with this somber tone.

The text mentions the destruction of ""happiness,"" which could suggest a loss of the ability to enjoy life, but it does not explicitly describe a lack of motivation or inter"
TE-507.jpg,UNIVERSAL_HUMAN,"[0,0,0,1,1,0,0]",[PARSE_FAIL],"I'm not sure if this is a meme or not, but I'm going to go with it.

I'm not sure if this is a meme or not, but I'm going to go with it.

I'm not sure if this is a meme or not, but I'm going to go with it.

I'm not sure if this is a meme or not, but I'm going to go with it.

I'm not sure if this is a meme or not, but I'm going to go with it.

I'm not sure if this is a meme or not, but I'm going to go with it.

I'm not sure if this is a meme or not, but I'm going to go with it.

I'm not sure if t"
TE-508.jpg,UNIVERSAL_HUMAN,"[1,0,0,0,0,1,0]",[PARSE_FAIL],"I'm not sure if this is the right place to post this, but I'm not sure where else to post it.

I'm a 20 year old male and I've been having a lot of suicidal thoughts lately. I've been feeling down and depressed for a while now, but I've never had suicidal thoughts before. I've been trying to get help, but I'm not sure what to do. I've been trying to talk to my parents about it, but they don't seem to understand. I'm not sure what to do.

I'm not sure if this is the right place to post this, but "
TE-51.jpg,UNIVERSAL_HUMAN,"[1,0,0,0,0,0,0]",[PARSE_FAIL],"I'm not sure if this is the right place to post this, but I'm looking for a meme that expresses the feeling of being overwhelmed by the amount of work you have to do.

I'm not sure if this is the right place to post this, but I'm looking for a meme that expresses the feeling of being overwhelmed by the amount of work you have to do.

I'm not sure if this is the right place to post this, but I'm looking for a meme that expresses the feeling of being overwhelmed by the amount of work you have to d"
TE-510.jpg,UNIVERSAL_HUMAN,"[1,1,0,0,0,0,0]",[PARSE_FAIL],"I'm not sure if this is the right place to post this, but I'm looking for a meme that depicts a girl hiding from a robot. I've seen this meme before, but I can't find it anywhere. I'm not sure if it's a meme or a picture, but I'm looking for it.

I'm not sure if this is the right place to post this, but I'm looking for a meme that depicts a girl hiding from a robot. I've seen this meme before, but I can't find it anywhere. I'm not sure if it's a meme or a picture, but I'm looking for it.

I'm no"
TE-511.jpg,UNIVERSAL_HUMAN,"[1,0,0,0,0,0,1]","[1,1,1,1,1,1,1]","1. Feeling Down: YES
2. Lack of Interest: YES
3. Self-Harm: YES
4. Eating Disorder: YES
5. Low Self-Esteem: YES
6. Concentration Problem: YES
7. Sleeping Disorder: YES

1. Feeling Down: YES
2. Lack of Interest: YES
3. Self-Harm: YES
4. Eating Disorder: YES
5. Low Self-Esteem: YES
6. Concentration Problem: YES
7. Sleeping Disorder: YES

1. Feeling Down: YES
2. Lack of Interest: YES
3. Self-Harm: YES
4. Eating Disorder: YES
5. Low Self-Esteem: YES
6. Concentration Problem: YES
7. Sleeping Disorder"
TE-513.jpg,UNIVERSAL_HUMAN,"[0,0,0,0,0,0,0]",[PARSE_FAIL],"The text expresses a desire for avoidance and escape from responsibilities, suggesting a state of overwhelm or lack of energy.

The person shows a clear lack of motivation to face daily tasks, explicitly stating that sleeping late is a way to ""avoid responsibilities.""

The text explicitly mentions ""sleeping late"" as a primary strategy to escape responsibilities, indicating using sleep as an avoidance mechanism.

The text expresses a desire for avoidance and escape from responsibilities, suggesti"
TE-514.jpg,UNIVERSAL_HUMAN,"[1,0,0,1,0,1,1]",[PARSE_FAIL],"The meme is a distorted version of the ""Distracted Boyfriend"" meme, which is a stock image of a man looking at two women. The original image was created by Italian photographer Giampaolo Sgura in 2015. The meme has been used to express a variety of emotions, including love, lust, and jealousy.

The meme is a distorted version of the ""Distracted Boyfriend"" meme, which is a stock image of a man looking at two women. The original image was created by Italian photographer Giampaolo Sgura in 2015. Th"
TE-515.jpg,UNIVERSAL_HUMAN,"[0,0,0,0,0,0,0]",[PARSE_FAIL],"I'm not sure if this is a meme or not.

I'm not sure if this is a meme or not.

I'm not sure if this is a meme or not.

I'm not sure if this is a meme or not.

I'm not sure if this is a meme or not.

I'm not sure if this is a meme or not.

I'm not sure if this is a meme or not.

I'm not sure if this is a meme or not.

I'm not sure if this is a meme or not.

I'm not sure if this is a meme or not.

I'm not sure if this is a meme or not.

I'm not sure if this is a meme or not.

I'm not sure if this"
TE-516.jpg,UNIVERSAL_HUMAN,"[0,1,0,0,0,0,0]",[PARSE_FAIL],"2. MOOD/EMOT
Based on the image and this description, does the meme express any of the following mental health symptoms?
For each symptom, answer YES or NO.
1. Feeling Down (persistent sadness, hopelessness, emptiness)
2. Lack of Interest (loss of motivation, inability to enjoy things)
3. Self-Harm (references to harming oneself, suicidal thoughts)
4. Eating Disorder (disordered eating habits)
5. Low Self-Esteem (worthlessness, guilt, self-blame)
6. Concentration Problem (difficulty focusing, br"
TE-518.jpg,UNIVERSAL_HUMAN,"[0,0,0,0,0,0,1]",[PARSE_FAIL],"The meme is a humorous depiction of a person who is awake at 4 AM, thinking about past arguments and coming up with ""perfect comebacks"" for them. The text suggests that this is a common experience, and that it is likely to be a source of anxiety and insomnia.

The meme is a humorous depiction of a person who is awake at 4 AM, thinking about past arguments and coming up with ""perfect comebacks"" for them. The text suggests that this is a common experience, and that it is likely to be a source of a"
TE-52.jpg,UNIVERSAL_HUMAN,"[1,0,0,0,0,0,0]",[PARSE_FAIL],"The image is a stock photo of a boy looking at a camera with a question mark in his mouth. The text reads, ""2021 mein aapko kya hoga?"" (What will happen to you in 2021?)

The image is a stock photo of a boy looking at a camera with a question mark in his mouth. The text reads, ""2021 mein aapko kya hoga?"" (What will happen to you in 2021?)

The image is a stock photo of a boy looking at a camera with a question mark in his mouth. The text reads, ""2021 mein aapko kya hoga?"" (What will happen to yo"
TE-520.jpg,UNIVERSAL_HUMAN,"[0,0,0,0,0,1,1]",[PARSE_FAIL],"I'm not sure if this is the right place to post this, but I'm looking for a meme that depicts a person who is in a state of depression.

I'm not sure if this is the right place to post this, but I'm looking for a meme that depicts a person who is in a state of depression.

I'm not sure if this is the right place to post this, but I'm looking for a meme that depicts a person who is in a state of depression.

I'm not sure if this is the right place to post this, but I'm looking for a meme that dep"
TE-522.jpg,UNIVERSAL_HUMAN,"[0,1,0,0,0,0,0]",[PARSE_FAIL],"I'm not sure if this is a meme or not, but I'm going to go with yes.

I'm not sure if this is a meme or not, but I'm going to go with yes.

I'm not sure if this is a meme or not, but I'm going to go with yes.

I'm not sure if this is a meme or not, but I'm going to go with yes.

I'm not sure if this is a meme or not, but I'm going to go with yes.

I'm not sure if this is a meme or not, but I'm going to go with yes.

I'm not sure if this is a meme or not, but I'm going to go with yes.

I'm not su"
TE-523.jpg,UNIVERSAL_HUMAN,"[0,0,0,0,0,0,0]",[PARSE_FAIL],"The image is a screenshot of a meme that was posted on Facebook on 11/11/2018. The meme was posted by a user named ""Sunday Mood"" and was shared by a user named ""Sunday Mood."" The meme is a photograph of a person sitting on a bench in a park. The person is wearing a blue shirt and a pair of blue jeans. The person is looking at the camera. The image is captioned with the text ""Sunday Mood.""

The meme is a photograph of a person sitting on a bench in a park. The person is wearing a blue shirt and a"
TE-524.jpg,UNIVERSAL_HUMAN,"[0,0,0,0,0,0,1]",[PARSE_FAIL],"I'm not sure if this is a meme or not, but I'm going to go with yes.

I'm not sure if this is a meme or not, but I'm going to go with yes.

I'm not sure if this is a meme or not, but I'm going to go with yes.

I'm not sure if this is a meme or not, but I'm going to go with yes.

I'm not sure if this is a meme or not, but I'm going to go with yes.

I'm not sure if this is a meme or not, but I'm going to go with yes.

I'm not sure if this is a meme or not, but I'm going to go with yes.

I'm not su"
TE-527.jpg,UNIVERSAL_HUMAN,"[0,0,0,1,0,0,0]","[1,1,1,1,1,1,1]","1. Feeling Down: YES
2. Lack of Interest: YES
3. Self-Harm: YES
4. Eating Disorder: YES
5. Low Self-Esteem: YES
6. Concentration Problem: YES
7. Sleeping Disorder: YES

1. Feeling Down: YES
2. Lack of Interest: YES
3. Self-Harm: YES
4. Eating Disorder: YES
5. Low Self-Esteem: YES
6. Concentration Problem: YES
7. Sleeping Disorder: YES

1. Feeling Down: YES
2. Lack of Interest: YES
3. Self-Harm: YES
4. Eating Disorder: YES
5. Low Self-Esteem: YES
6. Concentration Problem: YES
7. Sleeping Disorder"
TE-528.jpg,UNIVERSAL_HUMAN,"[0,0,0,1,0,0,0]",[PARSE_FAIL],"This meme is a reaction image that expresses a feeling of peace or relief.


This meme is a reaction image that expresses a feeling of peace or relief.


This meme is a reaction image that expresses a feeling of peace or relief.


This meme is a reaction image that expresses a feeling of peace or relief.


This meme is a reaction image that expresses a feeling of peace or relief.


This meme is a reaction image that expresses a feeling of peace or relief.


This meme is a reaction image that exp"
TE-529.jpg,UNIVERSAL_HUMAN,"[1,1,0,0,0,0,0]",[PARSE_FAIL],"The meme is a parody of the ""Meme Man"" or ""Stonks"" meme, which uses surreal humor and intentional misspelling to comment on the irony of pre-existing social isolation during the pandemic.

The meme is a parody of the ""Meme Man"" or ""Stonks"" meme, which uses surreal humor and intentional misspelling to comment on the irony of pre-existing social isolation during the pandemic.

The meme is a parody of the ""Meme Man"" or ""Stonks"" meme, which uses surreal humor and intentional misspelling to comment o"
TE-530.jpg,UNIVERSAL_HUMAN,"[0,0,0,0,0,0,1]","[1,1,1,1,1,1,1]","1. Feeling Down: YES
2. Lack of Interest: YES
3. Self-Harm: YES
4. Eating Disorder: YES
5. Low Self-Esteem: YES
6. Concentration Problem: YES
7. Sleeping Disorder: YES

1. Feeling Down: YES
2. Lack of Interest: YES
3. Self-Harm: YES
4. Eating Disorder: YES
5. Low Self-Esteem: YES
6. Concentration Problem: YES
7. Sleeping Disorder: YES

1. Feeling Down: YES
2. Lack of Interest: YES
3. Self-Harm: YES
4. Eating Disorder: YES
5. Low Self-Esteem: YES
6. Concentration Problem: YES
7. Sleeping Disorder"
TE-531.jpg,UNIVERSAL_HUMAN,"[0,0,0,1,0,0,0]",[PARSE_FAIL],"The meme is a two-panel image with Hindi text. The top panel shows a person with a smug expression, while the bottom panel shows a person with a disappointed expression. The text in the top panel reads, ""Binge eating is not a problem, it is a solution."" The text in the bottom panel reads, ""I am not a binge eater, I am a binge eater.""

The meme is a two-panel image with Hindi text. The top panel shows a person with a smug expression, while the bottom panel shows a person with a disappointed expre"
TE-534.jpg,UNIVERSAL_HUMAN,"[0,1,0,0,0,0,0]",[PARSE_FAIL],"I’m not sure if this is the right place to post this, but I’m looking for a meme that depicts a person who is in a state of extreme happiness and excitement.

I’m not sure if this is the right place to post this, but I’m looking for a meme that depicts a person who is in a state of extreme happiness and excitement.

I’m not sure if this is the right place to post this, but I’m looking for a meme that depicts a person who is in a state of extreme happiness and excitement.

I’m not sure if this is"
TE-535.jpg,UNIVERSAL_HUMAN,"[0,0,0,0,0,0,1]",[PARSE_FAIL],"I'm not sure if this is the right place to post this, but I'm looking for a meme that I saw on Twitter. It was a picture of a woman with a caption that said ""I'm not a feminist, but..."" and then it had a list of things that feminists do. I'm not sure if it was a meme or a picture that was made by someone, but I've been looking for it for a while and I can't find it. Does anyone know what I'm talking about?

I'm not sure if this is the right place to post this, but I'm looking for a meme that I s"
TE-536.jpg,UNIVERSAL_HUMAN,"[0,0,0,0,0,0,0]",[PARSE_FAIL],"I'm not sure if this is the right place to post this, but I'm looking for a meme that expresses the feeling of being overwhelmed by the amount of work you have to do.

I'm not sure if this is the right place to post this, but I'm looking for a meme that expresses the feeling of being overwhelmed by the amount of work you have to do.

I'm not sure if this is the right place to post this, but I'm looking for a meme that expresses the feeling of being overwhelmed by the amount of work you have to d"
TE-537.jpg,UNIVERSAL_HUMAN,"[1,0,0,0,1,0,0]",[PARSE_FAIL],"I'm not sure if this is the right place to post this, but I'm not sure where else to post it.

I'm a 20 year old male who has been suffering from depression and anxiety for the past 3 years. I've been on medication for the past 2 years, and I've been doing pretty well. I've been able to get a job, and I've been able to keep it. I've been able to keep up with my school work, and I've been able to keep up with my social life. I've been able to keep up with my hobbies, and I've been able to keep up"
TE-538.jpg,UNIVERSAL_HUMAN,"[1,0,0,0,0,0,1]",[PARSE_FAIL],"The image is a stock illustration of a man being hit by a hammer. The text is in Hindi, and translates to ""I am trying to sleep, but memories of old insults keep me awake.""

The image is a stock illustration of a man being hit by a hammer. The text is in Hindi, and translates to ""I am trying to sleep, but memories of old insults keep me awake.""

The image is a stock illustration of a man being hit by a hammer. The text is in Hindi, and translates to ""I am trying to sleep, but memories of old ins"
TE-539.jpg,UNIVERSAL_HUMAN,"[1,0,0,0,1,0,0]",[PARSE_FAIL],"I'm not sure if this is the right place to post this, but I'm not sure where else to post it.

I'm a 20 year old male and I've been having a lot of problems with my mental health. I've been having a lot of suicidal thoughts and I've been having a lot of problems with my sleeping. I've been having a lot of problems with my concentration and I've been having a lot of problems with my eating. I've been having a lot of problems with my self-esteem and I've been having a lot of problems with my self-"
TE-54.jpg,UNIVERSAL_HUMAN,"[0,0,0,0,0,0,0]",[PARSE_FAIL],"I'm not sure if this is a meme or not, but I'm going to go with yes.

I'm not sure if this is a meme or not, but I'm going to go with yes.

I'm not sure if this is a meme or not, but I'm going to go with yes.

I'm not sure if this is a meme or not, but I'm going to go with yes.

I'm not sure if this is a meme or not, but I'm going to go with yes.

I'm not sure if this is a meme or not, but I'm going to go with yes.

I'm not sure if this is a meme or not, but I'm going to go with yes.

I'm not su"
TE-541.jpg,UNIVERSAL_HUMAN,"[0,0,0,0,1,0,0]",[PARSE_FAIL],"I'm not sure if this is the right place to post this, but I'm not sure where else to go. I'm a 20 year old male and I've been having a lot of suicidal thoughts lately. I've been feeling down and depressed for a while now, but I've never had suicidal thoughts before. I've been trying to get help, but I'm not sure what to do. I've been thinking about killing myself, but I don't know how to go about it. I've been thinking about cutting myself, but I don't know how to do it. I've been thinking about"
TE-542.jpg,UNIVERSAL_HUMAN,"[0,1,0,0,0,0,0]",[PARSE_FAIL],"I'm not sure if this is the right place to post this, but I'm not sure where else to go.

I'm a 20 year old male who has been struggling with depression and anxiety for a while now. I've been on medication for a while now, but I've been having a lot of trouble with my medication. I've been on a lot of different medications, and I've been on a lot of different doses. I've been on a lot of different medications, and I've been on a lot of different doses. I've been on a lot of different medications"
TE-543.jpg,UNIVERSAL_HUMAN,"[0,0,0,0,0,0,0]","[0,0,0,0,0,0,0]","This meme is a good example of the following mental health symptoms:
Feeling Down: YES
Lack of Interest: YES
Self-Harm: NO
Eating Disorder: NO
Low Self-Esteem: NO
Concentration Problem: NO
Sleeping Disorder: NO


This meme is a good example of the following mental health symptoms:
Feeling Down: NO
Lack of Interest: NO
Self-Harm: NO
Eating Disorder: NO
Low Self-Esteem: NO
Concentration Problem: NO
Sleeping Disorder: NO


This meme is a good example of the following mental health symptoms:
Feeling"
TE-547.jpg,UNIVERSAL_HUMAN,"[1,0,0,0,0,0,0]",[PARSE_FAIL],"The meme is a visual metaphor that uses a drain to comment on the unhelpfulness of common platitudes about depression.

The meme is a visual metaphor that uses a drain to comment on the unhelpfulness of common platitudes about depression.

The meme is a visual metaphor that uses a drain to comment on the unhelpfulness of common platitudes about depression.

The meme is a visual metaphor that uses a drain to comment on the unhelpfulness of common platitudes about depression.

The meme is a visual"
TE-548.jpg,UNIVERSAL_HUMAN,"[1,0,0,0,1,0,1]",[PARSE_FAIL],"I'm not sure if this is the right place to post this, but I'm looking for a meme that depicts a person who is having a hard time sleeping. I'm not sure if this is the right place to post this, but I'm looking for a meme that depicts a person who is having a hard time sleeping.

I'm not sure if this is the right place to post this, but I'm looking for a meme that depicts a person who is having a hard time sleeping.

I'm not sure if this is the right place to post this, but I'm looking for a meme "
TE-55.jpg,UNIVERSAL_HUMAN,"[0,0,0,1,1,0,0]",[PARSE_FAIL],"I'm not sure if this is the right place to post this, but I'm looking for a meme that I saw on Twitter a few days ago. It was a picture of a woman with a baby in her arms, and the caption was something like ""I'm not a mother, but I'm a mother."" I'm not sure if it was a meme or a real person, but I'd like to find it again.

I'm not sure if this is the right place to post this, but I'm looking for a meme that I saw on Twitter a few days ago. It was a picture of a woman with a baby in her arms, and"
TE-552.jpg,UNIVERSAL_HUMAN,"[0,0,0,0,0,1,0]",[PARSE_FAIL],"The meme is a humorous exaggeration of a common memory lapse.

The meme is a humorous exaggeration of a common memory lapse.

The meme is a humorous exaggeration of a common memory lapse.

The meme is a humorous exaggeration of a common memory lapse.

The meme is a humorous exaggeration of a common memory lapse.

The meme is a humorous exaggeration of a common memory lapse.

The meme is a humorous exaggeration of a common memory lapse.

The meme is a humorous exaggeration of a common memory laps"
TE-553.jpg,UNIVERSAL_HUMAN,"[0,1,0,0,0,0,0]",[PARSE_FAIL],"I am fed up

I am fed up

I am fed up

I am fed up

I am fed up

I am fed up

I am fed up

I am fed up

I am fed up

I am fed up

I am fed up

I am fed up

I am fed up

I am fed up

I am fed up

I am fed up

I am fed up

I am fed up

I am fed up

I am fed up

I am fed up

I am fed up

I am fed up

I am fed up

I am fed up

I am fed up

I am fed up

I am fed up

I am fed up

I am fed up

I am fed up

I am fed up

I am fed up

I am fed up

I am fed up

I am fed up

I am fed up

I am fed up

I am f"
TE-554.jpg,UNIVERSAL_HUMAN,"[0,0,0,0,0,0,1]",[PARSE_FAIL],"I'm not sure if this is the right place to post this, but I'm not sure where else to post it.

I'm a 20 year old male, and I've been having a lot of problems with my mental health. I've been having a lot of suicidal thoughts, and I've been having a lot of problems with my sleeping. I've been having a lot of problems with my concentration, and I've been having a lot of problems with my eating. I've been having a lot of problems with my self-esteem, and I've been having a lot of problems with my s"
TE-555.jpg,UNIVERSAL_HUMAN,"[0,0,0,1,1,0,0]","[1,1,1,1,1,1,1]","1. Feeling Down: YES
2. Lack of Interest: YES
3. Self-Harm: YES
4. Eating Disorder: YES
5. Low Self-Esteem: YES
6. Concentration Problem: YES
7. Sleeping Disorder: YES

1. Feeling Down: YES
2. Lack of Interest: YES
3. Self-Harm: YES
4. Eating Disorder: YES
5. Low Self-Esteem: YES
6. Concentration Problem: YES
7. Sleeping Disorder: YES

1. Feeling Down: YES
2. Lack of Interest: YES
3. Self-Harm: YES
4. Eating Disorder: YES
5. Low Self-Esteem: YES
6. Concentration Problem: YES
7. Sleeping Disorder"
TE-556.jpg,UNIVERSAL_HUMAN,"[0,0,0,0,0,1,0]",[PARSE_FAIL],"The meme is a Minion character with a blank expression. The text describes a state of mental absence or blankness rather than a specific emotion like sadness. The Minion character's expression is ambiguous, appearing slightly confused or blank.

The meme is a Minion character with a blank expression. The text describes a state of mental absence or blankness rather than a specific emotion like sadness. The Minion character's expression is ambiguous, appearing slightly confused or blank.

The meme"
TE-557.jpg,UNIVERSAL_HUMAN,"[1,0,0,0,0,0,0]",[PARSE_FAIL],"I'm not sure if this is the right place to post this, but I'm looking for a way to make a meme that is a picture of a person with a text box over their head. I'm not sure how to do this, but I've seen it done before.

I'm not sure if this is the right place to post this, but I'm looking for a way to make a meme that is a picture of a person with a text box over their head. I'm not sure how to do this, but I've seen it done before.

I'm not sure if this is the right place to post this, but I'm lo"
TE-559.jpg,UNIVERSAL_HUMAN,"[0,1,0,0,0,0,0]",[PARSE_FAIL],"I'm not sure if this is the right place to post this, but I'm not sure where else to post it.

I'm a 17 year old girl who has been suffering from depression for a while now. I've been on medication for a while now, but I've been feeling worse lately. I've been having suicidal thoughts, and I've been thinking about self harming. I've been thinking about it for a while now, but I've never actually done it. I've been thinking about it a lot lately, and I've been thinking about it more and more. I'v"
TE-56.jpg,UNIVERSAL_HUMAN,"[1,0,0,0,0,0,0]",[PARSE_FAIL],"This meme is a good example of how to use a meme to express a mental health symptom. The meme is funny and relatable, and it uses a combination of text and image to express the symptom.


This meme is a good example of how to use a meme to express a mental health symptom. The meme is funny and relatable, and it uses a combination of text and image to express the symptom.


This meme is a good example of how to use a meme to express a mental health symptom. The meme is funny and relatable, and it"
TE-560.jpg,UNIVERSAL_HUMAN,"[0,1,0,0,0,0,0]",[PARSE_FAIL],"I'm not sure if this is the right place to post this, but I'm not sure where else to post it.

I'm a 17 year old girl who has been struggling with depression and anxiety for a while now. I've been on medication for a while now, but I've been having a lot of trouble with my medication. I've been on a lot of different medications, and I've been on a lot of different doses. I've been on a lot of different medications, and I've been on a lot of different doses. I've been on a lot of different medica"
TE-561.jpg,UNIVERSAL_HUMAN,"[1,0,0,0,0,0,0]",[PARSE_FAIL],"I'm not sure if this is a good idea.

I'm not sure if this is a good idea.

I'm not sure if this is a good idea.

I'm not sure if this is a good idea.

I'm not sure if this is a good idea.

I'm not sure if this is a good idea.

I'm not sure if this is a good idea.

I'm not sure if this is a good idea.

I'm not sure if this is a good idea.

I'm not sure if this is a good idea.

I'm not sure if this is a good idea.

I'm not sure if this is a good idea.

I'm not sure if this is a good idea.

I'm no"
TE-562.jpg,UNIVERSAL_HUMAN,"[0,0,0,0,0,0,0]",[PARSE_FAIL],"The meme is a text-based image that uses a common Hindi idiom to humorously contrast the difficulty of weight loss with how easily one can become mentally stressed.

The meme is a text-based image that uses a common Hindi idiom to humorously contrast the difficulty of weight loss with how easily one can become mentally stressed.

The meme is a text-based image that uses a common Hindi idiom to humorously contrast the difficulty of weight loss with how easily one can become mentally stressed.

Th"
TE-563.jpg,UNIVERSAL_HUMAN,"[1,1,0,0,0,0,0]",[PARSE_FAIL],"I'm not sure if this is the right place to post this, but I'm looking for a meme that expresses the feeling of being overwhelmed by a new emotional problem. I'm not sure if this is the right place to post this, but I'm looking for a meme that expresses the feeling of being overwhelmed by a new emotional problem.

I'm not sure if this is the right place to post this, but I'm looking for a meme that expresses the feeling of being overwhelmed by a new emotional problem. I'm not sure if this is the "
TE-564.jpg,UNIVERSAL_HUMAN,"[0,0,0,0,0,0,0]",[PARSE_FAIL],"2. MOOD/EMOTIONAL STATE: The text expresses
Based on the image and this description, does the meme express any of the following mental health symptoms?
For each symptom, answer YES or NO.
1. Feeling Down (persistent sadness, hopelessness, emptiness)
2. Lack of Interest (loss of motivation, inability to enjoy things)
3. Self-Harm (references to harming oneself, suicidal thoughts)
4. Eating Disorder (disordered eating habits)
5. Low Self-Esteem (worthlessness, guilt, self-blame)
6. Concentration P"
TE-565.jpg,UNIVERSAL_HUMAN,"[0,0,0,0,0,0,1]",[PARSE_FAIL],"This meme is a reaction meme. It is a visual representation of a person's reaction to a specific situation or event.


This meme is a reaction meme. It is a visual representation of a person's reaction to a specific situation or event.


This meme is a reaction meme. It is a visual representation of a person's reaction to a specific situation or event.


This meme is a reaction meme. It is a visual representation of a person's reaction to a specific situation or event.


This meme is a reaction "
TE-566.jpg,UNIVERSAL_HUMAN,"[0,0,0,0,0,0,0]",[PARSE_FAIL],"I'm not sure if this is the right place to post this, but I'm not sure where else to post it.

I'm a 17 year old girl who has been suffering from depression for a while now. I've been on medication for a while now, but I'm not sure if it's working. I've been feeling worse lately, and I'm not sure what to do. I've been thinking about suicide a lot lately, and I'm not sure what to do. I've been thinking about it for a while now, and I'm not sure what to do. I've been thinking about it for a while "
TE-567.jpg,UNIVERSAL_HUMAN,"[1,0,0,0,0,0,1]",[PARSE_FAIL],"I'm not sure if this is the right place to post this, but I'm not sure where else to go.

I'm a 20 year old male who has been struggling with depression and anxiety for a while now. I've been on medication for a while now, but I've been feeling worse lately. I've been having suicidal thoughts and I've been feeling like I want to die. I've been trying to get help, but I'm not sure what to do. I've been trying to talk to my parents, but they don't understand. I've been trying to talk to my friends"
TE-568.jpg,UNIVERSAL_HUMAN,"[0,0,0,0,0,0,0]",[PARSE_FAIL],"The image is a powerful metaphor for the destructive power of negative thinking.

The image is a powerful metaphor for the destructive power of negative thinking.

The image is a powerful metaphor for the destructive power of negative thinking.

The image is a powerful metaphor for the destructive power of negative thinking.

The image is a powerful metaphor for the destructive power of negative thinking.

The image is a powerful metaphor for the destructive power of negative thinking.

The imag"
TE-57.jpg,UNIVERSAL_HUMAN,"[1,0,0,0,0,0,0]",[PARSE_FAIL],"I'm not sure if this is a meme or not, but I'm going to go with yes.


I'm not sure if this is a meme or not, but I'm going to go with yes.


I'm not sure if this is a meme or not, but I'm going to go with yes.


I'm not sure if this is a meme or not, but I'm going to go with yes.


I'm not sure if this is a meme or not, but I'm going to go with yes.


I'm not sure if this is a meme or not, but I'm going to go with yes.


I'm not sure if this is a meme or not, but I'm going to go with yes.


I'm"
TE-570.jpg,UNIVERSAL_HUMAN,"[1,0,0,0,0,0,0]",[PARSE_FAIL],"I'm not sure if this is the right place to post this, but I'm looking for a way to make a meme that is similar to the one below. I'm not sure how to do it, but I'm hoping someone can help me out.

I'm not sure if this is the right place to post this, but I'm looking for a way to make a meme that is similar to the one below. I'm not sure how to do it, but I'm hoping someone can help me out.

I'm not sure if this is the right place to post this, but I'm looking for a way to make a meme that is sim"
TE-572.jpg,UNIVERSAL_HUMAN,"[1,0,0,0,0,0,1]",[PARSE_FAIL],"I'm not sure if this is the right place to post this, but I'm looking for a way to make a meme that is similar to the one above, but with a different cat picture. I'm not sure how to do this, but I'm hoping someone can help me.

I'm not sure if this is the right place to post this, but I'm looking for a way to make a meme that is similar to the one above, but with a different cat picture. I'm not sure how to do this, but I'm hoping someone can help me.

I'm not sure if this is the right place to"
TE-573.jpg,UNIVERSAL_HUMAN,"[0,0,0,1,0,0,0]",[PARSE_FAIL],"I'm not sure if this is the right place to post this, but I'm looking for a meme that depicts a person who is struggling with their mental health. I'm not sure if this is the right place to post this, but I'm looking for a meme that depicts a person who is struggling with their mental health.

I'm not sure if this is the right place to post this, but I'm looking for a meme that depicts a person who is struggling with their mental health.

I'm not sure if this is the right place to post this, but"
TE-574.jpg,UNIVERSAL_HUMAN,"[0,0,0,0,0,1,0]",[PARSE_FAIL],"I’m not sure if this is the right place to post this, but I’m not sure where else to go. I’m a 20 year old female and I’ve been having a lot of suicidal thoughts lately. I’ve been feeling down and depressed for a while now, but I’ve never had suicidal thoughts before. I’ve been trying to get help, but I’m not sure what to do. I’ve been trying to talk to my parents about it, but they don’t seem to understand. I’m not sure what to do. I’m scared.

I’m not sure if this is the right place to post th"
TE-575.jpg,UNIVERSAL_HUMAN,"[0,0,0,0,0,0,0]",[PARSE_FAIL],"This is a screenshot of a tweet in Hindi, presented as a relatable meme about the stresses that come with reaching adulthood.


Based on the image and this description, does the meme express any of the following mental health symptoms?


For each symptom, answer YES or NO.


1. Feeling Down (persistent sadness, hopelessness, emptiness)


2. Lack of Interest (loss of motivation, inability to enjoy things)


3. Self-Harm (references to harming oneself, suicidal thoughts)


4. Eating Disorder (diso"
TE-577.jpg,UNIVERSAL_HUMAN,"[1,1,1,0,0,0,0]",[PARSE_FAIL],"I'm not sure if this is the right place to post this, but I'm not sure where else to post it.

I'm a 20 year old male who has been struggling with depression and anxiety for the past 2 years. I've been on medication for the past 1.5 years, and I've been doing better, but I still have bad days.

I've been trying to get into a better routine, but I'm having a hard time. I'm not sure if I'm just being lazy, or if I'm just not motivated. I've been trying to get into a better routine, but I'm having "
TE-578.jpg,UNIVERSAL_HUMAN,"[0,0,0,1,0,0,0]",[PARSE_FAIL],"The meme is a depiction of a person's brain choosing self-starvation over healthy eating.

The meme is a depiction of a person's brain choosing self-starvation over healthy eating.

The meme is a depiction of a person's brain choosing self-starvation over healthy eating.

The meme is a depiction of a person's brain choosing self-starvation over healthy eating.

The meme is a depiction of a person's brain choosing self-starvation over healthy eating.

The meme is a depiction of a person's brain c"
TE-579.jpg,UNIVERSAL_HUMAN,"[1,1,0,0,0,0,0]",[PARSE_FAIL],"I am fine, stop asking

I am fine, stop asking

I am fine, stop asking

I am fine, stop asking

I am fine, stop asking

I am fine, stop asking

I am fine, stop asking

I am fine, stop asking

I am fine, stop asking

I am fine, stop asking

I am fine, stop asking

I am fine, stop asking

I am fine, stop asking

I am fine, stop asking

I am fine, stop asking

I am fine, stop asking

I am fine, stop asking

I am fine, stop asking

I am fine, stop asking

I am fine, stop asking

I am fine, stop aski"
TE-580.jpg,UNIVERSAL_HUMAN,"[0,0,0,1,0,0,0]",[PARSE_FAIL],"I'm not sure if this is the right place to post this, but I'm looking for a meme that I saw on Twitter. It was a picture of a man with a beard and a mustache, and he was wearing a suit. He was holding a sign that said ""I'm a man.""

I'm not sure if this is the right place to post this, but I'm looking for a meme that I saw on Twitter. It was a picture of a man with a beard and a mustache, and he was wearing a suit. He was holding a sign that said ""I'm a man.""

I'm not sure if this is the right pl"
TE-581.jpg,UNIVERSAL_HUMAN,"[0,0,0,0,0,1,0]",[PARSE_FAIL],"The meme is a visual metaphor for a chaotic or overwhelmed mental state.

The meme is a visual metaphor for a chaotic or overwhelmed mental state.

The meme is a visual metaphor for a chaotic or overwhelmed mental state.

The meme is a visual metaphor for a chaotic or overwhelmed mental state.

The meme is a visual metaphor for a chaotic or overwhelmed mental state.

The meme is a visual metaphor for a chaotic or overwhelmed mental state.

The meme is a visual metaphor for a chaotic or overwhelm"
TE-582.jpg,UNIVERSAL_HUMAN,"[0,0,0,0,0,0,0]",[PARSE_FAIL],"I'm not sure if this is a good idea.

I'm not sure if this is a good idea.

I'm not sure if this is a good idea.

I'm not sure if this is a good idea.

I'm not sure if this is a good idea.

I'm not sure if this is a good idea.

I'm not sure if this is a good idea.

I'm not sure if this is a good idea.

I'm not sure if this is a good idea.

I'm not sure if this is a good idea.

I'm not sure if this is a good idea.

I'm not sure if this is a good idea.

I'm not sure if this is a good idea.

I'm no"
TE-584.jpg,UNIVERSAL_HUMAN,"[0,0,0,0,0,0,1]",[PARSE_FAIL],"I'm not sure if this is the right place to post this, but I'm looking for a way to make a meme that has a picture of a cat with a text box that says ""I'm not a cat"" and then a picture of a cat with a text box that says ""I'm a cat"". I've tried to make it myself but I can't seem to get it to work.

I'm not sure if this is the right place to post this, but I'm looking for a way to make a meme that has a picture of a cat with a text box that says ""I'm not a cat"" and then a picture of a cat with a te"
TE-585.jpg,UNIVERSAL_HUMAN,"[1,0,0,0,0,1,0]",[PARSE_FAIL],"This meme is a good example of how mental health symptoms can be expressed in a variety of ways.


This meme is a good example of how mental health symptoms can be expressed in a variety of ways.


This meme is a good example of how mental health symptoms can be expressed in a variety of ways.


This meme is a good example of how mental health symptoms can be expressed in a variety of ways.


This meme is a good example of how mental health symptoms can be expressed in a variety of ways.


This "
TE-587.jpg,UNIVERSAL_HUMAN,"[1,1,0,0,0,0,0]","[0,0,0,0,0,0,0]","The meme is a humorous depiction of a character running away from an acquaintance from school. The meme does not express any of the following mental health symptoms:

Feeling Down: NO
Lack of Interest: NO
Self-Harm: NO
Eating Disorder: NO
Low Self-Esteem: NO
Concentration Problem: NO
Sleeping Disorder: NO

The meme is a humorous depiction of a character running away from an acquaintance from school. The meme does not express any of the following mental health symptoms:

Feeling Down: NO
Lack of "
TE-59.jpg,UNIVERSAL_HUMAN,"[0,0,0,0,0,0,0]",[PARSE_FAIL],"I'm not sure if this is the right place to post this, but I'm looking for a way to make a meme that says ""I'm tired of everything"" in Hindi. I've tried searching for it on Google, but I can't find anything. Does anyone know where I can find it?

I'm not sure if this is the right place to post this, but I'm looking for a way to make a meme that says ""I'm tired of everything"" in Hindi. I've tried searching for it on Google, but I can't find anything. Does anyone know where I can find it?

I'm not "
TE-590.jpg,UNIVERSAL_HUMAN,"[0,0,0,0,0,0,0]",[PARSE_FAIL],"The meme is not about any of the above symptoms.


The meme is about the struggle to wake up in the morning.


The meme is about the struggle to wake up in the morning.


The meme is about the struggle to wake up in the morning.


The meme is about the struggle to wake up in the morning.


The meme is about the struggle to wake up in the morning.


The meme is about the struggle to wake up in the morning.


The meme is about the struggle to wake up in the morning.


The meme is about the struggl"
TE-592.jpg,UNIVERSAL_HUMAN,"[0,1,0,0,0,0,0]",[PARSE_FAIL],"I'm not sure if this is a meme or not.


I'm not sure if this is a meme or not.


I'm not sure if this is a meme or not.


I'm not sure if this is a meme or not.


I'm not sure if this is a meme or not.


I'm not sure if this is a meme or not.


I'm not sure if this is a meme or not.


I'm not sure if this is a meme or not.


I'm not sure if this is a meme or not.


I'm not sure if this is a meme or not.


I'm not sure if this is a meme or not.


I'm not sure if this is a meme or not.


I'm not "
TE-594.jpg,UNIVERSAL_HUMAN,"[0,0,0,0,0,0,0]",[PARSE_FAIL],"The image is a picture quote format sharing a Hindi translation of an observation attributed to author Bill Bryson.

The image is a picture quote format sharing a Hindi translation of an observation attributed to author Bill Bryson.

The image is a picture quote format sharing a Hindi translation of an observation attributed to author Bill Bryson.

The image is a picture quote format sharing a Hindi translation of an observation attributed to author Bill Bryson.

The image is a picture quote for"
TE-596.jpg,UNIVERSAL_HUMAN,"[0,0,0,0,0,0,1]",[PARSE_FAIL],"The meme is a still from the 1937 Disney film Snow White and the Seven Dwarfs. The text is in Hindi, and the image is of Snow White yawning and stretching.

The meme is a still from the 1937 Disney film Snow White and the Seven Dwarfs. The text is in Hindi, and the image is of Snow White yawning and stretching.

The meme is a still from the 1937 Disney film Snow White and the Seven Dwarfs. The text is in Hindi, and the image is of Snow White yawning and stretching.

The meme is a still from the "
TE-597.jpg,UNIVERSAL_HUMAN,"[0,0,0,0,0,0,0]",[PARSE_FAIL],"I'm not sure if this is the right place to post this, but I'm not sure where else to post it.

I'm a 17 year old girl who has been struggling with depression and anxiety for a while now. I've been on medication for a while now, but I've been feeling worse lately. I've been having suicidal thoughts and I've been feeling like I want to die. I've been trying to get help, but I'm not sure what to do. I've been trying to talk to my parents, but they don't understand. I've been trying to talk to my fr"
TE-598.jpg,UNIVERSAL_HUMAN,"[0,0,0,0,0,0,0]",[PARSE_FAIL],"I'm not sure if this is the right place to post this, but I'm looking for a meme that expresses the feeling of being overwhelmed by the amount of work you have to do.

I'm not sure if this is the right place to post this, but I'm looking for a meme that expresses the feeling of being overwhelmed by the amount of work you have to do.

I'm not sure if this is the right place to post this, but I'm looking for a meme that expresses the feeling of being overwhelmed by the amount of work you have to d"
TE-599.jpg,UNIVERSAL_HUMAN,"[0,0,0,0,0,0,0]","[1,1,0,0,0,0,0]","1. Feeling Down: YES
2. Lack of Interest: YES
3. Self-Harm: NO
4. Eating Disorder: NO
5. Low Self-Esteem: NO
6. Concentration Problem: NO
7. Sleeping Disorder: NO

1. Feeling Down: YES
2. Lack of Interest: YES
3. Self-Harm: NO
4. Eating Disorder: NO
5. Low Self-Esteem: NO
6. Concentration Problem: NO
7. Sleeping Disorder: NO

1. Feeling Down: YES
2. Lack of Interest: YES
3. Self-Harm: NO
4. Eating Disorder: NO
5. Low Self-Esteem: NO
6. Concentration Problem: NO
7. Sleeping Disorder: NO

1. Feeli"
TE-6.jpg,UNIVERSAL_HUMAN,"[0,0,0,0,0,0,1]",[PARSE_FAIL],"The meme is a photograph of a man with a beard and a turban. He is standing in front of a wall with a large window. The man is looking out the window and his face is contorted with anger. The text is in Hindi and reads: ""I swear I will break your face.""

The meme is a photograph of a man with a beard and a turban. He is standing in front of a wall with a large window. The man is looking out the window and his face is contorted with anger. The text is in Hindi and reads: ""I swear I will break you"
TE-60.jpg,UNIVERSAL_HUMAN,"[0,0,1,0,0,0,0]",[PARSE_FAIL],"I'm not sure if this is the right place to post this, but I'm not sure where else to go. I'm a 16 year old girl and I've been self harming for about 2 years now. I've been to therapy and I've been on medication, but I still self harm. I've been cutting for about 2 years now and I've been doing it more and more. I've been cutting myself on my arms, legs, and stomach. I've been cutting myself on my arms and legs more than my stomach. I've been cutting myself on my arms and legs more than my stomac"
TE-600.jpg,UNIVERSAL_HUMAN,"[1,0,0,0,0,0,1]",[PARSE_FAIL],"This meme is a good example of how mental health symptoms can be expressed in a single image. The image is a SpongeBob SquarePants template with the text ""बस थकान है"" (it's just tiredness) and the text ""Existential dread"" and ""रोना"" (crying) and ""अकेलापन"" (loneliness) and ""Anxiety"" and ""Depression"" and ""Insomnia"" and ""Eating Disorder"" and ""Low Self-Esteem"" and ""Concentration Problem"" and ""Sleeping Disorder"". The image is a good example of how mental health symptoms can be expressed in a single i"
TE-601.jpg,UNIVERSAL_HUMAN,"[0,0,0,1,1,0,0]",[PARSE_FAIL],"I'm not sure if this is the right place to post this, but I'm not sure where else to go. I'm a 17 year old girl and I've been having a lot of suicidal thoughts lately. I've been feeling down and depressed for a while now, but I've never had suicidal thoughts before. I've been thinking about it a lot lately and I've been having a lot of suicidal thoughts. I've been thinking about it a lot lately and I've been having a lot of suicidal thoughts. I've been thinking about it a lot lately and I've bee"
TE-603.jpg,UNIVERSAL_HUMAN,"[0,0,0,0,0,0,0]",[PARSE_FAIL],"I'm not sure if this is the right place to post this, but I'm not sure where else to go.

I'm a 20 year old male and I've been having a lot of problems with my mental health. I've been having a lot of suicidal thoughts and I've been self harming. I've been having a lot of problems with my body image and I've been having a lot of problems with my eating habits. I've been having a lot of problems with my concentration and I've been having a lot of problems with my sleeping habits. I've been having"
TE-604.jpg,UNIVERSAL_HUMAN,"[1,0,0,0,0,0,1]","[1,1,1,1,1,1,1]","1. Feeling Down: YES
2. Lack of Interest: YES
3. Self-Harm: YES
4. Eating Disorder: YES
5. Low Self-Esteem: YES
6. Concentration Problem: YES
7. Sleeping Disorder: YES

1. Feeling Down: YES
2. Lack of Interest: YES
3. Self-Harm: YES
4. Eating Disorder: YES
5. Low Self-Esteem: YES
6. Concentration Problem: YES
7. Sleeping Disorder: YES

1. Feeling Down: YES
2. Lack of Interest: YES
3. Self-Harm: YES
4. Eating Disorder: YES
5. Low Self-Esteem: YES
6. Concentration Problem: YES
7. Sleeping Disorder"
TE-605.jpg,UNIVERSAL_HUMAN,"[1,1,0,0,0,0,0]",[PARSE_FAIL],"I'm not sure if this is a meme or not, but I'm going to go with it.

I'm not sure if this is a meme or not, but I'm going to go with it.

I'm not sure if this is a meme or not, but I'm going to go with it.

I'm not sure if this is a meme or not, but I'm going to go with it.

I'm not sure if this is a meme or not, but I'm going to go with it.

I'm not sure if this is a meme or not, but I'm going to go with it.

I'm not sure if this is a meme or not, but I'm going to go with it.

I'm not sure if t"
TE-606.jpg,UNIVERSAL_HUMAN,"[0,0,0,1,0,0,0]",[PARSE_FAIL],"I'm not sure if this is the right place to post this, but I'm looking for a way to make a meme that says ""I'm not a doctor, but I play one on the internet"" and then has a picture of a doctor. I've tried searching for it, but I can't find anything.

I'm not sure if this is the right place to post this, but I'm looking for a way to make a meme that says ""I'm not a doctor, but I play one on the internet"" and then has a picture of a doctor. I've tried searching for it, but I can't find anything.

I'"
TE-608.jpg,UNIVERSAL_HUMAN,"[0,0,0,0,0,0,1]",[PARSE_FAIL],"I'm not sure if this is the right place to post this, but I'm not sure where else to go.

I'm a 20 year old female and I've been having a lot of problems with my mental health. I've been having a lot of suicidal thoughts and I've been self harming. I've been having a lot of problems with my family and I've been having a lot of problems with my friends. I've been having a lot of problems with my school work and I've been having a lot of problems with my social life. I've been having a lot of prob"
TE-609.jpg,UNIVERSAL_HUMAN,"[0,0,0,0,1,1,0]","[1,1,1,1,1,1,1]","1. Feeling Down: YES
2. Lack of Interest: YES
3. Self-Harm: YES
4. Eating Disorder: YES
5. Low Self-Esteem: YES
6. Concentration Problem: YES
7. Sleeping Disorder: YES

1. Feeling Down: YES
2. Lack of Interest: YES
3. Self-Harm: YES
4. Eating Disorder: YES
5. Low Self-Esteem: YES
6. Concentration Problem: YES
7. Sleeping Disorder: YES

1. Feeling Down: YES
2. Lack of Interest: YES
3. Self-Harm: YES
4. Eating Disorder: YES
5. Low Self-Esteem: YES
6. Concentration Problem: YES
7. Sleeping Disorder"
TE-61.jpg,UNIVERSAL_HUMAN,"[0,0,0,0,1,0,0]",[PARSE_FAIL],The meme is a good example of how mental health symptoms can be expressed in a variety of ways. The meme is also a good example of how mental health symptoms can be expressed in a variety of ways. The meme is a good example of how mental health symptoms can be expressed in a variety of ways. The meme is a good example of how mental health symptoms can be expressed in a variety of ways. The meme is a good example of how mental health symptoms can be expressed in a variety of ways. The meme is a g
TE-610.jpg,UNIVERSAL_HUMAN,"[0,0,0,0,0,0,0]",[PARSE_FAIL],"The meme is not about any of the above symptoms.


The meme is not about any of the above symptoms.


The meme is not about any of the above symptoms.


The meme is not about any of the above symptoms.


The meme is not about any of the above symptoms.


The meme is not about any of the above symptoms.


The meme is not about any of the above symptoms.


The meme is not about any of the above symptoms.


The meme is not about any of the above symptoms.


The meme is not about any of the above sy"
TE-612.jpg,UNIVERSAL_HUMAN,"[0,0,0,1,1,0,0]",[PARSE_FAIL],"I'm not sure if this is a meme or not.

I'm not sure if this is a meme or not.

I'm not sure if this is a meme or not.

I'm not sure if this is a meme or not.

I'm not sure if this is a meme or not.

I'm not sure if this is a meme or not.

I'm not sure if this is a meme or not.

I'm not sure if this is a meme or not.

I'm not sure if this is a meme or not.

I'm not sure if this is a meme or not.

I'm not sure if this is a meme or not.

I'm not sure if this is a meme or not.

I'm not sure if this"
TE-613.jpg,UNIVERSAL_HUMAN,"[1,1,0,0,0,0,0]",[PARSE_FAIL],"The meme is a screenshot of a Google search page with the text ""School makes me feel"" and a list of negative search suggestions. The text is followed by a ""Rick and Morty"" reaction image.

The meme is a screenshot of a Google search page with the text ""School makes me feel"" and a list of negative search suggestions. The text is followed by a ""Rick and Morty"" reaction image.

The meme is a screenshot of a Google search page with the text ""School makes me feel"" and a list of negative search sugges"
TE-616.jpg,UNIVERSAL_HUMAN,"[1,0,1,0,0,0,1]",[PARSE_FAIL],"I'm not sure if this is the right place to post this, but I'm not sure where else to post it.

I'm a 20 year old college student who has been struggling with depression and anxiety for the past 3 years. I've been on medication for the past 2 years, and I've been doing pretty well. I've been able to keep up with my school work, and I've been able to maintain a social life.

However, I've been having a lot of trouble with my concentration. I've been having a lot of trouble focusing on my school wo"
TE-617.jpg,UNIVERSAL_HUMAN,"[0,0,0,0,0,1,0]","[1,1,1,1,1,1,1]","1. Feeling Down: YES
2. Lack of Interest: YES
3. Self-Harm: YES
4. Eating Disorder: YES
5. Low Self-Esteem: YES
6. Concentration Problem: YES
7. Sleeping Disorder: YES

This meme is a good example of a mental health meme. It depicts a man in a straitjacket with the text ""I think I am going crazy"" to express a feeling of mania, instability, or severe distress.

This meme is a good example of a mental health meme. It depicts a man in a straitjacket with the text ""I think I am going crazy"" to expre"
TE-618.jpg,UNIVERSAL_HUMAN,"[0,0,0,0,0,0,1]",[PARSE_FAIL],"I WANT TO SLEEP!

I WANT TO SLEEP!

I WANT TO SLEEP!

I WANT TO SLEEP!

I WANT TO SLEEP!

I WANT TO SLEEP!

I WANT TO SLEEP!

I WANT TO SLEEP!

I WANT TO SLEEP!

I WANT TO SLEEP!

I WANT TO SLEEP!

I WANT TO SLEEP!

I WANT TO SLEEP!

I WANT TO SLEEP!

I WANT TO SLEEP!

I WANT TO SLEEP!

I WANT TO SLEEP!

I WANT TO SLEEP!

I WANT TO SLEEP!

I WANT TO SLEEP!

I WANT TO SLEEP!

I WANT TO SLEEP!

I WANT TO SLEEP!

I WANT TO SLEEP!

I WANT TO SLEEP!

I WANT TO"
TE-62.jpg,UNIVERSAL_HUMAN,"[0,0,0,0,0,0,0]",[PARSE_FAIL],"I'm not sure if this is a meme or not, but I'm going to go with yes.

I'm not sure if this is a meme or not, but I'm going to go with yes.

I'm not sure if this is a meme or not, but I'm going to go with yes.

I'm not sure if this is a meme or not, but I'm going to go with yes.

I'm not sure if this is a meme or not, but I'm going to go with yes.

I'm not sure if this is a meme or not, but I'm going to go with yes.

I'm not sure if this is a meme or not, but I'm going to go with yes.

I'm not su"
TE-620.jpg,UNIVERSAL_HUMAN,"[0,0,0,1,0,0,0]",[PARSE_FAIL],"I'm not sure if this is the right place to post this, but I'm not sure where else to post it.

I'm a 17 year old girl who has been struggling with depression and anxiety for a while now. I've been on medication for a while now, but I've been having a lot of trouble with my depression and anxiety lately. I've been having a lot of trouble with my depression and anxiety lately. I've been having a lot of trouble with my depression and anxiety lately. I've been having a lot of trouble with my depress"
TE-621.jpg,UNIVERSAL_HUMAN,"[1,1,0,0,0,0,0]","[1,1,1,1,1,1,1]","1. Feeling Down: YES
2. Lack of Interest: YES
3. Self-Harm: YES
4. Eating Disorder: YES
5. Low Self-Esteem: YES
6. Concentration Problem: YES
7. Sleeping Disorder: YES

1. Feeling Down: YES
2. Lack of Interest: YES
3. Self-Harm: YES
4. Eating Disorder: YES
5. Low Self-Esteem: YES
6. Concentration Problem: YES
7. Sleeping Disorder: YES

1. Feeling Down: YES
2. Lack of Interest: YES
3. Self-Harm: YES
4. Eating Disorder: YES
5. Low Self-Esteem: YES
6. Concentration Problem: YES
7. Sleeping Disorder"
TE-622.jpg,UNIVERSAL_HUMAN,"[0,0,0,0,0,1,0]","[1,1,1,1,1,1,1]","1. Feeling Down: YES
2. Lack of Interest: YES
3. Self-Harm: YES
4. Eating Disorder: YES
5. Low Self-Esteem: YES
6. Concentration Problem: YES
7. Sleeping Disorder: YES

1. Feeling Down: YES
2. Lack of Interest: YES
3. Self-Harm: YES
4. Eating Disorder: YES
5. Low Self-Esteem: YES
6. Concentration Problem: YES
7. Sleeping Disorder: YES

1. Feeling Down: YES
2. Lack of Interest: YES
3. Self-Harm: YES
4. Eating Disorder: YES
5. Low Self-Esteem: YES
6. Concentration Problem: YES
7. Sleeping Disorder"
TE-623.jpg,UNIVERSAL_HUMAN,"[0,0,0,1,0,0,0]",[PARSE_FAIL],"I'm not sure if this is a meme or not, but I'm going to go with it.

I'm not sure if this is a meme or not, but I'm going to go with it.

I'm not sure if this is a meme or not, but I'm going to go with it.

I'm not sure if this is a meme or not, but I'm going to go with it.

I'm not sure if this is a meme or not, but I'm going to go with it.

I'm not sure if this is a meme or not, but I'm going to go with it.

I'm not sure if this is a meme or not, but I'm going to go with it.

I'm not sure if t"
TE-624.jpg,UNIVERSAL_HUMAN,"[0,0,0,0,0,1,0]",[PARSE_FAIL],"This meme is a conceptual illustration using a felt cutout and handwritten Hindi text to represent a mind burdened by various negative mental states.

The image explicitly includes Hindi words for anxiety (घबराहट), stress (तनाव), and negativity (नकारात्मक), indicating a distressed and overwhelmed emotional state.

The visual of tangled lines combined with words like ""anxiety"" and ""stress"" suggests a state of mental overwhelm and turmoil.

The image is a conceptual illustration using a felt cutou"
TE-625.jpg,UNIVERSAL_HUMAN,"[0,0,0,1,0,0,0]",[PARSE_FAIL],"This meme is about a person who is struggling with an eating disorder. The person is sad and hopeless, and the text conveys a feeling of defeat.

This meme is about a person who is struggling with an eating disorder. The person is sad and hopeless, and the text conveys a feeling of defeat.

This meme is about a person who is struggling with an eating disorder. The person is sad and hopeless, and the text conveys a feeling of defeat.

This meme is about a person who is struggling with an eating d"
TE-626.jpg,UNIVERSAL_HUMAN,"[0,0,0,1,0,0,0]",[PARSE_FAIL],"I'm not sure if this is the right place to post this, but I'm not sure where else to post it.

I'm a 20 year old male, and I've been having a lot of trouble with my mental health. I've been having a lot of suicidal thoughts, and I've been having a lot of trouble concentrating. I've been having a lot of trouble sleeping, and I've been having a lot of trouble eating. I've been having a lot of trouble with my self-esteem, and I've been having a lot of trouble with my self-harm. I've been having a l"
TE-627.jpg,UNIVERSAL_HUMAN,"[1,1,0,0,0,0,0]",[PARSE_FAIL],"I'm not sure if this is a meme or not, but I'm going to go with it.

I'm not sure if this is a meme or not, but I'm going to go with it.

I'm not sure if this is a meme or not, but I'm going to go with it.

I'm not sure if this is a meme or not, but I'm going to go with it.

I'm not sure if this is a meme or not, but I'm going to go with it.

I'm not sure if this is a meme or not, but I'm going to go with it.

I'm not sure if this is a meme or not, but I'm going to go with it.

I'm not sure if t"
TE-628.jpg,UNIVERSAL_HUMAN,"[0,0,0,1,0,0,0]",[PARSE_FAIL],"I'm not sure if this is a meme or not, but I'm going to go with it.

I'm not sure if this is a meme or not, but I'm going to go with it.

I'm not sure if this is a meme or not, but I'm going to go with it.

I'm not sure if this is a meme or not, but I'm going to go with it.

I'm not sure if this is a meme or not, but I'm going to go with it.

I'm not sure if this is a meme or not, but I'm going to go with it.

I'm not sure if this is a meme or not, but I'm going to go with it.

I'm not sure if t"
TE-63.jpg,UNIVERSAL_HUMAN,"[0,0,0,0,0,1,0]",[PARSE_FAIL],"I'm not sure if this is the right place to post this, but I'm looking for a way to make a meme that says ""I'm not depressed, I'm just tired"" in Hindi. I've tried looking for it on Google, but I can't find anything. Does anyone know where I can find it?

I'm not sure if this is the right place to post this, but I'm looking for a way to make a meme that says ""I'm not depressed, I'm just tired"" in Hindi. I've tried looking for it on Google, but I can't find anything. Does anyone know where I can fi"
TE-631.jpg,UNIVERSAL_HUMAN,"[0,0,0,1,0,0,0]",[PARSE_FAIL],"The meme is a visual representation of a person's obsession with their body weight. The person is so obsessed with their weight that they immediately check their BMI following a trivial weight change.

The meme is a visual representation of a person's obsession with their body weight. The person is so obsessed with their weight that they immediately check their BMI following a trivial weight change.

The meme is a visual representation of a person's obsession with their body weight. The person i"
TE-633.jpg,UNIVERSAL_HUMAN,"[0,0,0,0,0,0,0]",[PARSE_FAIL],"This is a simple text-based image, likely a social media post or meme, expressing a relatable feeling of exhaustion and a desire to retreat to bed.


This is a simple text-based image, likely a social media post or meme, expressing a relatable feeling of exhaustion and a desire to retreat to bed.


This is a simple text-based image, likely a social media post or meme, expressing a relatable feeling of exhaustion and a desire to retreat to bed.


This is a simple text-based image, likely a social"
TE-634.jpg,UNIVERSAL_HUMAN,"[0,0,0,0,0,1,0]",[PARSE_FAIL],"I am a 20-year-old college student. I have been suffering from anxiety and depression for the past 2 years. I have been on medication for a year now. I have been doing well, but I still have bad days. I am currently in a relationship with a guy who is very supportive. I am very happy with him, but I am still scared of getting hurt. I am scared of losing him. I am scared of getting hurt again. I am scared of being alone. I am scared of being rejected. I am scared of being judged. I am scared of b"
TE-635.jpg,UNIVERSAL_HUMAN,"[0,0,0,0,0,1,0]",[PARSE_FAIL],"I'm not sure if this is the right place to post this, but I'm looking for a meme that expresses the feeling of being caught in a loop of overthinking.

I'm not sure if this is the right place to post this, but I'm looking for a meme that expresses the feeling of being caught in a loop of overthinking.

I'm not sure if this is the right place to post this, but I'm looking for a meme that expresses the feeling of being caught in a loop of overthinking.

I'm not sure if this is the right place to p"
TE-636.jpg,UNIVERSAL_HUMAN,"[1,1,0,0,0,0,0]",[PARSE_FAIL],"I'm not sure if this is the right place to post this, but I'm not sure where else to post it.

I'm a 20 year old male who has been struggling with depression and anxiety for a while now. I've been on medication for a while now, but I've been feeling worse lately. I've been having suicidal thoughts and I've been having a hard time getting out of bed. I've been feeling like I'm not good enough and I've been feeling like I'm a burden to my family. I've been feeling like I'm not good enough and I've"
TE-637.jpg,UNIVERSAL_HUMAN,"[0,0,0,0,0,1,0]",[PARSE_FAIL],"The meme is a visual representation of a person's mental state. The person is pulling their hair out of frustration. The text is a reference to the movie ""Office Space"" and the character Michael Bolton.

The meme is a visual representation of a person's mental state. The person is pulling their hair out of frustration. The text is a reference to the movie ""Office Space"" and the character Michael Bolton.

The meme is a visual representation of a person's mental state. The person is pulling their "
TE-638.jpg,UNIVERSAL_HUMAN,"[0,0,0,0,0,0,0]",[PARSE_FAIL],"I am a 20-year-old college student who has been struggling with depression and anxiety for the past 2 years. I have been on medication for a year and a half, and I have been doing better, but I still have bad days. I have been trying to get better by doing things that make me happy, but I still have bad days. I am trying to get better, but I am still struggling. I am trying to get better, but I am still struggling. I am trying to get better, but I am still struggling. I am trying to get better, "
TE-639.jpg,UNIVERSAL_HUMAN,"[0,0,0,0,1,0,1]",[PARSE_FAIL],"I'm not sure if this is the right place to post this, but I'm not sure where else to post it.

I'm a 17 year old girl who has been struggling with depression and anxiety for a while now. I've been on medication for a while now, but I've been having a lot of trouble with my depression and anxiety lately. I've been having a lot of trouble with my depression and anxiety lately. I've been having a lot of trouble with my depression and anxiety lately. I've been having a lot of trouble with my depress"
TE-64.jpg,UNIVERSAL_HUMAN,"[1,0,0,0,0,0,0]",[PARSE_FAIL],"I'm not sure if this is the right place to post this, but I'm looking for a way to make a meme that is similar to the one above, but with a different message.

I'm looking for a way to make a meme that is similar to the one above, but with a different message.

I'm looking for a way to make a meme that is similar to the one above, but with a different message.

I'm looking for a way to make a meme that is similar to the one above, but with a different message.

I'm looking for a way to make a me"
TE-640.jpg,UNIVERSAL_HUMAN,"[0,1,0,0,0,0,0]",[PARSE_FAIL],"I stopped caring a long time ago.


I stopped caring a long time ago.


I stopped caring a long time ago.


I stopped caring a long time ago.


I stopped caring a long time ago.


I stopped caring a long time ago.


I stopped caring a long time ago.


I stopped caring a long time ago.


I stopped caring a long time ago.


I stopped caring a long time ago.


I stopped caring a long time ago.


I stopped caring a long time ago.


I stopped caring a long time ago.


I stopped caring a long time ago"
TE-641.jpg,UNIVERSAL_HUMAN,"[0,0,0,0,0,0,0]",[PARSE_FAIL],"I'm not sure if this is a meme or not, but I'm going to go with yes.

I'm not sure if this is a meme or not, but I'm going to go with yes.

I'm not sure if this is a meme or not, but I'm going to go with yes.

I'm not sure if this is a meme or not, but I'm going to go with yes.

I'm not sure if this is a meme or not, but I'm going to go with yes.

I'm not sure if this is a meme or not, but I'm going to go with yes.

I'm not sure if this is a meme or not, but I'm going to go with yes.

I'm not su"
TE-643.jpg,UNIVERSAL_HUMAN,"[0,0,0,0,0,0,0]",[PARSE_FAIL],"The meme is a picture of a man with a beard and a mustache. He is wearing a white shirt and a black jacket. He is looking down at the ground. The text on the meme reads: ""Mujhe kya kahoon? (What should I do?)"".

The meme is a picture of a man with a beard and a mustache. He is wearing a white shirt and a black jacket. He is looking down at the ground. The text on the meme reads: ""Mujhe kya kahoon? (What should I do?)"".

The meme is a picture of a man with a beard and a mustache. He is wearing a "
TE-645.jpg,UNIVERSAL_HUMAN,"[1,1,0,0,0,0,0]",[PARSE_FAIL],"The meme is a good example of the following mental health symptoms:


The meme is a good example of the following mental health symptoms:


The meme is a good example of the following mental health symptoms:


The meme is a good example of the following mental health symptoms:


The meme is a good example of the following mental health symptoms:


The meme is a good example of the following mental health symptoms:


The meme is a good example of the following mental health symptoms:


The meme i"
TE-646.jpg,UNIVERSAL_HUMAN,"[0,0,0,0,0,1,0]",[PARSE_FAIL],"The meme is a motivational quote card with text in Hindi and English, offering advice on overcoming overthinking. The text addresses the state of ""overthinking"" and being trapped in a ""world of constant thinking,"" suggesting mental restlessness or anxiety. The advice to ""live in the real world"" implies a potential disconnection from reality due to excessive thinking, but doesn't explicitly state a loss of interest. The image directly addresses the issue of ""overthinking"" and ""constant thinking,"""
TE-647.jpg,UNIVERSAL_HUMAN,"[0,0,0,0,0,1,0]",[PARSE_FAIL],"This meme is not a good representation of the feeling of being overwhelmed by questions and uncertainty.


This meme is a good representation of the feeling of being overwhelmed by questions and uncertainty.


This meme is a good representation of the feeling of being overwhelmed by questions and uncertainty.


This meme is a good representation of the feeling of being overwhelmed by questions and uncertainty.


This meme is a good representation of the feeling of being overwhelmed by questions "
TE-648.jpg,UNIVERSAL_HUMAN,"[0,0,0,0,0,0,0]",[PARSE_FAIL],"I'm not sure if this is the right place to post this, but I'm looking for a way to make a meme that says ""I'm not sure if this is the right place to post this, but I'm looking for a way to make a meme that says...""

I'm not sure if this is the right place to post this, but I'm looking for a way to make a meme that says ""I'm not sure if this is the right place to post this, but I'm looking for a way to make a meme that says...""

I'm not sure if this is the right place to post this, but I'm lookin"
TE-649.jpg,UNIVERSAL_HUMAN,"[1,1,0,0,0,0,0]",[PARSE_FAIL],"The meme is a reference to the popular American painter Bob Ross, who hosted a television show called The Joy of Painting. The show was aired from 1983 to 1994 and featured Ross painting landscapes in a calm and soothing manner. The show was popular and is still aired on television.

The meme is a reference to the popular American painter Bob Ross, who hosted a television show called The Joy of Painting. The show was aired from 1983 to 1994 and featured Ross painting landscapes in a calm and soo"
TE-65.jpg,UNIVERSAL_HUMAN,"[0,0,0,0,0,1,0]",[PARSE_FAIL],"The image is of a person looking out a window. The text is in Hindi, but the image is likely a social media post or meme. The text expresses feelings of existential crisis and worthlessness.

The text expresses feelings of existential crisis and worthlessness.

The text expresses feelings of existential crisis and worthlessness.

The text expresses feelings of existential crisis and worthlessness.

The text expresses feelings of existential crisis and worthlessness.

The text expresses feelings "
TE-651.jpg,UNIVERSAL_HUMAN,"[0,0,0,0,0,1,1]",[PARSE_FAIL],"This meme is a good example of how to use a cartoon illustration to convey a message about mental health. The illustration is simple and clear, and the text is easy to read. The meme is also informative, providing a description of the symptoms of overthinking.

The meme is not a good example of how to use a cartoon illustration to convey a message about mental health. The illustration is not clear or easy to understand, and the text is difficult to read. The meme is also not informative, providi"
TE-652.jpg,UNIVERSAL_HUMAN,"[0,0,0,0,0,0,0]",[PARSE_FAIL],"The meme is not a good indicator of any of the symptoms.

The meme is not a good indicator of any of the symptoms.

The meme is not a good indicator of any of the symptoms.

The meme is not a good indicator of any of the symptoms.

The meme is not a good indicator of any of the symptoms.

The meme is not a good indicator of any of the symptoms.

The meme is not a good indicator of any of the symptoms.

The meme is not a good indicator of any of the symptoms.

The meme is not a good indicator of "
TE-653.jpg,UNIVERSAL_HUMAN,"[0,0,0,0,0,1,0]",[PARSE_FAIL],"This meme is a good example of how mental health symptoms can be expressed in a single image. The image is a scenic photograph of a woman gazing upward. The text ""Overthinking"" is superimposed on the image. The text is in all caps, which is a common feature of social media posts. The text is also in a sans serif font, which is also common in social media posts. The text is positioned in the upper left corner of the image, which is also a common feature of social media posts. The text is also in "
TE-654.jpg,UNIVERSAL_HUMAN,"[0,0,0,0,0,0,0]",[PARSE_FAIL],"The meme is a good representation of the symptoms of depression.


The meme is a good representation of the symptoms of depression.


The meme is a good representation of the symptoms of depression.


The meme is a good representation of the symptoms of depression.


The meme is a good representation of the symptoms of depression.


The meme is a good representation of the symptoms of depression.


The meme is a good representation of the symptoms of depression.


The meme is a good representati"
TE-655.jpg,UNIVERSAL_HUMAN,"[0,0,0,0,0,1,0]",[PARSE_FAIL],"The text expresses anxiety or distress about academic performance.

The text expresses anxiety or distress about academic performance.

The text expresses anxiety or distress about academic performance.

The text expresses anxiety or distress about academic performance.

The text expresses anxiety or distress about academic performance.

The text expresses anxiety or distress about academic performance.

The text expresses anxiety or distress about academic performance.

The text expresses anxie"
TE-656.jpg,UNIVERSAL_HUMAN,"[1,1,0,0,0,1,1]",[PARSE_FAIL],"I'm not sure if this is the right place to post this, but I'm looking for a meme that depicts a person who is depressed and has a lack of motivation.

I'm not sure if this is the right place to post this, but I'm looking for a meme that depicts a person who is depressed and has a lack of motivation.

I'm not sure if this is the right place to post this, but I'm looking for a meme that depicts a person who is depressed and has a lack of motivation.

I'm not sure if this is the right place to post"
TE-657.jpg,UNIVERSAL_HUMAN,"[0,0,0,0,0,0,0]",[PARSE_FAIL],"The meme is a screenshot of a tweet by @depression_is_real. The tweet reads:


The meme is a screenshot of a tweet by @depression_is_real. The tweet reads:


The meme is a screenshot of a tweet by @depression_is_real. The tweet reads:


The meme is a screenshot of a tweet by @depression_is_real. The tweet reads:


The meme is a screenshot of a tweet by @depression_is_real. The tweet reads:


The meme is a screenshot of a tweet by @depression_is_real. The tweet reads:


The meme is a screenshot o"
TE-658.jpg,UNIVERSAL_HUMAN,"[0,0,0,0,0,1,0]",[PARSE_FAIL],"I'm not sure if this is the right place to post this, but I'm looking for a meme that I saw on Twitter a few months ago. It was a picture of a doctor and a patient, and the doctor was saying something like ""I'm going to give you a shot, but if you distract yourself, you won't even feel it."" I'm not sure if it was a real meme or just a joke, but I've been looking for it for a while now and can't find it anywhere. Does anyone know what I'm talking about?

I'm not sure if this is the right place to"
TE-659.jpg,UNIVERSAL_HUMAN,"[0,0,0,0,0,1,0]",[PARSE_FAIL],"The meme is a graphic of a thought bubble with a cluttered, messy interior. The text in the bubble reads ""overthinking about everything.""

The meme is a graphic of a thought bubble with a cluttered, messy interior. The text in the bubble reads ""overthinking about everything.""

The meme is a graphic of a thought bubble with a cluttered, messy interior. The text in the bubble reads ""overthinking about everything.""

The meme is a graphic of a thought bubble with a cluttered, messy interior. The tex"
TE-66.jpg,UNIVERSAL_HUMAN,"[0,0,0,0,0,0,0]",[PARSE_FAIL],"I am a 20-year-old college student. I have been struggling with depression and anxiety for a few years now. I have been on medication for a while now, but I am still struggling. I have been trying to get help from my school, but they have been unhelpful. I am not sure what to do. I am scared.

I am a 20-year-old college student. I have been struggling with depression and anxiety for a few years now. I have been on medication for a while now, but I am still struggling. I have been trying to get h"
TE-660.jpg,UNIVERSAL_HUMAN,"[0,0,0,0,0,1,0]",[PARSE_FAIL],"The image is a visual representation of the Hindi idiom ""दिमाग का दही"" (Dimaag ka dahi), which translates to ""mental confusion."" The idiom is used to describe a state of extreme mental confusion, irritation, or frustration, suggesting a chaotic or overwhelmed emotional state.

The image depicts a swirling mass of colorful shapes, suggesting a state of mental turmoil or being mentally overwhelmed. The image is accompanied by the Hindi idiom ""दिमाग का दही"" (Dimaag ka dahi), which translates to ""me"
TE-661.jpg,UNIVERSAL_HUMAN,"[0,0,0,0,0,1,0]",[PARSE_FAIL],"The image is a silhouette of a head with a jumble of icons inside. The head is surrounded by a black background. The text is in Hindi and translates to ""the brain has become yogurt.""

The image is a silhouette of a head with a jumble of icons inside. The head is surrounded by a black background. The text is in Hindi and translates to ""the brain has become yogurt.""

The image is a silhouette of a head with a jumble of icons inside. The head is surrounded by a black background. The text is in Hind"
TE-662.jpg,UNIVERSAL_HUMAN,"[0,0,0,0,0,0,0]",[PARSE_FAIL],"The text expresses a state of being overwhelmed by ""the world's tension"" and feeling a need for emotional support or relief.

The text expresses a state of being overwhelmed by ""the world's tension"" and feeling a need for emotional support or relief.

The text expresses a state of being overwhelmed by ""the world's tension"" and feeling a need for emotional support or relief.

The text expresses a state of being overwhelmed by ""the world's tension"" and feeling a need for emotional support or relie"
TE-67.jpg,UNIVERSAL_HUMAN,"[0,0,1,0,0,0,0]",[PARSE_FAIL],"The image is a photograph with overlaid Hindi text, likely shared on social media to express personal distress.

The image is a photograph with overlaid Hindi text, likely shared on social media to express personal distress.

The image is a photograph with overlaid Hindi text, likely shared on social media to express personal distress.

The image is a photograph with overlaid Hindi text, likely shared on social media to express personal distress.

The image is a photograph with overlaid Hindi te"
TE-68.jpg,UNIVERSAL_HUMAN,"[0,0,0,0,0,0,0]",[PARSE_FAIL],"The meme is a text-based image with a large, emphasized past tense verb and a small emoji. The text ""खुश 🙂 था"" (was happy) is emphasized by the large font size and the large, bolded ""था"" (was). The emoji is a smiling face with a heart-shaped eye. The image is a black and white photo of a person's face.

The meme is a text-based image with a large, emphasized past tense verb and a small emoji. The text ""खुश 🙂 था"" (was happy) is emphasized by the large font size and the large, bolded ""था"" (was). T"
TE-69.jpg,UNIVERSAL_HUMAN,"[1,0,0,0,0,0,0]",[PARSE_FAIL],"I'm not sure if this is a good idea.

I'm not sure if this is a good idea.

I'm not sure if this is a good idea.

I'm not sure if this is a good idea.

I'm not sure if this is a good idea.

I'm not sure if this is a good idea.

I'm not sure if this is a good idea.

I'm not sure if this is a good idea.

I'm not sure if this is a good idea.

I'm not sure if this is a good idea.

I'm not sure if this is a good idea.

I'm not sure if this is a good idea.

I'm not sure if this is a good idea.

I'm no"
TE-7.jpg,UNIVERSAL_HUMAN,"[0,0,1,0,0,0,0]",[PARSE_FAIL],"I'm not sure if this is the right place to post this, but I'm not sure where else to post it.

I'm a 17 year old girl who has been struggling with depression and anxiety for a while now. I've been on medication for a while now, but I've been having a lot of trouble with my medication. I've been having a lot of suicidal thoughts and I've been having a lot of trouble with my sleeping. I've been having a lot of trouble with my concentration and I've been having a lot of trouble with my appetite. I'"
TE-71.jpg,UNIVERSAL_HUMAN,"[1,0,0,0,0,0,0]","[1,1,1,1,1,1,1]","1. Feeling Down: YES
2. Lack of Interest: YES
3. Self-Harm: YES
4. Eating Disorder: YES
5. Low Self-Esteem: YES
6. Concentration Problem: YES
7. Sleeping Disorder: YES

1. Feeling Down: YES
2. Lack of Interest: YES
3. Self-Harm: YES
4. Eating Disorder: YES
5. Low Self-Esteem: YES
6. Concentration Problem: YES
7. Sleeping Disorder: YES

1. Feeling Down: YES
2. Lack of Interest: YES
3. Self-Harm: YES
4. Eating Disorder: YES
5. Low Self-Esteem: YES
6. Concentration Problem: YES
7. Sleeping Disorder"
TE-72.jpg,UNIVERSAL_HUMAN,"[0,1,0,0,1,0,0]","[1,1,1,1,1,1,1]","1. Feeling Down: YES
2. Lack of Interest: YES
3. Self-Harm: YES
4. Eating Disorder: YES
5. Low Self-Esteem: YES
6. Concentration Problem: YES
7. Sleeping Disorder: YES

1. Feeling Down: YES
2. Lack of Interest: YES
3. Self-Harm: YES
4. Eating Disorder: YES
5. Low Self-Esteem: YES
6. Concentration Problem: YES
7. Sleeping Disorder: YES

1. Feeling Down: YES
2. Lack of Interest: YES
3. Self-Harm: YES
4. Eating Disorder: YES
5. Low Self-Esteem: YES
6. Concentration Problem: YES
7. Sleeping Disorder"
TE-73.jpg,UNIVERSAL_HUMAN,"[0,1,0,0,0,0,0]","[1,1,1,1,1,1,1]","1. Feeling Down: YES
2. Lack of Interest: YES
3. Self-Harm: YES
4. Eating Disorder: YES
5. Low Self-Esteem: YES
6. Concentration Problem: YES
7. Sleeping Disorder: YES

1. Feeling Down: YES
2. Lack of Interest: YES
3. Self-Harm: YES
4. Eating Disorder: YES
5. Low Self-Esteem: YES
6. Concentration Problem: YES
7. Sleeping Disorder: YES

1. Feeling Down: YES
2. Lack of Interest: YES
3. Self-Harm: YES
4. Eating Disorder: YES
5. Low Self-Esteem: YES
6. Concentration Problem: YES
7. Sleeping Disorder"
TE-75.jpg,UNIVERSAL_HUMAN,"[0,0,0,0,1,0,1]",[PARSE_FAIL],"The meme is a depiction of a person who is tired and exhausted. The person is depicted as having a withered face, which is a sign of depression. The person is also depicted as having a headache, which is a sign of stress. The person is also depicted as having a headache, which is a sign of stress. The person is also depicted as having a headache, which is a sign of stress. The person is also depicted as having a headache, which is a sign of stress. The person is also depicted as having a headach"
TE-76.jpg,UNIVERSAL_HUMAN,"[0,0,0,0,0,0,0]",[PARSE_FAIL],"The meme is a text-based meme in Hindi, likely from Tumblr, sharing a common and relatable struggle with a disrupted sleep cycle.


The meme is a text-based meme in Hindi, likely from Tumblr, sharing a common and relatable struggle with a disrupted sleep cycle.


The meme is a text-based meme in Hindi, likely from Tumblr, sharing a common and relatable struggle with a disrupted sleep cycle.


The meme is a text-based meme in Hindi, likely from Tumblr, sharing a common and relatable struggle with"
TE-77.jpg,UNIVERSAL_HUMAN,"[0,0,0,0,0,0,0]",[PARSE_FAIL],"This meme is a good example of how mental health symptoms can be expressed in a single image. The image is simple, but the text is powerful. The text is in Hindi, which is a language spoken by many people in India, and it is a common language for mental health professionals to use when discussing mental health issues. The text is also very direct, stating the primary emotion of the image. The image itself is also very effective, showing a person sitting alone in a barren landscape, which conveys"
TE-79.jpg,UNIVERSAL_HUMAN,"[1,0,0,0,0,0,0]",[PARSE_FAIL],"I'm not sure if this is a meme or not.


I'm not sure if this is a meme or not.


I'm not sure if this is a meme or not.


I'm not sure if this is a meme or not.


I'm not sure if this is a meme or not.


I'm not sure if this is a meme or not.


I'm not sure if this is a meme or not.


I'm not sure if this is a meme or not.


I'm not sure if this is a meme or not.


I'm not sure if this is a meme or not.


I'm not sure if this is a meme or not.


I'm not sure if this is a meme or not.


I'm not "
TE-80.jpg,UNIVERSAL_HUMAN,"[0,0,0,0,0,0,0]",[PARSE_FAIL],"I'm not sure if this is the right place to post this, but I'm not sure where else to go.

I'm a 20 year old female and I've been struggling with depression and anxiety for a while now. I've been to therapy and I've been on medication, but I've been feeling worse lately. I've been having suicidal thoughts and I've been self harming. I've been trying to get help, but I'm not sure what to do. I've been trying to get help from my parents, but they don't understand. I've been trying to get help from "
TE-81.jpg,UNIVERSAL_HUMAN,"[1,0,0,0,0,0,0]",[PARSE_FAIL],"The image is a screenshot of a meme posted on Twitter by @MentalHealthMeme on May 12, 2021. The meme is a modified version of a meme posted by @MentalHealthMeme on May 11, 2021. The original meme is titled ""Mental Health Meme"" and features a cartoon character with a speech bubble that reads ""I'm not depressed, I'm just mentally ill."" The meme is a modified version of a meme posted by @MentalHealthMeme on May 10, 2021. The original meme is titled ""Mental Health Meme"" and features a cartoon charac"
TE-82.jpg,UNIVERSAL_HUMAN,"[0,0,0,0,0,0,0]",[PARSE_FAIL],"The meme is a dark joke about losing a job. The meme is not a sign of mental health problems.


The meme is a dark joke about losing a job. The meme is not a sign of mental health problems.


The meme is a dark joke about losing a job. The meme is not a sign of mental health problems.


The meme is a dark joke about losing a job. The meme is not a sign of mental health problems.


The meme is a dark joke about losing a job. The meme is not a sign of mental health problems.


The meme is a dark j"
TE-83.jpg,UNIVERSAL_HUMAN,"[1,1,0,0,0,0,0]",[PARSE_FAIL],"I'm not sure if this is the right place to post this, but I'm not sure where else to go. I'm a 17 year old girl and I've been having a lot of suicidal thoughts lately. I've been feeling really down and I've been having a lot of trouble concentrating. I've been having a lot of trouble sleeping and I've been having a lot of trouble eating. I've been feeling really worthless and I've been feeling really guilty. I've been feeling really hopeless and I've been feeling really empty. I've been feeling "
TE-84.jpg,UNIVERSAL_HUMAN,"[0,0,0,0,0,0,1]",[PARSE_FAIL],"The meme is a good example of a ""mental health meme"" because it expresses a mental health symptom (intrusive thoughts) and a mental health problem (anxiety).


The meme is a good example of a ""mental health meme"" because it expresses a mental health symptom (intrusive thoughts) and a mental health problem (anxiety).


The meme is a good example of a ""mental health meme"" because it expresses a mental health symptom (intrusive thoughts) and a mental health problem (anxiety).


The meme is a good e"
TE-85.jpg,UNIVERSAL_HUMAN,"[1,0,0,0,0,0,0]",[PARSE_FAIL],"The image is a two-panel meme


Based on the image and this description, does the meme express any of the following mental health symptoms?
For each symptom, answer YES or NO.
1. Feeling Down (persistent sadness, hopelessness, emptiness)
2. Lack of Interest (loss of motivation, inability to enjoy things)
3. Self-Harm (references to harming oneself, suicidal thoughts)
4. Eating Disorder (disordered eating habits)
5. Low Self-Esteem (worthlessness, guilt, self-blame)
6. Concentration Problem (diff"
TE-86.jpg,UNIVERSAL_HUMAN,"[0,0,0,0,0,0,0]",[PARSE_FAIL],"I'm not sure if this is a joke or not.


I'm not sure if this is a joke or not.


I'm not sure if this is a joke or not.


I'm not sure if this is a joke or not.


I'm not sure if this is a joke or not.


I'm not sure if this is a joke or not.


I'm not sure if this is a joke or not.


I'm not sure if this is a joke or not.


I'm not sure if this is a joke or not.


I'm not sure if this is a joke or not.


I'm not sure if this is a joke or not.


I'm not sure if this is a joke or not.


I'm not "
TE-89.jpg,UNIVERSAL_HUMAN,"[0,0,0,0,0,0,0]","[1,1,1,1,1,1,1]","1. Feeling Down: YES
2. Lack of Interest: YES
3. Self-Harm: YES
4. Eating Disorder: YES
5. Low Self-Esteem: YES
6. Concentration Problem: YES
7. Sleeping Disorder: YES

2.  **EMOTIONAL REGULATION:** The text describes a specific feeling of disappointment and sadness (""वो feeling कितनी बुरी होती है
Based on the image and this description, does the meme express any of the following mental health symptoms?
For each symptom, answer YES or NO.
1. Feeling Down (persistent sadness, hopelessness, emptin"
TE-92.jpg,UNIVERSAL_HUMAN,"[1,0,0,0,0,0,0]",[PARSE_FAIL],"The meme is a reaction image of a person crying in the bathroom at night. The text describes the person crying alone in the bathroom at night, implying significant emotional distress and a desire for privacy or withdrawal.

The meme is a reaction image of a person crying in the bathroom at night. The text describes the person crying alone in the bathroom at night, implying significant emotional distress and a desire for privacy or withdrawal.

The meme is a reaction image of a person crying in t"
TE-93.jpg,UNIVERSAL_HUMAN,"[1,0,0,0,0,0,0]",[PARSE_FAIL],"The Simpsons is an American animated sitcom created by Matt Groening for the Fox Broadcasting Company. The series is a satirical depiction of working-class life, epitomized by the Simpson family, which consists of Homer, Marge, Bart, Lisa, and Maggie. The show is set in the fictional town of Springfield and parodies American culture, society, television, and many aspects of the human condition.

The family was conceived by Groening shortly before a solicitation for a series of animated shorts wi"
TE-94.jpg,UNIVERSAL_HUMAN,"[0,0,0,0,0,0,0]",[PARSE_FAIL],"I'm not sure if this is the right place to post this, but I'm looking for a way to make a meme that says ""I'm not depressed, I'm just sad"" in Hindi. I've tried searching for it, but I can't find anything.

I'm not sure if this is the right place to post this, but I'm looking for a way to make a meme that says ""I'm not depressed, I'm just sad"" in Hindi. I've tried searching for it, but I can't find anything.

I'm not sure if this is the right place to post this, but I'm looking for a way to make "
TE-95.jpg,UNIVERSAL_HUMAN,"[0,1,0,0,0,0,0]",[PARSE_FAIL],"I'm not sure if this is a meme or not, but I'm going to go with yes.

I'm not sure if this is a meme or not, but I'm going to go with yes.

I'm not sure if this is a meme or not, but I'm going to go with yes.

I'm not sure if this is a meme or not, but I'm going to go with yes.

I'm not sure if this is a meme or not, but I'm going to go with yes.

I'm not sure if this is a meme or not, but I'm going to go with yes.

I'm not sure if this is a meme or not, but I'm going to go with yes.

I'm not su"
TE-96.jpg,UNIVERSAL_HUMAN,"[0,0,0,0,0,0,0]",[PARSE_FAIL],"The meme is a humorous depiction of the difficulty of managing everyday tasks when suffering from anxiety and depression. The meme is not intended to be a serious depiction of mental health symptoms.

The meme is a humorous depiction of the difficulty of managing everyday tasks when suffering from anxiety and depression. The meme is not intended to be a serious depiction of mental health symptoms.

The meme is a humorous depiction of the difficulty of managing everyday tasks when suffering from "
TE-97.jpg,UNIVERSAL_HUMAN,"[0,0,0,0,0,0,1]",[PARSE_FAIL],"I'm not sure if this is the right place to post this, but I'm looking for a meme that I saw on Twitter. It was a picture of a man with a beard and a hat, and he was holding a sign that said ""I'm not a racist, but..."" and then it had a list of things that were racist. I'm not sure if it was a meme or a picture that was made by someone, but I've been looking for it for a while and I can't find it anywhere. Does anyone know what I'm talking about?

I'm not sure if this is the right place to post th"
TE-205.jpg,VISUAL_SYMBOL_DEPENDENT,"[0,0,0,0,0,0,1]",[PARSE_FAIL],The meme is a parody of the Hindu epic Ramayana. The meme is a parody of the Hindu epic Ramayana. The meme is a parody of the Hindu epic Ramayana. The meme is a parody of the Hindu epic Ramayana. The meme is a parody of the Hindu epic Ramayana. The meme is a parody of the Hindu epic Ramayana. The meme is a parody of the Hindu epic Ramayana. The meme is a parody of the Hindu epic Ramayana. The meme is a parody of the Hindu epic Ramayana. The meme is a parody of the Hindu epic Ramayana. The meme i
TE-276.jpg,VISUAL_SYMBOL_DEPENDENT,"[0,0,0,0,0,0,0]",[PARSE_FAIL],"I'm not sure if this is a meme or not. I'm not sure if it's a meme because it's not a joke. It's just a picture of a guy in a red suit with a beard and a red hat.

I'm not sure if this is a meme or not. I'm not sure if it's a meme because it's not a joke. It's just a picture of a guy in a red suit with a beard and a red hat.

I'm not sure if this is a meme or not. I'm not sure if it's a meme because it's not a joke. It's just a picture of a guy in a red suit with a beard and a red hat.

I'm not "
TE-461.jpg,VISUAL_SYMBOL_DEPENDENT,"[1,0,0,0,0,0,0]",[PARSE_FAIL],"The meme is a depiction of a girl who is hiding her true feelings of anxiety and depression behind a facade of being ""okay."" The text explicitly mentions ""anxiety"" and ""depression,"" and the girl's facial expression is sad and downcast, contrasting with the thumbs-up gesture. The text describes being ""surrounded"" by problems, suggesting a state of being overwhelmed, which could imply a lack of energy or motivation to engage truthfully.

The meme is a depiction of a girl who is hiding her true fee"
TE-512.jpg,VISUAL_SYMBOL_DEPENDENT,"[1,0,0,0,1,0,1]",[PARSE_FAIL],"The meme is a good example of a ""self-help"" meme, which is a type of mental health meme that encourages the viewer to take action to improve their mental health.

The meme is also a good example of a ""self-help"" meme, which is a type of mental health meme that encourages the viewer to take action to improve their mental health.

The meme is a good example of a ""self-help"" meme, which is a type of mental health meme that encourages the viewer to take action to improve their mental health.

The me"
TE-87.jpg,VISUAL_SYMBOL_DEPENDENT,"[1,0,1,0,0,0,0]",[PARSE_FAIL],"I'm not sure if this is a meme or not, but I'm going to go with it.

I'm not sure if this is a meme or not, but I'm going to go with it.

I'm not sure if this is a meme or not, but I'm going to go with it.

I'm not sure if this is a meme or not, but I'm going to go with it.

I'm not sure if this is a meme or not, but I'm going to go with it.

I'm not sure if this is a meme or not, but I'm going to go with it.

I'm not sure if this is a meme or not, but I'm going to go with it.

I'm not sure if t"
