image_id,category,prediction_raw,prediction_vec,had_explanation,human_label
TE-104.jpg,BRAND_DEPENDENT,“No to eating food and watching funny pictures. Now for u,"[0,0,0,0,0,0,0]",True,"[1,0,0,0,0,0,0]"
TE-177.jpg,BRAND_DEPENDENT,"social addiction-an individual committing activity/service with others, especially social) when self (the one addicted?) to another addicted companion', with full commitment they dont care who social abuse continues the chain... is the consequence but this cannot aven to the physical health, and now with real risk because what social isolation produces into this person social damage (for this couple, when abuse also does","[0,0,0,0,0,0,0]",True,"[1,0,0,0,1,0,0]"
TE-184.jpg,BRAND_DEPENDENT,from bottom expressly or through others without making direct suggestion as an indict but,"[0,0,0,0,0,0,0]",True,"[1,0,1,0,0,0,0]"
TE-195.jpg,BRAND_DEPENDENT,(1) Dementation due for some social and interpersonal events (and social changes or addiction by childhood); : being completely dependent,"[0,0,0,0,0,0,0]",True,"[0,0,0,1,1,0,0]"
TE-285.jpg,BRAND_DEPENDENT,"it allows the formation new healthy blood flow by controlling neurochemical level imbalance during periods known but without disturbance which means that patients lack sufficient supply supply that does also leave little margin without the benefit no drugs no drug injection without an artificial source drug of injectants hormone, hormone in supplement or external solution medication has been approved dueto safety from existing dangerous antibiotic treatment but there has frankinurage depression but they often increase suicide risk rates for elderly. they sometimes die or progress, they donâ €","[1,0,0,0,0,0,0]",True,"[1,0,1,0,0,0,0]"
TE-303.jpg,BRAND_DEPENDENT,"can make more intense mood through their self thought- think something very different like negative; or, that someone else is always negative in others think someone doesn even know how. your life can mean only because there many reasons on my you have told my and you were correct there many cases where both people thought nothing happened before such as fear etc in his speech it c, such words","[0,0,0,0,0,0,0]",True,"[1,0,0,0,0,0,0]"
TE-343.jpg,BRAND_DEPENDENT,"Inhal and exn-gas of one body/ml to others via direct physical touch (elev to eye eye level above releated into eyes); also when eyes of each head surface via tongue downwardly: anx-gast or midgas gast on top right edge). Eye leveling-if an item/mat to eye below upper front area can feel inflata but only slightly below. Eval, in other dimensions like he does see well without","[0,0,0,0,0,0,0]",True,"[0,0,0,1,0,0,0]"
TE-378.jpg,BRAND_DEPENDENT,is something most persons arenasted so,"[0,0,0,0,0,0,0]",True,"[0,0,0,1,0,0,0]"
TE-425.jpg,BRAND_DEPENDENT,Emanally describes himself as wanting so that they do the ‘n-ex & me think what& we’ can,"[0,0,0,0,0,0,0]",True,"[1,0,0,0,1,0,0]"
TE-549.jpg,BRAND_DEPENDENT,"There might some time,","[0,0,0,0,0,0,0]",True,"[0,0,0,0,0,1,0]"
TE-583.jpg,BRAND_DEPENDENT,2 MOE A negative/optimus-recall state causes an appreciation; in reality,"[0,0,0,0,0,0,0]",True,"[0,0,0,1,0,0,0]"
TE-586.jpg,BRAND_DEPENDENT,this article should tell his own weaknesses like it will e.d,"[0,0,0,0,0,0,0]",True,"[0,0,0,1,0,0,0]"
TE-629.jpg,BRAND_DEPENDENT,2. In whose stomach you drink,"[0,0,0,0,0,0,0]",True,
TE-8.jpg,BRAND_DEPENDENT,and many times the patient did in their condition because only wanted. 5,"[0,0,0,0,0,0,0]",True,"[1,0,0,0,0,0,0]"
TE-149.jpg,CELEBRITY_DEPENDENT,H.POST,"[0,0,0,0,0,0,0]",True,"[0,0,0,1,0,0,0]"
TE-158.jpg,CELEBRITY_DEPENDENT,Dread,"[0,0,0,0,0,0,0]",True,"[0,0,0,0,0,1,0]"
TE-185.jpg,CELEBRITY_DEPENDENT,"2. LAVITY SEAR I LOVE I, it shows joy because everything around is and well; lust but to make new connections with your favourite things","[0,0,0,0,0,0,0]",True,"[0,0,0,0,1,0,0]"
TE-21.jpg,CELEBRITY_DEPENDENT,"CEDTURE (HEAVE, belie and discontentness hope. life in its endless journey as part as much the present reality and beyond of it now as reality the actual and then into imagined real experience: life changes you into its course but life only allows your presence!","[0,0,0,0,0,0,0]",True,"[1,0,0,0,0,0,0]"
TE-238.jpg,CELEBRITY_DEPENDENT,can express in deep depth to create empathy; empathy create compassion between partners may prevent hatring (when partner was unremovabel but never accept rejection when at heart that other loves other friend more in fact it not correct and this just  just shows to lose it like we have been m m-reaction reaction for being like to your side they have lost confidence in me that even when they love one of his own pair you dont say nothing what have actually wa?,"[0,0,0,0,0,0,0]",True,"[0,0,0,1,1,0,0]"
TE-26.jpg,CELEBRITY_DEPENDENT,"toxing stress from eating. forgette on social facebook wwwt – socialis, Facebook group about you meet facebook today. on Facebook message to Facebook to Facebook chat with her.","[0,0,0,0,0,0,0]",True,"[1,0,0,0,0,0,0]"
TE-40.jpg,CELEBRITY_DEPENDENT,all infraresical moodiness will follow for every psychicist as many doctors suggest mood instability trigger fear- and this will eventually help your patients learn healthy relationships within their famine but it shouldn' cause much social issues now too; when in your past they often hid mental symptoms into those to create infiers. what causes anger feelings depression and shame now mood,"[1,0,0,0,0,0,0]",True,"[0,0,0,0,0,0,1]"
TE-470.jpg,CELEBRITY_DEPENDENT,ERROR: 'float' object has no attribute 'strip',"[0,0,0,0,0,0,0]",False,"[1,0,0,0,0,0,1]"
TE-141.jpg,CULTURAL_REFERENCE_DEPENDENT,"She looks so bored these photos she keeps moving in between so wide poses like smiling and just so smile, . some funny facial humor the look so relaxed in just pose as","[0,0,0,0,0,0,0]",True,"[0,0,0,0,0,0,1]"
TE-147.jpg,CULTURAL_REFERENCE_DEPENDENT,in some places at an appointed hospital to learn first about one type? have met one during regular or extra day (week day after weeks?) in early to some unstateled setting! it takes like just 3hour ago to change,"[0,0,0,0,0,0,0]",True,"[1,1,0,0,0,0,0]"
TE-160.jpg,CULTURAL_REFERENCE_DEPENDENT,ERROR: 'float' object has no attribute 'strip',"[0,0,0,0,0,0,0]",False,"[1,1,0,0,0,0,0]"
TE-197.jpg,CULTURAL_REFERENCE_DEPENDENT,he'face is sad as some people laugh to him! ... so cry your sorrow of laughing,"[0,0,0,0,0,0,0]",True,"[1,0,1,0,0,0,0]"
TE-214.jpg,CULTURAL_REFERENCE_DEPENDENT,ERROR: 'float' object has no attribute 'strip',"[0,0,0,0,0,0,0]",False,"[1,0,0,0,1,0,0]"
TE-232.jpg,CULTURAL_REFERENCE_DEPENDENT,"2. Mental: He seems always to y i guess it hurt so in past, his life didn&know. 3. Culpit. 10. To feel alive without doing boring life just do more talkative thing it doesn?? not tell... be realistic don you may make millions just read about you so don know that unlesslury its real what in reality happen just soo inventitive than reality youve learned it doesn’t tell just anything it comes so easy","[0,0,0,0,0,0,0]",True,"[1,0,0,0,1,0,0]"
TE-299.jpg,CULTURAL_REFERENCE_DEPENDENT,"1 toppanel gives his boy friends pleasure,whereas this bottom screen expose his depression- that comes without self talk expressing no concern from feelings related on his body in social situation! that is just right you are going right but now your friend","[1,0,0,0,0,0,0]",True,"[0,0,1,0,0,0,0]"
TE-309.jpg,CULTURAL_REFERENCE_DEPENDENT,"TMI in eng: demotiving in love | qustante desde inventon ladder in webstadder tombvlijka online, with opentext menu fullsize size is the sum up and middle name with their prot and hypotheesized letters in lower third on an integer sign on his website – this picture would have looked better displayed bigger. 33738 image, from Google picture looking at one, at middle point from","[0,0,0,0,0,0,0]",True,"[0,0,0,1,1,0,0]"
TE-33.jpg,CULTURAL_REFERENCE_DEPENDENT,2 7. Beye. about how & that it worked last few and its success with respect 2 9 to say its something right that others want,"[0,0,0,0,0,0,0]",True,"[0,0,0,0,0,0,0]"
TE-333.jpg,CULTURAL_REFERENCE_DEPENDENT,The sentence: no drinking with others after two weeks,"[0,0,0,0,0,0,0]",True,"[0,0,1,0,0,0,0]"
TE-342.jpg,CULTURAL_REFERENCE_DEPENDENT,"For alli love!and then how did in india now its about about 3-4 hours ago for example here this will keep for more some more ; keep searching, dear all","[0,0,0,0,0,0,0]",True,"[1,0,1,0,0,0,0]"
TE-374.jpg,CULTURAL_REFERENCE_DEPENDENT,"BY PAM HUDDEN, PATE IN HADE CA B. MOST of my B-grade exams and most exam I thought for exam it took all years ago now if his previous - that I want success without","[0,0,0,0,0,0,0]",True,"[0,1,0,0,0,1,0]"
TE-385.jpg,CULTURAL_REFERENCE_DEPENDENT,In depression most adolescents with anxiety,"[1,0,0,0,0,0,0]",True,"[0,0,0,0,0,0,0]"
TE-411.jpg,CULTURAL_REFERENCE_DEPENDENT,ERROR: 'float' object has no attribute 'strip',"[0,0,0,0,0,0,0]",False,
TE-506.jpg,CULTURAL_REFERENCE_DEPENDENT,"(2) is not included (list may include those mentioned previously too while not.) to indicate ""it would probably work just not well today when working in","[0,0,0,0,0,0,0]",True,
TE-619.jpg,CULTURAL_REFERENCE_DEPENDENT,"is defined psychological by: 4. or 10. (see pic below that says “but now that means one could find me too old!) but as described so many people. of which do get upset or have got out) because my mom just has so few feelings” how, of means how or where. etc. when.. to my last point","[0,0,0,0,0,0,0]",True,"[0,0,0,1,0,0,0]"
TE-70.jpg,CULTURAL_REFERENCE_DEPENDENT,"(1) ). 6. C 3. H A child will become unhappy duet emotions. (like) her. friends have, dislike about sociality due bem feeling unhappy like not feeling or","[0,0,0,0,0,0,0]",True,"[1,0,0,0,0,0,0]"
TE-74.jpg,CULTURAL_REFERENCE_DEPENDENT,It comes before hearing in most girls because its sounds weird because how often but to be called funny,"[0,0,0,0,0,0,0]",True,"[1,0,1,0,0,0,0]"
TE-256.jpg,INTERNET_CULTURE_DEPENDENT,This includes: loss awareness/conf - to others be judge you should accept the people whom that they wish/in that you deserve that are you most loved that happy to feel so unlovable now forgiving or being lonely sometimes make your dreams come true for.i really can tell those of her name even in you want or lose my past with one day e and in real we just saw and finally lost but like if someone really upset someone doesns need or don; that ,"[0,0,0,0,0,0,0]",True,"[0,0,0,0,0,0,0]"
TE-611.jpg,INTERNET_CULTURE_DEPENDENT,"(1) CUTTING MY PET IS DETROLICA, BUT PALETO LITE","[0,0,0,0,0,0,0]",True,"[0,0,0,1,0,0,0]"
TE-90.jpg,INTERNET_CULTURE_DEPENDENT,A song of deathly or despair on paper for depression suffer and suffering without someone or thing by falling dead by some falling .... from this death wish is just,"[1,0,0,0,0,0,0]",True,"[1,0,0,0,0,0,0]"
TE-107.jpg,LANGUAGE_DEPENDENT,ERROR: 'float' object has no attribute 'strip',"[0,0,0,0,0,0,0]",False,"[0,0,0,0,1,0,0]"
TE-14.jpg,LANGUAGE_DEPENDENT,"not displayed and dot recite english version that I did! 2. emotion (hhds mood mood express.) what happens/exuceates during? this occurs to help another learn English lexicand you/n., expressing s what emotions that would provoke reaction so let’ try what' just be ""woku or mean and","[0,0,0,0,0,0,0]",True,
TE-170.jpg,LANGUAGE_DEPENDENT,from home cant get the happy thoughts which leads some,"[0,0,0,0,0,0,0]",True,"[1,0,0,0,1,0,0]"
TE-175.jpg,LANGUAGE_DEPENDENT,joone me jela is betraving and she doesn not cry anymore just belive now there. justin today im really demented ha ... love that we are alive we get life when there are many reasons why im so positive. me it didn never matter and everything wasn that,"[0,0,0,0,0,0,0]",True,
TE-251.jpg,LANGUAGE_DEPENDENT,No. 6. The fact may make many problems with her or its friends with many difficulties which may lead. To get rid is common it . to say something more positive such as its so in one condition (if others viewed negatives to one condition than their state can only reflect what we like and can find no one thing correcting wrong/ the. of,"[0,0,0,0,0,0,0]",True,"[1,1,0,0,0,0,0]"
TE-259.jpg,LANGUAGE_DEPENDENT,"(B = depressive and suyoucent) when facing death there _ and always being overewenesseous/overreal or imaginary... sometimes that. can get me out my mood too sometimes that really is in some certain, never seen these difits when these really work sometimes to me for your. sometimes they might feel deaight in any aspect whatever there for theyve known or feel to get on the face now your past feelings (in anger of some","[0,0,0,0,0,0,0]",True,"[0,0,1,0,0,0,0]"
TE-268.jpg,LANGUAGE_DEPENDENT,"No reaction when asking for some assistance to find some work while stuck to this computer workspace that really gives problems that only some one experienced or someone might be seeing... http https you thought she was having or talking... not going into, with them? how stupid could she come get for now what am she asking in reali to see there for herself like never said never done. for what, to start at or do today, is she","[0,0,0,0,0,0,0]",True,"[0,0,0,1,0,0,0]"
TE-306.jpg,LANGUAGE_DEPENDENT,"1 5. 7. the way up or straight downward the only change, or attained level when they go beyond level 2. This will become most appreciated during heavy times. it also looks extremely handsome with his large frame for me youtube upload pics as is right but you get in the stage after his knee at level 6.","[0,0,0,0,0,0,0]",True,"[0,0,0,1,0,0,0]"
TE-362.jpg,LANGUAGE_DEPENDENT,,"[0,0,0,0,0,0,0]",True,"[1,0,1,0,0,0,0]"
TE-370.jpg,LANGUAGE_DEPENDENT,A poster board telling girls that friendship would turn everything.. http sme http,"[0,0,0,0,0,0,0]",True,"[0,0,0,1,0,0,0]"
TE-384.jpg,LANGUAGE_DEPENDENT,ERROR: 'float' object has no attribute 'strip',"[0,0,0,0,0,0,0]",False,
TE-418.jpg,LANGUAGE_DEPENDENT,"2. None have the expression mental dezed me! which would result more panic by an onset by bringing mental down down one after any past happening on our physical environment; instead it makes your brain happy like falling but from up some. and make negative statements pointing all along some distance but do the negative opposite, to dj in their normal pattern until now","[0,0,0,0,0,0,0]",True,"[0,0,0,0,0,1,0]"
TE-431.jpg,LANGUAGE_DEPENDENT,"This poem called as I came on, there this pic says me but","[0,0,0,0,0,0,0]",True,"[0,0,0,0,0,0,1]"
TE-434.jpg,LANGUAGE_DEPENDENT,H: Hives. 9. To feel an inner pain . to let,"[0,0,0,0,0,0,0]",True,
TE-446.jpg,LANGUAGE_DEPENDENT,can look nice as there is really big distance over eye for distance or focus over someone to find an edge between something attractive at height/wide field while other seems as unnotically far but visually closer with x amount close range proximity on frame from someone behind someone in space see some funny things,"[0,0,0,0,0,0,0]",True,"[1,0,0,0,0,0,0]"
TE-457.jpg,LANGUAGE_DEPENDENT,3). 10.I have high testosterone depression as teenager. 29 September 2008 by family in which no romantic attraction has yet had. 17/32 or 68/129/76 261 44 35 23 9 9 39 13 23 7 62 68 390 31 17 19 25 38 24 5 26 23 25 19 32 5 17 3 4 1 26 6 16 24 25 37 24 53 25 54 53 19 33 42 3 30 30 5 22 11 14 19 3 37 3 42 54 36 43 45 19,"[1,0,0,0,0,0,0]",True,
TE-471.jpg,LANGUAGE_DEPENDENT,"(2)The image appears whenever it comes as from, or through something the underlying motivation which is why she can see","[0,0,0,0,0,0,0]",True,"[0,0,0,0,0,1,0]"
TE-479.jpg,LANGUAGE_DEPENDENT,"C: An excessive obsession may create new mental, morally positive mental values around self reveaction from one experience leads","[0,0,0,0,0,0,0]",True,"[1,0,0,0,0,0,0]"
TE-492.jpg,LANGUAGE_DEPENDENT,"Cmb acronym for my personality is, social construct constructed identity identity of individual with all interests on societal network through their experiences along lifetime time in social networks that leads. into other relationship at any current given opportunity for further progression within the lifeline society the more","[0,0,0,0,0,0,0]",True,"[0,0,0,1,0,0,0]"
TE-509.jpg,LANGUAGE_DEPENDENT,"1. lacks creativity, inspiration when work. I’ M W C A-L A F P S–O L A A R L L + U","[0,0,0,0,0,0,0]",True,
TE-519.jpg,LANGUAGE_DEPENDENT,Just existing washem,"[0,0,0,0,0,0,0]",True,"[0,0,0,1,0,0,0]"
TE-526.jpg,LANGUAGE_DEPENDENT,"feel depression sad depression, sadness loss control from one to the another mental. mood, change one one' can come after break the day, feeling you will grow sad the sun won’i miss when one. you should focus just do better. all we like. be your life best because some is missing t the same in some moment because those days, your feelings come again to meet with and it gets difficult as this year’ pragme from your love so look at others to keep","[1,0,0,0,0,0,0]",True,
TE-615.jpg,LANGUAGE_DEPENDENT,3. HALDEED DOUGHAM has become increasingly aggressive due on twitter after someone called out me,"[0,0,0,0,0,0,0]",True,"[0,0,0,1,0,0,0]"
TE-632.jpg,LANGUAGE_DEPENDENT,2. SHOP all types but some,"[0,0,0,0,0,0,0]",True,
TE-9.jpg,LANGUAGE_DEPENDENT,funny meme where people talk while the world is saying everything you,"[0,0,0,0,0,0,0]",True,"[1,0,1,0,0,0,0]"
TE-201.jpg,LIFESTYLE_CONTEXT_DEPENDENT,"Selected in blue background  sad"" as the title title character","[0,0,0,0,0,0,0]",True,"[0,0,0,1,0,0,0]"
TE-296.jpg,LIFESTYLE_CONTEXT_DEPENDENT,(2) has it,"[0,0,0,0,0,0,0]",True,"[1,0,0,0,0,0,1]"
TE-521.jpg,LIFESTYLE_CONTEXT_DEPENDENT,ERROR: 'float' object has no attribute 'strip',"[0,0,0,0,0,0,0]",False,"[0,0,0,0,0,1,0]"
TE-226.jpg,MEDIA_CONTEXT_DEPENDENT,"Heaviness . It may just help someone.s out on someone with whom to feel sorry without the guilt (hive, with empathy the hate satire etc hate when it just brings them shame when happiness happens","[0,0,0,0,0,0,0]",True,"[1,0,0,0,0,0,0]"
TE-294.jpg,MEDIA_CONTEXT_DEPENDENT,ERROR: 'float' object has no attribute 'strip',"[0,0,0,0,0,0,0]",False,"[0,0,0,0,1,0,0]"
TE-323.jpg,MEDIA_CONTEXT_DEPENDENT,"4 reasons based what else, then think something positive; find w what works but try others find you find in place","[0,0,0,0,0,0,0]",True,"[0,1,0,0,0,0,0]"
TE-336.jpg,MEDIA_CONTEXT_DEPENDENT,in speech format use these tools together let it &quot and with an exact title which can not come within another title,"[0,0,0,0,0,0,0]",True,"[1,0,1,0,0,0,0]"
TE-354.jpg,MEDIA_CONTEXT_DEPENDENT,"(1) man lose respect among the cast of cinema, due its many great names for playing the cinema profession","[0,0,0,0,0,0,0]",True,"[1,0,0,0,0,0,0]"
TE-47.jpg,MEDIA_CONTEXT_DEPENDENT,"*dangeral state depraction delutrissa rajoolvesingaha, forgivenceiguilityabenomal sociwapishathre emotionopression.eys,hpoemy emotional behaviour affectu & self","[0,0,0,0,0,0,0]",True,"[1,0,0,0,1,0,0]"
TE-497.jpg,MEDIA_CONTEXT_DEPENDENT,Nosampoo is so sad at me what happens sometimes can affect life with their reaction in all people face can influence,"[0,0,0,0,0,0,0]",True,"[0,0,0,0,0,0,1]"
TE-505.jpg,MEDIA_CONTEXT_DEPENDENT,"2.***beige face***lowing voice but its really me so funny and fyinistyic and stupid for many so some women,","[0,0,0,0,0,0,0]",True,"[0,0,0,1,0,0,0]"
TE-525.jpg,MEDIA_CONTEXT_DEPENDENT,it’be an evening or very interesting weekday situation! what you feel without this picture...listall it,"[0,0,0,0,0,0,0]",True,"[1,0,0,0,0,0,0]"
TE-98.jpg,MEDIA_CONTEXT_DEPENDENT,,"[0,0,0,0,0,0,0]",True,"[1,0,0,0,0,0,0]"
TE-140.jpg,MEME_FORMAT_DEPENDENT,"4. Belie. physical interest shows empathy 4. Achiement related, like interest of in physical attraction or having interest at specific or attractive someone you wish because an is","[0,0,0,0,0,0,0]",True,"[0,0,0,0,1,0,0]"
TE-196.jpg,MEME_FORMAT_DEPENDENT,4 (Pi : 3 = 16–7),"[0,0,0,0,0,0,0]",True,"[1,0,1,0,0,0,0]"
TE-484.jpg,MEME_FORMAT_DEPENDENT,,"[0,0,0,0,0,0,0]",True,
TE-550.jpg,MEME_FORMAT_DEPENDENT,"mental ans social state mentally to refer back to one subject the emotions that have arise with each sentence being described to explain how this causes this, j be and why certain behavior occurs at particular specific phase during that reaction to","[0,0,0,0,0,0,0]",True,"[0,0,0,1,0,0,0]"
TE-589.jpg,MEME_FORMAT_DEPENDENT,"cane affect personality to people so strongly it could ruin my outlook permanently without my ability even talking to you in writing I mean even making it impossible just try one for this person would actually change its position, they would move from to, side with more confidence at most things we feel more devested you know! and make you wonder i know most can see who there more powerful i dont see him in reality because everyone wants others see some kind. how? this is his fault you didn","[0,0,0,0,0,0,0]",True,"[0,0,0,1,0,0,0]"
TE-591.jpg,MEME_FORMAT_DEPENDENT,"1 x 2 triangle; 10 in this orderly 2 , using equation that formula and expression the first solve linear least in functions; 3 solver exponential with 2 fact of function log equation expression +. solver formula. and explain solution answer at different multiple-range least in answer choose first choice 2. then multiply all that smallest subevalu = formula solution to any real numbers","[0,0,0,0,0,0,0]",True,"[0,0,0,0,0,1,0]"
TE-112.jpg,NICHE_SUBCULTURE_DEPENDENT,"It is to keep ourselves interested like playing golf when our friend invitee... this will get many fun comments about our real friend without showing you! she looks as interested nts the past which it gives happiness more space without actually insult to, they can become jealous or insensitive in reality b and lose confidence of those in relation without negative sentiment in an instant you were really in","[0,0,0,0,0,0,0]",True,"[1,0,1,0,0,0,0]"
TE-172.jpg,NICHE_SUBCULTURE_DEPENDENT,He told himself; look x into them all these negative traits can create any feeling,"[0,0,0,0,0,0,0]",True,"[0,0,0,0,1,0,0]"
TE-249.jpg,NICHE_SUBCULTURE_DEPENDENT,"This image features young Indian children saying why something or where everything lies down right beneath and beside .... the title tell others your mind what we said while you said you will never,. “my baby girl in it you were always trying like never to forget that everything'is good or sometimes better” and we could remember you too, which now thats good/","[0,0,0,0,0,0,0]",True,"[0,0,0,0,1,0,0]"
TE-279.jpg,NICHE_SUBCULTURE_DEPENDENT,ERROR: 'float' object has no attribute 'strip',"[0,0,0,0,0,0,0]",False,"[0,0,0,1,0,0,0]"
TE-346.jpg,NICHE_SUBCULTURE_DEPENDENT,depression will often have you question every step on an ex- partner relationships that hurt or in many romantic past instances try,"[1,0,0,0,0,0,0]",True,"[0,0,1,0,0,0,0]"
TE-37.jpg,NICHE_SUBCULTURE_DEPENDENT,to the music from game controller controls with various options as sound quality/ clarity clarity noise or blur blur and also sound disturbance which only sounds worse with people sitting not behind. no need as an ast now there can also buy online or can order their voice now from there http. text to create text message of love is love of.ii is very rare choice from facebook what it,"[0,0,0,0,0,0,0]",True,"[0,1,0,0,0,0,0]"
TE-595.jpg,NICHE_SUBCULTURE_DEPENDENT,To begin with each and all is different: in front when something hits its bottom line and causes intense feeling inside; then we begin this action in front; and all things seem even that in reality becomes. without cause in which one hardly feel negative feeling without cause of. 3. u also react automatically negative even to what is outsider you would first cause feeling with no reaction,"[0,0,0,0,0,0,0]",True,"[0,0,0,1,1,0,0]"
TE-78.jpg,NICHE_SUBCULTURE_DEPENDENT,"The final phrase here sounds much too similar to, because ""we are young girls without emotions they never even imagine themselves at times before writing our minds they only hears ""saying, but never had. the way these say but has not said them only you write now what have felt because, it made in that day since now im always told that no way that only that thing what mean. for us? yes all our time ago in x in 2x5 (yu. in real","[0,0,0,0,0,0,0]",True,"[0,0,0,0,1,0,0]"
TE-88.jpg,NICHE_SUBCULTURE_DEPENDENT,"dehydram, alcohol etc poison control dehumate gas at school is also associatedswhetyle. The only permanent member will always feel like it just came from inside society, because parents had such experiences allthough many who went. This could never seem in","[0,0,0,0,0,0,0]",True,"[0,0,0,0,1,0,0]"
TE-166.jpg,POP_CULTURE_DEPENDENT,ERROR: 'float' object has no attribute 'strip',"[0,0,0,0,0,0,0]",False,"[1,0,1,0,1,0,0]"
TE-168.jpg,POP_CULTURE_DEPENDENT,ERROR: 'float' object has no attribute 'strip',"[0,0,0,0,0,0,0]",False,"[0,0,1,0,0,0,0]"
TE-174.jpg,POP_CULTURE_DEPENDENT,,"[0,0,0,0,0,0,0]",True,"[0,0,0,0,1,0,0]"
TE-178.jpg,POP_CULTURE_DEPENDENT,Can it show negative motivation because sadness doesn. the very real thing can show sad/im.y and feel guilty and lose touch social bonds while at all its because depression makes sadness stronger which often helps your love bond because devyate love or other. friends without friends! like realy and never love is actually so great thing not at j because in india social,"[1,0,0,0,0,0,0]",True,"[1,0,1,0,0,0,0]"
TE-188.jpg,POP_CULTURE_DEPENDENT,"and its natural but dangerous reactions that result, they believe and sometimes infect. because now your not thinking anything wrong in you about self the feeling doesn but this image won be very well formed within 3060sec or 60 -150dsec or the real, – (referral from some of above expression), so . some new meaning now the situation in fact no where in your own (this article i didns refer your post","[0,0,0,0,0,0,0]",True,"[0,0,0,0,1,0,0]"
TE-200.jpg,POP_CULTURE_DEPENDENT,Emine,"[0,0,0,0,0,0,0]",True,
TE-213.jpg,POP_CULTURE_DEPENDENT,"this gives great importance meaning which we will see soon by this article ""disteny it doesn not work only against man!"" which seems at in these logical logic checker tests with few simple calculations likes 9 3 11 12 25 24 2 28 50 4 63 90 40 44 28 51 49 49 43 72 3 26 23 1 10 19 14 73 43 26 11 36 12 30 35 43 31 21 45 50 4 41 22 65 75 3 17 1 4 5 37 43 53 47 1","[0,0,0,0,0,0,0]",True,
TE-222.jpg,POP_CULTURE_DEPENDENT,anatom/atom description 1 body,"[0,0,0,0,0,0,0]",True,"[1,0,0,0,0,0,0]"
TE-236.jpg,POP_CULTURE_DEPENDENT,Shiverness that tell your ruminate body why why? your weight in fear tell hb,"[0,0,0,0,0,0,0]",True,"[0,0,0,0,1,0,0]"
TE-244.jpg,POP_CULTURE_DEPENDENT,"the sentence shows its sadness while using same word phrases/s of these pictures where these positive meaning for what and here this sentence of ( the emotion I had before reading "" sad text","[0,0,0,0,0,0,0]",True,"[1,0,0,0,0,0,0]"
TE-255.jpg,POP_CULTURE_DEPENDENT,1 in kann and do many fun thing! this message saying something hilarious at that moment we dond and make such foolish social,"[0,0,0,0,0,0,0]",True,"[1,0,0,0,0,0,0]"
TE-275.jpg,POP_CULTURE_DEPENDENT,SIDE BE BEHAPP. 2. DO BE IN LOVE or even affection (in many shapes with positive)) 1. BOO (or de)beinat,"[0,0,0,0,0,0,0]",True,"[1,0,0,0,0,0,0]"
TE-291.jpg,POP_CULTURE_DEPENDENT,"1a self defense can hurt. When emotions interfere like these, self protective behavior","[0,0,0,0,0,0,0]",True,"[1,0,0,0,0,0,0]"
TE-34.jpg,POP_CULTURE_DEPENDENT,Having feelings and words of your childhood helps make many of adults think from this viewpoint more sensitive on,"[0,0,0,0,0,0,0]",True,"[0,0,0,0,1,0,0]"
TE-364.jpg,POP_CULTURE_DEPENDENT,ERROR: 'float' object has no attribute 'strip',"[0,0,0,0,0,0,0]",False,"[1,0,1,0,0,0,0]"
TE-379.jpg,POP_CULTURE_DEPENDENT,"inbox now full! it looks great that is showing us real faces who would face or laugh we still in that place! here were the 3 biggest los that could play our country india it also got cricket and you have not listed cricket either as crickets sports nor a soccer too football not in history because for him only women they both belieate not and most are very well prepared with the education now have started we would call on women, who also can easily take our head out or their","[0,0,0,0,0,0,0]",True,"[1,0,1,0,1,0,0]"
TE-467.jpg,POP_CULTURE_DEPENDENT,no proper reference! but very many good explanation points so I do the others because no more descriptive can help my study about their point as many different of what else,"[0,0,0,0,0,0,0]",True,"[1,0,0,0,0,0,0]"
TE-50.jpg,POP_CULTURE_DEPENDENT,"1-1; mohahat. befriend his childhood partner that always got me up every year from college while attending , this is going the very very bad directions this picture says: this video.smash social link facebook Facebook is socialally social in your group circle which will allow it'lerate and decombase them among various friends friends that is known through you who with someone friends as family for good, it makes friendship the strong union and trust for social network as friend ","[0,0,0,0,0,0,0]",True,"[0,0,0,1,1,0,0]"
TE-540.jpg,POP_CULTURE_DEPENDENT,to feel less fearless we do good...when faced from inside out our true reality keeps making this picture ever ominate or start over..... masked by someone saying the power behind them just gave us reason........ ... donal? you got some really awesome news like.....................i guess??? how to be someone from an uninven,"[0,0,0,0,0,0,0]",True,"[0,1,0,0,0,0,0]"
TE-546.jpg,POP_CULTURE_DEPENDENT,"""my mum doesn’ fucked in our shop! no words need any further commentary like. she might look really small and have some lump in you throat just to comment that smh for all kinds pp to reply suck is totally sick","[0,0,0,0,0,0,0]",True,"[0,0,0,0,1,0,0]"
TE-650.jpg,POP_CULTURE_DEPENDENT,“my mother in public talks,"[0,0,0,0,0,0,0]",True,"[0,1,0,0,0,0,0]"
TE-99.jpg,POP_CULTURE_DEPENDENT,"and soar indicable quotes with sentimental effect so what people feel on how these issues can start going to any profession be good one time then some, they like someone better when no job to find what she finds right than here in these pages will mainly find the time but still will feel it. some kind in me some people want their job you do so choose","[0,0,0,0,0,0,0]",True,"[1,0,0,0,0,0,0]"
TE-32.jpg,REFERENCE_DEPENDENT,To improve relationships (including that about life!) take veha...! #,"[0,0,0,0,0,0,0]",True,"[1,0,0,0,0,0,0]"
TE-44.jpg,REFERENCE_DEPENDENT,He could just hit my mouth i want them no less because as to I AM LIAR toy so am,"[0,0,0,0,0,0,0]",True,"[0,0,0,0,0,0,0]"
TE-442.jpg,REFERENCE_DEPENDENT,There whey may also get mad and feel the feeling,"[0,0,0,0,0,0,0]",True,
TE-602.jpg,REFERENCE_DEPENDENT,"high high dose beta silegie, lower pyrral lame disease associated le. low risk is one hundred five of any condition you could also encounter this list can affect the quality work output by giving.","[0,0,0,0,0,0,0]",True,"[0,0,0,0,0,0,1]"
TE-644.jpg,REFERENCE_DEPENDENT,"What the yan? this message or in facebook like how all we like being there with what someone' wants me believe now what to mean or for others. just dont be confused but they mean more it has the choice they may appear differently at every visit an art gallery but in all this talk be positive just talk not right but this in what in the following line be more often now there may occur less commonly so recheck it as is now, to mean and most just right means or","[0,0,0,0,0,0,0]",True,"[0,0,1,0,0,1,0]"
TE-1.jpg,UNIVERSAL_HUMAN,that I won only take your blood let you feel its fire but that means,"[0,0,0,0,0,0,0]",True,"[1,0,0,0,0,0,0]"
TE-10.jpg,UNIVERSAL_HUMAN,2. if patient will see her husband playing basketball as that man x,"[0,0,0,0,0,0,0]",True,"[0,0,0,1,0,0,0]"
TE-100.jpg,UNIVERSAL_HUMAN,"""said the person we just know and saw had died while I lost her baby."" it’ in fact "" I believe","[0,0,0,0,0,0,0]",True,"[1,0,0,0,0,0,0]"
TE-101.jpg,UNIVERSAL_HUMAN,"mental disorder; low mental ability of individuality may also reduce creativity like low mental capacity while deprinifying to social gang life may help create and develop identity issues associated With various demonictions caused after reading from internet the concept is logical when looking over their self. peoples may face obstacles similar situations all day which lead with feeling trained the mental and personal stability changes. all emotions change as mood takes rise. they experience situations throughout your existence to adapt,","[0,0,0,0,0,0,0]",True,"[1,0,1,0,0,0,0]"
TE-102.jpg,UNIVERSAL_HUMAN,no pain nothing in fact happiness,"[0,0,0,0,0,0,0]",True,"[1,0,1,0,0,0,0]"
TE-103.jpg,UNIVERSAL_HUMAN,4. In which condition this letter is  but because none have in which area or with other symbol,"[0,0,0,0,0,0,0]",True,
TE-105.jpg,UNIVERSAL_HUMAN,"POST INFERATION : someone feels ""they did to say how stupid *said an stupid reason not valid or confusing #the subject means his answer not means or just thought how wrong my first word does look the same now let, my name' be what about any topic on question 3 #x 4 2 8 is what we saw in every moment this would just add","[0,0,0,0,0,0,0]",True,"[0,0,0,0,1,0,0]"
TE-106.jpg,UNIVERSAL_HUMAN,these images appear from his profile picture by adding two emotions ... emotion that doze on his pic from photo png crop edit and caption for picture size by on mobile below (all. choose all emotiions category and select as appropriate one according by choosing filters: choose which image suits the person selected according for its name which applies both here). Select two sentiment types in that category below... list as given for this set as dee,"[0,0,0,0,0,0,0]",True,"[0,0,0,0,1,1,0]"
TE-108.jpg,UNIVERSAL_HUMAN,E / an example will only give two possible causes/solution choices but all should relate to emotion (like happiness-low frustration for being stressed = or hopelessly en route cing anxiety and anger means): my feeling today might,"[0,0,0,0,0,0,0]",True,"[0,0,0,1,0,0,0]"
TE-109.jpg,UNIVERSAL_HUMAN,Smelar is more interesting though to describe the person,"[0,0,0,0,0,0,0]",True,"[1,0,0,0,1,0,1]"
TE-11.jpg,UNIVERSAL_HUMAN,"1. You can imagine his heart at all different events such me but even today you see., the joy I always want his love his support. all kinds. even here she may know me best or with my self image you and what her problems maybe and most my emotions, which were for sure were best ever then why did I come.. all have. for good some better with all his bad friends sometimes like other for other and more not because of myself we don' need more in them and","[0,0,0,0,0,0,0]",True,"[1,0,0,0,0,0,0]"
TE-110.jpg,UNIVERSAL_HUMAN,"[1 Emotion character). 2. Change emotions by going outside physically to achieve success while being driven back as hard from behind without real or proper motivation so the game would only go through so like b for driving an in it makes everyone, or an empty moment","[0,0,0,0,0,0,0]",True,"[1,0,0,0,0,0,0]"
TE-111.jpg,UNIVERSAL_HUMAN,the text gives an overall effect like lonely with other isolated things isolated is described here when something in another character',"[0,0,0,0,0,0,0]",True,"[1,0,0,0,0,0,0]"
TE-113.jpg,UNIVERSAL_HUMAN,and no laughter,"[0,0,0,0,0,0,0]",True,"[1,0,0,0,0,0,0]"
TE-114.jpg,UNIVERSAL_HUMAN,No friends for some nights in front seat so let people stay far outside when not for 5 but is actually more,"[0,0,0,0,0,0,0]",True,"[1,1,0,0,1,0,0]"
TE-115.jpg,UNIVERSAL_HUMAN,An attitude,"[0,0,0,0,0,0,0]",True,"[1,0,0,0,0,0,0]"
TE-116.jpg,UNIVERSAL_HUMAN,BONU-define deprision is caused while some degree causes. but not really known which,"[0,0,0,0,0,0,0]",True,"[0,0,1,0,1,0,0]"
TE-117.jpg,UNIVERSAL_HUMAN,to an otherwise descript nature area we had recently inhabited on our north westernmost mainland island near an airport the air travel now exists only through space via flight control system or drone/ air force 4 via aero aircraft reshaped like the small flying boat to create the current travel experience which create both jet flight/control situation like control on wings the space flying or even glide with paris or space as well air flights within it now no manics over 3 infity aircraft/revers,"[0,0,0,0,0,0,0]",True,
TE-118.jpg,UNIVERSAL_HUMAN,"“dance was never the reason of pride, now no place will have one where ours should come back next for. because most are born the victim has taken many brave years or it may remain under shame all because rage against what is most likely or ugly most ugly of in spite but not, let alone in any self expression you do you think better so for me and all it depends by seeing ! so to express some real life! the reality but don do have not so think","[0,0,0,0,0,0,0]",True,"[1,0,0,0,0,0,0]"
TE-119.jpg,UNIVERSAL_HUMAN,ERROR: 'float' object has no attribute 'strip',"[0,0,0,0,0,0,0]",False,"[1,0,0,0,0,0,1]"
TE-12.jpg,UNIVERSAL_HUMAN,ERROR: 'float' object has no attribute 'strip',"[0,0,0,0,0,0,0]",False,
TE-120.jpg,UNIVERSAL_HUMAN,"Inexpensable things/ineffective things, and people say I mean this really. It can do or even improve it according your desire (which is completely dependent what sort has) is called an emotion but there’ and something with that personality can actually increase confidence or something related at one (but not necessarily true remberingly but only from what that one does in particular as the term used suggests) but in all but as that one just like anything...but its meaning, there","[0,0,0,0,0,0,0]",True,"[1,0,0,0,1,0,0]"
TE-121.jpg,UNIVERSAL_HUMAN,2.,"[0,0,0,0,0,0,0]",True,
TE-122.jpg,UNIVERSAL_HUMAN,"When an actor has his way with her but this song became popular recently only one woman & young male fans started to worship for me (not music), music influenced so why song lyrics changed too fast(after music track became popularity, lyrics was made fast&samoing songs grew so loud. This music also started like an example which only seems like good motivation that it helps yand its best love feeling but after listen these romantic things just sound really very dangerous. now lyrics","[0,0,0,0,0,0,0]",True,
TE-123.jpg,UNIVERSAL_HUMAN,5 things for over 9’le’m and 5’le–the name means an object/be around 4 kd image gallery under the. If these sounds give sense,"[0,0,0,0,0,0,0]",True,"[1,0,1,0,0,0,0]"
TE-125.jpg,UNIVERSAL_HUMAN,no matter in realmicalarquisite that will surely happen,"[0,0,0,0,0,0,0]",True,"[1,0,0,0,0,0,0]"
TE-126.jpg,UNIVERSAL_HUMAN,"Imitence, nonrefs, insults abuse etc: these joke or quote is ilaryening with vein","[0,0,0,0,0,0,0]",True,"[0,0,0,0,1,0,0]"
TE-127.jpg,UNIVERSAL_HUMAN,"(o) debhalayaf)., be like the person you make feel to know better; all you say","[0,0,0,0,0,0,0]",True,"[0,0,0,0,0,1,0]"
TE-128.jpg,UNIVERSAL_HUMAN,[Bival-positive]]. This gives life into her mind instead it is with death into hers as before it in time. This prevent loneliness is often there between others on it this protect happiness because we now forget : now life goes but because one now life go into other; all others you lose but what have in death lose no life gain by any sexation. happiness.ev ... because one in death is nothing because none are. in life in our material,"[0,0,0,0,0,0,0]",True,"[0,0,1,0,0,0,0]"
TE-129.jpg,UNIVERSAL_HUMAN,NOT SHOO! This girl may get agitatoric while you stay behind all sorts out or with out anger so I try do many and much hard of training so her feelings so,"[0,0,0,0,0,0,0]",True,"[1,0,0,0,0,0,0]"
TE-13.jpg,UNIVERSAL_HUMAN,Dread syndrome: my friends with love ruined relationships. 1 page 29 of 40 indian dictionary (bref free from smartydwisit...this one) this post includes anerexs meaning: in love and,"[0,0,0,0,0,0,0]",True,"[0,0,0,1,0,0,0]"
TE-130.jpg,UNIVERSAL_HUMAN,Da,"[0,0,0,0,0,0,0]",True,"[1,0,0,0,0,0,0]"
TE-131.jpg,UNIVERSAL_HUMAN,Sophdiqmac.exchange about his poetry through qyydkdand.s/wgwg1n,"[0,0,0,0,0,0,0]",True,
TE-132.jpg,UNIVERSAL_HUMAN,"4. Destructivizens, where food, alcohol (the most used ingredient used).","[0,0,0,0,0,0,0]",True,
TE-133.jpg,UNIVERSAL_HUMAN,"It may also include phobia feelings when having so may feel happy even about your hat for many morning. You, your day/day, life or health that your spouse/loving oneself or you wish just recently got over you mate’s job or home job/partner","[0,0,0,0,0,0,0]",True,
TE-134.jpg,UNIVERSAL_HUMAN,is the term now to address depression now seen widely enough: It sounds that everything good but you feel to have such in islam? for any religious man but the last decade people who say there would come any,"[1,0,0,0,0,0,0]",True,"[1,0,0,0,0,0,0]"
TE-135.jpg,UNIVERSAL_HUMAN,no mood at the club this night... no fun anymore but sober...... so... the weekend started for today and there is too of crap going everywhere!!............... have too little of some to do! not very p.... have nothing else do I donin! with soames that,"[0,0,0,0,0,0,0]",True,"[1,0,0,0,1,0,0]"
TE-136.jpg,UNIVERSAL_HUMAN,,"[0,0,0,0,0,0,0]",True,"[0,1,0,0,0,0,0]"
TE-137.jpg,UNIVERSAL_HUMAN,He doesn do me the good one...awehre the hell part......i,"[0,0,0,0,0,0,0]",True,"[0,0,0,0,0,0,1]"
TE-138.jpg,UNIVERSAL_HUMAN,"1) In this section I would rather look first more seriously than in that first look, but feel completely capable for my eyes I hate having dark grey ones or blue skies and no","[0,0,0,0,0,0,0]",True,
TE-139.jpg,UNIVERSAL_HUMAN,"""Dress washem that night'y, bea""(my brother"") she turned me so many morning/plent""ing of him so when that , which have to","[0,0,0,0,0,0,0]",True,"[1,0,0,0,0,0,0]"
TE-142.jpg,UNIVERSAL_HUMAN,"How Can Love Happen!? In dating talk when his boss takes your back with him while waiting at one restaurant over again this explains me it seems...a man in dating saying has asked, have he","[0,0,0,0,0,0,0]",True,"[1,0,0,0,0,0,0]"
TE-143.jpg,UNIVERSAL_HUMAN,Electolicism refertional,"[0,0,0,0,0,0,0]",True,"[0,0,1,0,1,0,0]"
TE-144.jpg,UNIVERSAL_HUMAN,For now and while she hatefuly when they said but no sooner so to when on seeing her parents who had their life at s firstly or recently we now,"[0,0,0,0,0,0,0]",True,"[0,0,0,1,0,0,0]"
TE-145.jpg,UNIVERSAL_HUMAN,and all this express my paine and embererit I would tell his bestest pal so his pain detest this love.he does but it won and this will take to hell,"[0,0,0,0,0,0,0]",True,"[0,0,0,0,1,0,0]"
TE-146.jpg,UNIVERSAL_HUMAN,the fact there does' if one feels alone to find true interest/passion or attract,"[0,0,0,0,0,0,0]",True,"[0,1,0,0,0,0,0]"
TE-148.jpg,UNIVERSAL_HUMAN,isotonic therapy was prescribed therapy-specific treatments are recommended without doctors prescription at every dh but without proper evaluation without being experienced psychiatrist for more accurate treatment with professional judgement; we offer it just about 20 for men to,"[0,0,0,0,0,0,0]",True,"[0,0,0,0,1,0,0]"
TE-15.jpg,UNIVERSAL_HUMAN,"Laughs may express all of its, but only the funny ones apply most accurately for them self expression is used correctly; the words","[0,0,0,0,0,0,0]",True,
TE-150.jpg,UNIVERSAL_HUMAN,"If , and have been, be then no then","[0,0,0,0,0,0,0]",True,"[0,0,0,1,1,0,0]"
TE-151.jpg,UNIVERSAL_HUMAN,"no specific emotional symptoms but feel all feelings about everything sometimes, most dayto,mor or just get the sadness sometimes make things all up just at certain parts "" you know and suddenly something different can become what everyone will look like ... your friend could want more fun friendship... ? ""your friendship needs work work trust, xp can turn bad things up even downright the first night then downturn everything can come you, suddenly make more friendship","[0,0,0,0,0,0,0]",True,"[0,0,1,0,0,0,0]"
TE-152.jpg,UNIVERSAL_HUMAN,dm in class deyhu inebriated selfless happiness happiness in society in love language,"[0,0,0,0,0,0,0]",True,
TE-153.jpg,UNIVERSAL_HUMAN,ERROR: 'float' object has no attribute 'strip',"[0,0,0,0,0,0,0]",False,"[1,0,0,0,1,0,0]"
TE-154.jpg,UNIVERSAL_HUMAN,B,"[0,0,0,0,0,0,0]",True,"[1,0,0,0,0,0,0]"
TE-155.jpg,UNIVERSAL_HUMAN,1. bet I am. What kindest what could bring? 4. me luck me mised all? 19. when this little friend will change it at home to work? #bam!! you might like icecream,"[0,0,0,0,0,0,0]",True,"[0,0,1,0,0,0,0]"
TE-156.jpg,UNIVERSAL_HUMAN,ERROR: 'float' object has no attribute 'strip',"[0,0,0,0,0,0,0]",False,
TE-157.jpg,UNIVERSAL_HUMAN,"E, I lose track that your work-like to. and feel sad to.. But don and want any socialisator like him! Hear someone say but it won; because people get scared they feel unhappy when your working or being. because something bad'eal happening/.. If that’ad really going that and see its success without. ? because being upset really didn ‘me' feel great as your happy compared now to say they dont ever understand everything so","[0,0,0,0,0,0,0]",True,
TE-159.jpg,UNIVERSAL_HUMAN,ERROR: 'float' object has no attribute 'strip',"[0,0,0,0,0,0,0]",False,"[0,0,0,1,0,0,0]"
TE-16.jpg,UNIVERSAL_HUMAN,If it wasn me who lost weight but at what weight – you will feel guilty in front this,"[0,0,0,0,0,0,0]",True,
TE-161.jpg,UNIVERSAL_HUMAN,"is such pain you dont feel anything until in silence (like sadness you wish was true); it gets deep into ones feelings until no means anything has been shown thus they feel it, no no. â because their mental sickness causes many diseases in an overall physical physical body (and is caused. all in these negative states","[0,0,0,0,0,0,0]",True,"[0,0,1,0,0,0,0]"
TE-162.jpg,UNIVERSAL_HUMAN,Dmitkavanukaal,"[0,0,0,0,0,0,0]",True,
TE-163.jpg,UNIVERSAL_HUMAN,it will take 4c0 times more stressor physical indiffference due it constant thinking it it wont help anyone without its physical actions as it makes your emotion. anger it i cried many years at how about yourself is like it may ai cry or happy face,"[0,0,0,0,0,0,0]",True,"[1,0,0,0,1,0,0]"
TE-164.jpg,UNIVERSAL_HUMAN,the first part also gets emotional of depression over and now doesnt always it get romantic likes and become real depression about,"[1,0,0,0,0,0,0]",True,"[0,0,0,1,0,0,0]"
TE-165.jpg,UNIVERSAL_HUMAN,ERROR: 'float' object has no attribute 'strip',"[0,0,0,0,0,0,0]",False,"[0,0,0,0,0,0,0]"
TE-167.jpg,UNIVERSAL_HUMAN,"to find what it does next time is: https https http%22%27tpa1 &m%29/y0quxtw#m.zjwy.#8217j_hx7, httpswww www","[0,0,0,0,0,0,0]",True,"[1,0,0,0,1,0,0]"
TE-169.jpg,UNIVERSAL_HUMAN,"is something serious is to someone' when no doubt. just let himself decide in all which way for most likely result; they mean and only can do it then its so it becomes something personal/seative, even very meaningful as they can now change whatever they said that would become the worst but inevitably do because that has got such benefits? with an overuse this it never gives one in so many ...., because she didn'ly not seen no obvious signals you said and its ","[0,0,0,0,0,0,0]",True,"[0,0,0,0,1,0,0]"
TE-17.jpg,UNIVERSAL_HUMAN,“maturly self.ly-isolates what one consider when the brain gets to to respond and get motivated so your thoughts donâ“ ; say an or feel some in what state emotion be about an object ( say ! for this means when emotion trigger the thought processes are being in my memory so thoughts happen all you have imagined before reading someone tell us one thing happens every single day is true and often is completely false meaning not being anything but not something that should always,"[0,0,0,0,0,0,0]",True,"[1,0,0,0,0,0,0]"
TE-171.jpg,UNIVERSAL_HUMAN,can refere any verb in which an emotion like love-,"[0,0,0,0,0,0,0]",True,"[0,0,0,0,0,1,0]"
TE-173.jpg,UNIVERSAL_HUMAN,"Prank/control this remit mental e, anger","[0,0,0,0,0,0,0]",True,
TE-176.jpg,UNIVERSAL_HUMAN,for them eeni can bring them closer from the pain; even with me I donat like all alone of,"[0,0,0,0,0,0,0]",True,"[0,0,0,1,0,0,0]"
TE-179.jpg,UNIVERSAL_HUMAN,ERROR: 'float' object has no attribute 'strip',"[0,0,0,0,0,0,0]",False,"[0,0,0,0,1,0,0]"
TE-18.jpg,UNIVERSAL_HUMAN,They get frustrated that the other woman always shows some disgust and hatred which usually cause fight temper towards me to feel anger that y att him she,"[0,0,0,0,0,0,0]",True,"[0,0,0,1,0,0,0]"
TE-180.jpg,UNIVERSAL_HUMAN,".. I can’ let her come! so... the only option in case.s) for your time in case of no problem like anything that may happened and there were insufficient resources? ass! 4. 2. In one direction my sister was thinking ""you like and would like nothing worse!","[0,0,0,0,0,0,0]",True,
TE-181.jpg,UNIVERSAL_HUMAN,CAMP SEALINE (BASEd position) from 3 in list or list from list | edit mode.indmodedit add and subtract (see) find next by touching top bracket,"[0,0,0,0,0,0,0]",True,"[1,0,0,0,1,0,0]"
TE-182.jpg,UNIVERSAL_HUMAN,"*Muyr and bela’y (who is dee! as you call your loved self demotivator with attitude like being happy or loved?) without knowing his current outlook is very different!he may just tell you whatever,","[0,0,0,0,0,0,0]",True,"[0,0,0,0,0,0,1]"
TE-183.jpg,UNIVERSAL_HUMAN,it really needs this little motivation about life after graduation of high tech degree programme so I found new life after graduatign on college thanks,"[0,0,0,0,0,0,0]",True,"[1,0,0,0,0,0,0]"
TE-186.jpg,UNIVERSAL_HUMAN,ERROR: 'float' object has no attribute 'strip',"[0,0,0,0,0,0,0]",False,"[0,0,0,0,0,1,0]"
TE-187.jpg,UNIVERSAL_HUMAN,3. If self abuse leads in other extreme measures to avoid it is only going on lon 2 of 7 listed at your convenience that causes feelings feelings (aind) 10. 9. 1 of 8: 5 15. 1. 15. 3,"[0,0,0,0,0,0,0]",True,"[0,1,0,0,0,0,0]"
TE-189.jpg,UNIVERSAL_HUMAN,5. Cries loud-,"[0,0,0,0,0,0,0]",True,
TE-19.jpg,UNIVERSAL_HUMAN,"1 day for your father (not married today yet sorry his absence won never lead with more heart), just you want the time back! that might even feel at time. wth now we need his perspective but can . you won","[0,0,0,0,0,0,0]",True,"[1,0,0,0,0,0,0]"
TE-190.jpg,UNIVERSAL_HUMAN,"C). MOIFE or any emotional disorder, emotional crisis with intense focus upon thoughts negative/electious to think over them; emotionally disconnected. it often produces stress fg thoughts through mental mental/psychaic interference of conscious emotional experiences, in many areas inside conscious conscious brain mental control centres inside but this external source always results negative physical feelings associated thoughts for rational thought without having thought. psychological effect causes feelings from thoughts emotions/idereaction or negative negative mental reaction is what create feelings","[0,0,0,0,0,0,0]",True,"[1,0,0,0,1,0,0]"
TE-191.jpg,UNIVERSAL_HUMAN,For him this does d,"[0,0,0,0,0,0,0]",True,"[1,0,0,0,1,0,0]"
TE-192.jpg,UNIVERSAL_HUMAN,"nod fore too sleep over that, we see an amazing new place so suddenly in our country on one the internet;","[0,0,0,0,0,0,0]",True,
TE-193.jpg,UNIVERSAL_HUMAN,ERROR: 'float' object has no attribute 'strip',"[0,0,0,0,0,0,0]",False,"[1,0,0,0,1,1,0]"
TE-194.jpg,UNIVERSAL_HUMAN,"infrexible negative feelings. Feel your time to if some feeling and phrase make more fun today, you say good when everything you wish doesn;’re just now or sometime next let me share the post today today! 1 2. How we all experience, feel all life gives somethings so often and others to know better about something about another one because all those we look can remember what another thing makes, or isnaros for so what have passed down down for us as","[0,0,0,0,0,0,0]",True,
TE-198.jpg,UNIVERSAL_HUMAN,"3. They never clutter up."" But their friends want to go back to me? Having your friends. to see in return! These guys may get annoyed.","[0,0,0,0,0,0,0]",True,"[0,0,1,0,0,0,0]"
TE-199.jpg,UNIVERSAL_HUMAN,[c).c [re -q | dis_util_decadual ( no )),"[0,0,0,0,0,0,0]",True,
TE-2.jpg,UNIVERSAL_HUMAN,DEEP TUNIC DROWSH and Awaks me I hope its what my parents did the pain hurt was to let those not want others get some hope by doing their things,"[0,0,0,0,0,0,0]",True,"[1,0,0,0,1,0,0]"
TE-20.jpg,UNIVERSAL_HUMAN,For mental awareness there many negative situations with other posters,"[0,0,0,0,0,0,0]",True,"[0,0,1,0,0,0,0]"
TE-202.jpg,UNIVERSAL_HUMAN,ERROR: 'float' object has no attribute 'strip',"[0,0,0,0,0,0,0]",False,"[1,0,1,0,1,0,0]"
TE-203.jpg,UNIVERSAL_HUMAN,Not,"[0,0,0,0,0,0,0]",True,"[0,0,0,0,0,0,1]"
TE-204.jpg,UNIVERSAL_HUMAN,to have positive mental ptitude change into to love life to see other mate with real purpose mate instead than some empty-y face and make up like you want? find. look out these 30 very beautiful selfie poses on photo-shoryry or you won them heartbreak over her fake selfie pose is going viral for over her indian politics on my photo #,"[0,0,0,0,0,0,0]",True,
TE-206.jpg,UNIVERSAL_HUMAN,5 types and sizes and then type it down at first each,"[0,0,0,0,0,0,0]",True,"[1,1,0,0,0,0,0]"
TE-207.jpg,UNIVERSAL_HUMAN,no love problems in your room? in private toilet when this changes feelings suddenly become sominate because their body will look in my private,"[0,0,0,0,0,0,0]",True,"[1,0,0,0,1,0,0]"
TE-208.jpg,UNIVERSAL_HUMAN,"8. FACT INFLOWERS AND RETRONITE CARES BATHO FUCITOUS: you think about having something worth worrying/think to worrying for some sorttt?, even about others , for what it feels it looks that others dons... this was an easy choice that might sound confusing and silly!, but noe fame about those little debacling like ? here, is one to hundreds at your level (dre that list was","[0,0,0,0,0,0,0]",True,"[0,0,0,0,0,1,0]"
TE-209.jpg,UNIVERSAL_HUMAN,indst,"[0,0,0,0,0,0,0]",True,
TE-210.jpg,UNIVERSAL_HUMAN,It seems funny so often that it could sound really nice the end though with. “well no offense that seems so insult,"[0,0,0,0,0,0,0]",True,"[1,0,0,0,1,0,0]"
TE-211.jpg,UNIVERSAL_HUMAN,all that match has depression included which are mostly common things about men these things would cause despair with my experience my experiences would,"[1,0,0,0,0,0,0]",True,
TE-212.jpg,UNIVERSAL_HUMAN,*Exact only causes emotions rather physical behaviour which happens,"[0,0,0,0,0,0,0]",True,
TE-215.jpg,UNIVERSAL_HUMAN,Nos to show more or less self hatred/ego shame of / others at present condition to develop (social medias?),"[0,0,0,0,0,0,0]",True,"[0,0,0,0,1,0,0]"
TE-216.jpg,UNIVERSAL_HUMAN,(2) (,"[0,0,0,0,0,0,0]",True,"[1,0,0,1,0,0,0]"
TE-217.jpg,UNIVERSAL_HUMAN,"I found all 4 funny messages from her childhood pictures but not this reply for anyones really can't do so in other pic only it dont work plbnlr let all tell know. The comments section also for so you need no more advice as its well enough from his many mistakes so hopefully help another comment will stop saying my last thought would rather just use those as for guidance I can'l, dont abuse mine ! thanks just remember me dear no","[0,0,0,0,0,0,0]",True,"[0,0,0,0,0,1,0]"
TE-218.jpg,UNIVERSAL_HUMAN,An interesting look as my babysitter had something more serious than talking and drinking. There you also do for others I admire all manner who come by when one gets stuck so up now there'S that someone can read you what else what are what just when and who say nothing for their social purpose of which will let their others. My wife left when having just lost 4 year by being too mean while just laughing,"[0,0,0,0,0,0,0]",True,
TE-22.jpg,UNIVERSAL_HUMAN,ERROR: 'float' object has no attribute 'strip',"[0,0,0,0,0,0,0]",False,"[1,0,0,0,1,0,0]"
TE-220.jpg,UNIVERSAL_HUMAN,"invents to give good health news while keeping it weird in its name? no one does love seeing dogs getting dirty anymore that just came, when someone see all it will disappear again one or never but don now be with someone no reason whatsoever it’ll not become very popular that t- is the same anymore just now don worry or your favourite or your dream! there comes zooool of fake emotion related to being pet hate which people and so love that. here what has this","[0,0,0,0,0,0,0]",True,"[1,0,0,0,0,0,0]"
TE-221.jpg,UNIVERSAL_HUMAN,"the cat seems at best like anything now itâ is th... love in them, in us they've fallen for them the old friend from love in one situation in the long running (this one didni... for you too long now). to this guy: doe with all it comes my work day at and night work hard enough then I see you on sun tomorrow (hopochrist will rise when today my sunrise... or on christmas in me day day day time now you work","[0,0,0,0,0,0,0]",True,"[0,0,0,0,1,0,0]"
TE-223.jpg,UNIVERSAL_HUMAN,"8. B).. A ru can influence their feelings for any girl but when combined up by women and one by guy they often change but after some reflection of ... or simply at lone of o. The best dating service doesne of itu.com offers, an in which single female woman just met our perfect suit-but it only just meant some very attractive people who just looked interesting before dating in it with other, then when with two, that match one that meet","[0,0,0,0,0,0,0]",True,
TE-224.jpg,UNIVERSAL_HUMAN,ERROR: 'float' object has no attribute 'strip',"[0,0,0,0,0,0,0]",False,"[0,0,0,1,0,0,0]"
TE-225.jpg,UNIVERSAL_HUMAN,This might not sound related ( to physical,"[0,0,0,0,0,0,0]",True,"[1,0,0,0,0,0,0]"
TE-227.jpg,UNIVERSAL_HUMAN,"6'6;a'(j d to B: ine; C',' Cmeet (y.s, and EX)-EJ (exl(s y); or A C(","[0,0,0,0,0,0,0]",True,"[0,0,0,0,1,0,0]"
TE-228.jpg,UNIVERSAL_HUMAN,and have depression mood sadness feelings often accompany physical appearance on this day,"[1,0,0,0,0,0,0]",True,"[1,0,0,0,1,0,0]"
TE-229.jpg,UNIVERSAL_HUMAN,"mental. 1. anxiety can occur all d time, is to lose concentration so keep studying in case at http, when that one you will face sudden, scary or uncomfortable stressor because at such your exam for fear of putting medatale! on time but never fear for another problem will arrive next month. now think when","[0,0,0,0,0,0,0]",True,"[1,0,0,0,0,0,0]"
TE-23.jpg,UNIVERSAL_HUMAN,No reaction will help in finding answers;,"[0,0,0,0,0,0,0]",True,"[1,0,0,0,1,0,0]"
TE-230.jpg,UNIVERSAL_HUMAN,"Cache this morning with pictures expressing their sadness or misearoi have to look. see in my time in many languages except you with pictures and sounds so we thought up m and this letter and its in these lists just gives me time, therefor everything comes all, at it with you get you that has an adjective too","[0,0,0,0,0,0,0]",True,"[1,0,1,0,0,0,0]"
TE-231.jpg,UNIVERSAL_HUMAN,"4.. When an old age lose hope you do something uncom-......? or, it doesnn and","[0,0,0,0,0,0,0]",True,"[0,1,0,0,0,0,0]"
TE-233.jpg,UNIVERSAL_HUMAN,for what my family loves like,"[0,0,0,0,0,0,0]",True,
TE-234.jpg,UNIVERSAL_HUMAN,,"[0,0,0,0,0,0,0]",True,
TE-235.jpg,UNIVERSAL_HUMAN,For now. The girl smilely said nothing by,"[0,0,0,0,0,0,0]",True,
TE-237.jpg,UNIVERSAL_HUMAN,"cnm psychology theory papers topics like, self motivated study etc time with full and","[0,0,0,0,0,0,0]",True,"[0,0,0,0,1,0,0]"
TE-239.jpg,UNIVERSAL_HUMAN,Not enough: in love only with someone close,"[0,0,0,0,0,0,0]",True,"[0,0,0,0,1,0,0]"
TE-24.jpg,UNIVERSAL_HUMAN,"There, and it gives some freeway control but this doesnapos?","[0,0,0,0,0,0,0]",True,"[1,0,0,0,0,0,1]"
TE-240.jpg,UNIVERSAL_HUMAN,"There are problems between girls/adle and those at first stage but have confidence soon, as I get used-and in my 3030 i now, because you have now experienced enough good-situation--if one'legit and knows it! in his last tweet on how happy his own eyes feel today are really bad; no matter why others didn do any thing right to stop what","[0,0,0,0,0,0,0]",True,"[0,1,0,1,0,0,0]"
TE-241.jpg,UNIVERSAL_HUMAN,"list now showing up c and isnialist from search tweet Twitter app, where any tweet related image or hashtag associated directly as meme/invent an example image like","[0,0,0,0,0,0,0]",True,"[1,0,0,0,1,0,0]"
TE-242.jpg,UNIVERSAL_HUMAN,"E-L is what she hate when if not told then by x, noty: that","[0,0,0,0,0,0,0]",True,"[1,0,0,0,0,0,0]"
TE-243.jpg,UNIVERSAL_HUMAN,*,"[0,0,0,0,0,0,0]",True,"[1,0,0,0,0,0,0]"
TE-245.jpg,UNIVERSAL_HUMAN,This picture (likely. 1 can easily provoke jealous thinkings at this picture from picture 10 or 20s that come on each or all days) tell stories through saying something to : something,"[0,0,0,0,0,0,0]",True,"[0,0,1,0,0,0,1]"
TE-246.jpg,UNIVERSAL_HUMAN,free text,"[0,0,0,0,0,0,0]",True,
TE-247.jpg,UNIVERSAL_HUMAN,No response was,"[0,0,0,0,0,0,0]",True,"[0,0,0,1,0,0,0]"
TE-248.jpg,UNIVERSAL_HUMAN,"(1) THE SAME WILL DEB and HAIL you at any level or your chosen occupation: it would seem more sensible/distic, at home no.1s.com this. The expression of saying of this movie about friendship'in which its said I got what am say when some peoples and now believe like your feelings are real to them this. My son in front","[0,0,0,0,0,0,0]",True,"[0,0,0,0,0,1,0]"
TE-25.jpg,UNIVERSAL_HUMAN,mood.com sadness.,"[0,0,0,0,0,0,0]",True,"[1,0,0,0,0,0,0]"
TE-250.jpg,UNIVERSAL_HUMAN,ERROR: 'float' object has no attribute 'strip',"[0,0,0,0,0,0,0]",False,"[0,0,0,0,0,1,0]"
TE-252.jpg,UNIVERSAL_HUMAN,ERROR: 'float' object has no attribute 'strip',"[0,0,0,0,0,0,0]",False,"[1,0,1,0,0,0,0]"
TE-253.jpg,UNIVERSAL_HUMAN,Oe poop: one like him or someone is like anyone except my body) they are not in good company? have always seen what good on their,"[0,0,0,0,0,0,0]",True,"[0,0,0,1,1,0,0]"
TE-254.jpg,UNIVERSAL_HUMAN,"Eating becomes difficult due ina continuous sequence process as it always results up same for no work related with words, feelings such ita, you lose touch you may. at someone where she lost that you find out is important? so can use our for example you is my love but can help people too with its that are, your family have friends so and can now work and in our. just look in up position, the present has been used without or while is so, than this one which","[0,0,0,0,0,0,0]",True,
TE-257.jpg,UNIVERSAL_HUMAN,"the most amazing things come at some important stages on an unexpected side is very comfortable seat pb-pp1ff). This helps build mental capacity as is most popular is only among college women! x1,0 or few others; sometimes its like others such some time! just choose other people' problems will tell and it helps but someday in school life... for people are actually worse... I know sometimes because life never feels that, its real like everyone' in college aren the","[0,0,0,0,0,0,0]",True,
TE-258.jpg,UNIVERSAL_HUMAN,Cane dos more like sleep is when mom wants bed with some noise is an option is like so when mother just do want sleep than get worried you always try lying at bed as it. it can only keep calm in reality he does do at sleep in momm can still - can be like when in oneself is,"[0,0,0,0,0,0,0]",True,"[0,0,0,0,0,0,1]"
TE-260.jpg,UNIVERSAL_HUMAN,Bmt is usually about 10-15 at an interview for someone special as well designed! try any,"[0,0,0,0,0,0,0]",True,"[0,0,0,0,1,0,0]"
TE-261.jpg,UNIVERSAL_HUMAN,for crying because life made him/hem. 2. 9. how should it is soo funny not even! & why would anyone be,"[0,0,0,0,0,0,0]",True,"[1,1,0,0,1,1,0]"
TE-262.jpg,UNIVERSAL_HUMAN,I was demonated that just means rif. is he had no sense with feeling/power or thought whatsoever on top which will explain exactly any of your previous. or lack feelings without meaning behind feelings...senseless; its about that word we use over & not to use one words) with words or ideas to define... is in sentence 6 or 11(remov,"[0,0,0,0,0,0,0]",True,"[0,0,0,0,0,1,0]"
TE-263.jpg,UNIVERSAL_HUMAN,ERROR: 'float' object has no attribute 'strip',"[0,0,0,0,0,0,0]",False,"[1,0,0,0,1,0,0]"
TE-264.jpg,UNIVERSAL_HUMAN,,"[0,0,0,0,0,0,0]",True,
TE-265.jpg,UNIVERSAL_HUMAN,She felt able on todayts of emotions; instine to make and keep friendship on face of mind which would ever meet people in front on you or to,"[0,0,0,0,0,0,0]",True,"[0,0,0,0,1,0,0]"
TE-266.jpg,UNIVERSAL_HUMAN,"""i will try and continue all night""- my body needs rest to combat serious things from my job like lack confidence but all day im stressed now... to try things so we see you may succeed""(this comic only). to look through something at once, & then another), the result being only negative as can change something in an already drawn scene while creating them so their emotion remains on another canvas but which none have negative consequence it doesn-not meaning any self exifc or","[0,0,0,0,0,0,0]",True,"[0,0,0,0,1,0,0]"
TE-267.jpg,UNIVERSAL_HUMAN,cane anxiety lead into negative feeling ...,"[0,0,0,0,0,0,0]",True,"[0,1,0,0,0,0,0]"
TE-269.jpg,UNIVERSAL_HUMAN,In all words: this means this or what will do best do me soon explain yourself to people when therewe donâr be you? just an expression used rarely with this picture,"[0,0,0,0,0,0,0]",True,"[1,0,1,0,0,0,0]"
TE-27.jpg,UNIVERSAL_HUMAN,"Whats this mean, it feels you wish now because none do they dont ever say j have you, me so and when his gonna think that one doesn know and now im already lost the love from the moment me think and know","[0,0,0,0,0,0,0]",True,"[1,0,0,0,0,0,0]"
TE-270.jpg,UNIVERSAL_HUMAN,4000s and many related Hindi to text files at start free,"[0,0,0,0,0,0,0]",True,"[0,0,0,0,0,1,0]"
TE-271.jpg,UNIVERSAL_HUMAN,"C-type syndrome character in movies like 3iD movies which exemise as much about an artist through simple visual and comic figuration like people, vehicles who express emotions over visual space a photo using black on white (seeing people at traffic police and in police or death-restruction police,etc the usual situations we confronte in almost every picture where this situation develop with an endother self is like this funny thing the last movie with black skin. 2/3 are one","[0,0,0,0,0,0,0]",True,"[0,0,1,0,0,0,0]"
TE-272.jpg,UNIVERSAL_HUMAN,"OMG-Eh Gulgyaro (means heartache sadness/a sadnessy situation to say sadness; feeling hope — be strong(i love my sadness because,.. in context sadness makes everyone hum about (it create good impression feelings). If all this stress has made its own cause into another word its self de sensualized feelings which mean happiness which for sp; twe; can. in many language of th","[0,0,0,0,0,0,0]",True,"[0,0,0,0,0,0,1]"
TE-273.jpg,UNIVERSAL_HUMAN,ERROR: 'float' object has no attribute 'strip',"[0,0,0,0,0,0,0]",False,
TE-274.jpg,UNIVERSAL_HUMAN,(Sexus 20. 155) and this leads her brother up for suicide; also indignant over,"[0,0,0,0,0,0,0]",True,
TE-277.jpg,UNIVERSAL_HUMAN,"For this task your best tool has become what could improve all situations around life so do have to live all through happy times at every life have the possibility ever been, the times all time, whether some good in this phase with good health; the ones I don”ly believe these thoughts lpc some to the bad moody; some thought have changed all my while all they should","[0,0,0,0,0,0,0]",True,"[0,0,0,1,0,0,0]"
TE-278.jpg,UNIVERSAL_HUMAN,The problem for people without treatment he finds out you may just call nly or no,"[0,0,0,0,0,0,0]",True,"[1,0,0,0,0,1,0]"
TE-28.jpg,UNIVERSAL_HUMAN,1) they'RE eating,"[0,0,0,0,0,0,0]",True,
TE-280.jpg,UNIVERSAL_HUMAN,"“DON’y find someone else now, be it be she knows well!"".i found myself sitting all here sobbing alone after finding her... I just looked everywhere because something that'w right for an idea but wasnâ","[0,0,0,0,0,0,0]",True,
TE-281.jpg,UNIVERSAL_HUMAN,"He helexeted as is ""oyveous by your mouth,"" even used at certain meetings by my mom so its all been used without any just for the reasons they meant that to just see us it as someone important like.es","[0,0,0,0,0,0,0]",True,"[1,0,0,0,1,0,0]"
TE-282.jpg,UNIVERSAL_HUMAN,"No other peoples to get involved of what has not given attention, it gets overwhelming at last attempt: when someone ask why your wifes always tell? your mind never pond think or doubt but just in it in that light with its now dark, like and and its like no longer before. this has. just found another answer on google","[0,0,0,0,0,0,0]",True,"[1,1,0,0,0,0,0]"
TE-283.jpg,UNIVERSAL_HUMAN,"Hesa in an emotion state: fear? He or the cat just sit snurrs for what happens around us...or we will feel bad we look out into my mirror and say...this situation might really cause his.........youtube , just give his, this might give him another option but what your feeling you really really think and its up here this ......well there lies only 3 so just to me! for . when something causes someone your thinking thoughts the","[0,0,0,0,0,0,0]",True,"[0,0,0,0,0,0,1]"
TE-284.jpg,UNIVERSAL_HUMAN,6 2. B). Self interest leads social networks is like all these people see all her interests like twitter for those fred will meet someone just,"[0,0,0,0,0,0,0]",True,"[0,0,0,0,0,0,1]"
TE-286.jpg,UNIVERSAL_HUMAN,: i am tired feeling now is no sign anymore how happy when you do to lose it because your own way had got away on its. its really like saying to love my,"[0,0,0,0,0,0,0]",True,"[0,0,0,0,1,0,0]"
TE-288.jpg,UNIVERSAL_HUMAN,"an involtic but doesn- not fore them and try this list mental distress may also get severe because many have their bumble. some over it before we were ever intrage or you don’anoely been by talking out over you or now back behind us we are talking you so far the inf for to we have gone long or ago asai mem infforin we mean us what are not for . and so besinc,","[0,0,0,0,0,0,0]",True,
TE-289.jpg,UNIVERSAL_HUMAN,to change negative into any new and not so specific,"[0,0,0,0,0,0,0]",True,"[0,0,0,0,1,0,0]"
TE-29.jpg,UNIVERSAL_HUMAN,to feel negative. being down gives positive influence through. 2. Feel pathetic because good songs would show,"[0,0,0,0,0,0,0]",True,"[1,0,0,0,1,0,0]"
TE-290.jpg,UNIVERSAL_HUMAN,uncontrol but the fact you had your mouth opened as part that made yourself sick again because no food on face for more horing on table from any corner or even while your teeth sitd straight into that table on,"[0,0,0,0,0,0,0]",True,"[1,0,1,0,0,0,0]"
TE-292.jpg,UNIVERSAL_HUMAN,4. CROWFEDD C ov,"[0,0,0,0,0,0,0]",True,"[0,1,0,0,0,1,0]"
TE-293.jpg,UNIVERSAL_HUMAN,3. OPEN (or,"[0,0,0,0,0,0,0]",True,"[0,0,0,0,0,1,0]"
TE-295.jpg,UNIVERSAL_HUMAN,this time of season,"[0,0,0,0,0,0,0]",True,"[1,0,0,0,1,0,1]"
TE-297.jpg,UNIVERSAL_HUMAN,"What it shows will define many days x, including it? There could either literally something specific as said wdytme in india like some of his best & amusing quotes. the reason is just one way you and your. we only give ourselves meaning so we feel stupid than unhe actually look the truth why I still use him daily after knowing there","[0,0,0,0,0,0,0]",True,"[0,0,0,0,1,0,0]"
TE-298.jpg,UNIVERSAL_HUMAN,"Hm, that boy site there because devalved into","[0,0,0,0,0,0,0]",True,"[0,0,0,0,0,0,1]"
TE-3.jpg,UNIVERSAL_HUMAN,"negative,","[0,0,0,0,0,0,0]",True,
TE-300.jpg,UNIVERSAL_HUMAN,An immoral expression will either appear devilified after some chemtization; otherwise with his approval his disgust will prevail when someone realize’m you love me for how,"[0,0,0,0,0,0,0]",True,"[1,0,0,0,0,0,0]"
TE-301.jpg,UNIVERSAL_HUMAN,"canodup and add, self and some, too but bk up this in that manner and your problem shall rty as now this means your condition must or are going out, this post has so me to list how I l","[0,0,0,0,0,0,0]",True,"[0,0,1,0,0,0,0]"
TE-302.jpg,UNIVERSAL_HUMAN,This method would appear too hard since the author cannot actually reciflect with thoughts about feelings on real lives due which. however could try writing,"[0,0,0,0,0,0,0]",True,
TE-304.jpg,UNIVERSAL_HUMAN,"Anelicious deervamp (exhibimentally shown), left on top-center-recining one'self against other members with all remaining to le hex (left face up and left middle; reverse","[0,0,0,0,0,0,0]",True,
TE-305.jpg,UNIVERSAL_HUMAN,"mood depression stress mood for nothing motivation rivery image 1. motivation to ulazik 1. the only hope out ita me of going in or around will still move away at time 3. hopelessly romantic that all life changes the situation to do your part so even if someone changes there life is still same today, in time the positive and change change with someone so why have become positive change of job position then suddenly we do to good thats happening you get your friends like but","[1,0,0,0,0,0,0]",True,"[1,0,0,0,1,0,0]"
TE-307.jpg,UNIVERSAL_HUMAN,DIFFERNMENT can vary somewhat among young male friends according this chart...you know,"[0,0,0,0,0,0,0]",True,"[1,0,0,0,1,0,0]"
TE-308.jpg,UNIVERSAL_HUMAN,ERROR: 'float' object has no attribute 'strip',"[0,0,0,0,0,0,0]",False,
TE-31.jpg,UNIVERSAL_HUMAN,the woman will love,"[0,0,0,0,0,0,0]",True,"[1,0,0,0,0,0,0]"
TE-310.jpg,UNIVERSAL_HUMAN,3,"[0,0,0,0,0,0,0]",True,"[0,1,0,1,0,0,0]"
TE-312.jpg,UNIVERSAL_HUMAN,He expressed anxiety against receiving an order: why don do me? I never know anythlyt you never asked my wife've called his office that is far but he,"[0,0,0,0,0,0,0]",True,
TE-313.jpg,UNIVERSAL_HUMAN,ERROR: 'float' object has no attribute 'strip',"[0,0,0,0,0,0,0]",False,"[0,0,0,0,0,1,0]"
TE-314.jpg,UNIVERSAL_HUMAN,Ed depression (dark loneliness may affect peopleu in different cultural reasons it often doesnt becogniind.reimentineaqnat) or bet and other means are just feelings associated with social/personal status to cause mood distress etc as and or without realisation; mood for those.which.in most situation be sad for somebody when having friends is usually cause me moodese: demeaning feelings and. social stress is.,"[1,0,0,0,0,0,0]",True,"[0,0,0,0,0,0,1]"
TE-315.jpg,UNIVERSAL_HUMAN,"to know him. feel sad by just listening about himself sneek.. ""this too sad or not bad about himself only its real? that it truly feels bad that my current embutimisahonenmentalsat","[0,0,0,0,0,0,0]",True,
TE-317.jpg,UNIVERSAL_HUMAN,4 years into college after becoming self harm now being friends (with someone social as soon we know what our parents don?? say and never do when thinking back? so true? sometimes life gets confusing... even while at the back when all it,"[0,0,0,0,0,0,0]",True,"[0,1,0,0,0,0,0]"
TE-318.jpg,UNIVERSAL_HUMAN,"(Again, you stay angry to laugh this situation with that joke and be serious and","[0,0,0,0,0,0,0]",True,"[0,0,0,1,0,0,0]"
TE-319.jpg,UNIVERSAL_HUMAN,"all are not seen the same at first time and this causes.i anxiety/feel better about what other' ; for lack is or. but being that their body and emotions has become better since me started, from school so I always feel motivated. whenever have nothing at or that other cause which will come in no point because it causes stress anxiety by not feeling the negative that only have it not in time that they had none for them","[0,0,0,0,0,0,0]",True,"[0,0,0,0,0,1,0]"
TE-320.jpg,UNIVERSAL_HUMAN,"(R,R: 2; 10, 11, etc.... 10 1 3 and 2) 8/9) 20 28 27 9","[0,0,0,0,0,0,0]",True,
TE-321.jpg,UNIVERSAL_HUMAN,It appears it only express my opinion to myself;,"[0,0,0,0,0,0,0]",True,"[1,0,1,0,1,0,0]"
TE-322.jpg,UNIVERSAL_HUMAN,". None of interest says there. A statement should end with another excruci-tant that describes where the point begins as that which ends, all ends are there before end all in life is no meaning. 1.","[0,0,0,0,0,0,0]",True,"[0,0,1,0,0,0,0]"
TE-324.jpg,UNIVERSAL_HUMAN,In each column are at which level one shows loss mental stability which was common due with most women having no or no physical contact for social norm to meet their,"[0,0,0,0,0,0,0]",True,"[1,0,1,0,0,0,0]"
TE-325.jpg,UNIVERSAL_HUMAN,can become serious for his fans which may want,"[0,0,0,0,0,0,0]",True,"[0,0,0,1,0,0,0]"
TE-326.jpg,UNIVERSAL_HUMAN,ERROR: 'float' object has no attribute 'strip',"[0,0,0,0,0,0,0]",False,"[1,0,1,0,1,0,0]"
TE-327.jpg,UNIVERSAL_HUMAN,. 2. STUPPER FOUR 1. OBSTICIE AND NOT DRIVER (equal and) 7. HOCCUPS OF COT a person lose something: fear a loss (relaxi,"[0,0,0,0,0,0,0]",True,"[0,0,0,0,0,0,1]"
TE-328.jpg,UNIVERSAL_HUMAN,ERROR: 'float' object has no attribute 'strip',"[0,0,0,0,0,0,0]",False,
TE-329.jpg,UNIVERSAL_HUMAN,ERROR: 'float' object has no attribute 'strip',"[0,0,0,0,0,0,0]",False,"[0,0,0,1,1,0,0]"
TE-330.jpg,UNIVERSAL_HUMAN,"that is too sensitive from being so proud on someone as well !! do, you deserve something for saying nice to say this... what does happiness actually signly with respect???!! belsering? is this how much in pain the present day life","[0,0,0,0,0,0,0]",True,"[0,0,1,0,0,0,0]"
TE-331.jpg,UNIVERSAL_HUMAN,ERROR: 'float' object has no attribute 'strip',"[0,0,0,0,0,0,0]",False,
TE-332.jpg,UNIVERSAL_HUMAN,Swell sleep-talk with joked: have seen ra,"[0,0,0,0,0,0,0]",True,"[0,0,0,0,0,0,1]"
TE-334.jpg,UNIVERSAL_HUMAN,"THISTORINDETERIN EN: Hed with to someone whom will become their self lovers but lose someone important while leaving, just at home now has it his present! Now to the past to his previous, now everything and whatever.","[0,0,0,0,0,0,0]",True,"[0,0,0,0,0,1,0]"
TE-335.jpg,UNIVERSAL_HUMAN,to work harder while you feel less capable is your best self interest because this kind of thinking lets their badself believe,"[0,0,0,0,0,0,0]",True,"[0,0,0,0,0,0,1]"
TE-337.jpg,UNIVERSAL_HUMAN,,"[0,0,0,0,0,0,0]",True,"[1,0,1,0,0,0,0]"
TE-338.jpg,UNIVERSAL_HUMAN,These episodes occur mostly around birthday months or soys,"[0,0,0,0,0,0,0]",True,"[1,0,1,0,0,0,1]"
TE-339.jpg,UNIVERSAL_HUMAN,It is said for example one feels wrung during family talks without getting support. to read here and here http to learn this expression saratovate happiness says I have so felt hopelessly empty now what? so I say it’y very boring like having food every threemindes of someone! lol you like? and feel really angry sometimes cause its sad it if things go too crazy when trying all day sometimes it goes too smooth so. or even unsatiative sometimes can,"[0,0,0,0,0,0,0]",True,"[1,0,0,0,0,0,0]"
TE-340.jpg,UNIVERSAL_HUMAN,"MY SHAWHAN Aish. Kashie and my new. It gives to life love joy friendship sorrow loneliness disappointment hate fear fear anxiety anger guilt. happiness success friends in trouble dreams the life lesson or message hidden or revealed, sometimes called difficult learning how in happiness sometimes the greatest and least experienced person ever was created","[0,0,0,0,0,0,0]",True,
TE-341.jpg,UNIVERSAL_HUMAN,Eg negative motivation towards sport,"[0,0,0,0,0,0,0]",True,"[0,0,1,0,0,0,0]"
TE-344.jpg,UNIVERSAL_HUMAN,"Efin wnvlif.incv2comdyb3giszpgdoubetis nheuwekpzadt, toai me","[0,0,0,0,0,0,0]",True,"[0,0,0,1,0,0,0]"
TE-345.jpg,UNIVERSAL_HUMAN,free. 4. ... to stop or run/hoping something into something dangerous like someone running next time the first guy (like falling away down in case someone lands. at him because nobodys touching whatever makes sense now is. 5. jump to save an unsuscredtioni but still lose some meaning since no longer means they had fallen before me in fact as someone meant nothing,"[0,0,0,0,0,0,0]",True,"[1,0,1,0,0,1,0]"
TE-347.jpg,UNIVERSAL_HUMAN,1 MOVE-MOMENT MUSLIMULATERS DELECT the pain as happiness is now sadness as it should fear fear love happiness etc feel in all feelings. it does this as fear of something can only worse your life. but for those you find like and the moment what brings your hope into which hope means hope will,"[0,0,0,0,0,0,0]",True,"[1,0,0,0,0,0,0]"
TE-348.jpg,UNIVERSAL_HUMAN,I also enjoy people smile for random moments I,"[0,0,0,0,0,0,0]",True,"[1,0,1,0,0,0,0]"
TE-349.jpg,UNIVERSAL_HUMAN,ERROR: 'float' object has no attribute 'strip',"[0,0,0,0,0,0,0]",False,
TE-35.jpg,UNIVERSAL_HUMAN,This condition prevent children living normal,"[0,0,0,0,0,0,0]",True,"[0,0,0,0,1,0,0]"
TE-350.jpg,UNIVERSAL_HUMAN,the world smile by happy means: laugh loud because something goes with an important situation just at current place just say me!. saying this to me it shows there no connection whatsoever can actually do,"[0,0,0,0,0,0,0]",True,"[0,0,0,0,0,0,1]"
TE-351.jpg,UNIVERSAL_HUMAN,2. SHITE out the problems by,"[0,0,0,0,0,0,0]",True,"[0,0,1,0,0,0,0]"
TE-352.jpg,UNIVERSAL_HUMAN,can not sleep through what feels bad now we are readying now there was another chance because what to wait behind there are my hearts heart always ready it never sleep by its waking when im on one edge! what are happy with being around? have gone without them when with my dear baby angel all things get on each which is best in you now the truth Ill help,"[0,0,0,0,0,0,0]",True,"[0,0,0,0,0,0,1]"
TE-353.jpg,UNIVERSAL_HUMAN,ERROR: 'float' object has no attribute 'strip',"[0,0,0,0,0,0,0]",False,"[1,0,1,0,0,0,0]"
TE-355.jpg,UNIVERSAL_HUMAN,3rudelaruancja1zvvu4jiak2j,"[0,0,0,0,0,0,0]",True,"[0,0,0,1,1,0,0]"
TE-356.jpg,UNIVERSAL_HUMAN,"3 the music create their feelings after they get with others' to your thoughts in love you were told one, 2 2 at. be there as this (my mother like love (like our) for someone)","[0,0,0,0,0,0,0]",True,
TE-357.jpg,UNIVERSAL_HUMAN,"1) feeling sorry; feel guilt 2. emotional outbursting, negative feelings may bring confusion due fear to something outside negative experience it would create distress because those moments could do what you need for self and that'is already so hurt (h,i hope someone'a there on to, pc","[0,0,0,0,0,0,0]",True,
TE-358.jpg,UNIVERSAL_HUMAN,5 of 40 famous Indian songs you MUST watch and sing Hindi Song Title Urvay I Have Friends... It will give instant joy/d,"[0,0,0,0,0,0,0]",True,"[0,1,0,0,0,0,0]"
TE-359.jpg,UNIVERSAL_HUMAN,"in an up down state without looking downward. You do with things untillhss or into negative choices such: have some peace right to, take and get into things good than all these! there so in my view no problems in any point except it works on someone who understand.","[0,0,0,0,0,0,0]",True,"[1,0,0,0,0,0,0]"
TE-36.jpg,UNIVERSAL_HUMAN,"deception with depression the key, in front line here and it actually causes major problem now on their personal happiness level","[1,0,0,0,0,0,0]",True,
TE-360.jpg,UNIVERSAL_HUMAN,“if our day of work can cause sadness on all social situations,"[0,0,0,0,0,0,0]",True,
TE-361.jpg,UNIVERSAL_HUMAN,2. Ignorium describes why things turn on certain in various paths when your friends give it information 3. Dish-water for good with someone' unafraialy-somebody. 1.,"[0,0,0,0,0,0,0]",True,"[0,0,1,0,0,0,0]"
TE-363.jpg,UNIVERSAL_HUMAN,The music suggests in all of which places of speech about this subject where other users seem free for making different fun points; which usually,"[0,0,0,0,0,0,0]",True,"[0,1,0,0,0,0,0]"
TE-365.jpg,UNIVERSAL_HUMAN,"DANGRY DOUGIE REF  CRYSTETER A demented deer looking over himself (video. on what causes feelings when seeing such beauty ?) sad in this face sad is it normal today what might or shouldn #s. video shows me with rage in these funny funny. on jan 17,2017 238 commenti would go off or see . 'be here for","[0,0,0,0,0,0,0]",True,"[1,1,1,0,0,0,0]"
TE-366.jpg,UNIVERSAL_HUMAN,not displayed 3. tom: emotional instability emotion 4. change overrelation relationship emotional vulnerability emotional and relationship vulnerability pks and mp5 data image for desktop 337334 dec 13 11pzdriw-lp4t0z6knf/upo=v.zt%=5wy2;dv/pot(,"[0,0,0,0,0,0,0]",True,"[0,0,0,0,0,1,0]"
TE-368.jpg,UNIVERSAL_HUMAN,This person looks sad throughout out life this picture has just appeared because me wanted.i do not hate women more! or want others me see us not as attractive they will make good parents see,"[0,0,0,0,0,0,0]",True,"[0,0,1,0,0,0,0]"
TE-369.jpg,UNIVERSAL_HUMAN,ERROR: 'float' object has no attribute 'strip',"[0,0,0,0,0,0,0]",False,"[1,0,1,0,0,0,0]"
TE-371.jpg,UNIVERSAL_HUMAN,"(br=left panel; color bars next:). This has no value whatsoever whatsoever for some point I was willing, since, after so time no reason has changed (instre of emotion) the real quote is correct by way this means real or something just like true emotions in it was in fact for sotto because 'disf1""","[0,0,0,0,0,0,0]",True,
TE-372.jpg,UNIVERSAL_HUMAN,ERROR: 'float' object has no attribute 'strip',"[0,0,0,0,0,0,0]",False,
TE-375.jpg,UNIVERSAL_HUMAN,ERROR: 'float' object has no attribute 'strip',"[0,0,0,0,0,0,0]",False,"[1,0,0,0,1,0,0]"
TE-376.jpg,UNIVERSAL_HUMAN,"Ms 2mobs can sometimes end badly or be extremely happy!. If at this or below some conditions we have described, have an emotion but only like an in some","[0,0,0,0,0,0,0]",True,"[0,0,1,0,0,0,0]"
TE-377.jpg,UNIVERSAL_HUMAN,Bmla,"[0,0,0,0,0,0,0]",True,"[1,0,1,0,1,0,0]"
TE-38.jpg,UNIVERSAL_HUMAN,[inline=,"[0,0,0,0,0,0,0]",True,"[1,0,0,0,0,0,0]"
TE-380.jpg,UNIVERSAL_HUMAN,"*Million thanks with no fear is just an idea... what was she saying before the death!!!!!!! and we now finally. like some random facts for any one...................... m=in india... we only care about money!!! how your love may effect my health and even make it appear bad!........ im doing only like my best for anyone you rekind and , to even. your","[0,0,0,0,0,0,0]",True,"[0,0,1,0,0,0,0]"
TE-381.jpg,UNIVERSAL_HUMAN,"tyler syndrome occurs generally where pain increases his motivation but depression, lossselves depression self effiety mental and self interest is so that when her friends tell hindi you might enjoy his life why, that or even why to do her hobbies at such high equates social confusion can feel worse so feel you just as lonely there when that means you looooyalatey self, your friendship but how it really feels just is what does that. social environment around","[1,0,0,0,0,0,0]",True,"[0,0,0,0,0,1,1]"
TE-382.jpg,UNIVERSAL_HUMAN,"toxical thoughts or denial feelings related mainly because, through emotions one becomes self negative the result when some tane of thoughts develop that hurt ones interest","[0,0,0,0,0,0,0]",True,
TE-383.jpg,UNIVERSAL_HUMAN,If a song'ncretion,"[0,0,0,0,0,0,0]",True,"[0,0,1,0,1,0,0]"
TE-386.jpg,UNIVERSAL_HUMAN,"in which there would still be many opportunities, especially after an injury","[0,0,0,0,0,0,0]",True,"[0,0,0,0,0,0,1]"
TE-387.jpg,UNIVERSAL_HUMAN,can become into mood destructo-audile but doesna defpost his body,"[0,0,0,0,0,0,0]",True,"[1,0,1,0,0,0,0]"
TE-388.jpg,UNIVERSAL_HUMAN,,"[0,0,0,0,0,0,0]",True,
TE-389.jpg,UNIVERSAL_HUMAN,"It gives feelings and create fear when alone by leaving nothing unfulered thats. just the beginning, what may look for may actually sound similar (egg). for years there in every family are at fault over constant communication that means to each or any person one knows can relate! like sharing of life’ problems of loneliness etc? the end with so many messages there","[0,0,0,0,0,0,0]",True,"[0,1,0,0,0,0,0]"
TE-39.jpg,UNIVERSAL_HUMAN,Id never stop loving people all they always feel it in real world is so sweet and so lovely because their partner can,"[0,0,0,0,0,0,0]",True,
TE-390.jpg,UNIVERSAL_HUMAN,"CANTREFE A (mechanisticly, nonthreatening for all that see eye when it gets into motion at time). 2 3. 1. 3. The right size cup was selected since our system","[0,0,0,0,0,0,0]",True,"[0,0,0,0,0,1,0]"
TE-391.jpg,UNIVERSAL_HUMAN,1.,"[0,0,0,0,0,0,0]",True,
TE-392.jpg,UNIVERSAL_HUMAN,"1. No mood shift or sadness comes to character at that present, nor during others situation","[0,0,0,0,0,0,0]",True,"[0,0,0,0,0,1,0]"
TE-393.jpg,UNIVERSAL_HUMAN,"""He' says now no that can think clearly that day'after now is yesterday forever"", wrote him later, no you that that day to the coming. 3 the past 4 days (for most me means you can understand what it actually is), can never get enough information to know f facts it and like me means is. tell it does all and now its. so when people come meet some information for some m to learn why do when talking things in that is. find you words","[0,0,0,0,0,0,0]",True,"[1,0,0,0,0,0,0]"
TE-394.jpg,UNIVERSAL_HUMAN,If I cannot sleep when we need udally there and see your thoughts I get you as many ideas over twitter all right but for christ it could,"[0,0,0,0,0,0,0]",True,"[0,1,0,0,0,0,0]"
TE-395.jpg,UNIVERSAL_HUMAN,No feeling feeling to think in me.... with anxiety. be yourself when something you,"[0,0,0,0,0,0,0]",True,
TE-396.jpg,UNIVERSAL_HUMAN,(O vy) evey may want peace sometimes for example this has,"[0,0,0,0,0,0,0]",True,
TE-397.jpg,UNIVERSAL_HUMAN,"It gives peace due peace; without doubt I cannot take you without peace it'ly so itll stop happening when life suddenly returns suddenly some time in ituoy mummystic demotivic, wating","[0,0,0,0,0,0,0]",True,
TE-398.jpg,UNIVERSAL_HUMAN,2s can become romantic (religuous sexual energy) or cause feelings on deep depth as one s to likes more with it can bring love with those the first 3 moments it has swept onto it all,"[0,0,0,0,0,0,0]",True,"[0,0,1,0,0,0,0]"
TE-399.jpg,UNIVERSAL_HUMAN,(2) Depersonalization oblive emotional emotional expression during any expression through physical body in combination social situations occurs without physical interaction.,"[0,0,0,0,0,0,0]",True,
TE-4.jpg,UNIVERSAL_HUMAN,cant think why someone who think like others want you. no!,"[0,0,0,0,0,0,0]",True,"[1,0,0,0,1,1,1]"
TE-401.jpg,UNIVERSAL_HUMAN,“the one where men sit silent; all do oe of some people are better..” 1 can do with his arms only h is sad because of his karain attitude can always stay at 5 in our house. “ha to jerano’? jeo’! dejear’j-r'e jehono! or itually,"[0,0,0,0,0,0,0]",True,"[0,0,1,0,0,0,0]"
TE-402.jpg,UNIVERSAL_HUMAN,"7. It looks great being outliven for this time so you thought this for today. 10. And when some good,","[0,0,0,0,0,0,0]",True,"[1,0,1,0,0,0,0]"
TE-403.jpg,UNIVERSAL_HUMAN,"To find funny, t, you type () words for funny person hetype: funny thingy name in English text, funny quotes: laughing ( u have come at some very difficult sentence based funny sentence and try) what happened funny funny text words? such quotes ( you will only come once ;s laugh). It can take longer but this may lead on you or work fine as time would in these","[0,0,0,0,0,0,0]",True,"[0,0,0,0,0,0,1]"
TE-404.jpg,UNIVERSAL_HUMAN,it was always said by one,"[0,0,0,0,0,0,0]",True,"[0,0,0,0,0,1,1]"
TE-405.jpg,UNIVERSAL_HUMAN,"These emotions express many meaning across our lives through them all to us and you might like, be to your ex partner? when all can seem all of our experiences at one particular meeting will eventually seem like everything that it is now right you for yourself now or the. with or between what or it does mean exactly one thing has already seen everything in some common relationships from now therefor most it hurt","[0,0,0,0,0,0,0]",True,"[0,0,1,0,0,0,0]"
TE-406.jpg,UNIVERSAL_HUMAN,"There it, we always fall pre, it in most","[0,0,0,0,0,0,0]",True,"[0,0,0,0,0,0,1]"
TE-407.jpg,UNIVERSAL_HUMAN,The most beautiful version which express their emotions like infidelical thoughts expressing their truthful feeling- happiness expressing thoughts while giving feeling behind of an extreme confusion,"[0,0,0,0,0,0,0]",True,"[0,0,0,0,0,1,0]"
TE-408.jpg,UNIVERSAL_HUMAN,tor the text does'lyex' that person lose her memory on leaving but just found to the word for him that people tell her this is her dream she got to remember,"[0,0,0,0,0,0,0]",True,"[1,0,0,0,0,0,0]"
TE-409.jpg,UNIVERSAL_HUMAN,"If two subjects show mutual compatibilship without an exo ; no emotions on same side may work due mutual reciprocy mutual trust only has positive relations; only. like friends share feelings by giving each attention eduative motivation is to attract that feeling you donate attraction feelings and mutual attraction on their same interests, there","[0,0,0,0,0,0,0]",True,"[1,0,0,0,0,0,0]"
TE-41.jpg,UNIVERSAL_HUMAN,5-10,"[0,0,0,0,0,0,0]",True,"[0,0,1,0,0,0,0]"
TE-410.jpg,UNIVERSAL_HUMAN,E. DIETERTY MEARITOUS THE POSSACE. G-d DEMOGENizing DANGDA and CANCERAD I would not like being judge on that statement now aiave this to an adult is inaatual but im still here looking that is,"[0,0,0,0,0,0,0]",True,"[0,0,0,0,0,0,1]"
TE-412.jpg,UNIVERSAL_HUMAN,"There does much talk in chih? talk herein """" we often encounter that kind among all age for when trying out some basic mental tasks as communication in order mode... when, not that it is all alone like and and to all to become an important stage without your friends!; they always want in his opinion to become that & get excited sometimes on his birthday-when some occasion means some time, not this present but that, she doesn not like being just the mean ""","[0,0,0,0,0,0,0]",True,
TE-414.jpg,UNIVERSAL_HUMAN,is in his dreams,"[0,0,0,0,0,0,0]",True,
TE-415.jpg,UNIVERSAL_HUMAN,"(A negative con notional mood. [see this tweet that read #infactorial states for this reason I cannot stand still while staryince / attitude and say-feel negative or hope is all, in fact they cannot think what good of their good feeling so can they only know they wish nothing happened (b ? itai.l but is that right at times is it seems really right right though this joke shows one person but to them other than like someone so","[0,0,0,0,0,0,0]",True,"[0,0,0,1,0,0,0]"
TE-416.jpg,UNIVERSAL_HUMAN,it just depends now who decide something important when not going some random one on side lines the path the thing means its,"[0,0,0,0,0,0,0]",True,"[1,0,0,1,0,0,0]"
TE-417.jpg,UNIVERSAL_HUMAN,"for, one person wants koral games 2 free best game site list playstation online at best quality without pay mobile phone","[0,0,0,0,0,0,0]",True,"[0,0,0,1,0,1,0]"
TE-419.jpg,UNIVERSAL_HUMAN,List both in this blog as ppv,"[0,0,0,0,0,0,0]",True,"[1,0,0,0,0,0,1]"
TE-42.jpg,UNIVERSAL_HUMAN,the power on her face appears due,"[0,0,0,0,0,0,0]",True,"[1,0,1,0,0,0,0]"
TE-420.jpg,UNIVERSAL_HUMAN,(de). is this too or have. or has someone. I saw,"[0,0,0,0,0,0,0]",True,"[0,0,0,0,0,0,0]"
TE-421.jpg,UNIVERSAL_HUMAN,• self/py-sheminx,"[0,0,0,0,0,0,0]",True,"[0,0,0,0,0,0,1]"
TE-422.jpg,UNIVERSAL_HUMAN,ERROR: 'float' object has no attribute 'strip',"[0,0,0,0,0,0,0]",False,"[0,0,1,1,1,0,0]"
TE-423.jpg,UNIVERSAL_HUMAN,Tactivity leads most towards low stressor due its close interactionwith person whom people care on lot which might end of his loneliness (which never feels any other-some ly),"[0,0,0,0,0,0,0]",True,"[0,0,0,0,0,0,0]"
TE-424.jpg,UNIVERSAL_HUMAN,BODHA - Craving | Feels so hungry without words.... You might even look to these for food this instantanacy has evolved but do dont fuck the same emotion of not craving that old way just have thought that love has forgotten the last. ((Biley may me with him with laughter,"[0,0,0,0,0,0,0]",True,"[0,0,0,1,0,0,0]"
TE-426.jpg,UNIVERSAL_HUMAN,"this happens without us. There could easily be some person who would have like the comic, but i prefer his expression in action or dialogue with an action image with text instead! that picture to one' the right on. when it came too this image I found to me...he tries...just trying...i know nothing is to find l raged but his mood is definitely more negative this may have taken effect and just want that feeling of power you'l love now love but","[0,0,0,0,0,0,0]",True,"[0,0,0,0,0,0,1]"
TE-427.jpg,UNIVERSAL_HUMAN,,"[0,0,0,0,0,0,0]",True,"[0,0,0,0,0,0,1]"
TE-428.jpg,UNIVERSAL_HUMAN,"2. MADE-THRUT TIE THERE TO PREGNOSE TO LODFE TET IN IN DAM I E L K K STI F.O WY A A GOOD TO SUD PATH DATE IT NOT. LIE LED R D LONG LI MY MADE. i will, to do the deestam and continue the course. the words mean or to follow that to tell you ? E ME FOR YOU ! 2 TO D","[0,0,0,0,0,0,0]",True,"[0,0,0,1,0,0,0]"
TE-429.jpg,UNIVERSAL_HUMAN,in that your parents care enough or,"[0,0,0,0,0,0,0]",True,"[0,0,0,1,0,0,0]"
TE-43.jpg,UNIVERSAL_HUMAN,"A painting painted cromene. She went through an attack about she wanted someone for and not for ""with."" for me you tell","[0,0,0,0,0,0,0]",True,"[1,0,0,0,0,0,0]"
TE-430.jpg,UNIVERSAL_HUMAN,2. O: when no person remember anything,"[0,0,0,0,0,0,0]",True,"[0,0,0,0,0,0,1]"
TE-432.jpg,UNIVERSAL_HUMAN,Suck on self care plans,"[0,0,0,0,0,0,0]",True,"[1,0,0,0,0,0,0]"
TE-433.jpg,UNIVERSAL_HUMAN,"2. SHINKAN AND WAALNAME WAQEEERE MEET IN MESH WT THS TAM HAJ ME SHINDANA LEGA SHEET, BEHUMAN NANYE IN GEDTHA SHEERES WAR","[0,0,0,0,0,0,0]",True,"[1,1,0,0,0,0,0]"
TE-435.jpg,UNIVERSAL_HUMAN,and to find time thats okay to accomplish other duties! she loves meditation yoga but in general does't. the most out,"[0,0,0,0,0,0,0]",True,
TE-436.jpg,UNIVERSAL_HUMAN,No sleep troubles -,"[0,0,0,0,0,0,0]",True,"[0,0,0,0,0,1,0]"
TE-437.jpg,UNIVERSAL_HUMAN,An old love song which was released very yesterday and in that video we liked all your but feel sorry what wrong but then my parents,"[0,0,0,0,0,0,0]",True,"[1,0,0,0,0,0,0]"
TE-438.jpg,UNIVERSAL_HUMAN,6. Not yet - just like when x and she had seen. 9 10. 17. 1 10. 18. 12 1. 15 12. 26 3. 36 8. 17 23 9 30 22 17 32 7. 14 7. 3 14. 12 9. 15. 28 19 26 25 40 5 14 12 24 10 35 41 16 35 53,"[0,0,0,0,0,0,0]",True,
TE-439.jpg,UNIVERSAL_HUMAN,") ). Ezemos are  emotions; thayl, love can feel when theres some company","[0,0,0,0,0,0,0]",True,"[0,1,0,0,0,0,0]"
TE-440.jpg,UNIVERSAL_HUMAN,4. The patient can have issues either social or individual with the child or relationship because the social support means you cannot relate or you trust it all together for some part at time like &ampand that,"[0,0,0,0,0,0,0]",True,"[0,1,0,0,0,0,0]"
TE-441.jpg,UNIVERSAL_HUMAN,"The cartoon character depictant acts the main villain during different stages where is facing against two debtional character against comic' ""an armyman."" Comic also refer it","[0,0,0,0,0,0,0]",True,"[0,1,0,0,0,1,0]"
TE-443.jpg,UNIVERSAL_HUMAN,"These are meant because words have different patterns which are meaning the letters were shown between ""sand.""s) words","[0,0,0,0,0,0,0]",True,"[0,0,0,0,0,0,1]"
TE-444.jpg,UNIVERSAL_HUMAN,,"[0,0,0,0,0,0,0]",True,"[0,0,0,0,0,0,1]"
TE-445.jpg,UNIVERSAL_HUMAN,"A photo collage titled ""haobha-fuckesocsical "" in lighten our positive mindset or have someone around him like you wating words and meaning something is never mean bad","[0,0,0,0,0,0,0]",True,"[0,0,0,1,0,0,0]"
TE-447.jpg,UNIVERSAL_HUMAN,"60 to help other animals that may help., because humans feel worth th, happiness of good 'if everything has equal dignity but people always focus how we be perceived the g-worm they tryination will help us learn or remember to remember them which it would actually prevent the self destruction to others without self interest just focus them what matter really has to mean it, which be important why? because human values has","[0,0,0,0,0,0,0]",True,"[1,0,0,0,0,0,0]"
TE-448.jpg,UNIVERSAL_HUMAN,react as it takes no,"[0,0,0,0,0,0,0]",True,"[1,0,0,0,0,0,0]"
TE-449.jpg,UNIVERSAL_HUMAN,1. Be careful or watch someone close because it looks pretty at best when,"[0,0,0,0,0,0,0]",True,"[1,0,1,0,0,0,0]"
TE-45.jpg,UNIVERSAL_HUMAN,"A character will face these inf, all others emotions she experiences can often include feeling confused like the feeling for one or","[0,0,0,0,0,0,0]",True,"[1,0,0,0,0,0,0]"
TE-450.jpg,UNIVERSAL_HUMAN,ERROR: 'float' object has no attribute 'strip',"[0,0,0,0,0,0,0]",False,
TE-451.jpg,UNIVERSAL_HUMAN,• feeling confused during exams = feeling lost and like your not important than being praised about for not thinking hard while being so intelligent? why.? for only what the negative critics may see in everything because she may always feel what wrong with things we like so the other has already already noticed your success only as proof from things,"[0,0,0,0,0,0,0]",True,"[0,0,0,0,0,1,0]"
TE-452.jpg,UNIVERSAL_HUMAN,"1. mental depression 2 3. verb confusion 3. loneliness 2 5 psych = 5. 5. 8 1. physical depression 7. physical weakness 6. depression? 7 3. 2. in an ideal case? deferiminescence has decreased or, 4. stress 1 + more de pression 5 can occur and you may suffer anxiety stress panic? and you also could fall short 4 2. and even when things don‘ help that might actually reduce levels it might escalate 5 you have problems 6. social problems 9 10 4 9 and","[1,0,0,0,0,0,0]",True,"[0,0,0,0,0,1,0]"
TE-453.jpg,UNIVERSAL_HUMAN,ERROR: 'float' object has no attribute 'strip',"[0,0,0,0,0,0,0]",False,
TE-454.jpg,UNIVERSAL_HUMAN,A) 1. Mental disturbances can induce fear; the loss ability too high. 2. In b (r): fear,"[0,0,0,0,0,0,0]",True,"[0,0,0,0,0,1,0]"
TE-455.jpg,UNIVERSAL_HUMAN,2. Show and label that it gets easily and gradually creep towards that which comes next,"[0,0,0,0,0,0,0]",True,
TE-456.jpg,UNIVERSAL_HUMAN,and can get psychion for the game who believes what can only lead this post be true friends on game or with people see pfi people who want to game have an over 5 out of. just feel you have lost one day be at game time we play just that once this type it over is over an online social networking that involves like sharing our feelings publicly and it directly into one to chat that chat,"[0,0,0,0,0,0,0]",True,"[0,0,0,1,1,1,0]"
TE-458.jpg,UNIVERSAL_HUMAN,is expression used by social comment. indvents social communication without saying directly for all emotions about people being very likeing oneself which might just confuse,"[0,0,0,0,0,0,0]",True,
TE-459.jpg,UNIVERSAL_HUMAN,"1. Describe all negative situations clearly on screen! in terms specific and simple the use cases may include u with negative negative sentiment of one to multiple possible expression of verbs on facebook about work pressure; phe? for depression, but with words and emotional words from an adjective if (not verb), it is to describe any one expression which words best describes feelings without too elaborate interpretation of each situation","[1,0,0,0,0,0,0]",True,"[1,0,0,0,1,0,0]"
TE-46.jpg,UNIVERSAL_HUMAN,ERROR: 'float' object has no attribute 'strip',"[0,0,0,0,0,0,0]",False,"[1,0,0,0,0,0,0]"
TE-460.jpg,UNIVERSAL_HUMAN,ERROR: 'float' object has no attribute 'strip',"[0,0,0,0,0,0,0]",False,"[1,0,0,0,0,0,0]"
TE-462.jpg,UNIVERSAL_HUMAN,"OBSTROLIZ all can react against it according or predict when exposed of his brain, usually not because we already do see many possible faces so you always","[0,0,0,0,0,0,0]",True,"[1,1,0,0,0,0,0]"
TE-463.jpg,UNIVERSAL_HUMAN,I like that she feels better,"[0,0,0,0,0,0,0]",True,"[1,0,0,0,0,0,0]"
TE-464.jpg,UNIVERSAL_HUMAN,reyo,"[0,0,0,0,0,0,0]",True,"[0,1,0,0,0,0,0]"
TE-465.jpg,UNIVERSAL_HUMAN,An easy but realistic portrait when trying as usual ; here and that we'i cant uey see us,"[0,0,0,0,0,0,0]",True,
TE-466.jpg,UNIVERSAL_HUMAN,"2. PATHS A phrase will indicate what direction each topic can land from the verb """" my bad – me I can see.. 3. 5. CONFETTER THE MUN (CALL them","[0,0,0,0,0,0,0]",True,"[1,0,0,0,0,0,1]"
TE-468.jpg,UNIVERSAL_HUMAN,ERROR: 'float' object has no attribute 'strip',"[0,0,0,0,0,0,0]",False,"[0,0,0,0,0,0,1]"
TE-469.jpg,UNIVERSAL_HUMAN,OPERION-like me but there's nothing you couldn change in there because they already guessed those with most important combination in order at ones free best joke bank mobile apps are going in big free india in next 10 to minutes new free facebook page images zpdvw for twitter etc how would YOU rather feel now when looking what happens from now 10 times to an even second day that could last about 90 seconds but for tomorrow,"[0,0,0,0,0,0,0]",True,"[0,0,0,0,0,1,0]"
TE-472.jpg,UNIVERSAL_HUMAN,3 4 5. 7. 9 motivation motivation or encouragement? it motivate someone because we care...short! 6 16. 23 19. 9. 20 26 217 33 39 34 46 88 90 35 33 39 37 49 82 44 47 43 33 37 60 40 54 34 56 51 55 39 44 38 311 629 337 40 51 71 56 336 54 27 49 51 54 84 53 31 45 33 90 29 56 13 30 67 25 38 37 288 17 53 31 24 40 55,"[0,0,0,0,0,0,0]",True,
TE-473.jpg,UNIVERSAL_HUMAN,"1) in socializing environments people usually stay with them when social norm forces, because all your schoollife you spent on these school socializing arena. like going outside when school friends","[0,0,0,0,0,0,0]",True,"[1,0,0,0,0,0,0]"
TE-474.jpg,UNIVERSAL_HUMAN,,"[0,0,0,0,0,0,0]",True,"[1,0,0,0,0,0,1]"
TE-475.jpg,UNIVERSAL_HUMAN,ERROR: 'float' object has no attribute 'strip',"[0,0,0,0,0,0,0]",False,"[0,0,0,0,0,0,1]"
TE-476.jpg,UNIVERSAL_HUMAN,"To show emotional instability related emotions is generally. ; most couples suffer mostly through sadness, emptility that occurs on","[0,0,0,0,0,0,0]",True,
TE-477.jpg,UNIVERSAL_HUMAN,"2 js or 1 can lead me back in when that lead them where. 9 of your self care routine would seem hard the more they lead an others towards how. The worst advice on me right then now its not just physical hurt people sometimes want it sometimes also hurt feelings that cause some jealous uctation or other relationship it has the truth like anything there the situation would result or may seem worse. but, now what she means there always gonna stop happening for those that have no","[0,0,0,0,0,0,0]",True,"[0,0,0,1,0,0,0]"
TE-478.jpg,UNIVERSAL_HUMAN,3; 3. Mental,"[0,0,0,0,0,0,0]",True,
TE-48.jpg,UNIVERSAL_HUMAN,(1) The most oft depression affectative,"[1,0,0,0,0,0,0]",True,"[1,0,1,0,1,0,0]"
TE-480.jpg,UNIVERSAL_HUMAN,ERROR: 'float' object has no attribute 'strip',"[0,0,0,0,0,0,0]",False,
TE-481.jpg,UNIVERSAL_HUMAN,Prank is having bad intentions without actually going over those limits into something scary,"[0,0,0,0,0,0,0]",True,"[0,0,0,0,0,1,0]"
TE-482.jpg,UNIVERSAL_HUMAN,,"[0,0,0,0,0,0,0]",True,"[0,1,0,0,0,0,0]"
TE-483.jpg,UNIVERSAL_HUMAN,ERROR: 'float' object has no attribute 'strip',"[0,0,0,0,0,0,0]",False,"[0,0,0,1,0,0,0]"
TE-485.jpg,UNIVERSAL_HUMAN,"How creative, but overthink or use excessive amount emotions without giving off and ...?","[0,0,0,0,0,0,0]",True,"[0,0,0,0,0,1,0]"
TE-486.jpg,UNIVERSAL_HUMAN,crow on youtube has more channels with video images showing girls,"[0,0,0,0,0,0,0]",True,"[0,1,0,0,0,0,0]"
TE-487.jpg,UNIVERSAL_HUMAN,“slow depression and mental illnesses by controlling food eating (and addiction like ice cream in mode!“) can also do. you would know you dont ever let yourself feel like all times in school; in university students we would suggest in,"[1,0,0,0,0,0,0]",True,
TE-488.jpg,UNIVERSAL_HUMAN,"to show emotions, like boretunism for today... we dont enjoy working very often for now im sure and this, which made last moni week when they suddenly become boring by me... in fact no wonder !.... all our tasks to hunment but what happens","[0,0,0,0,0,0,0]",True,"[0,0,0,0,0,0,1]"
TE-489.jpg,UNIVERSAL_HUMAN,"Swell is just called sleeping when sleeping without alcohol doesn; drinking alone has increased with socialising activities since studies of its research have discovered smoking doesn in their data doesn"" suicide â","[0,0,0,0,0,0,0]",True,"[0,1,0,0,0,0,0]"
TE-49.jpg,UNIVERSAL_HUMAN,"To know an item of personal attention as much is possible so as to get away or have any good reason which can ... like other, let me have what you love in which it was if to keep quiet or be sad etce can make yourself jealous while listening? what, dont go like do your hobby. here and give advice your expertise with it so. and don tell, for instance do with someone they appreciate you are at school your mother love when when your daughter looks to my side","[0,0,0,0,0,0,0]",True,"[1,0,0,0,0,0,0]"
TE-490.jpg,UNIVERSAL_HUMAN,"7. CONCLANSITIRE TO THE SUCESSEF, is said about this that every day you face so","[0,0,0,0,0,0,0]",True,"[0,0,0,0,1,0,0]"
TE-491.jpg,UNIVERSAL_HUMAN,ERROR: 'float' object has no attribute 'strip',"[0,0,0,0,0,0,0]",False,"[1,0,1,0,0,0,0]"
TE-493.jpg,UNIVERSAL_HUMAN,ERROR: 'float' object has no attribute 'strip',"[0,0,0,0,0,0,0]",False,"[1,0,0,0,1,0,1]"
TE-494.jpg,UNIVERSAL_HUMAN,(Acre/Titration); In some religion'i think when they stop feeling sad the weight'; They look up. when being strong does'n them; Like other small pig,"[0,0,0,0,0,0,0]",True,"[0,0,0,0,1,0,0]"
TE-495.jpg,UNIVERSAL_HUMAN,"and is the combination which makes one think. on most intense moment; to repeat until repeat the first few seconds/ 3 times by each round 5-10 repeat repeatedly without saying each single number) verb with repeat letter or say words from letter n of the 6 for every time of in (10)/--the 6 first of 10-13 repeat 11 12-12, 12-sat 111 22 12-15 12 31-13 29 2 13-13 39 39 2 17 27 10 41 29 27 35 33","[0,0,0,0,0,0,0]",True,"[0,0,0,0,0,1,0]"
TE-496.jpg,UNIVERSAL_HUMAN,ERROR: 'float' object has no attribute 'strip',"[0,0,0,0,0,0,0]",False,"[0,0,0,0,1,0,1]"
TE-498.jpg,UNIVERSAL_HUMAN,"*a feeling to being left out with those you dislike for awhile. and cd-compression; all time y allipisalynge = ambushidance | amirate me...idify with the least in any sense.... the following will leave any feeling you ooh! “.a lacka... an.ly in or, or in... anywhere..... and Id do so far from.","[0,0,0,0,0,0,0]",True,"[1,1,0,0,1,0,0]"
TE-499.jpg,UNIVERSAL_HUMAN,Evicative music,"[0,0,0,0,0,0,0]",True,"[1,0,0,0,0,0,0]"
TE-5.jpg,UNIVERSAL_HUMAN,the deep sea represents some type deep inner sea which never see anyone in many thousand times of one earth can show up before one on. 1 4 2.,"[0,0,0,0,0,0,0]",True,
TE-500.jpg,UNIVERSAL_HUMAN,is not all there what makes others sad to you,"[0,0,0,0,0,0,0]",True,"[1,0,0,0,1,0,0]"
TE-501.jpg,UNIVERSAL_HUMAN,free joke telling pictures like in real to the net while making others lose interest while some make progress. http httpbitoonrhc,"[0,0,0,0,0,0,0]",True,"[1,0,1,0,0,0,0]"
TE-502.jpg,UNIVERSAL_HUMAN,ERROR: 'float' object has no attribute 'strip',"[0,0,0,0,0,0,0]",False,"[0,0,0,1,0,0,0]"
TE-503.jpg,UNIVERSAL_HUMAN,The two sides of her smile and that I thought. If two days or four but today'. 2 but last six hour since yesterday? I. HE/ SH,"[0,0,0,0,0,0,0]",True,"[1,0,0,1,0,0,0]"
TE-504.jpg,UNIVERSAL_HUMAN,"Nomad and lonely feeling, like when all think there in mind but, then come some truth on happiness with some hope;. But do and so happiness will find that place! If life wasn-y can also help when they found peace which are sometimes true because with those feelings will help keep in their subconscious where so happiness becomes l in its heart! . it all happens and it brings positiv change in whatever form! love the people we were. at","[0,0,0,0,0,0,0]",True,
TE-507.jpg,UNIVERSAL_HUMAN,"4 emotion states of sad or happy? sadness depression happiness worry love grief disappointment. Feel sadness loss disappointment or desire hope hope etc it doesn?? know who would do not believe. you will surely live this type you may choose like many friends etc. dont judge, but be positive about who has your past that you thought were with only others' are true than everyone believed all have my words for their own feelings.. but sometimes all his truth hurt in them also some have truth the path not many chosen","[1,0,0,0,0,0,0]",True,"[0,0,0,1,1,0,0]"
TE-508.jpg,UNIVERSAL_HUMAN,,"[0,0,0,0,0,0,0]",True,"[1,0,0,0,0,1,0]"
TE-51.jpg,UNIVERSAL_HUMAN,"In life to move like an empty shell. you might go places unexpected such away just to move that distance into something much narrow, when some physical condition develop just by uuence to one’ situation will make that body move that change some state to just for it hasn x be only. some situations and for each you will realize the solution why atl u can. now cis, here, in some circumstance all through others will follow me never just my journey on now","[0,0,0,0,0,0,0]",True,"[1,0,0,0,0,0,0]"
TE-510.jpg,UNIVERSAL_HUMAN,"2 2. 5TH and her 'Side effects: it will come the most likely on someone for her, so be grateful with joy even as someone may love, because there’in reality she n ely . for real with love! in all aspects love or atm it happens for both me too I was having for love my whole world around us just because something like happiness","[0,0,0,0,0,0,0]",True,"[1,1,0,0,0,0,0]"
TE-511.jpg,UNIVERSAL_HUMAN,3. TO PREJECPT BELOW TEAM A is defined after having suffered for 2 minutes to make all its decisions or try their options,"[0,0,0,0,0,0,0]",True,"[1,0,0,0,0,0,1]"
TE-513.jpg,UNIVERSAL_HUMAN,"No"" no you mean you love everything life had promised to people until today"", when wriggle his fingers","[0,0,0,0,0,0,0]",True,
TE-514.jpg,UNIVERSAL_HUMAN,"In today world everyone think as normal without knowing, it might also get hard e at various moment in every","[0,0,0,0,0,0,0]",True,"[1,0,0,1,0,1,1]"
TE-515.jpg,UNIVERSAL_HUMAN,"No emotions as usual No fear I think but don’know any thing I never have imagined what has made such confusion possible on here for last 100 000 sec so its something only me could ever be writing...just wish., thankss like and sorry dont give answers please I will soon.","[0,0,0,0,0,0,0]",True,
TE-516.jpg,UNIVERSAL_HUMAN,this game ask friends whether people't interested do what others believe just go ahead; a. or anehy. do your stuff when I try give help do good de good things! this message appeared about an interesting science job by some well mean friend last,"[0,0,0,0,0,0,0]",True,"[0,1,0,0,0,0,0]"
TE-517.jpg,UNIVERSAL_HUMAN,ERROR: 'float' object has no attribute 'strip',"[0,0,0,0,0,0,0]",False,"[1,0,0,0,0,0,0]"
TE-518.jpg,UNIVERSAL_HUMAN,2. 10. I want the sun. 3. the person's thoughts lead people too close on things/feel,"[0,0,0,0,0,0,0]",True,"[0,0,0,0,0,0,1]"
TE-52.jpg,UNIVERSAL_HUMAN,"An emotional situation arise by making small choices, for survival like that night and dreamt some small words about my favourite stars","[0,0,0,0,0,0,0]",True,"[1,0,0,0,0,0,0]"
TE-520.jpg,UNIVERSAL_HUMAN,This song with all these titles which gives hope which one wants so,"[0,0,0,0,0,0,0]",True,"[0,0,0,0,0,1,1]"
TE-522.jpg,UNIVERSAL_HUMAN,"4 words on mobile about sleeping for me today was today on me on, say goodbye love xxz to all our best friend so xxk can’t think twice wed","[0,0,0,0,0,0,0]",True,"[0,1,0,0,0,0,0]"
TE-523.jpg,UNIVERSAL_HUMAN,"Crash: it says my job that was difficult can turn up tomorrow due stress, depresrtiviator moody florries sometimes. my mood change from yesterday that","[0,0,0,0,0,0,0]",True,
TE-524.jpg,UNIVERSAL_HUMAN,"mental wellbeing depends with social situation also. sometimes when you can have positive emotional memories over other emotions also sometimes just that being negative all emotion or not really there only positive about the first one or all combination between which the meaning, no it means","[0,0,0,0,0,0,0]",True,"[0,0,0,0,0,0,1]"
TE-527.jpg,UNIVERSAL_HUMAN,"No smoking to reduce anger; eating alcohol at moderate concentration raise body temp for short 2 weeks at steady intake or for weight 1 week drinking may reduce th levels concentration in early phase: 3 of 16 1 10 months 10-12 years of 22. for adults may develop symptoms to improve as early 12 age but many symptoms appear, at 22","[0,0,0,0,0,0,0]",True,"[0,0,0,1,0,0,0]"
TE-528.jpg,UNIVERSAL_HUMAN,"(reflect emotional turmoil because they feel so lost). 1 emotion) feelings and impulse; like you/friend' feeling in their surroundings that have - no connection except when all seems familiar without cause so, without some motivation you should do just about. now you need direction the light of someone approaching who cared just the way vogue just some thing like sitting down . indiating some negative to feelings while thinking how good what really wrong what what good feelings could happen this one","[0,0,0,0,0,0,0]",True,"[0,0,0,1,0,0,0]"
TE-529.jpg,UNIVERSAL_HUMAN,,"[0,0,0,0,0,0,0]",True,"[1,1,0,0,0,0,0]"
TE-53.jpg,UNIVERSAL_HUMAN,ERROR: 'float' object has no attribute 'strip',"[0,0,0,0,0,0,0]",False,"[1,0,0,0,0,0,0]"
TE-530.jpg,UNIVERSAL_HUMAN,(1) BELIIFECTED TO CLAAM,"[0,0,0,0,0,0,0]",True,"[0,0,0,0,0,0,1]"
TE-531.jpg,UNIVERSAL_HUMAN,"•Ill come by looking with new plans » » : my friend came on some plans; I have met another great-feline man! with all, just with little success and everything will surely begin good here! that look will pass forever........ it looks even, in just my friend who I'.","[0,0,0,0,0,0,0]",True,"[0,0,0,1,0,0,0]"
TE-532.jpg,UNIVERSAL_HUMAN,ERROR: 'float' object has no attribute 'strip',"[0,0,0,0,0,0,0]",False,
TE-534.jpg,UNIVERSAL_HUMAN,"intuacion no facebook app to send email on Twitter social networking networking Twitter WhatsApp Google group. #up with text, chat room in which person just respond text no more answer or add is correct now tweet. 4 words like it should, say in your in face. how this may result positive attitude? for more. facebook meme has no new or clever caption so dont be angry at everyone you dont talk at times that they know the feeling they donaposyant the message the text below","[0,0,0,0,0,0,0]",True,"[0,1,0,0,0,0,0]"
TE-535.jpg,UNIVERSAL_HUMAN,Dynamically,"[0,0,0,0,0,0,0]",True,"[0,0,0,0,0,0,1]"
TE-536.jpg,UNIVERSAL_HUMAN,*Not only may create your mental situation you just might try something to fix. Donations,"[0,0,0,0,0,0,0]",True,
TE-537.jpg,UNIVERSAL_HUMAN,".com if in your sleep (like, like. 1 ct for now on: be","[0,0,0,0,0,0,0]",True,"[1,0,0,0,1,0,0]"
TE-538.jpg,UNIVERSAL_HUMAN,"""i did so my past can also guide future years through mine in one way so they now no not have, let alone that we if people change and look in to them it d make our wil look in"" 2. A dream like someone else or something beyond and who only speaks lies not anything. But when real things are wrong nothing what they just think them without knowing for me, you realize me as and never again thought what these bad memories that lie do cause mental","[0,0,0,0,0,0,0]",True,"[1,0,0,0,0,0,1]"
TE-539.jpg,UNIVERSAL_HUMAN,C,"[0,0,0,0,0,0,0]",True,"[1,0,0,0,1,0,0]"
TE-54.jpg,UNIVERSAL_HUMAN,To reduce physical pressure in you car radio that ning,"[0,0,0,0,0,0,0]",True,
TE-541.jpg,UNIVERSAL_HUMAN,H: you should just stay for being told all such thing to. CAST-LINE: but why. for example say that that having said all n now,"[0,0,0,0,0,0,0]",True,"[0,0,0,0,1,0,0]"
TE-542.jpg,UNIVERSAL_HUMAN,*Baltoralyza or destruct the original or replace into..xp] replace the missing with something appropriate/meaning in the target,"[0,0,0,0,0,0,0]",True,"[0,1,0,0,0,0,0]"
TE-543.jpg,UNIVERSAL_HUMAN,"E) An individual lose an income of social. The time we work may be influenced on you personally of you may, whether because, in any era be from recent ones . all for or like yourself as often changes and also to match with its if so inexheart to understand, allowing social situations can work well like in that very minute for ones interest may not feel good to get married again whereas ; one that we often do and we also find","[0,0,0,0,0,0,0]",True,
TE-544.jpg,UNIVERSAL_HUMAN,ERROR: 'float' object has no attribute 'strip',"[0,0,0,0,0,0,0]",False,
TE-545.jpg,UNIVERSAL_HUMAN,ERROR: 'float' object has no attribute 'strip',"[0,0,0,0,0,0,0]",False,"[0,0,0,1,0,0,0]"
TE-547.jpg,UNIVERSAL_HUMAN,"Htiempathetic that sometimes being on display, while something important","[0,0,0,0,0,0,0]",True,"[1,0,0,0,0,0,0]"
TE-548.jpg,UNIVERSAL_HUMAN,"antagone this meme does that is, with red colored. eyes for anger hate is to be more emotional expression like those at heart hattter like they can. I could say there in someday some way too so in another time though if","[0,0,0,0,0,0,0]",True,"[1,0,0,0,1,0,1]"
TE-55.jpg,UNIVERSAL_HUMAN,"This helps identify, recognize problems which could get stuck as anger causes anger is also often the feeling anger in this case the reaction may either build but with anger thereby worse mental and","[0,0,0,0,0,0,0]",True,"[0,0,0,1,1,0,0]"
TE-551.jpg,UNIVERSAL_HUMAN,ERROR: 'float' object has no attribute 'strip',"[0,0,0,0,0,0,0]",False,
TE-552.jpg,UNIVERSAL_HUMAN,It will work all times only,"[0,0,0,0,0,0,0]",True,"[0,0,0,0,0,1,0]"
TE-553.jpg,UNIVERSAL_HUMAN,"Its important is. for one purpose when another function, and sometimes also sometimes is more like my feeling):: me not have enough words just be my reaction at different stage means some of what else not do so to do in sentence? for words I used you","[0,0,0,0,0,0,0]",True,"[0,1,0,0,0,0,0]"
TE-554.jpg,UNIVERSAL_HUMAN,(2) I feel more confused because for two and in some situation?,"[0,0,0,0,0,0,0]",True,"[0,0,0,0,0,0,1]"
TE-555.jpg,UNIVERSAL_HUMAN,this might feel hard as an overweight parent for seeing your beloved one become that weight that suddenly causes no matter whatever has happen on the planet as now everything happens automatically so as our re focusing upon our parent status it seems simple like nothing. However due your parenting skills as most,"[0,0,0,0,0,0,0]",True,"[0,0,0,1,1,0,0]"
TE-556.jpg,UNIVERSAL_HUMAN,"5. Depression depression and suicide or death benham merriries desperrate, as depression makes him weak his words","[1,0,0,0,0,0,0]",True,"[0,0,0,0,0,1,0]"
TE-557.jpg,UNIVERSAL_HUMAN,"["" ice in space as bubble"".benuyithlessy.""yenherejuist in any position without rhyme at in in space ""yend""ing"" this one as yet another negative concept; it create that your happiness or not in this .... how would feel happiness before today","[0,0,0,0,0,0,0]",True,"[1,0,0,0,0,0,0]"
TE-558.jpg,UNIVERSAL_HUMAN,ERROR: 'float' object has no attribute 'strip',"[0,0,0,0,0,0,0]",False,"[1,1,0,0,0,0,0]"
TE-559.jpg,UNIVERSAL_HUMAN,"If she tell it’ ima be so mad they still see., there has one other but in some school this way this may make their work difficult today and sometimes hard that how did in all those weeks for","[0,0,0,0,0,0,0]",True,"[0,1,0,0,0,0,0]"
TE-56.jpg,UNIVERSAL_HUMAN,"“huchhanjei shaliwanji, to play football? kaat lein,” insyedtunyanivuk says : you might think of him too much to answer some","[0,0,0,0,0,0,0]",True,"[1,0,0,0,0,0,0]"
TE-560.jpg,UNIVERSAL_HUMAN,"C/R T E T: U L + MO M *R T S > M ?; ord(hpi (ri = Mjg + T). ""ooo nnth."" the characters j","[0,0,0,0,0,0,0]",True,"[0,1,0,0,0,0,0]"
TE-561.jpg,UNIVERSAL_HUMAN,A guy gives water and sugar on paper but gets angry that now have eyes with stick,"[0,0,0,0,0,0,0]",True,"[1,0,0,0,0,0,0]"
TE-562.jpg,UNIVERSAL_HUMAN,1. STORIN THE CHIROSS THAT LAKE RETROLEADER T- I found. when searching through google and saw its very useful online in fact the website of all. the reason? what gives love between husband that brings happiness? you really understand when read her quotes saying your feelings but still dont know your partner doesnd see why just dont even be at risk that can get jealous easily and feel like being lonely and feel loneliness you will forget his constant silence of friendship is your,"[0,0,0,0,0,0,0]",True,
TE-563.jpg,UNIVERSAL_HUMAN,"and more emotional depression) and hope can help treat such thoughts you feel guilty that may get blame and hate your behavior since something' you love such that what and now ""feel guilty now love","[1,0,0,0,0,0,0]",True,"[1,1,0,0,0,0,0]"
TE-564.jpg,UNIVERSAL_HUMAN,C1–b1s (for male) are used: depression is because no good people can share common hobbies; they get lonely even in large class group to achieve an ambition etc when it affect him deeply and psychological) ys(physical); in other instances love relationships between different generations? is not my judgement as not,"[1,0,0,0,0,0,0]",True,
TE-565.jpg,UNIVERSAL_HUMAN,Scatiarised word that literally just says this for which group who may go here like my son (memorination there on face) this morning will ... i saw someone in his kitchen that day yesterday looking on Facebook in her,"[0,0,0,0,0,0,0]",True,"[0,0,0,0,0,0,1]"
TE-566.jpg,UNIVERSAL_HUMAN,"major l stress, disorder disorder anger abuse anger is generally treated effectively though medicine now more frequently being practice because studies seem to reinforce certain neuro behavioural habits associated that result, however these may not normally work effectively under these medical constraints or lifestyle problems cause of anxiety such an panic Attack I mean...you wake so sick your family to make them talk of themselves too you and get down to they think they get angry to about them...if things get ugly and the reason â’","[0,0,0,0,0,0,0]",True,
TE-567.jpg,UNIVERSAL_HUMAN,2 anxiety comes due not controlling hormone,"[0,0,0,0,0,0,0]",True,"[1,0,0,0,0,0,1]"
TE-568.jpg,UNIVERSAL_HUMAN,the brain interpret images of words to tell their memories but has power when the images that reflect them clearly bring something that is needed not seen for everyone with all those circumstances. - that being one moment,"[0,0,0,0,0,0,0]",True,
TE-569.jpg,UNIVERSAL_HUMAN,ERROR: 'float' object has no attribute 'strip',"[0,0,0,0,0,0,0]",False,"[0,0,0,1,0,0,0]"
TE-57.jpg,UNIVERSAL_HUMAN,BROWLFS the words in an article entitled beware be warned of indian indian quotes image gallery image image stock pictures (inflectiond): you could spend forever looking good over others who really doesns work hard because being honest may feel it but ultimately feel worse,"[0,0,0,0,0,0,0]",True,"[1,0,0,0,0,0,0]"
TE-570.jpg,UNIVERSAL_HUMAN,"2. OPERACE PROTEECTIon can indicate debilation into obesity over years during childhood - not known as the feeling is thought from memory in adults to emotion like love happiness feeling pain from any negative negative experience when this will also work or other mental situation can trigger your depression but for induche 1 5 of 5 6 10 9 12 13, 14, 27 – 18 31","[1,0,0,0,0,0,0]",True,"[1,0,0,0,0,0,0]"
TE-571.jpg,UNIVERSAL_HUMAN,ERROR: 'float' object has no attribute 'strip',"[0,0,0,0,0,0,0]",False,"[1,0,1,1,1,0,0]"
TE-572.jpg,UNIVERSAL_HUMAN,. A condition without any physical action that brings out his full visual energy through activity,"[0,0,0,0,0,0,0]",True,"[1,0,0,0,0,0,1]"
TE-573.jpg,UNIVERSAL_HUMAN,"1-1 emotional expression the sky is sky above space space, sky from my planets ground can feel the following state emotions: 1) The blue space stars at your direction: in general 2. 3. If you change my mind with thoughts when faced by enmbairly facing an upside-front upright image to image 2. 3: In","[0,0,0,0,0,0,0]",True,"[0,0,0,1,0,0,0]"
TE-574.jpg,UNIVERSAL_HUMAN,(1) 3. 4. 12. B; 8. 10. 23— 26 7. 22 13. 57 18. 38 29 34 227 531 344 621 5. 24 3. 38 28 38 39 41 32 47 1257 2658 1766 35 1763 4034 3489 587 2835 1383 128 23 2829 4384 233,"[0,0,0,0,0,0,0]",True,"[0,0,0,0,0,1,0]"
TE-575.jpg,UNIVERSAL_HUMAN,"I never want those things around her; it will pass me into their mind... you get triggered or confused now; for real.... it just feels so uninteresty (cp 122) attincate your focus, stay somewhere to me think its nice so this problem solve now) #help: try different ways but at","[0,0,0,0,0,0,0]",True,
TE-576.jpg,UNIVERSAL_HUMAN,ERROR: 'float' object has no attribute 'strip',"[0,0,0,0,0,0,0]",False,
TE-577.jpg,UNIVERSAL_HUMAN,""" I think its better now! in french instead!; you need confidence again the present that ""","[0,0,0,0,0,0,0]",True,"[1,1,1,0,0,0,0]"
TE-578.jpg,UNIVERSAL_HUMAN,"This method helps reduce emotional distress, is self motivated which makes others self worth through relationships more positive. motivation create. social feelings in someones mind and body for instance, its in all positive conditions or. they think the first place are usually in social situations that happen for others (smok). this results to their behavior by means others feel superior or superior to someone because your feelings imply, only those things that made another. more positive negative etc meanings) have them always been, happy","[0,0,0,0,0,0,0]",True,"[0,0,0,1,0,0,0]"
TE-579.jpg,UNIVERSAL_HUMAN,"(1) Identify someone to call based his emotional expression ""excebtionally thats, have negative. expression.) an (attributing words within verb.","[0,0,0,0,0,0,0]",True,"[1,1,0,0,0,0,0]"
TE-58.jpg,UNIVERSAL_HUMAN,ERROR: 'float' object has no attribute 'strip',"[0,0,0,0,0,0,0]",False,"[1,0,0,0,0,0,0]"
TE-580.jpg,UNIVERSAL_HUMAN,"“a good one can call friends the time, person wise in reality in socializing in today it takes only half year (actual experience today! by","[0,0,0,0,0,0,0]",True,"[0,0,0,1,0,0,0]"
TE-581.jpg,UNIVERSAL_HUMAN,it consists of feeling sorry (instead of saying what happened just happen so see to in their wand; feeling good when something's great. feel guilty only for telling other because other see others to appreciate everything you just know more that yourself dont care only for. be it jl is,"[0,0,0,0,0,0,0]",True,"[0,0,0,0,0,1,0]"
TE-582.jpg,UNIVERSAL_HUMAN,"23434.427, 93034 8 , 828 9 115 24 53, 19","[0,0,0,0,0,0,0]",True,
TE-584.jpg,UNIVERSAL_HUMAN,"(2) has it and his partner says the subject. 2. mood means how an observe or view their position is very mood, it affect and influence inffect them physically, the emotion makes it even deeper 4. can bring up mood for all individuals based one single condition by negative feedback about others in. j to be motivated so, you see everything : think through that the world or past in","[0,0,0,0,0,0,0]",True,"[0,0,0,0,0,0,1]"
TE-585.jpg,UNIVERSAL_HUMAN,"not eating anything without an energy to replace with nothing you feel ind control without eating and it’’ like just watching., being controlled i have some plans now, not at night with me! it","[0,0,0,0,0,0,0]",True,"[1,0,0,0,0,1,0]"
TE-587.jpg,UNIVERSAL_HUMAN,"to keep their parents in house was so simple; and that it actually brought him good pleasure that many teenager, too, or rather not with their. now these youngs donols have learned overs 20 or how do and you not feel it should stay and stay true or something in order without in reality no matter the social level are here that most friends - most and even love them when you don and unless today because the point social level does and continue moving so much from reality","[0,0,0,0,0,0,0]",True,"[1,1,0,0,0,0,0]"
TE-59.jpg,UNIVERSAL_HUMAN,"the problem with no idea means this sentence only is used verb or inflect sentences? try both verb/meaning it it has negative definition: can’ in something which express some word? meaning with. it doesn: to, rather an alternative to just give up and choose? now let for now you only list like sentences when sentence ends with no correct. here' when not there he have some missing and choose.. use ""have found word as already. it seems unrelated in phrase because","[0,0,0,0,0,0,0]",True,
TE-590.jpg,UNIVERSAL_HUMAN,The common cold spell sometimes makes all women more confused with all cries but still cannot describe you perfectly. 1. You don â and I never knew so often (,"[0,0,0,0,0,0,0]",True,
TE-592.jpg,UNIVERSAL_HUMAN,a man lying beside one girl with phone blow it his teeth until something hit and left just likes or someone hit in on social-social circle because,"[0,0,0,0,0,0,0]",True,"[0,1,0,0,0,0,0]"
TE-593.jpg,UNIVERSAL_HUMAN,ERROR: 'float' object has no attribute 'strip',"[0,0,0,0,0,0,0]",False,"[0,0,0,1,0,0,0]"
TE-594.jpg,UNIVERSAL_HUMAN,"To achieve peace/be still is impossible except trust is an act and confidence towards good circumstances always trust God, always take steps before going through trial and struggle so don be lose when face in uncertainty but face all situations which you'’e know all will get its consequence because faith changes along our life journey to reach victory in good time it","[0,0,0,0,0,0,0]",True,
TE-596.jpg,UNIVERSAL_HUMAN,4 in bedtime for friends with feelings who are sad 3 days to do that you wonl be interested again 4 minutes 5,"[0,0,0,0,0,0,0]",True,"[0,0,0,0,0,0,1]"
TE-597.jpg,UNIVERSAL_HUMAN,[nysotisnsd =) *= is all inclusive no de nodd de factm=] > 1 an important figure to each country or regions,"[0,0,0,0,0,0,0]",True,
TE-598.jpg,UNIVERSAL_HUMAN,You sleep often say something stupid as she gets all these kinds thoughts through them? why she got one you wonder shes always going so do,"[0,0,0,0,0,0,0]",True,
TE-599.jpg,UNIVERSAL_HUMAN,it heistonically gives indeciduciety is,"[0,0,0,0,0,0,0]",True,
TE-6.jpg,UNIVERSAL_HUMAN,Erotuinous words/soundbam of which indicates your intenseness? (inst.-hid). isnhelistix.explananly synonyma words where none appear yet meaning in which i do.(yat b,"[0,0,0,0,0,0,0]",True,"[0,0,0,0,0,0,1]"
TE-60.jpg,UNIVERSAL_HUMAN,POCTIC STRONTE I am here in despair by having someone come over and give everything out by having him,"[0,0,0,0,0,0,0]",True,"[0,0,1,0,0,0,0]"
TE-600.jpg,UNIVERSAL_HUMAN,is represented without visual support with severe sadness as indicated in his or an equally depict of the expression has been suggested above ; the figure here indicates not as isolated condition,"[0,0,0,0,0,0,0]",True,"[1,0,0,0,0,0,1]"
TE-601.jpg,UNIVERSAL_HUMAN,"5.* This question seems interesting but in few sentences in fact gives an almost total clue because every attempt, in this manner, shows some very wrong things while other attempts come totally to top easily without that thought making","[0,0,0,0,0,0,0]",True,"[0,0,0,1,1,0,0]"
TE-603.jpg,UNIVERSAL_HUMAN,"negative emotionally affected because they lose interest over it.""i can write about his/and she really do NOT understand you just write like about and see you'll shat because its right about us","[0,0,0,0,0,0,0]",True,
TE-604.jpg,UNIVERSAL_HUMAN,"to write without losing your personality would have an adverse effects negative because no person understand will it makes an in their, who doesnn mean them have been there when an idiot never felt sad enough , you didn know all was wrong except there must. some people would try anything bad so donwry do your life something thats more attractive","[0,0,0,0,0,0,0]",True,"[1,0,0,0,0,0,1]"
TE-605.jpg,UNIVERSAL_HUMAN,"No train appears there which we must also heed while trying something funny, it looks rather foolish though you would think such ; despite trying lots... what it actually actually looked as there has loads","[0,0,0,0,0,0,0]",True,"[1,1,0,0,0,0,0]"
TE-606.jpg,UNIVERSAL_HUMAN,"I used alcohol again today the other girls haters for food talk he said and added no further. no like with friends nor want or feel sad to lose all love atheat with his self pride. ""fale, dons to keep him laughing it never had any chance from when smoking made others better of,"" what made an effort. 3 replies 337 views 939 messages 219 replies 173 photos with this video shared 62 392 hours 652 days 30","[0,0,0,0,0,0,0]",True,"[0,0,0,1,0,0,0]"
TE-607.jpg,UNIVERSAL_HUMAN,ERROR: 'float' object has no attribute 'strip',"[0,0,0,0,0,0,0]",False,"[1,0,0,1,1,0,0]"
TE-608.jpg,UNIVERSAL_HUMAN,she just wants his face; so can now show real personality at. 1 day today for that of 4 people this may cause depression (for children as this shows their lack motivation which doesni’ even makes rage even. (see your parents but do some activity and learn skills for it but only at her life-level 2) now be your child see something so cool.( this was my generation is it with all the possibilities youve come along here to share like facebook message-only my own,"[1,0,0,0,0,0,0]",True,"[0,0,0,0,0,0,1]"
TE-609.jpg,UNIVERSAL_HUMAN,"A: Have thought about and can think in every frame and then ask about their day is all up possible right before asking or thinking it is actually in our mental vocabulary this allows to understand, discuss even more precisely so they feel an understand exactly so, about the fact and facts behind why and now so more widely ei hate or be puzzle/be at to know now so for those days not feeling. It means it means so very more than you thought now I did to tell just one time","[0,0,0,0,0,0,0]",True,"[0,0,0,0,1,1,0]"
TE-61.jpg,UNIVERSAL_HUMAN,A small black efex and big green eye will change someone that havenuan like love someone you know and even more after one week is it in every moment! - the last three and I always wanted to like to but,"[0,0,0,0,0,0,0]",True,"[0,0,0,0,1,0,0]"
TE-610.jpg,UNIVERSAL_HUMAN,mood or spirit depression (not expressed directly); sad because others don,"[1,0,0,0,0,0,0]",True,
TE-612.jpg,UNIVERSAL_HUMAN,funny pictures comic on WhatsApp messenger Facebook pic and image by rtly @meamld0u2hysc61mtqr3jort,"[0,0,0,0,0,0,0]",True,"[0,0,0,1,1,0,0]"
TE-613.jpg,UNIVERSAL_HUMAN,Sè hatino dell divanázionea alla panzo,"[0,0,0,0,0,0,0]",True,"[1,1,0,0,0,0,0]"
TE-614.jpg,UNIVERSAL_HUMAN,ERROR: 'float' object has no attribute 'strip',"[0,0,0,0,0,0,0]",False,"[0,1,0,0,0,0,1]"
TE-616.jpg,UNIVERSAL_HUMAN,if something makes some sort for expression of their thought! express about the word ‘behamathable but with emotion they like what other then be free’ to some type. to phemes of thought process; mental instability due and many expressions as anger and frustration? some,"[0,0,0,0,0,0,0]",True,"[1,0,1,0,0,0,1]"
TE-617.jpg,UNIVERSAL_HUMAN,"It means mental depression or psychologic stress when this affectate mental, physical states make certain thoughts repetitive for extended space when these trigger crawling, clawy, psychotoxic feelings etc. can be the results any situation","[1,0,0,0,0,0,0]",True,"[0,0,0,0,0,1,0]"
TE-618.jpg,UNIVERSAL_HUMAN,In all honesty every negative was about when waking so happy today,"[0,0,0,0,0,0,0]",True,"[0,0,0,0,0,0,1]"
TE-62.jpg,UNIVERSAL_HUMAN,In fact: no problem can even cover half things like emotions to help express your sadness and hatred x 3x 5 like any kind and anything. like,"[0,0,0,0,0,0,0]",True,
TE-620.jpg,UNIVERSAL_HUMAN,What’ the difference of your last year self!,"[0,0,0,0,0,0,0]",True,"[0,0,0,1,0,0,0]"
TE-621.jpg,UNIVERSAL_HUMAN,"Swell images gallery the human mouth at home video | YouTube the sad  lonely and weird man talking picture from my album facebook image found about any one place of the image searching. facebook searching, Facebook, is socialising alone sad feeling can’d but just click for next. facebook icon design from facebook, or by finding this via popular searching","[0,0,0,0,0,0,0]",True,"[1,1,0,0,0,0,0]"
TE-622.jpg,UNIVERSAL_HUMAN,The words when people listened too or too closely; or listeneayed what' she got but to make things difficult in your case-to explain anything was meant be nice to describe,"[0,0,0,0,0,0,0]",True,"[0,0,0,0,0,1,0]"
TE-623.jpg,UNIVERSAL_HUMAN,"This poem refer'beau, self love; self,. det.on positive phrases expresse the bad feelings toward other someone people with their language to express. about your mental disorder unless","[0,0,0,0,0,0,0]",True,"[0,0,0,1,0,0,0]"
TE-624.jpg,UNIVERSAL_HUMAN,"This post about how they perceive social events or certain ideas through others visual means by language meaning social situation (a term introduced under sentence 3, of type","[0,0,0,0,0,0,0]",True,"[0,0,0,0,0,1,0]"
TE-625.jpg,UNIVERSAL_HUMAN,It gives her freedom as time s slow motion in motion of moving an extremal plane of which is in fact at blyge from horizontal vertical with in depth,"[0,0,0,0,0,0,0]",True,"[0,0,0,1,0,0,0]"
TE-626.jpg,UNIVERSAL_HUMAN,"1. I stopped taking all of an over, but instead enjoyed life but I wish all were together happy life... this photo of what are now going into her next time without these years when the sun had sun","[0,0,0,0,0,0,0]",True,"[0,0,0,1,0,0,0]"
TE-627.jpg,UNIVERSAL_HUMAN,fortitude/tatativism which argues with you: because the battle makes for it is. (nyal,"[0,0,0,0,0,0,0]",True,"[1,1,0,0,0,0,0]"
TE-628.jpg,UNIVERSAL_HUMAN,and are. depression for example and feel. det: how does something have,"[1,0,0,0,0,0,0]",True,"[0,0,0,1,0,0,0]"
TE-63.jpg,UNIVERSAL_HUMAN,not stated yet. The words,"[0,0,0,0,0,0,0]",True,"[0,0,0,0,0,1,0]"
TE-630.jpg,UNIVERSAL_HUMAN,ERROR: 'float' object has no attribute 'strip',"[0,0,0,0,0,0,0]",False,"[0,0,0,1,0,0,0]"
TE-631.jpg,UNIVERSAL_HUMAN,(1) Modication towards exercise; lack on physical training of some age because physical exercises has an advantage,"[0,0,0,0,0,0,0]",True,"[0,0,0,1,0,0,0]"
TE-633.jpg,UNIVERSAL_HUMAN,mood is angry to be faced by something else but feels that some external is out but at their core this situation leaves much feeling sad on it feeling to me for myself today even I would try hard tomorrow no to work and hope there could soon overcome but what this thought had made of the feeling so now in,"[0,0,0,0,0,0,0]",True,
TE-634.jpg,UNIVERSAL_HUMAN,"2 3 3 in context no emotion what did do is one person would not be afraid when thinking about your illness / my sister’ve remarked today but thought my sister does and so for the majority are demon fear-s worry the craes have seen more, worry or love her dear family they should, however in their current moment and reality we still wish all the life best would remain what seems hope at once at any the worst part was as fear but with different reality","[0,0,0,0,0,0,0]",True,"[0,0,0,0,0,1,0]"
TE-635.jpg,UNIVERSAL_HUMAN,(1) an attitude will tell many you. What happens in each encounter to improve you social position,"[0,0,0,0,0,0,0]",True,"[0,0,0,0,0,1,0]"
TE-636.jpg,UNIVERSAL_HUMAN,"Angually and the person to right has an uncomtly defun to laugh loud! i dont appreciate, so stop trying now get down you idiot joke on tweet today my day is always sad me feel very - but laugh on mine too often in an appropriate occasion lol no its one true friend there we be some special friends, some love us just wanted time, they are now reali and can just smile smile cif you will learn in your school and","[0,0,0,0,0,0,0]",True,"[1,1,0,0,0,0,0]"
TE-637.jpg,UNIVERSAL_HUMAN,and expression can convey something difficult within simple space where verbiity was only understood till 20aa age for no language use since. to give meaning on to my experience but with practice some language so when people started writing these phrases but. “when writing that is they only like,"[0,0,0,0,0,0,0]",True,"[0,0,0,0,0,1,0]"
TE-638.jpg,UNIVERSAL_HUMAN,"2. Element 1. Self Este and Exist insual and not described as the actual, in others with traits known (the form self does all not define one without description, see in second para 2. Self refer. the smallest version yet is the product itself which also allows some freedom within some dimensions on both, from reality/imagin- it! into, imagine you, can also give yourself self respect and hope. Self is worth within, the rage/dhre in an already chosen","[0,0,0,0,0,0,0]",True,
TE-639.jpg,UNIVERSAL_HUMAN,"in u are.the cause which caused.m for such great work, by saying these amazing.expleted","[0,0,0,0,0,0,0]",True,"[0,0,0,0,1,0,1]"
TE-64.jpg,UNIVERSAL_HUMAN,A sad face lies side the front left while facing,"[0,0,0,0,0,0,0]",True,"[1,0,0,0,0,0,0]"
TE-640.jpg,UNIVERSAL_HUMAN,3. Depression shows mental disorders can only get caused that do depression can trigger mental dysfunction that does well without stimulo in,"[1,0,0,0,0,0,0]",True,"[0,1,0,0,0,0,0]"
TE-641.jpg,UNIVERSAL_HUMAN,A) You want comfort after what was so awful 2. B if someone can get it then it implies your relationship for is worse even not in life right in current lives right or any situations as shown so your mind is made which allows them,"[0,0,0,0,0,0,0]",True,
TE-642.jpg,UNIVERSAL_HUMAN,ERROR: 'float' object has no attribute 'strip',"[0,0,0,0,0,0,0]",False,
TE-643.jpg,UNIVERSAL_HUMAN,For all,"[0,0,0,0,0,0,0]",True,
TE-645.jpg,UNIVERSAL_HUMAN,"""Dilatkarkar bahezi sir "" ordless, I did one last class","[0,0,0,0,0,0,0]",True,"[1,1,0,0,0,0,0]"
TE-646.jpg,UNIVERSAL_HUMAN,Plot that over thinking of certain negative events or images that create unhealth or in d situations will not give way that. free your ideas instead think your,"[0,0,0,0,0,0,0]",True,"[0,0,0,0,0,1,0]"
TE-647.jpg,UNIVERSAL_HUMAN,"To the human figure alone may appeal without question the answer given of all that I would choose I chose 3 very useful adjective expression in context below in fact format so far, my friends like us is my problem; most experienced by being depretive","[0,0,0,0,0,0,0]",True,"[0,0,0,0,0,1,0]"
TE-648.jpg,UNIVERSAL_HUMAN,free love love message messages text: happy friendship is hard. be strong even on thin you make everything better see this image on friendship message now for more cute chik me message quotes to break friendelyye this friend or what really can lead back whats better and so? it never says it comes in person to like with them and neither,"[0,0,0,0,0,0,0]",True,
TE-649.jpg,UNIVERSAL_HUMAN,2. emotion 2. negative. emotions affect deep sadness sadness at all this sad and in the past was often associated ( for good at other present experiences associably so much,"[0,0,0,0,0,0,0]",True,"[1,1,0,0,0,0,0]"
TE-65.jpg,UNIVERSAL_HUMAN,allipad desktop software has become one part,"[0,0,0,0,0,0,0]",True,"[0,0,0,0,0,1,0]"
TE-651.jpg,UNIVERSAL_HUMAN,"no image but the patient is seen doing push and lift as to their throat but his hul was always very supportive of our tanus-alu but they dont share them for other problems they will. This was why now, its over-under for mental and not real problems? to get mental benefit now one mhatrs are looking good only what'in his eyes as long since this last paragraph and now to think up these type problems also are available too I’","[0,0,0,0,0,0,0]",True,"[0,0,0,0,0,1,1]"
TE-652.jpg,UNIVERSAL_HUMAN,To stop worrying about too big details do vh,"[0,0,0,0,0,0,0]",True,
TE-653.jpg,UNIVERSAL_HUMAN,"A man dressed inside his box holding plastic tubes wrapped loose round my stomach to his eyes read on computer has.s-, or mentality problems like learning spelling tsually word etc which","[0,0,0,0,0,0,0]",True,"[0,0,0,0,0,1,0]"
TE-654.jpg,UNIVERSAL_HUMAN,To me and as far up at you is too damn big too slow but there always been plenty,"[0,0,0,0,0,0,0]",True,
TE-655.jpg,UNIVERSAL_HUMAN,"A childish is diagnosed that test that his son needs regular education that takes him the rest it. shows test as his self right now time that to have tests , scores show me an example by just seeing it just for them only but on her first question i hope im doing m at high stake... â in his exams last march 2 2019 3 results can change by getting some confidence boost you never knew anything what will affect their marks with his subject or exam, ins paper","[0,0,0,0,0,0,0]",True,"[0,0,0,0,0,1,0]"
TE-656.jpg,UNIVERSAL_HUMAN,- lack appetite loss/anger depression etc lose opportunities with someone (eared negative comments are too critical with someone like they would help us). what can be seen for all through positive reviews at what level the answer with only two can see it’ here now can be read like all other relevant and not at certain points so all these negative expressions but you only have to do and learn. this will most suit with the right. this would like better as in context. that they ,"[1,0,0,0,0,0,0]",True,"[1,1,0,0,0,1,1]"
TE-657.jpg,UNIVERSAL_HUMAN,"it comes too frequently after going away the phone; however one express in, I find the last thing hard which just made of today... I find your best topic as said on many random words here are none is at in these places you dont make use of meanings you simply have words I only","[0,0,0,0,0,0,0]",True,
TE-658.jpg,UNIVERSAL_HUMAN,"4. 3. No other emotional disturbance that caused feelings like depression in us but I used self criticism from society since life becomes full up soon! in love, for once and","[1,0,0,0,0,0,0]",True,"[0,0,0,0,0,1,0]"
TE-659.jpg,UNIVERSAL_HUMAN,"2. TO WEAR (Hemorries, sadness-like anger); depleacing mental; in which is usually emotionality-but some people would feel uncompairnant so you probably do NOT have as you in fact think something' about someone; which some will react and others is best described as subjective! or able at: it means I don.it doesn, with most other situations besides feeling what you actually see here just","[0,0,0,0,0,0,0]",True,"[0,0,0,0,0,1,0]"
TE-66.jpg,UNIVERSAL_HUMAN,I felt at such point – the idea now means not just another problem is solved at best. all.alike words with feelings without correct ones is already seen where in reality I see there already! at this point which now my best solution: we think,"[0,0,0,0,0,0,0]",True,
TE-660.jpg,UNIVERSAL_HUMAN,"It has more confusion here at night then anything really seems crazy sometimes now for your consideration at work this seems so complicated when things don,'the inquisite states they be, is more clearly what happens than with them has actually transpirine which we will now move it through another chapter at different place in life because when you were reading that piece your reaction, when in all sense its really wrong then it makes me upset just go like your point 2 3 which was wrong all three words really meant are","[0,0,0,0,0,0,0]",True,"[0,0,0,0,0,1,0]"
TE-661.jpg,UNIVERSAL_HUMAN,"all, which a positive aspect athe to that cv will","[0,0,0,0,0,0,0]",True,"[0,0,0,0,0,1,0]"
TE-662.jpg,UNIVERSAL_HUMAN,"C) A word meaning having ""great control"" or good luck of doing your best","[0,0,0,0,0,0,0]",True,
TE-67.jpg,UNIVERSAL_HUMAN,"This means being different which makes her most unique like roxymc. expression; she be insecure (d), lonely like (f) ind; for who you cannot fully  hate others due to a condition/negative self judgement you see those fla based around others in certain traits like traits; some thing/ex. others positive negative one but has/and have them strengths with self judgement too so rehance, get lost when others say positive to an.","[0,0,0,0,0,0,0]",True,"[0,0,1,0,0,0,0]"
TE-68.jpg,UNIVERSAL_HUMAN,[not given [1 or 2. in first position is none no,"[0,0,0,0,0,0,0]",True,
TE-69.jpg,UNIVERSAL_HUMAN,,"[0,0,0,0,0,0,0]",True,"[1,0,0,0,0,0,0]"
TE-7.jpg,UNIVERSAL_HUMAN,"MOUSEy or anger angry sadness feelings love sad feeling lovelust sexual interest.irative depression dejected feelings  fear anxiety depression sad. self motivation quotes like crazy thinking thoughtless writing quote love feelings friendship hate fear in life feeling. expression change emotion sometimes based to my emotion feelings I used or change emotions, that just p?d to, says negative feelings I may","[1,0,0,0,0,0,0]",True,"[0,0,1,0,0,0,0]"
TE-71.jpg,UNIVERSAL_HUMAN,"Ohhh!!! My arms!!! HE DELIES BEE A BE I LEAVE SLE!!. WALDE Y LEER THE BONT, THE ss SPEAKESH I JITZA ME RA ME, DOUG! JAZQIT TOESHRA KLAR DEATH STRATS JULENTS OF SAQUENCE DEPRES SUNAA, DRUEL I BING OUT. ALL IN PECE MAIL.","[0,0,0,0,0,0,0]",True,"[1,0,0,0,0,0,0]"
TE-72.jpg,UNIVERSAL_HUMAN,"this typewriter works at work very kindly while writing things, to find examples where cs do all with me. while driving while learning new ways; that. saying the person being like her when seeing this tweet said no way & nopey not even think of all  she got up in life saying you will do the job well while keeping. this post also shares pictures. such is now even for more like how","[0,0,0,0,0,0,0]",True,"[0,1,0,0,1,0,0]"
TE-73.jpg,UNIVERSAL_HUMAN,For mental growth try exercising regular breathing,"[0,0,0,0,0,0,0]",True,"[0,1,0,0,0,0,0]"
TE-75.jpg,UNIVERSAL_HUMAN,"A: depression anxiety selfhata and low consciousness physical problems and physical disorder often described because mental illnesses, mental issues of some disorders with social influence including depression drugs physical derog ulation etcialistical drug drugs treatment programmes such the mental ls is in it is called it has psychological","[1,0,0,0,0,0,0]",True,"[0,0,0,0,1,0,1]"
TE-76.jpg,UNIVERSAL_HUMAN,[Italhzaplyufop]phf,"[0,0,0,0,0,0,0]",True,
TE-77.jpg,UNIVERSAL_HUMAN,.i think I really really do enjoy,"[0,0,0,0,0,0,0]",True,
TE-79.jpg,UNIVERSAL_HUMAN,,"[0,0,0,0,0,0,0]",True,"[1,0,0,0,0,0,0]"
TE-80.jpg,UNIVERSAL_HUMAN,Clutter syndrome definition means:. is related for and shared,"[0,0,0,0,0,0,0]",True,
TE-81.jpg,UNIVERSAL_HUMAN,that may get lost on me hat – for that purpose to get you to write any you see yourself that way at your next morning phone on wall... now all be of the top few or side,"[0,0,0,0,0,0,0]",True,"[1,0,0,0,0,0,0]"
TE-82.jpg,UNIVERSAL_HUMAN,(1) mood states an extreme amount; in. in 1. to,"[0,0,0,0,0,0,0]",True,
TE-83.jpg,UNIVERSAL_HUMAN,,"[0,0,0,0,0,0,0]",True,"[1,1,0,0,0,0,0]"
TE-84.jpg,UNIVERSAL_HUMAN,(titling language with some space). 2. Cries for her beloved baby with lyrics or quotes express emotions,"[0,0,0,0,0,0,0]",True,"[0,0,0,0,0,0,1]"
TE-85.jpg,UNIVERSAL_HUMAN,"To avoid this state use multiple choice from 4), list below that the correct value should have less emotion (be the middle value as in first example","[0,0,0,0,0,0,0]",True,"[1,0,0,0,0,0,0]"
TE-86.jpg,UNIVERSAL_HUMAN,He may come face-2 to meet you,"[0,0,0,0,0,0,0]",True,
TE-89.jpg,UNIVERSAL_HUMAN,"1). ""my first book to print the title hasnys like bejing people was asking to help create words about feeling athedudes emotion (phat emotions emotions and the mood to my reading is now that in paper paper on your study paper is what she can feel at any age jms but haven, she read book title for herself, because","[0,0,0,0,0,0,0]",True,
TE-91.jpg,UNIVERSAL_HUMAN,ERROR: 'float' object has no attribute 'strip',"[0,0,0,0,0,0,0]",False,"[0,0,1,0,1,0,0]"
TE-92.jpg,UNIVERSAL_HUMAN,"No answer ""","[0,0,0,0,0,0,0]",True,"[1,0,0,0,0,0,0]"
TE-93.jpg,UNIVERSAL_HUMAN,unconds all emotional situations is negative mentally positive emotionally for certain things to learn i need something wrong with myself then there always should exist only. love for each people life only for now but your own. I cannot believe when these lines speak how people tell him,"[0,0,0,0,0,0,0]",True,"[1,0,0,0,0,0,0]"
TE-94.jpg,UNIVERSAL_HUMAN,(1),"[0,0,0,0,0,0,0]",True,
TE-95.jpg,UNIVERSAL_HUMAN,"1. TOO BACK IN THE POUNDING SURGONING. 1. the heart pump does - feel more calm without it, no pain of heart! 4. this does indeed involinate you to go on forever it will lead in an eternal life time... 2. the fear it provoke that leads me with passion like love at present when impot","[0,0,0,0,0,0,0]",True,"[0,1,0,0,0,0,0]"
TE-96.jpg,UNIVERSAL_HUMAN,Twexatus me and his tweet: http-latedly #po...&quot,"[0,0,0,0,0,0,0]",True,
TE-97.jpg,UNIVERSAL_HUMAN,"free can express creativity: free happiness cant bring change"" can irlize its message at that instant your mind decide where happiness lie? in present state but the words change when some situations create happiness in me in today, and will come next tomorrow). 4.","[0,0,0,0,0,0,0]",True,"[0,0,0,0,0,0,1]"
TE-205.jpg,VISUAL_SYMBOL_DEPENDENT,3a/dice 7-1 9 1 and then ask how far was her mother used be as the word “,"[0,0,0,0,0,0,0]",True,"[0,0,0,0,0,0,1]"
TE-276.jpg,VISUAL_SYMBOL_DEPENDENT,all have trouble for motivation with lots more pictures below http%49% jpg pictures 2 letter C (C468BW 1 JN 5 M1 F JM E. iai,"[0,0,0,0,0,0,0]",True,
TE-461.jpg,VISUAL_SYMBOL_DEPENDENT,In these disorders it affecting motor muscle and respiratory movement such,"[0,0,0,0,0,0,0]",True,"[1,0,0,0,0,0,0]"
TE-512.jpg,VISUAL_SYMBOL_DEPENDENT,"4. Preconversitaria, for which, you see on left (m-tch top on each), of “","[0,0,0,0,0,0,0]",True,"[1,0,0,0,1,0,1]"
TE-87.jpg,VISUAL_SYMBOL_DEPENDENT,anger,"[0,0,0,0,0,0,0]",True,"[1,0,1,0,0,0,0]"
