image_id,category,gold_labels,predicted_labels,explanation
TE-104.jpg,BRAND_DEPENDENT,"[1,0,0,0,0,0,0]","[0,0,0,0,0,0,0]","CONTEXT: This is a bilingual (Hindi/English) Indian meme using a simple cartoon template to express the feeling that even comforting activities, like eating favorite foods, cannot fix underlying emotional distress.

1. MOOD/EMOTIONAL STATE: The character displays sadness and a flat affect through their downturned mouth and expressionless eyes. The text ""heal my feelings"" explicitly indicates emotional pain or emptiness that persists despite external comfort.

2. MOTIVATION/INTEREST: The image depicts an inability to derive pleasure from normally enjoyable things, as"
TE-177.jpg,BRAND_DEPENDENT,"[1,0,0,0,1,0,0]","[0,0,0,0,0,0,0]","1. MOOD/EMOTIONAL STATE: The text uses a mocking and insulting tone (""साले ठरकी"" - you pervert). The implied excessive behavior could suggest loneliness or emptiness.

2. MOTIVATION/INTEREST: The image implies an obsessive consumption of content, and the text suggests a lack of real-world social interest by telling the user to ""go find a girl"".

3. SELF-HARM/DEATH THOUGHTS: not shown

4. APPETITE/EATING: not shown

5. SELF-WORTH/GUILT: The text directly insults the user, calling them a ""pervert,"" which could imply shame or low self-worth.

6. CONCENTRATION/THINKING: not shown

7. SLEEP"
TE-184.jpg,BRAND_DEPENDENT,"[1,0,1,0,0,0,0]","[0,0,0,0,0,0,0]","1. MOOD/EMOTIONAL STATE: The text ""अंदर से ख़त्म"" (finished from inside) in the bottom panel expresses a feeling of emptiness, hopelessness, or being emotionally drained.

2. MOTIVATION/INTEREST: The state of"
TE-195.jpg,BRAND_DEPENDENT,"[0,0,0,1,1,0,0]","[1,1,0,0,0,0,0]","1. MOOD/EMOTIONAL STATE: The image expresses a feeling of being completely overwhelmed, stressed, or anguished by daily life responsibilities, collectively labeling them as ""Hell"" (नरक).

2. MOTIVATION/INTEREST: The person indicates a severe lack of motivation or enjoyment for standard life activities like studying, exercising, or socializing"
TE-285.jpg,BRAND_DEPENDENT,"[1,0,1,0,0,0,0]","[1,0,1,0,0,0,0]","**CONTEXT:** This is a Hindi infographic using a comparative format to highlight age-related biases in perceiving depression, urging early treatment to prevent suicide.

1.  **MO"
TE-303.jpg,BRAND_DEPENDENT,"[1,0,0,0,0,0,0]","[0,0,0,0,0,0,0]","1. MOOD/EMOTIONAL STATE: The text explicitly mentions ""anxiety,"" and the man's expression shows shock, fear, and paranoia.

2. MOTIVATION/INTEREST: not shown

3. SELF-HARM/DEATH THOUGHTS: not shown

4. APPETITE/EATING: not shown

5. SELF-WORTH/GUILT: not shown

6. CONCENTRATION/THINKING: The text implies a state of hyper-alertness and catastrophic thinking, where a simple sound triggers the fearful question, ""What kind of trouble is this?"".

7. SLEEP: The text specifies the time as ""2:30 AM,"" indicating the person is awake at an unusual hour, which suggests sleep disruption.

CONTEXT: This is a meme using a popular Bollywood comedy still to humorously depict the relatable experience of late-night anxiety and paranoia."
TE-343.jpg,BRAND_DEPENDENT,"[0,0,0,1,0,0,0]","[0,0,0,0,0,0,0]","1. MOOD/EMOTIONAL STATE: The top panel shows sadness and crying, while the bottom panel shows happiness and smiling.
2. MOTIVATION/INTEREST: Not shown.
3. EXISTENTIAL/EMOTIONAL INTENSITY: Not shown.
4. APPETITE/EATING: The text mentions eating a ""samosa"" at an ""untimely"" hour and the distress of having to log it on a health app.
5. SELF-WORTH/GUILT: The top panel implies guilt or distress related to eating an unhealthy food item and having to track it.
6. CONCENTRATION/THINKING: Not shown.
7. SLEEP: Not shown.

CONTEXT: This is a meme using a two-panel reaction format to humorously contrast the negative feeling of logging bad food with the positive feeling of a dark mode UI update."
TE-378.jpg,BRAND_DEPENDENT,"[0,0,0,1,0,0,0]","[0,0,0,0,0,0,0]","CONTEXT: This image shows a novelty wooden plaque featuring folk art of a bear paired with humorous, hyperbolic Hindi text threatening violence if masala chai is not provided.

1. MOOD/EMOTIONAL STATE: The text expresses a demanding and threatening mood, hyperbolically conveying an intense, almost desperate need for masala chai.

2. MOTIVATION/INTER"
TE-549.jpg,BRAND_DEPENDENT,"[0,0,0,0,0,1,0]","[0,0,0,0,0,0,0]","1. MOOD/EMOTIONAL STATE: Not shown.
2. MOTIVATION/INTEREST: Not shown.
3. SELF-HARM/DEATH THOUGHTS: Not shown.
4. APPETITE/EATING: Not shown.
5. SELF-WORTH/GUILT: Not shown.
6. CONCENTRATION/THINKING: Not shown.
7. SLEEP: Not shown.

CONTEXT: This image is promotional artwork for a musical track, featuring the song titles and artist names in Hindi."
TE-583.jpg,BRAND_DEPENDENT,"[0,0,0,1,0,0,0]","[0,0,0,0,0,0,0]","1. MOOD/EMOTIONAL STATE: The meme shows a progression from confidence and excitement to shock and disappointment.

2. MOTIVATION/INTEREST: The person is motivated to accurately track the calories of their cold coffee, showing an interest in diet and health monitoring.

3. SELF-HARM/DEATH THOUGHTS: not shown

4. APPETITE/EATING: The text explicitly mentions tracking calories for ""cold coffee"" and knowing ingredients, indicating a focus on dietary intake.

5. SELF-WORTH/GUILT: not shown

6. CONCENTRATION/THINKING: The person is engaged in a multi-step process to calculate calories, which leads to an unexpected and confusing result.

7. SLEEP: not shown

CONTEXT: This uses the popular ""Gru's Plan"" meme format to depict a plan that goes unexpectedly wrong at the final step."
TE-586.jpg,BRAND_DEPENDENT,"[0,0,0,1,0,0,0]","[0,0,0,0,0,0,0]","**CONTEXT:** This image uses the popular ""Is this a pigeon?"" anime meme template, modified with Hindi text and specific items to humorously present vices as a lifestyle.

1.  **MOOD/EMOTIONAL STATE:** The image uses self-deprecating humor to highlight unhealthy habits, suggesting a cynical or resigned attitude rather than overt distress."
TE-629.jpg,BRAND_DEPENDENT,"[0,0,0,0,0,0,0]","[1,0,0,1,0,0,1]","1. MOOD/EMOTIONAL STATE: The blurry background suggests a distressed or sad expression, and the late-night check-in implies worry about the recipient's well-being.
2. MOTIVATION/INTEREST: not shown
3. SELF-HARM/DEATH THOUGHTS: not shown
4. APPETITE/EATING: The message from ""Mummy"" directly asks ""खाना खाया कि नहीं?"" which translates to ""Did you eat food or not?"", indicating concern about the person's eating.
5. SELF-WORTH/GUILT: not shown
6. CONCENTRATION/THINKING: not shown
7. SLEEP: The time ""2:19"" is visible at the top, indicating the person is awake at a very late hour, suggesting sleep disruption.

CONTEXT: This is a phone notification screenshot meme depicting a mother's late-night concern for her child's basic care, often used to imply the child is struggling."
TE-8.jpg,BRAND_DEPENDENT,"[1,0,0,0,0,0,0]","[1,0,0,0,0,0,0]","1. MOOD/EMOTIONAL STATE: The text explicitly mentions ""depression"" as the state the subjects wish to cure. The visual of people yelling into megaphones suggests a feeling of desperation or urgent frustration in seeking relief.

2. MOTIVATION/INTEREST: not shown

3. SELF-HARM/DEATH THOUGHTS: not shown

4. APPETITE/EATING: not shown

5. SELF-WORTH/GUILT: not shown

6. CONCENTRATION/THINKING: not shown

7. SLEEP: not shown

CONTEXT: This is a surreal meme using stock photos and mixed Hindi/English text to humorously illustrate the desperate, unrealistic desire for technology to instantly solve complex mental health problems."
TE-149.jpg,CELEBRITY_DEPENDENT,"[0,0,0,1,0,0,0]","[1,0,0,1,0,0,0]","1. MOOD/EMOTIONAL STATE: The image shows a man crying with a pained expression, and the text describes a distressing situation, indicating sadness, anguish, and hopelessness.
2. MOTIVATION/INTEREST: not shown
3. SELF-HARM/DEATH THOUGHTS: not shown
4. APPETITE/EATING: The text explicitly mentions ""binge streak"", ""restricting"", and ""खाने की बीमारी (ED)"" (eating disorder), describing a cycle of disordered eating behaviors.
5. SELF-WORTH/GUILT: not shown
6. CONCENTRATION/THINKING: not shown
7. SLEEP: not shown

CONTEXT: This meme uses a crying Bollywood actor as a reaction image to express the frustration and pain of being trapped in an eating disorder cycle."
TE-158.jpg,CELEBRITY_DEPENDENT,"[0,0,0,0,0,1,0]","[0,0,0,0,0,0,0]","CONTEXT: This image uses a standard quote-meme format featuring a portrait of famous Indian singer Kishore Kumar alongside a Hindi quote attributed to him.

1. MOOD/EMOTIONAL STATE: The quote expresses a melancholic or self-deprecating sense of loss regarding one's sanity. The subject in the photo has a contemplative, neutral expression.

2. MOTIVATION/INTEREST: not shown

3. SELF-HARM/DEATH THOUGHTS: not shown

4. APPETITE/EATING: not shown

5. SELF-WORTH/GUILT: not shown

6. CONCENTRATION/THINKING: The text explicitly states, ""Of all the things I have lost, I miss my mind the most,"" directly"
TE-185.jpg,CELEBRITY_DEPENDENT,"[0,0,0,0,1,0,0]","[0,0,0,0,0,0,0]","1. MOOD/EMOTIONAL STATE: The meme expresses intense anger, aggression, and severe distress directed inwardly. The man's facial expression is furious, and the text conveys extreme self-hatred.

2. MOTIVATION/INTEREST: not shown

3. SELF-HARM/DEATH THOUGHTS: The Hindi text explicitly states ""मैं तुझे मार डालूँगा"" which translates to ""I will kill you,"" representing a clear thought of self-harm or death in the context of the internal monologue.

4. APPETITE/EATING: not shown

5. SELF-WORTH/GUILT: The text attacks self-worth with highly derogatory terms, calling the person ""बदसूरत"" (ugly) and ""घिनौना"" (disgusting), indicating profound feelings of worthlessness.

6. CONCENTRATION/THINKING: not shown

7. SLEEP: not shown

CONTEXT: This is a meme using a reaction image of an angry man (likely from an Indian reality show) to personify the aggressive and abusive internal voice of body dysmorphia."
TE-21.jpg,CELEBRITY_DEPENDENT,"[1,0,0,0,0,0,0]","[1,0,0,0,0,0,0]","1. MOOD/EMOTIONAL STATE: The man's slumped posture and downward gaze suggest sadness or dejection. The text describes facing ""death repeatedly,"" implying significant distress, yet also mentions maintaining ""hope.""

2. MOTIVATION/INTEREST: Not shown.

3. EXISTENTIAL/EMOTIONAL INTENSITY: The text explicitly mentions ""death"" coming into life ""repeatedly,"" indicating a high level of existential challenge or distress. However, it also states that ""hope remains,"" suggesting resilience rather than a wish to withdraw.

4. APPETITE/EATING: Not shown.

5. SELF-WORTH/GUILT: Not shown"
TE-238.jpg,CELEBRITY_DEPENDENT,"[0,0,0,1,1,0,0]","[0,0,0,0,0,0,0]","1. MOOD/EMOTIONAL STATE: The subject's expression is somber, serious, and weary. The text suggests a mood of resignation or disappointment regarding a significant failure.

2. MOTIVATION/INTEREST: not shown

3. SELF-HARM/DEATH THOUGHTS: not shown

4. APPETITE/EATING: not shown

5. SELF-WORTH/GUILT: The text translates to ""You've messed up big time, brother?"", implying a confrontation with failure and"
TE-26.jpg,CELEBRITY_DEPENDENT,"[1,0,0,0,0,0,0]","[1,1,0,0,0,0,1]","1. MOOD/EMOTIONAL STATE: The left panel shows intense sadness and anguish, while the right panel depicts exhaustion, flatness, and a lack of energy. The meme contrasts dramatic sorrow with a more numbing, fatigued state.

2. MOTIVATION/INTEREST: The man in the right panel is sleeping passively on a train, suggesting a lack of energy or motivation to engage with his surroundings. This contrasts with the active, albeit sad, guitar playing in the left panel.

3. SELF-HARM/DEATH THOUGHTS: not shown

4. APPETITE/EATING: not shown

5. SELF-WORTH/GUILT: not shown

6. CONCENTRATION/THINKING: not shown

7. SLEEP: The right panel explicitly shows a man sleeping deeply with his mouth open on a public train, indicating excessive sleepiness, fatigue, or a need to catch up on sleep at odd times.

CONTEXT:"
TE-40.jpg,CELEBRITY_DEPENDENT,"[0,0,0,0,0,0,1]","[1,0,0,0,0,0,1]","CONTEXT: This is a meme format using a moody still of Bollywood actress Deepika Padukone, overlaid with Hindi text to express emotional distress.

1. MOOD/EMOTIONAL STATE: The woman's expression is somber and sad, with a downward gaze indicating distress or melancholy.

2. MOTIVATION/INTEREST: not shown

3. SELF-HARM/DEATH THOUGHTS: not shown

4. APPETITE/EATING: not shown

5. SELF-WORTH/GUILT: not shown

6. CONCENTRATION/THINKING: not shown

7. SLEEP: The Hindi text ""नींद उड़ गई है"
TE-141.jpg,CULTURAL_REFERENCE_DEPENDENT,"[0,0,0,0,0,0,1]","[0,0,0,0,0,0,1]","CONTEXT: This is an Indian meme using a still from a movie or TV show to humorously exaggerate the common adult experience of chronic sleep deprivation.

1. MOOD/EMOTIONAL STATE: The woman's expression and gesture convey a sense of resignation or dramatic exasperation regarding a long-standing issue.

2. MOTIVATION/INTEREST: not shown

3. SELF-HARM/DEATH THOUGHTS: not shown

4. APPETITE/EATING: not shown

5. SELF-WORTH/GUILT: not shown

6. CONCENTRATION/THINKING: not shown

7. SLEEP: The text"
TE-147.jpg,CULTURAL_REFERENCE_DEPENDENT,"[1,1,0,0,0,0,0]","[0,0,0,0,0,0,0]","1. MOOD/EMOTIONAL STATE: The image is humorous and self-deprecating, with no expression of sadness or distress.

2. MOTIVATION/INTEREST: not shown

3. SELF-HARM/DEATH THOUGHTS: not shown

4. APPETITE/EATING: not shown

5. SELF-WORTH/GUILT: The text is self-deprecating about an embarrassing internet search, but it is presented as a joke rather than a serious expression of guilt or worthlessness.

6. CONCENTRATION/THINKING: not shown

7. SLEEP: not shown

CONTEXT: This is a meme using a historical photo with superimposed text to humorously depict various authorities and neighbors watching the user's embarrassing internet activity."
TE-197.jpg,CULTURAL_REFERENCE_DEPENDENT,"[1,0,1,0,0,0,0]","[0,0,0,0,0,0,0]","1. MOOD/EMOTIONAL STATE: The top panel shows sadness and crying in response to a video game event, while the bottom panel shows a smiling, positive affect"
TE-232.jpg,CULTURAL_REFERENCE_DEPENDENT,"[1,0,0,0,1,0,0]","[0,0,0,0,0,0,0]","1. MOOD/EMOTIONAL STATE: The character initially appears neutral, then expresses sadness and a flat affect after being rejected. The final panel with static suggests a feeling of emptiness or numbness.

2. MOTIVATION/INTEREST: The character is shown actively seeking connection, but after being rejected, they become passive and withdrawn, suggesting a loss of interest or motivation.

3. SELF-HARM/DEATH THOUGHTS: not shown

4. APPETITE/EATING: not shown

5. SELF-WORTH/GUILT: The character's reaction to being repeatedly told they are not a friend suggests feelings of rejection and potentially low self-worth.

6. CONCENTRATION/THINKING: The character's simple ""ओह..."" and subsequent silence might indicate difficulty processing the rejection or a state of mental numbness.

7. SLEEP: not shown

CONTEXT: This is a four-panel comic strip meme, likely translated into Hindi, using a simple art style to depict a relatable situation of social rejection and isolation."
TE-299.jpg,CULTURAL_REFERENCE_DEPENDENT,"[0,0,1,0,0,0,0]","[0,0,0,0,0,0,0]","1. MOOD/EMOTIONAL STATE: The top panel shows affection and a playful request, while the bottom panel depicts distress and helplessness related to a historical execution scene.

2. MOTIVATION/INTEREST: not shown

3. EXISTENTIAL/EMOTIONAL INTENSITY: The bottom panel visually depicts a person being bricked up alive, which is a representation of extreme harm and a life-threatening situation, used here for dark humor.

4. APPETITE/EATING: not shown

5. SELF-WORTH/GUILT: not shown

6. CONCENTRATION/THINKING: not shown

7. SLEEP: The top panel shows a couple in bed, but there is no specific reference to sleep habits or disorders.

CONTEXT: This is a two-panel meme using a scene from the Indian movie *Mughal-e-Azam* to create a dark humor joke based on a literal interpretation of a romantic request."
TE-309.jpg,CULTURAL_REFERENCE_DEPENDENT,"[0,0,0,1,1,0,0]","[0,0,0,0,0,0,0]","1. MOOD/EMOTIONAL STATE: not shown
2. MOTIVATION/INTEREST: not shown
3. SELF-HARM/DEATH THOUGHTS: not shown
4. APPETITE/EATING: The image mentions ""Nikocado,"" a YouTuber known for mukbang videos, and shows a ""4XL"" size, indirectly referencing themes of eating and body size.
5. SELF-WORTH/GUILT: not shown
6. CONCENTRATION/THINKING: not shown
7. SLEEP: not shown

CONTEXT: This is a screenshot of an online product page for a hoodie, likely from a meme or parody store associated with internet personality Nikocado Avocado."
TE-33.jpg,CULTURAL_REFERENCE_DEPENDENT,"[0,0,0,0,0,0,0]","[0,0,0,0,0,0,0]","1. MOOD/EMOTIONAL STATE: The image is humorous and satirical, not expressing any negative emotions like sadness or hopelessness.

2. MOTIVATION/INTEREST: not shown

3. EXISTENTIAL/EMOTIONAL INTENSITY: not shown

4. APPETITE/EATING: not shown

5. SELF-WORTH/GUILT: not shown

6. CONCENTRATION/THINKING: not shown

7. SLEEP: not shown

CONTEXT: This is a humorous meme satirizing the 2020 pandemic by exaggerating the importance and danger of delivering onions, which are sometimes scarce and valuable in India."
TE-333.jpg,CULTURAL_REFERENCE_DEPENDENT,"[0,0,1,0,0,0,0]","[0,0,0,0,0,0,0]","1. MOOD/EMOTIONAL STATE: The image is humorous and intended to be funny, not expressing sadness or distress.
2. MOTIVATION/INTEREST: not shown
3. SELF-HARM/DEATH THOUGHTS: not shown
4. APPETITE/EATING: The image refers to abstaining from alcohol, but does not mention eating habits.
5. SELF-WORTH/GUILT: not shown
6. CONCENTRATION/THINKING: not shown
7. SLEEP: not shown

CONTEXT: This is a humorous Indian meme that proposes an impossible ""3-day no alcohol challenge"" on non-existent dates in February."
TE-342.jpg,CULTURAL_REFERENCE_DEPENDENT,"[1,0,1,0,0,0,0]","[0,0,0,0,0,0,0]","1. MOOD/EMOTIONAL STATE: The image expresses extreme distress, anguish, and hopelessness, indicated by the explicit search for ways to die.

2. MOTIVATION/INTEREST: The search query indicates a complete loss of interest in continuing to live.

3. SELF-HARM/DEATH THOUGHTS: The Google search bar contains a direct reference to wanting to die and seeking information on suicide (""How to die..."").

4. APPETITE/EATING: not shown

5."
TE-374.jpg,CULTURAL_REFERENCE_DEPENDENT,"[0,1,0,0,0,1,0]","[0,0,0,0,0,0,0]","1. MOOD/EMOTIONAL STATE: The text explicitly states the person gets ""bored"" (""बोर हो जाता हूँ""). The overall tone is one of dark humor and absurdity.
2. MOTIVATION/INTEREST: The creator mentions being bored at the office, suggesting a lack of interest in their work. They are motivated to create this scene as a distraction.
3. SELF-HARM/DEATH THOUGHTS: not shown
4. APPETITE/EATING: not shown
5. SELF-WORTH/GUILT: not shown
6. CONCENTRATION/THINKING: not shown
7. SLEEP: not shown

CONTEXT: This is a meme where the creator uses dead flies to stage a humorous scene, referencing a popular song, to combat office boredom."
TE-385.jpg,CULTURAL_REFERENCE_DEPENDENT,"[0,0,0,0,0,0,0]","[0,0,0,0,0,0,0]","1. MOOD/EMOTIONAL STATE: The image does not depict a person, so no specific emotional state is expressed. The tone of the poster itself is critical and alarming regarding health"
TE-506.jpg,CULTURAL_REFERENCE_DEPENDENT,"[0,0,0,0,0,0,0]","[0,0,0,0,0,0,0]","1. MOOD/EMOTIONAL STATE: The tweet explicitly mentions ""depression"" and expresses a sense of collective disappointment and sadness about the state of the 2020s.
2. MOTIVATION/INTEREST: The text suggests a lack of positive experiences or enjoyment, stating that the ""roaring"" part was missed and they went straight to depression.
3. SELF-HARM/DEATH THOUGHTS: not shown
4. APPETITE/EATING: not shown
5. SELF-WORTH/GUILT: not shown
6. CONCENTRATION/THINKING: not shown
7. SLEEP: not shown

CONTEXT: This is a screenshot of a tweet from August 2020, reflecting on the collective negative experience of the decade, likely influenced by the COVID-19 pandemic."
TE-619.jpg,CULTURAL_REFERENCE_DEPENDENT,"[0,0,0,1,0,0,0]","[0,0,0,0,0,0,0]","1. MOOD/EMOTIONAL STATE: The text describes an obsessive behavior, while the image shows a pained expression of exasperation.

2. MOTIVATION/INTEREST: not shown

3. EXISTENTIAL/EMOTIONAL INTENSITY: The text describes a highly repetitive and obsessive"
TE-70.jpg,CULTURAL_REFERENCE_DEPENDENT,"[1,0,0,0,0,0,0]","[1,1,0,0,0,0,0]","1. MOOD/EMOTIONAL STATE: The text explicitly states the person is battling ""severe depression and anxiety."" The character's facial expression is flat, blank, and appears emotionless.

2. MOTIVATION/INTEREST: The character shows a distinct lack of energy or enthusiasm in response to highly energetic ""Punjabi wedding music,"" offering only a listless hand gesture.

3. SELF-HARM/DEATH THOUGHTS: not shown

4. APPETITE/EATING:"
TE-256.jpg,INTERNET_CULTURE_DEPENDENT,"[0,0,0,0,0,0,0]","[0,0,0,0,0,0,0]","1. MOOD/EMOTIONAL STATE: The image expresses determination, ambition, and motivation. The characters are shown in dynamic, action-oriented poses, and the text encourages hard work.

2. MOTIVATION/INTEREST: The meme is explicitly about motivation, identifying specific life goals (government job, wealth, marriage, house) as the reason to work hard.

3. SELF-HARM/DEATH THOUGHTS: not shown

4. APPETITE/EATING: not shown

5. SELF-WORTH/GUILT: not shown

6. CONCENTRATION/THINKING: not shown

7. SLEEP: not shown

CONTEXT: This is a motivational meme using historical imagery to inspire hard work towards achieving traditional Indian societal goals like a government job, wealth, marriage, and a house."
TE-611.jpg,INTERNET_CULTURE_DEPENDENT,"[0,0,0,1,0,0,0]","[0,0,0,0,0,0,0]","1. MOOD/EMOTIONAL STATE: The left panel shows happiness and excitement, while the right panel shows a character smiling but sweating and being held back, suggesting anxiety or a struggle against an inevitable ""tragedy"".
2. MOTIVATION/INTEREST: The character is motivated to reach the balloons representing different parts of a film's plot, but is actively hindered in the second panel.
3. SELF-HARM/DEATH THOUGHTS: not shown
4. APPETITE/EATING: not shown
5. SELF-WORTH/GUILT: not shown
6. CONCENTRATION/THINKING: not shown
7. SLEEP: not shown

CONTEXT: This meme uses the ""Running Away Balloon"" format to humorously depict the common plot structure of Bollywood films, which often shift from a perfect first half to a tragic second half after the intermission."
TE-90.jpg,INTERNET_CULTURE_DEPENDENT,"[1,0,0,0,0,0,0]","[1,0,0,0,0,0,0]","1. MOOD/EMOTIONAL STATE: The text explicitly states the person has ""a lot of depression"" and ends with a plea for help, indicating distress and a depressed mood. The bottom text also refers to ""sad"" memes.

2. MOTIVATION/INTEREST: not shown

3. SELF-HARM/DEATH THOUGHTS: not shown

4. APPETITE/EATING: not shown

5. SELF-WORTH/GUILT: not shown

6. CONCENTRATION/THINKING: not shown

7. SLEEP: not shown

CONTEXT: This is a meme using a stock photo and Hindi text to comment on the ""bitter truth"" of ""sad memes,"" suggesting that genuine cries for help regarding depression are sometimes dismissed as mere performance or ""acting."""
TE-14.jpg,LANGUAGE_DEPENDENT,"[0,0,0,0,0,0,0]","[1,0,0,0,0,1,0]","1. MOOD/EMOTIONAL STATE: The text ""मैं बिखरा"" translates to ""I am scattered"" or ""I am broken,"" expressing a state of being emotionally shattered, overwhelmed, or falling apart.

2. MOTIVATION/INTEREST: not shown

3. SELF-HARM/DEATH THOUGHTS: not shown

4. APPETITE/EATING: not shown

5. SELF-WORTH/GUILT: not shown

6. CONCENTRATION/THINKING: The term ""scattered"" can imply a state of mental confusion, lack of focus, or chaotic thinking.

7. SLEEP: not shown

CONTEXT: This is a minimalist text-based image, likely used as a meme or social media post to convey a feeling of emotional distress or brokenness."
TE-170.jpg,LANGUAGE_DEPENDENT,"[1,0,0,0,1,0,0]","[1,0,0,0,0,0,0]","CONTEXT: This is an Indian meme using Hindi text and a photo of actor Matthew Perry to humorously describe sudden mood swings.

1. MOOD/EMOTIONAL STATE: The text explicitly describes a sudden shift from happiness to sadness (""खुश से एकदम उदास"") in a very short time. The bottom text labels this shift as a ""depressed flip"" (""डिप्रेस्ड पलटी"").

2. MOTIVATION/INTEREST: not shown

3. SELF-HARM/DEATH THOUGHTS: not shown

4. APPETITE/EATING: not shown

5. SELF-WORTH/GUILT: not shown

6. CONCENTRATION/THINKING: not shown

7. SLEEP: not shown"
TE-175.jpg,LANGUAGE_DEPENDENT,"[0,0,0,0,0,0,0]","[0,0,0,0,0,0,0]","CONTEXT: This image is a screenshot of a tweet where the user recounts an awkward real-life interaction involving dark internet humor about depression/suicide.

1. MOOD/EM"
TE-251.jpg,LANGUAGE_DEPENDENT,"[1,1,0,0,0,0,0]","[1,1,0,0,0,0,0]","1. MOOD/EMOTIONAL STATE: The text in the bottom panel explicitly states ""डिप्रेशन में हूँ"" which translates to ""I am in depression.""

2. MOTIVATION/INTEREST: The meme suggests an activity is being done as a way to cope with depression (""fixing the chemical imbalance"") rather than for pleasure or genuine interest.

3. SELF-HARM/DEATH THOUGHTS: not shown

4. APPETITE/EATING: not shown

5. SELF-WORTH/GUILT: not shown

6. CONCENTRATION/THINKING: not shown

7. SLEEP: not shown

CONTEXT: This is a ""Myth"
TE-259.jpg,LANGUAGE_DEPENDENT,"[0,0,1,0,0,0,0]","[0,0,0,0,0,0,0]","1. MOOD/EMOTIONAL STATE: The image expresses deep hopelessness and resignation, as the character ""Me"" accepts impending death with gratitude. Visually, the character Jerry appears sad, defeated, and has a flat affect in the final panel.

2. MOTIVATION/INTEREST: The character shows a complete lack of interest in continuing to live, to the point where they thank their killer for ending their life.

3. SELF-HARM/DE"
TE-268.jpg,LANGUAGE_DEPENDENT,"[0,0,0,1,0,0,0]","[0,0,0,0,0,0,0]","1. MOOD/EMOTIONAL STATE: The character is depicted as stressed, anxious, and sweating profusely due to the difficulty of making a choice.

2. MOTIVATION/INTEREST: not shown

3. SELF-HARM/DEATH THOUGHTS: not shown

4. APPETITE/EATING: The text mentions eating yogurt (""दही""), but the focus is on the grammatical gender of the word, not actual eating habits.

5. SELF-WORTH/GUILT: not shown

6. CONCENTRATION/THINKING: The character is shown struggling to make a decision between two options, indicating a momentary difficulty in choosing.

7. SLEEP: not shown

CONTEXT: This is the ""Daily Struggle"" or ""Two Buttons"" meme format, humorously illustrating the common grammatical dilemma in Hindi of whether the word for yogurt (""दही"") is masculine or feminine."
TE-306.jpg,LANGUAGE_DEPENDENT,"[0,0,0,1,0,0,0]","[0,0,0,0,0,0,0]","1. MOOD/EMOTIONAL STATE: The meme expresses a humorous sense of pride or accomplishment related to weight loss.

2. MOTIVATION/INTEREST: The text implies a motivation to lose weight and achieve a ""thin vibe"".

3. SELF-HARM/DEATH THOUGHTS: not shown

4. APPETITE/EATING: The meme indirectly references eating habits through the theme of weight loss and ""being thin"".

5. SELF-WORTH/GUILT: The meme suggests a positive change in self-perception or body image due to weight loss.

6. CONCENTRATION/THINKING: not shown

7. SLEEP: not shown

CONTEXT: This is an Indian meme using the ""Dekh raha hai Vinod"" format and a picture of a bulldog to make a humorous observation about losing weight."
TE-362.jpg,LANGUAGE_DEPENDENT,"[1,0,1,0,0,0,0]","[0,0,0,0,0,0,0]",CONTEXT: This is a dark humor meme using an anime character and mixed Hindi/English text to juxtapose a
TE-370.jpg,LANGUAGE_DEPENDENT,"[0,0,0,1,0,0,0]","[0,0,0,0,0,0,0]","1. MOOD/EMOTIONAL STATE: The girl in the illustration has a sad or somber expression. The text conveys a message about the inability of food to reciprocate emotions, suggesting loneliness or emotional need.

2. MOTIVATION/INTEREST: The girl is shown having knitted a scarf for a cake, which is a misplaced effort at connection, indicating a potential lack of appropriate social outlets or interests.

3"
TE-418.jpg,LANGUAGE_DEPENDENT,"[0,0,0,0,0,1,0]","[1,0,0,0,0,1,0]","1. MOOD/EMOTIONAL STATE: The Hindi text ""ख्यालों का बवंडर"" translates to ""a whirlwind of thoughts,"" suggesting an overwhelmed or chaotic state of mind. The small, tear-like drops falling from the flowers indicate sadness or emotional distress.

2. MOTIVATION/INTEREST: not shown

3. EXISTENTIAL/EMOTIONAL INTENSITY: The phrase ""whirlwind of thoughts"" depicts an intense internal mental experience.

4. APPETITE/EATING: not shown

5. SELF-WORTH/GUILT: not shown

6. CONCENTRATION/THINKING: The text ""ख्यालों का बवंडर"" (whirlwind of thoughts) explicitly describes a chaotic"
TE-431.jpg,LANGUAGE_DEPENDENT,"[0,0,0,0,0,0,1]","[0,0,0,0,0,0,0]","1. MOOD/EMOTIONAL STATE: The character labeled ""मैं"" (Me) appears calm and slightly amused, while the character labeled ""वो भूत जो मुझे डराने आया था"" (The ghost who came to scare me) looks shocked and terrified.

2. MOTIVATION/INTEREST: not shown

3. SELF-HARM/DEATH THOUGHTS: not shown

4. APPETITE/EATING: not shown

5. SELF-WORTH/GUILT: not shown

6. CONCENTRATION/THINKING: not shown

7. SLEEP: The scene is set in a bedroom at night, suggesting it is bedtime, but there is no specific reference to sleep quality or problems.

CONTEXT: This is a humorous meme using an anime-style illustration to depict a person's ""Incognito Tab History"" as being more frightening than a ghost."
TE-434.jpg,LANGUAGE_DEPENDENT,"[0,0,0,0,0,0,0]","[0,0,0,0,0,1,0]","1. MOOD/EMOTIONAL STATE: The Hindi idiom expresses frustration, irritation, or mental exhaustion at a situation or person.

2. MOTIVATION/INTEREST: not shown

3. SELF-HARM/DEATH THOUGHTS: not shown

4. APPETITE/EATING: not shown

5. SELF-WORTH/GUILT: not shown

6. CONCENTRATION/THINKING: The phrase literally translates to ""yogurt of the brain,"" metaphorically implying mental confusion, being overwhelmed, or an inability to think clearly.

7. SLEEP: not shown

CONTEXT: This image uses a common Hindi idiom in a graphic format to humorously or relatably express a state of mental frustration or being overwhelmed."
TE-446.jpg,LANGUAGE_DEPENDENT,"[1,0,0,0,0,0,0]","[1,0,0,0,0,0,0]","1. MOOD/EMOTIONAL STATE: The image contrasts a public facade of ""Everything is fine"" with a private admission that ""Life is a mess,"" suggesting hidden distress or sadness.

2. MOTIVATION/INTEREST: not shown

3. EXISTENTIAL/EMOTIONAL INTENSITY: The phrase ""जिंदगी झंड"" (Life is a mess/ruined) on the spam account side expresses a feeling of hopelessness or a negative outlook on one's life situation.

4. APPETITE/EATING: not shown

5. SELF-WORTH/GUILT: not shown

6. CONCENTRATION/THINKING: not shown

7. SLEEP: not shown

CONTEXT: This is a meme using the ""Main Account vs Spam Account"" format to compare a curated public image with a more authentic, and in this case negatively perceived, private reality using Hindi text."
TE-457.jpg,LANGUAGE_DEPENDENT,"[0,0,0,0,0,0,0]","[0,0,0,0,0,0,0]","1. MOOD/EMOTIONAL STATE: The text expresses anxiety, panic (""सत्यानाश!"" which translates to ""Disaster!""), and fear of rejection.

2. MOTIVATION/INTEREST: not shown

3. EXISTENTIAL/EMOTIONAL INTENSITY: The content depicts a hyperbolic fear of being ""disowned"" (*बेदखलाल*) by family due to a perceived failure in dieting.

4. APPETITE/EATING: The meme explicitly mentions the act of eating (""*खाता हूँ*"" meaning ""*eats*"") and the immediate negative internal reaction related to failing at ""dieting"".

5. SELF-WORTH/GUILT: The person expresses intense guilt and a sense of failure (""'डाइटिंग' के पेपर में *सप्ली* आ गई"" meaning ""Got a *supplementary* in the 'dieting' paper""), leading to a fear of being cast out.

6. CONCENTRATION/THINKING: not shown

7. SLEEP: not shown

CONTEXT: This is a Twitter-style meme using a ""Me vs. My conscience"" format to humorously exaggerate the guilt and consequences of breaking a diet."
TE-471.jpg,LANGUAGE_DEPENDENT,"[0,0,0,0,0,1,0]","[0,0,0,0,0,0,0]","1. MOOD/EMOTIONAL STATE: The image shows a goldfish jumping out of a bowl, which can be interpreted as a desire for freedom or escape from confinement.

2. MOTIVATION/INTEREST: The goldfish's action of jumping suggests a strong motivation to change its situation and seek something outside of its current environment.

3. SELF-HARM/DEATH THOUGHTS: Not shown.

4. APPETITE/EATING: Not shown.

5. SELF-WORTH/GUILT: Not shown.

6. CONCENTRATION/THINKING: Not shown.

7. SLEEP: Not shown.

CONTEXT: This is the book cover for the Hindi translation of the novel ""Out of My Mind"" by Sharon M. Draper."
TE-479.jpg,LANGUAGE_DEPENDENT,"[1,0,0,0,0,0,0]","[0,0,0,0,0,0,0]","1. MOOD/EMOTIONAL STATE: The meme expresses anxiety about being judged by a new therapist and the struggle of dealing with a ""binge-purge"" cycle. There's a sense of reluctance to genuinely commit to stopping the behavior long-term.

2. MOTIVATION/INTEREST: The motivation to control eating is shown as temporary and external (to look good for a therapist), rather than a genuine intrinsic desire to stop the ""drama"" forever.

3. SELF-HARM/DEATH THOUGHTS: The text explicitly mentions ""binge-purge,"" which is a form of self-harm associated with eating disorders.

4. APPETITE/EATING: The meme directly describes disordered eating patterns, specifically a ""binge-purge"" cycle and a period of ""forced control"" over eating.

5. SELF-WORTH/GUILT: The concern about having a ""swollen face"" in front of a therapist suggests shame or self-consciousness regarding the physical effects of the eating disorder.

6. CONCENTRATION/THINKING: not shown

7. SLEEP: not shown

CONTEXT: This is a Drake meme format used to illustrate the conflict between the difficult long-term goal of recovery and the short-term, performative goal of appearing ""well"" for a therapist."
TE-492.jpg,LANGUAGE_DEPENDENT,"[0,0,0,1,0,0,0]","[0,0,0,0,0,0,0]","1. MOOD/EMOTIONAL STATE: The meme shows a progression from a neutral state to extreme surprise and shock, represented by the increasingly intense reactions of Bernie Sanders.
2. MOTIVATION/INTEREST: The person is engaged in the activity of scrolling through Instagram and noticing a meme, indicating normal interest.
3. SELF-HARM/DEATH THOUGHTS: not shown
4. APPETITE/EATING: not shown
5. SELF-WORTH/GUILT: not shown
6. CONCENTRATION/THINKING: not shown
7. SLEEP: not shown

CONTEXT: This is a four-panel meme using the Bernie Sanders reaction template to depict the escalating surprise of finding one's own meme reposted on a random Instagram page."
TE-509.jpg,LANGUAGE_DEPENDENT,"[0,0,0,0,0,0,0]","[0,0,0,0,0,0,0]","1. MOOD/EMOTIONAL STATE: The phrase ""दिमाग खाली"" (Mind empty) expresses a feeling of emptiness or a flat emotional state.
2. MOTIVATION/INTEREST: The statement implies a lack of mental activity, which could suggest a lack of motivation or interest.
3. SELF-HARM/DEATH THOUGHTS: not shown
4. APPETITE/EATING: not shown
5. SELF-WORTH/GUILT: not shown
6. CONCENTRATION/THINKING: The text directly states the mind is ""empty,"" indicating a complete absence of thought or an inability to think.
7. SLEEP: not shown

CONTEXT: This is a minimalist text-based meme in Hindi used to convey a state of having no thoughts or being mentally blank."
TE-519.jpg,LANGUAGE_DEPENDENT,"[0,0,0,1,0,0,0]","[0,0,0,0,0,0,0]","1. MOOD/EMOTIONAL STATE: The text ""बस सांसें चल रही हैं"" (Just breathing is happening) conveys a feeling of emptiness, flat affect, and a sense of merely existing rather than living.

2. MOTIVATION/INTEREST: The figure is lying on the floor surrounded by work or study materials, indicating a complete lack of motivation or energy to engage with tasks.

3. EXISTENTIAL/EMOTIONAL INTENSITY: The statement ""बस सांसें चल रही हैं"" reflects a passive withdrawal from life, reducing existence to a bare biological function, which suggests a deep sense of hopelessness or existential emptiness.

4. APPETITE/EATING: Not shown.

5. SELF-WORTH/GUILT: Not shown.

6. CONCENTRATION/THINKING: Not shown.

7. SLEEP: Not shown.

CONTEXT: This is a Hindi variation of the ""Are ya winning, son?"" meme, used here to express severe burnout or depression."
TE-526.jpg,LANGUAGE_DEPENDENT,"[0,0,0,0,0,0,0]","[1,0,0,0,0,0,0]","CONTEXT: This is a text-based meme using a dialogue format to make a dark humor pun where a literal request is met with a metaphorical statement about emotional distress.

1. MOOD/EMOTIONAL STATE: The text explicitly states the person feels ""broken from inside"" (अंदर से टूट चुका हूँ), expressing deep sadness, hopelessness, or anguish.

2. MOTIVATION/INTEREST: Not shown.

3. SELF-HARM/DEATH THOUGHTS: Not shown.

4. APPETITE/EATING: Not shown.

5. SELF-WORTH/GUILT: Not shown.

6. CONCENTRATION/THINKING: Not shown.

7. SLEEP: Not shown."
TE-615.jpg,LANGUAGE_DEPENDENT,"[0,0,0,1,0,0,0]","[0,0,0,0,0,0,0]","1. MOOD/EMOTIONAL STATE: The cartoon dinosaur has a neutral, slightly surprised, or perhaps speaking expression, but no strong emotion like sadness or anguish is shown.
2. MOTIVATION/INTEREST: not shown
3. SELF-HARM/DEATH THOUGHTS: not shown
4. APPETITE/EATING: not shown
5. SELF-WORTH/GUILT: not shown
6. CONCENTRATION/THINKING: not shown
7. SLEEP: not shown

CONTEXT: This is an Indian meme that puns on the name of politician Shashi Tharoor, known for his eloquent and complex English, by combining his name with ""saurus"" to create a ""Tharoor-saurus"" dinosaur."
TE-632.jpg,LANGUAGE_DEPENDENT,"[0,0,0,0,0,0,0]","[0,0,0,0,0,0,0]","1. MOOD/EMOTIONAL STATE: The image describes feelings of social awkwardness, nervousness, and discomfort when receiving a compliment.

2. MOTIVATION/"
TE-9.jpg,LANGUAGE_DEPENDENT,"[1,0,1,0,0,0,0]","[0,0,0,0,0,0,0]","1. MOOD/EMOTIONAL STATE: The comic starts with a character expressing a ""heavy burden on the heart,"" indicating sadness or distress. It ends with the character feeling ""much lighter"" and appearing happy.
2. MOTIVATION/INTEREST: not shown
3. SELF-HARM/DEATH THOUGHTS: The characters are coffins, and one ejects a body to feel ""lighter,"" which is a dark humor metaphor but not a direct reference to self-harm or wanting to die.
4. APPETITE/EATING: not shown
5. SELF-WORTH/GUILT: The mention of a ""burden"" could imply emotional weight, but specific feelings of worthlessness or guilt are not explicitly expressed.
6. CONCENTRATION/THINKING: not shown
7. SLEEP: not shown

CONTEXT: This is a dark humor webcomic that interprets the metaphorical advice of ""lightening one's burden"" in a literal and morbid way."
TE-201.jpg,LIFESTYLE_CONTEXT_DEPENDENT,"[0,0,0,1,0,0,0]","[0,0,0,0,0,0,0]","1. MOOD/EMOTIONAL STATE: The text explicitly mentions listening to ""Arijit Singh के sad गाने"" (Arijit Singh's sad songs), indicating a sad or melancholic emotional state.

2. MOTIVATION/INTEREST: not shown

3. SELF-HARM/DEATH THOUGHTS: not shown

4. APPETITE/EATING: The image describes eating ""एक बड़ा bowl ठंडा Maggi"" (a big bowl of cold Maggi) at 3 AM, which suggests late-night eating, possibly for comfort.

5. SELF-WORTH/GUILT: not shown

6. CONCENTRATION/THINKING: not shown

7. SLEEP: The text ""रात 3 बजे"" (at 3 AM) clearly indicates being awake at an unusual hour, implying disrupted sleep or insomnia.

CONTEXT: This is a relatable Indian meme using a stock photo template to humorously depict a common, somewhat melancholic, late-night routine."
TE-296.jpg,LIFESTYLE_CONTEXT_DEPENDENT,"[1,0,0,0,0,0,1]","[0,0,0,0,0,0,0]","1. MOOD/EMOTIONAL STATE: The meme explicitly states ""आज तो हम सब sad हैं"" (Today we are all sad) and uses reaction images of crying men to express sadness and distress over minor inconveniences.

2. MOTIVATION/INTEREST: not shown

3. SELF-HARM/DEATH THOUGHTS: not shown

4. APPETITE/EATING: The text mentions a burnt paratha and tea missing ginger, which are complaints about food quality rather than appetite itself.

5. SELF-WORTH/GUILT: not shown

6. CONCENTRATION/THINKING: not shown

7. SLEEP: The text mentions being bitten by mosquitoes ""पूरी रात"" (all night), implying disrupted or lack of sleep.

CONTEXT: This is a meme using a Discord chat format and popular reaction images to humorously exaggerate the collective sadness caused by a series of minor, relatable daily annoyances."
TE-226.jpg,MEDIA_CONTEXT_DEPENDENT,"[1,0,0,0,0,0,0]","[0,0,0,0,0,0,0]","1. MOOD/EMOTIONAL STATE: The image explicitly identifies the emotional state as ""Anxiety."" The man's expression in the bottom panel appears worried or distressed.

2. MOTIVATION/INTEREST: not shown

3. EXISTENTIAL/EMOTIONAL INTENSITY: The meme depicts the intense mental state of anxiety, characterizing it as a futile search for problems that do not exist.

4. APPETITE/EATING: not shown

5. SELF-WORTH/GUILT: not shown

6. CONCENTRATION/THINKING: The text ""Searching for something that doesn't exist"" implies a cognitive distortion where the mind is preoccupied with worry and imaginary threats.

7. SLEEP: not shown

CONTEXT: This is a meme using a scene from an Indian movie to illustrate the feeling of anxiety."
TE-323.jpg,MEDIA_CONTEXT_DEPENDENT,"[0,1,0,0,0,0,0]","[1,1,1,0,0,0,0]","1. MOOD/EMOTIONAL STATE: The text implies a state of hopelessness or emptiness, suggesting a lack of a current reason to exist.
2. MOTIVATION/INTEREST: The instruction to ""find a reason to live"" indicates a severe lack of motivation and interest in life itself.
3. SELF-HARM/DEATH THOUGHTS: The phrase ""find one reason to live"" directly relates to the struggle for existence and implies a potential lack of the will to live.
4. APPETITE/EATING: not shown
5. SELF-WORTH/GUILT: not shown
6. CONCENTRATION/THINKING: not shown
7. SLEEP: not shown

CONTEXT: This meme uses the authoritative voice of the ""Bigg Boss"" reality show to deliver a dark message about finding a reason for existence."
TE-336.jpg,MEDIA_CONTEXT_DEPENDENT,"[1,0,1,0,0,0,0]","[0,0,1,0,0,0,0]","Based on the meme image provided, here is the analysis for each area:

1.  **MOOD/EMOTIONAL STATE:** The image explicitly labels different moods: ""खुश"" (happy), ""उदास"" (sad), and ""तनावग्रस्त"" (stressed). The final panel expresses a state of extreme distress, translated as ""wanting to die"".
2.  **MOTIVATION/INTEREST:** not shown
3.  **SELF-HARM/DEATH THOUGHTS:** The fourth panel includes the text ""मरने का मन"", which translates to ""wanting to die"". This is a direct reference to death thoughts, used hyperbolically to express dislike for the movie.
4.  **APPETITE/EATING:** not shown
5.  **SELF-WORTH/GUILT:** not shown
6.  **CONCENTRATION/THINKING:** not shown
7.  **SLEEP:** not shown

**CONTEXT:** This is an Indian meme that uses a four-panel reaction format to humorously exaggerate the negative experience of watching the movie ""Race 3""."
TE-354.jpg,MEDIA_CONTEXT_DEPENDENT,"[1,0,0,0,0,0,0]","[0,0,0,0,0,0,0]","1. MOOD/EMOTIONAL STATE: The man's expressions across the panels convey weariness, sadness, and pensive frustration. He appears tired of waiting and contemplating his situation.

2. MOTIVATION/INTEREST: Not shown.

3. SELF-HARM/DEATH THOUGHTS: Not shown.

4. APPETITE/EATING: Not shown.

5. SELF-WORTH"
TE-47.jpg,MEDIA_CONTEXT_DEPENDENT,"[1,0,0,0,1,0,0]","[0,0,0,0,0,0,0]",1. MOOD/EMOTIONAL STATE
TE-497.jpg,MEDIA_CONTEXT_DEPENDENT,"[0,0,0,0,0,0,1]","[0,0,0,0,0,0,1]","**CONTEXT:** This is a humorous meme, likely aimed at mothers, using hyperbole to exaggerate the feeling of chronic sleep deprivation.

1.  **MOOD/EMOTIONAL STATE:** The meme expresses a feeling of long-term exhaustion and weariness, presented in a humorous, exaggerated way.
2.  **MOTIVATION/INTEREST:** not shown
3.  **SELF-HARM/DEATH THOUGHTS:** not shown
4.  **APPETITE/EATING:** not shown
5.  **SELF-WORTH/GUILT:** not shown
6.  **CONCENTRATION/THINKING:** not shown
7.  **SLEEP:** The meme directly addresses a lack of peaceful sleep, humorously claiming the last time the person slept well was during the British rule of India."
TE-505.jpg,MEDIA_CONTEXT_DEPENDENT,"[0,0,0,1,0,0,0]","[0,0,0,0,0,0,0]","Here is the analysis of the meme image based on the requested categories:

1.  **MOOD/EMOTIONAL STATE:** The young woman revealed in the second panel appears sad, anxious, and distressed, with a worried facial expression.
2.  **MOTIVATION/INTEREST:** not shown
3.  **SELF-HARM/DEATH THOUGHTS:** not shown
4.  **APPETITE/EATING:** The text explicitly mentions ""मेरी कम खाने की बीमारी (ED)"" which translates to ""My eating disorder,"" indicating a problem with eating, likely restriction. The meme suggests this was hidden behind a ""sudden decision to become vegetarian.""
5.  **SELF-WORTH/GUILT:** not shown
6."
TE-525.jpg,MEDIA_CONTEXT_DEPENDENT,"[1,0,0,0,0,0,0]","[0,0,0,0,0,0,0]",1. MOOD/EMOTIONAL STATE
TE-98.jpg,MEDIA_CONTEXT_DEPENDENT,"[1,0,0,0,0,0,0]","[1,0,0,0,0,0,0]","1. MOOD/EMOTIONAL STATE: The meme explicitly discusses ""DEPRESSION"" and uses a smiling emoji to represent a hidden or masked emotional state, suggesting that outward happiness can conceal inner depression.

2. MOTIVATION/INTEREST: not shown

3. SELF-HARM/DEATH THOUGHTS: not shown

4. APPETITE/EATING: not shown

5. SELF-WORTH/GUILT: not shown

6. CONCENTRATION/THINKING: not shown

7. SLEEP: not shown

CONTEXT: This meme uses a scene from the Indian movie ""Baahubali 2"" to comment on the concept of ""smiling depression,"" where an individual hides their mental health struggles behind a happy facade."
TE-140.jpg,MEME_FORMAT_DEPENDENT,"[0,0,0,0,1,0,0]","[0,0,0,0,0,0,0]","1. MOOD/EMOTIONAL STATE: The character in the manga panel is blushing, which typically signifies shyness, embarrassment, or being flustered.

2. MOTIVATION/INTEREST: The text expresses an interest in the ""person"" rather than physical attributes, indicating a shift in perspective towards personality.

3. SELF-HARM/DEATH THOUGHTS: not shown

4. APPETITE/EATING: not shown

5. SELF-WORTH/GUILT: not shown

6. CONCENTRATION/THINKING: not shown

7. SLEEP: not shown

CONTEXT: This is a meme that combines a manga panel with the ""Skyrim Skill"" reaction format and Hindi text to make a joke about a ""smooth"" or wholesome statement."
TE-196.jpg,MEME_FORMAT_DEPENDENT,"[1,0,1,0,0,0,0]","[1,0,1,0,0,0,0]","1. MOOD/EMOTIONAL STATE: The text explicitly states that the person is ""Depressed"" and has ""always been"" that way.

2. MOTIVATION/INTEREST: Not shown.

3. EXISTENTIAL/EMOTIONAL INTENSITY: The image visually depicts one astronaut pointing a handgun at the back of another astronaut's head.

4. APPETITE/EATING: Not shown.

5. SELF-WORTH/GUILT: Not shown.

6. CONCENTRATION/THINKING: Not shown.

7. SLEEP: Not shown.

CONTEXT: This is a variation of the ""Always Has Been"" meme format, adapted with Hindi text to convey a realization about long-term depression."
TE-484.jpg,MEME_FORMAT_DEPENDENT,"[0,0,0,0,0,0,0]","[0,0,0,1,0,0,0]","1. MOOD/EMOTIONAL STATE: Not shown.

2. MOTIVATION/INTEREST: The image suggests an excessive interest or fixation on food"
TE-550.jpg,MEME_FORMAT_DEPENDENT,"[0,0,0,1,0,0,0]","[0,0,0,0,0,0,0]","1. MOOD/EMOTIONAL STATE: The text explicitly states the person is ""unhappy"" (नाखुश) in both their eating disorder and recovery states.

2. MOTIVATION/INTEREST: The text indicates a"
TE-589.jpg,MEME_FORMAT_DEPENDENT,"[0,0,0,1,0,0,0]","[0,0,0,0,0,0,0]","1. MOOD/EMOTIONAL STATE: The image conveys a surreal and menacing mood through the distorted, bat-wielding figure, which is humorously contrasted with the mundane text about tea. It does not express sadness or hopelessness.

2. MOTIVATION/INTEREST: The text explicitly states an interest in having tea (""Time for tea"").

3. SELF-HARM/DEATH THOUGHTS: Not shown.

4. APPETITE/EATING: The text ""चाय का समय"" (Time for tea) indicates a desire or routine related to drinking tea.

5. SELF-WORTH/GUILT: Not shown.

6. CONCENTRATION/THINKING: Not shown.

7. SLEEP: Not shown.

CONTEXT: This is a ""deep-fried"" meme using a distorted character and Hindi text to create an absurd and humorous contrast between a threatening image and a simple statement."
TE-591.jpg,MEME_FORMAT_DEPENDENT,"[0,0,0,0,0,1,0]","[0,0,0,0,0,0,0]","1. MOOD/EMOTIONAL STATE: The central character is depicted crying and distressed, expressing anxiety and anguish over the complexity of decision-making.

2. MOTIVATION/INTEREST: The central character appears paralyzed by overanalysis, suggesting a struggle to take action, while the outer characters show a simple, direct motivation to ""just do it.""

3. EXISTENTIAL/EMOTIONAL INTENSITY: The central character shows intense distress and frustration related to the perceived need for complex frameworks to make rational decisions.

4. APPETITE/EATING: not shown

5. SELF-WORTH/GUILT: not shown

6. CONCENTRATION/THINKING: The meme illustrates the central character's difficulty in making decisions due to overthinking and reliance on complex ""mental models,"" contrasting with the simple, decisive thinking of the others.

7. SLEEP: not shown

CONTEXT: This is a ""Bell Curve"" or ""Midwit"" meme using Wojak characters to satirize the tendency of average people to overcomplicate tasks compared to the simplicity of those at the IQ extremes."
TE-112.jpg,NICHE_SUBCULTURE_DEPENDENT,"[1,0,1,0,0,0,0]","[1,1,0,0,0,0,0]","1. MOOD/EMOTIONAL STATE: The text expresses a desire to ""escape from our lives,"" suggesting dissatisfaction, weariness, or unhappiness with one's current reality.

2. MOTIVATION/INTEREST: The meme implies that the interest in Bollywood is driven by a need to cope with a lack of satisfaction or interest in real life.

3. SELF-HARM/DEATH THOUGHTS: not shown

4. APPETITE/EATING: not shown

5. SELF-WORTH/GUILT: not shown

6. CONCENTRATION/THINKING: not shown

7. SLEEP: not shown

CONTEXT: This is a Bollywood meme using a comparison format to deliver a relatable punchline about using movies as a form of escapism."
TE-172.jpg,NICHE_SUBCULTURE_DEPENDENT,"[0,0,0,0,1,0,0]","[0,0,0,0,0,0,0]","1. MOOD/EMOTIONAL STATE: The overall tone is humorous and self-deprecating, with the characters showing mild surprise or realization in the second panel rather than sadness or anguish.

2. MOTIVATION/INTEREST: not shown

3. SELF-HARM/DEATH THOUGHTS: not shown

4. APPETITE/EATING: not shown

5. SELF-WORTH/GUILT: The meme humorously accepts the label of being ""single and nalla"" ("
TE-249.jpg,NICHE_SUBCULTURE_DEPENDENT,"[0,0,0,0,1,0,0]","[0,0,0,0,0,0,0]","1. MOOD/EMOTIONAL STATE: The text expresses a sense of worthlessness and resignation, with the person describing themselves as ""useless"" (""nalla""). The overall tone is one of self-deprecating humor about a perceived lack of purpose.

2. MOTIVATION/INTEREST: The self-labeling as ""useless"" (""nalla"") implies a lack of productive activity or ambition, suggesting a potential lack of motivation or interest in meaningful pursuits.

3. EXISTENTIAL/EMOTIONAL INTENSITY: The meme touches on an existential theme of being born in an era lacking grand purpose, leading to a feeling of being ""useless,"" but does not depict extreme hopelessness or self-harm.

4. APPETITE/EATING: not shown

5. SELF-WORTH/GUILT: The person explicitly expresses low self-worth by stating they were born at the right time to become ""useless"" (""nalla"").

6. CONCENTRATION/THINKING"
TE-425.jpg,BRAND_DEPENDENT,"[1,0,0,0,1,0,0]","[1,0,0,1,1,0,0]","1. **MOOD/EMOTIONAL STATE:** The image explicitly labels notifications from ""Anxiety"" and ""Depression,"" conveying feelings of inadequacy (""what if you are not enough"") and being disliked by everyone.

2. **MOTIVATION/INTEREST:** not shown

3. **EXISTENTIAL/EMOTIONAL INTENSITY:** The content depicts intense negative self-perception through messages like ""Everyone hates you"" and questioning if one is ""enough.""

4. **APPETITE/EATING:** A notification from Zomato, a food delivery app, refers to the food as ""garbage"" and calls the recipient ""fatty,"" suggesting a negative or self-deprecating relationship with eating.

5. **SELF-WORTH/GUILT:** The messages directly attack self-worth by questioning adequacy (""what if you are not enough"") and claiming universal hatred (""Everyone hates you"").

6. **CONCENTRATION/THINKING:** not shown

7. **SLEEP:** not shown

**CONTEXT:** This image uses the format of smartphone notifications to personify mental health conditions and combine them with a dark, self-deprecating joke about food delivery."
TE-74.jpg,CULTURAL_REFERENCE_DEPENDENT,"[1,0,1,0,0,0,0]","[0,0,0,0,0,0,0]","1. MOOD/EMOTIONAL STATE: The person in the chair appears sedated and disengaged with a flat affect, while the other characters express confusion and distress (""OMG, let me live"").

2. MOTIVATION/INTEREST: The person in the chair is pursuing extreme passive gratification through artificial means (drugs, porn, technology), suggesting a loss of interest in normal activities.

3. EXISTENTIAL/EMOTIONAL INTENSITY: One character's plea, ""OMG, let me live, man,"" indicates significant distress and a desire for relief. The main character is depicted in a state of extreme withdrawal from reality.

4. APPETITE/EATING: Not shown.

5. SELF-WORTH/GUILT: Not shown.

6. CONCENTRATION"
TE-346.jpg,NICHE_SUBCULTURE_DEPENDENT,"[0,0,1,0,0,0,0]","[0,0,0,0,0,0,0]","1. MOOD/EMOTIONAL STATE: The text expresses a sense of disillusionment and resignation, using romantic movies as an escape from a perceived harsh reality.

2. MOTIVATION/INTEREST: The motivation described is to ""escape reality"" through movies, implying a lack of interest in or avoidance of the real-world prospect of arranged marriage.

3. SELF-HARM/DEATH THOUGHTS: not shown

4. APPETITE/EATING: not shown

5. SELF-WORTH/GUILT: not shown

6. CONCENTRATION/THINKING: not shown

7. SLEEP: not shown

CONTEXT: This is an Indian meme using Bollywood actresses to comment on the cultural contrast between idealized movie romance and the reality of arranged marriages."
TE-37.jpg,NICHE_SUBCULTURE_DEPENDENT,"[0,1,0,0,0,0,0]","[0,0,0,0,0,0,0]",1. MOOD/EMOTIONAL STATE: The image expresses a shift from calm acceptance regarding studies to excitement and happiness regarding web series.
TE-595.jpg,NICHE_SUBCULTURE_DEPENDENT,"[0,0,0,1,1,0,0]","[0,0,0,0,0,0,0]","1. MOOD/EMOTIONAL STATE: The image shows expressions of disgust and disappointment in response to one food item, and pleasure or interest in response to another.

2. MOTIVATION/INTEREST: The person shows a strong lack of interest or dislike for ""टिंडा/लौकी"" (gourd vegetables) and a clear interest in the paneer dish.

3. SELF-HARM/DEATH THOUGHTS: not shown

4. APPETITE/EATING: The meme is centered around food preferences, showing a strong aversion to one type of food (spitting it out) and a desire for another.

5. SELF-WORTH/GUILT: not shown

6. CONCENTRATION/THINKING: not shown

7. SLEEP: not shown

CONTEXT: This is a four-panel meme using a popular reaction template to humorously depict a common food preference, specifically attributed to boys."
TE-78.jpg,NICHE_SUBCULTURE_DEPENDENT,"[0,0,0,0,1,0,0]","[1,0,0,0,1,0,0]","1. MOOD/EMOTIONAL STATE: The bottom panel shows intense sadness and crying, with text stating, ""It hurts so much that I feel like crying.""

2. MOTIVATION/INTEREST: not shown

3. SELF-HARM/DEATH THOUGHTS: not shown

4. APPETITE/EATING: not shown

5. SELF-WORTH/GUILT: The bottom panel implies a blow to self-worth, as the text suggests the person would be rejected as ""weird"" and a ""creep"" by their idealized heroine.

6. CONCENTRATION/THINKING: not shown

7. SLEEP: not shown

CONTEXT: This is a two-panel anime reaction meme illustrating a shift from dismissal to deep emotional pain upon facing a harsh hypothetical reality about fandom."
TE-88.jpg,NICHE_SUBCULTURE_DEPENDENT,"[0,0,0,0,1,0,0]","[0,0,0,0,0,0,0]","CONTEXT: This is an Indian meme using a ""big brain"" or ""life hack"" format"
TE-174.jpg,POP_CULTURE_DEPENDENT,"[0,0,0,0,1,0,0]","[0,0,0,0,0,0,0]","1. MOOD/EMOTIONAL STATE: The text expresses an exaggerated sense of self-importance and confidence, used for comedic effect. The image shows a confident, ""cool"" persona.
2. MOTIVATION/INTEREST: not shown
3. SELF-HARM/DEATH THOUGHTS: not shown
4. APPETITE/EATING: not shown
5. SELF-WORTH/GUILT: The text implies an inflated sense of self-worth, presented ironically, with no expression of guilt or worthlessness.
6. CONCENTRATION/THINKING: not shown
7. SLEEP: not shown

CONTEXT: This is an Indian meme using a popular South Indian actor to make a sarcastic point about the perceived lack of realism in South Indian cinema by presenting an equally unrealistic real-life scenario."
TE-178.jpg,POP_CULTURE_DEPENDENT,"[1,0,1,0,0,0,0]","[1,1,1,0,0,0,0]","1. MOOD/EMOTIONAL STATE: The meme depicts a range of emotions including grandiosity (""I am God""), extreme sadness and despair (""I want to die""), hope/longing (""My Karan Arjun will come""), and weariness/frustration (""here we go again"").

2. MOTIVATION/INTEREST: The statement ""I want to die"" suggests a complete loss of interest in continuing life, while the final panel's ""here we go again"" implies a lack of motivation to face repetitive challenges.

3. EXISTENTIAL/EMOTIONAL INTENSITY: The top-right panel explicitly states ""मुझे मरना है"" (I want to die), which is a clear expression of extreme hopelessness and a wish to end one's life.

4. APPETITE/EATING: not shown.

5. SELF-WORTH/GUILT: The top-left panel shows an inflated sense of self-worth with the line ""कभी कभी लगता है अपुन ही भगवान है"" (Sometimes I feel like I am God).

6. CONCENTRATION/THINKING: not shown.

7. SLEEP: not shown.

CONTEXT: This is a four-panel meme"
TE-188.jpg,POP_CULTURE_DEPENDENT,"[0,0,0,0,1,0,0]","[0,0,0,0,0,0,0]","1. MOOD/EMOTIONAL STATE: The text expresses distress and a negative self-perception regarding body image (""I have become so fat""). The reaction implies skepticism and disbelief towards reassurance from others.
2. MOTIVATION/INTEREST: not shown
3. SELF-HARM/DEATH THOUGHTS: not shown
4. APPETITE/EATING: The mention of becoming ""fat"" suggests a concern with body weight, which is often linked to eating, but specific eating habits are not mentioned.
5. SELF-WORTH/GUILT: The person expresses a negative view of their own body (""I have become so fat""), indicating an issue with self-worth related to physical appearance.
6. CONCENTRATION/THINKING: not shown
7. SLEEP: not shown

CONTEXT: This meme uses a common social scenario about body image and a famous Hindi idiom from a vintage Bollywood movie poster to humorously express disbelief at reassurance."
TE-200.jpg,POP_CULTURE_DEPENDENT,"[0,0,0,0,0,0,0]","[1,1,0,0,1,0,0]","1. MOOD/EMOTIONAL STATE: The subject's facial expression is serious, intense, and somber. The text conveys a harsh, discouraging, and reality-checking sentiment.

2. MOTIVATION/INTEREST: The text explicitly discourages ambition and motivation by instructing the reader to ""stop dreaming.""

3. SELF-HARM/DEATH THOUGHTS: not shown

4. APPETITE/EATING: not shown

5. SELF-WORTH/GUILT: The text targets self-worth by"
TE-213.jpg,POP_CULTURE_DEPENDENT,"[0,0,0,0,0,0,0]","[0,0,0,0,0,0,0]","CONTEXT: This image is a culturally specific meme formatted as a humorous ""survival tip"" addressing the demanding work culture of the Indian IT sector.

1. MOOD/EMOTIONAL STATE: The text implies a state of chronic stress or exhaustion inherent to the IT sector, rather than explicit emotions like sadness or"
TE-222.jpg,POP_CULTURE_DEPENDENT,"[1,0,0,0,0,0,0]","[1,0,0,0,0,0,0]","1. MOOD/EMOTIONAL STATE: The image explicitly labels the leaning building as ""Anxiety और depression"" (Anxiety and depression), indicating these are the dominant emotional states being depicted.

2. MOTIVATION/INTEREST: The beams holding up the building are labeled with uplifting Bollywood movies (""3 Idiots,"" ""Yeh Jawaani Hai Deewani,"" ""Zindagi Na Milegi Dobara""), suggesting these films are being used as coping mechanisms or sources of comfort and motivation.

3. SELF-HARM/DEATH THOUGHTS: not shown

4. APPETITE/EATING: The text ""बिरयानी में इलायची"" (Cardamom in biryani) mentions food, but it is used as a metaphor for a small annoyance rather than indicating actual eating habits.

5. SELF-WORTH/GUILT: not shown

6. CONCENTRATION/THINKING: not shown

7. SLEEP: not shown

CONTEXT: This is an object-labeling meme using a photo of a precarious building to illustrate a person (""मैं"") using popular Bollywood movies to cope with their anxiety and depression."
TE-236.jpg,POP_CULTURE_DEPENDENT,"[0,0,0,0,1,0,0]","[1,0,0,0,1,0,0]","1. MOOD/EMOTIONAL STATE: The highlighted comment expresses sadness and loneliness by asking, ""Why does no one love me?"".
2. MOTIVATION/INTEREST: not shown
3. SELF-HARM/DEATH THOUGHTS: not shown
4. APPETITE/EATING: not shown
5. SELF-WORTH/GUILT: The commenter questions their own lovability, suggesting feelings of low self-worth or unworthiness.
6. CONCENTRATION/THINKING: not shown
7. SLEEP: not"
TE-244.jpg,POP_CULTURE_DEPENDENT,"[1,0,0,0,0,0,0]","[1,0,0,0,0,0,0]","1. MOOD/EMOTIONAL STATE: Sadness is explicitly stated in the text (""sad playlist,"" ""sad me""). The man in the reaction image expresses distress, weariness, and frustration about re-entering this negative emotional state.

2. MOTIVATION/INTEREST: Not shown.

3. SELF-HARM/DEATH THOUGHTS: Not shown.

4. APPETITE/EATING: Not shown.

5. SELF-WORTH/GUILT: Not shown.

6."
TE-255.jpg,POP_CULTURE_DEPENDENT,"[1,0,0,0,0,0,0]","[0,0,0,0,0,0,0]","CONTEXT: This is a meme featuring Jethalal, a popular character from the Indian sitcom *Taarak Mehta Ka Ooltah Chashmah*, using his stressed expression to convey a relatable social frustration.

1. MOOD/EMOTIONAL STATE: The image expresses intense frustration, annoyance, and stress. The subject is grimacing with clenched teeth and holding his head, indicating being overwhelmed"
TE-275.jpg,POP_CULTURE_DEPENDENT,"[1,0,0,0,0,0,0]","[1,0,0,0,0,0,0]","1. MOOD/EMOTIONAL STATE: The image personifies ""Depression"" and ""Anxiety"" as constant companions through the use of Hindi song lyrics about unbreakable friendship and loyalty, suggesting a feeling of being stuck with these conditions.
2. MOTIVATION/INTEREST: not shown
3. SELF-HARM/DEATH THOUGHTS: The lyric associated with Anxiety, ""तोड़ेंगे दम मगर तेरा साथ न छोड़ेंगे"" (We will break our breath but won't leave your side), contains a metaphorical reference to death (""break our breath""), though it's used to emphasize the persistence of anxiety.
4. APPETITE/EATING: not shown
5. SELF-WORTH/GUILT: not shown
6. CONCENTRATION/THINKING: not shown
7. SLEEP: not shown

CONTEXT: This meme uses iconic Bollywood actors and lyrics from the film ""Sholay"" to humorously depict depression and anxiety as loyal, inescapable friends."
TE-291.jpg,POP_CULTURE_DEPENDENT,"[1,0,0,0,0,0,0]","[1,0,0,0,0,0,0]","1. MOOD/EMOTIONAL STATE: The text explicitly mentions ""depression"". The drawing shows a man with a shocked, distressed, or anguished expression, while the woman holding it has a flat affect.
2. MOTIVATION/INTEREST: not shown
3. SELF-HARM/DEATH THOUGHTS: not shown
4. APPETITE/EATING: not shown
5. SELF-WORTH/GUILT: not shown
6. CONCENTRATION/THINKING: not shown
7. SLEEP: not shown

CONTEXT: This is a meme format where someone is asked to draw a concept, and the resulting ""drawing"" is a reaction image used for humorous or relatable effect."
TE-34.jpg,POP_CULTURE_DEPENDENT,"[0,0,0,0,1,0,0]","[0,0,0,0,0,0,0]","1. MOOD/EMOTIONAL STATE: The meme expresses frustration and a sense of being belittled or judged due to contradictory parental expectations. The image shows a stern, disapproving facial expression attributed to the parents.

2. MOTIVATION/INTEREST: The"
TE-379.jpg,POP_CULTURE_DEPENDENT,"[1,0,1,0,1,0,0]","[0,0,0,0,0,0,0]","1. MOOD/EMOTIONAL STATE: The character in the final panel has a sad, dejected expression. The text implies a feeling of hopelessness and emptiness about his future.

2. MOTIVATION/INTEREST: The statement that his future is ""already dead"" suggests a complete lack of motivation or hope for anything to come.

3. EXISTENTIAL/EMOTIONAL INTENSITY: The comic expresses extreme hopelessness, with the character attempting to end his ""future"" by writing it in a death book, only to be told it's already dead.

4. APPETITE/EATING: not shown

5. SELF-WORTH/GUILT: The concept of his future being ""already dead"" implies a feeling of worthlessness or futility regarding his life's trajectory.

6. CONCENTRATION/THINKING: not shown

7. SLEEP: not shown

CONTEXT: This is a four-panel meme using a parody of the ""Death Note"" anime to express a darkly pessimistic view of one's own future."
TE-467.jpg,POP_CULTURE_DEPENDENT,"[1,0,0,0,0,0,0]","[1,0,0,0,0,0,0]","Based on the image provided, here is the observation for each area:

1.  **MOOD/EMOTIONAL STATE:** The image depicts sadness and hopelessness. The singer on the left has a pained expression, and the man on the right looks deeply dejected and despairing.
2.  **MOTIVATION/INTEREST:** The man on the right is sitting passively with a slumped posture, which may suggest a lack of motivation or energy, though it's primarily an expression of sadness.
3.  **EXISTENTIAL/EMOTIONAL INTENSITY:** The man on the right conveys a sense of hopelessness and despair about his reality, emphasized by the text ""In reality, it looks like this"".
4."
TE-50.jpg,POP_CULTURE_DEPENDENT,"[0,0,0,1,1,0,0]","[0,0,0,0,0,0,0]",1. MOOD/
TE-540.jpg,POP_CULTURE_DEPENDENT,"[0,1,0,0,0,0,0]","[0,0,0,0,0,0,0]","1. MOOD/EMOTIONAL STATE: The image explicitly expresses a state of boredom (""बोरियत""). The character's stern expression announces this impending feeling.

2. MOTIVATION/INTEREST: The anticipation of boredom implies a lack of interesting or engaging activities, suggesting a temporary loss of interest or motivation.

3. SELF-HARM/DEATH THOUGHTS: not shown

4. APPETITE/EATING: not shown

5. SELF-WORTH/GUILT: not shown

6. CONCENTRATION/THINKING: not shown

7. SLEEP: not shown

CONTEXT: This meme uses the iconic Bollywood villain Mogambo to humorously announce the arrival of boredom."
TE-546.jpg,POP_CULTURE_DEPENDENT,"[0,0,0,0,1,0,0]","[0,0,0,0,0,0,0]","CONTEXT: This is an Indian meme using a reaction image to humorously highlight the painful reality of body-shaming comments from a mother comparing siblings.

1. MOOD/EMOTIONAL STATE: The woman's expression is one of wide-eyed shock or horror. The text describes the emotional weight of receiving a ""lifelong taunt"" about her physical appearance.

2. MOTIVATION/INTEREST: not shown

3. SELF-HARM/DEATH TH"
TE-650.jpg,POP_CULTURE_DEPENDENT,"[0,1,0,0,0,0,0]","[0,0,0,0,0,0,0]","1. MOOD/EMOTIONAL STATE: The text explicitly states the person is fighting because they are ""bored"" and ""hormonally charged,"" indicating irritability or mood swings. The characters"
TE-99.jpg,POP_CULTURE_DEPENDENT,"[1,0,0,0,0,0,0]","[0,0,0,0,0,0,0]",1. MOOD/EMOTIONAL STATE: The image
TE-32.jpg,REFERENCE_DEPENDENT,"[1,0,0,0,0,0,0]","[1,0,0,0,0,0,0]","1. MOOD/EMOTIONAL STATE: The text explicitly mentions ""too much stress"" and states ""life is ruined,"" accompanied by a crying emoji, indicating sadness, distress, and a sense of hopelessness.

2. MOTIVATION/INTEREST: The declaration that ""life is ruined"" suggests a general negative outlook and potential loss of interest in life's activities.

3. SELF-HARM/DEATH THOUGHTS: Not shown.

4. APPETITE/EATING: Not shown.

5. SELF-WORTH/GUILT: Not shown.

6. CONCENTRATION/THINKING: Not shown.

7. SLEEP: Not shown.

CONTEXT: This is an Indian meme using the ""Epic Handshake"" template to illustrate the shared burden of immense stress faced by both engineering and medical students."
TE-44.jpg,REFERENCE_DEPENDENT,"[0,0,0,0,0,0,0]","[0,0,0,0,0,0,0]","1. MOOD/EMOTIONAL STATE: The image depicts aggression and retaliation, with one character shooting another and the other responding with destructive force.
2. MOTIVATION/INTEREST: not shown
3. SELF-HARM/DEATH THOUGHTS: The image shows one character shooting another, which is an act of violence, but there is no reference to self-harm or suicide.
4. APPETITE/EATING: not shown
5. SELF-WORTH/GUILT: not shown
6. CONCENTRATION/THINKING: not shown
7. SLEEP: not shown

CONTEXT: This is a meme using the ""Who Killed Hannibal?"" template from The Eric Andre Show, modified with Hindi text and special effects to humorously depict a conflict between an ""Englishman"" and an ""Indian mosquito."""
TE-442.jpg,REFERENCE_DEPENDENT,"[0,0,0,0,0,0,0]","[0,0,0,0,0,0,0]",1. MOOD/EMOTIONAL STATE: The text explicitly mentions
TE-602.jpg,REFERENCE_DEPENDENT,"[0,0,0,0,0,0,1]","[0,0,0,0,0,0,0]",CONTEXT: This is a culturally specific meme relating to the high stress and workload experienced by Indian Chartered Accountants (CAs
TE-644.jpg,REFERENCE_DEPENDENT,"[0,0,1,0,0,1,0]","[0,0,0,0,0,0,0]",1. MOOD/EMOTIONAL STATE: The image expresses
TE-1.jpg,UNIVERSAL_HUMAN,"[1,0,0,0,0,0,0]","[0,0,0,0,0,0,0]","1. MOOD/EMOTIONAL STATE: The person's huddled posture and the text ""I don't know how much more I can take"" express deep anguish, despair, and hopelessness.
2. MOTIVATION/INTEREST: The text suggests being overwhelmed by suffering, implying a lack of ability to cope, but does not explicitly mention a loss of interest in activities.
3. SELF-HARM/DEATH THOUGHTS: The statement ""I don't know how much more I can take"" indicates reaching a breaking point and an inability to continue enduring current suffering, which can be a precursor to thoughts of escape or ending pain.
4. APPETITE/EATING: not shown
5. SELF-WORTH/GUILT: not shown
6. CONCENTRATION/THINKING: not shown
7. SLEEP: not shown

CONTEXT: This is a ""sadboi"" or ""doomer"" style meme, using a dark aesthetic and text to express feelings of depression and existential dread."
TE-10.jpg,UNIVERSAL_HUMAN,"[0,0,0,1,0,0,0]","[0,0,0,1,0,0,0]","1. MOOD/EMOTIONAL STATE: The text and image combination express a sense of relief or liberation, depicting a temporary break from the struggles of anorexia.

2. MOTIVATION/INTEREST: not shown

3. EXISTENTIAL/EMOTIONAL INTENSITY: The visual depicts an intense out-of-body experience, which is used metaphorically to represent the significant feeling of the eating disorder temporarily ""leaving"" the person.

4. APPETITE/EATING: The text explicitly mentions ""anorexia,"" an eating disorder, and describes a cyclical pattern where its effects temporarily subside for a few days.

5. SELF-WORTH/GUILT: not shown

6. CONCENTRATION/THINKING: not shown

7. SLEEP: not shown

CONTEXT: This is a meme using an ""out-of-body experience"" template to humorously describe the temporary relief from anorexia symptoms."
TE-100.jpg,UNIVERSAL_HUMAN,"[1,0,0,0,0,0,0]","[1,1,0,0,0,0,0]","1. MOOD/EMOTIONAL STATE: The text explicitly states the person was ""so sad"" (""इतनी उदास थी""), and the visual shows a person lying down with a despondent expression, indicating deep sadness and hopelessness.

2. MOTIVATION/INTEREST: The text describes a severe lack of motivation, stating the person was unable to ""even get out of the room"" due to their sadness.

3. SELF-HARM/DEATH THOUGHTS: not shown

4. APPETITE/EATING: not shown

5. SELF-WORTH/GUILT: not shown

6. CONCENTRATION/THINKING: not shown

7. SLEEP: not shown

CONTEXT: This is a ""sad posting"" image macro, a common meme format used to express feelings of depression and isolation on social media."
TE-101.jpg,UNIVERSAL_HUMAN,"[1,0,1,0,0,0,0]","[1,0,1,0,0,0,0]",1. MOOD/EMOTIONAL STATE: The character standing at the cliff edge has a hunched posture
TE-102.jpg,UNIVERSAL_HUMAN,"[1,0,1,0,0,0,0]","[1,0,1,0,0,0,0]","1. MOOD/EMOTIONAL STATE: The text indicates a state of severe hopelessness or anguish, as the character was contemplating ending his life.

2. MOTIVATION/INTEREST: not shown

3. SELF-HARM/DEATH THOUGHTS: The image explicitly mentions suicidal ideation, stating the character ""was thinking of"
TE-103.jpg,UNIVERSAL_HUMAN,"[0,0,0,0,0,0,0]","[0,0,0,0,0,0,0]","Based on the handwritten Hindi text in the image, here is the analysis for each area:

1.  **MOOD/EMOTIONAL STATE:** The writer explicitly states that they are ""sad"" (""उदास"") and that others tell them they look sad.

2.  **MOTIVATION/INTEREST:** not shown

3.  **EXISTENTIAL/EMOTIONAL INTENSITY:** not shown

4.  **APPETITE/EATING:** not shown

5.  **SELF-WORTH/GUILT:** not shown

6.  **CONCENTRATION/THINKING:** not shown

7.  **SLEEP:** The writer repeatedly mentions being ""tired"" (""थका हुआ""), indicating a state of fatigue.

**CONTEXT:** The image contains a handwritten personal note or reflection in Hindi."
TE-105.jpg,UNIVERSAL_HUMAN,"[0,0,0,0,1,0,0]","[0,0,0,0,0,0,0]","1. **MOOD/EMOTIONAL STATE:** The text expresses anguish, hopelessness, and a deeply negative self-view.

2. **MOTIVATION/INTEREST:** Describing oneself as ""useless"" and ""untalented"" suggests a lack of motivation or belief in one's capabilities.

3. **SELF-HARM/DEATH THOUGHTS:** Not shown.

4. **APPETITE/EATING:** Not shown.

5. **SELF-WORTH/GUILT:** The person expresses extreme worthlessness (""useless, ugly, untalented"") and immense guilt, feeling like an infinite ""burden"" on their parents.

6. **CONCENTRATION/THINKING:** Not shown.

7. **SLEEP:** Not shown.

**CONTEXT:** This is a self-deprecating meme using a comparison chart format to exaggerate the user's perceived flaws and the burden they place on their family."
TE-106.jpg,UNIVERSAL_HUMAN,"[0,0,0,0,1,1,0]","[0,0,0,0,0,0,0]",1. MOOD/EMOTIONAL STATE: The
TE-108.jpg,UNIVERSAL_HUMAN,"[0,0,0,1,0,0,0]","[0,0,0,1,0,0,0]","1. MOOD/EMOTIONAL STATE: The text explicitly mentions ""fear,"" indicating anxiety or distress related to specific foods. The"
TE-109.jpg,UNIVERSAL_HUMAN,"[1,0,0,0,1,0,1]","[0,0,0,0,0,0,0]","1. MOOD/EMOTIONAL STATE: The character under the table expresses distress, anxiety, and shock, indicated by her wide, blank eyes and the blue lines on her face.
2. MOTIVATION/INTEREST: not shown
3. SELF-HARM/DEATH THOUGHTS: not shown
4. APPETITE/EATING: not shown
5. SELF-WORTH/GUILT: The text refers to an ""embarrassing moment,"" implying a feeling of shame or self-consciousness about a past action.
6. CONCENTRATION/THINKING: The meme shows an intrusive memory disrupting the character's mind, indicating difficulty in controlling thoughts.
7. SLEEP: The text explicitly mentions ""trying to sleep"" (""सोने की कोशिश में"") and shows this being disrupted by an embarrassing memory, indicating difficulty falling asleep.

CONTEXT: This is a relatable anime meme depicting the common experience of embarrassing memories keeping a person awake at night."
TE-11.jpg,UNIVERSAL_HUMAN,"[1,0,0,0,0,0,0]","[1,0,0,0,0,0,0]","Based on the image provided, here is the analysis for each area:

1.  **MOOD/EMOTIONAL STATE:** The text explicitly states ""भयंकर डिप्रेशन"" (terrible depression). The smiling Lego head worn by the person suggests a masking of true emotions or a disconnect between one's internal state and outward appearance.
2.  **MOTIVATION/INTEREST:** Not shown.
3.  **EXISTENTIAL/EMOTIONAL INTENSITY:** The use of the word ""भयंकर"" (terrible/severe) to describe the depression indicates a high intensity of emotional distress.
4.  **APPETITE/EATING:** Not shown.
5.  **SELF-WORTH/GUILT:** Not shown.
6.  **CONCENTRATION/THINKING:** Not shown.
7.  **SLEEP:** Not shown.

**CONTEXT:** This is a meme format where an image is labeled with ""मैं"" (Me) and a description of a mental state, using humor and contrast to express personal feelings of severe depression."
TE-110.jpg,UNIVERSAL_HUMAN,"[1,0,0,0,0,0,0]","[0,0,0,0,0,0,0]",1. MOOD/EMOTIONAL STATE: The woman character explicitly
TE-111.jpg,UNIVERSAL_HUMAN,"[1,0,0,0,0,0,0]","[1,0,0,0,0,0,0]","1. MOOD/EMOTIONAL STATE: The text explicitly states the emotion is ""loneliness"" and describes it as a ""terrible feeling"" of being isolated. The visual of a person lying alone reinforces this feeling of isolation and sadness.

2. MOTIVATION/INTEREST: not shown

3. SELF-HARM/DEATH THOUGHTS: not shown

4. APPETITE/EATING: not shown

5. SELF-WORTH/GUILT: not shown

6. CONCENTRATION/THINKING: not shown

7. SLEEP: not shown

CONTEXT: This is an informational graphic from a mental health organization's social media, defining and illustrating the concept of loneliness."
TE-113.jpg,UNIVERSAL_HUMAN,"[1,0,0,0,0,0,0]","[0,0,0,0,0,0,0]","CONTEXT: This is an internet meme using Hindi text and a cheerful logo to create an ironic, pessimistic joke about the future.

1. MOOD/EMOTIONAL STATE: The image expresses cynicism and hopelessness through dark humor, juxtaposing a smiley face with the text ""Smile... tomorrow will be even worse.""

2. MOTIVATION/INTEREST: The text implies a complete lack of hope or positive expectation for the future, suggesting that efforts to improve things are futile because they will inevitably get worse.

3. SELF-HARM/DEATH THOUGHTS: not shown

4. APPETITE/EATING: not shown

5. SELF-WORTH/GUILT: not shown

6. CONCENTRATION/THINKING: not shown

7. SLEEP: not shown"
TE-114.jpg,UNIVERSAL_HUMAN,"[1,1,0,0,1,0,0]","[0,0,0,0,0,0,0]","1. MOOD/EMOTIONAL STATE: The character appears happy, content, and peaceful in their comfort zone.
2. MOTIVATION/INTEREST: The person explicitly states a lack of interest in going out and making new friends, preferring to stay inside.
3. SELF-HARM/DEATH THOUGHTS: not shown
4. APPETITE/EATING: not shown
5. SELF-WORTH/GUILT: not shown
6. CONCENTRATION/THINKING: not shown
7. SLEEP: not shown

CONTEXT: This is a relatable meme using anime characters to express a preference for solitude and comfort over social interaction, often in response to parental expectations."
TE-115.jpg,UNIVERSAL_HUMAN,"[1,0,0,0,0,0,0]","[1,0,0,0,0,0,0]","1. MOOD/EMOTIONAL STATE: The subtitles explicitly mention being ""broken"" and ""falling apart,"" indicating sadness, resignation, or internal anguish. The person's facial expression appears strained and somber.

2. MOTIVATION/INTEREST: Not shown.

3. SELF-HARM/DEATH THOUGHTS: Not shown.

4. APPETITE/EATING"
TE-116.jpg,UNIVERSAL_HUMAN,"[0,0,1,0,1,0,0]","[0,0,0,0,0,0,0]","1. MOOD/EMOTIONAL STATE: The caption expresses hopelessness and emptiness (""no purpose left""), while the dark, solitary visual suggests despair or anguish.

2. MOTIVATION/INTEREST: The statement ""no purpose left"" indicates a complete lack of motivation and loss of interest in life.

3. EXISTENTIAL/EMOTIONAL INTENSITY: The image depicts extreme hopelessness through the text and the visual of a person on a high ledge, strongly suggesting a wish to withdraw from life.

4. APPETITE/EATING: Not shown.

5. SELF-WORTH/GUILT: The declaration of having ""no purpose"" implies a feeling of worthlessness or lack of value.

6. CONCENTRATION/THINKING: Not shown.

7. SLEEP: Not shown.

CONTEXT: This is a meme-style image using a dramatic visual and a Hindi caption to express a feeling of existential despair."
TE-117.jpg,UNIVERSAL_HUMAN,"[0,0,0,0,0,0,0]","[1,0,0,0,0,0,0]","1. MOOD/EMOTIONAL STATE: The image shows a figure walking under a dark, heavy rain cloud, suggesting sadness, gloom, or a feeling of being burdened, especially in contrast to the sun shining nearby.

2. MOTIVATION/INTEREST: The figure is walking, indicating some level of activity, but the overall gloomy atmosphere suggests a lack of joy or enthusiasm.

3. SELF-HARM/DEATH THOUGHTS: Not shown.

4. APPETITE/EATING: Not shown.

5. SELF-WORTH/GUILT: The figure is isolated under the cloud while the sun shines elsewhere, which could be interpreted as a feeling of being singled out or undeserving.

6. CONCENTRATION/THINKING: Not shown.

7. SLEEP: Not shown.

CONTEXT: This is a simple, hand-drawn cartoon using the visual metaphor of a personal rain cloud to represent a persistent negative mood or depression."
TE-118.jpg,UNIVERSAL_HUMAN,"[1,0,0,0,0,0,0]","[1,0,0,0,0,0,0]","1. MOOD/EMOTIONAL STATE: The image expresses a state of struggle and vulnerability, explicitly labeling mental health as ""fragile"" (नाज़ुक). The visual conveys immense strain in trying to manage external negativity.

2. MOTIVATION/INTEREST: Not shown.

3. SELF-HARM/DEATH THOUGHTS: Not shown.

4. APPETITE/EATING: Not shown.

5. SELF-WORTH/GUILT: The person describes their mental health as ""fragile,"" indicating vulnerability, but does not explicitly express worthlessness or guilt.

6. CONCENTR"
TE-120.jpg,UNIVERSAL_HUMAN,"[1,0,0,0,1,0,0]","[1,0,0,0,1,0,0]","1. MOOD/EMOTIONAL STATE: The image shows a crying, downcast character, and the text describes ""sounds full of wretchedness,"" indicating sadness, regret, and distress.
2. MOTIVATION/INTEREST: not shown
3. EXISTENTIAL/EMOTIONAL INTENSITY: The content depicts significant emotional distress and rumination over past ""stupid trashy mistakes,"" leading to a feeling of wretchedness.
4. APPETITE/EATING: not shown
5. SELF-WORTH/GUILT: The text explicitly mentions reminding oneself of ""useless deeds"" and ""stupid trashy mistakes,"" clearly expressing guilt and negative self-evaluation.
6. CONCENTRATION/THINKING: not shown
7. SLEEP: not shown

CONTEXT: This is a meme using a sad Snorlax reaction image and mixed Hindi/English text to humorously express the painful feeling of ruminating on past mistakes."
TE-121.jpg,UNIVERSAL_HUMAN,"[0,0,0,0,0,0,0]","[0,0,0,0,0,0,0]","1. MOOD/EMOTIONAL STATE: The text explicitly mentions ""mental health,"" and the visual of climbing in a dark place suggests a difficult struggle. The meme implies frustration or a sense of being overwhelmed when efforts to improve are hindered by a ""small problem.""

2. MOTIVATION/INTEREST: The text shows an initial motivation (""trying to fix my mental health""). The meme's structure suggests this motivation is fragile and easily derailed by minor setbacks.

3. SELF-HARM/DEATH THOUGHTS: not shown

4. APPETITE/EATING: not shown

5. SELF-WORTH/GUILT: not shown

6. CONCENTRATION/THINKING: not shown

7. SLEEP: not shown

CONTEXT: This is a meme using a visual metaphor to humorously depict the difficulty and fragility of the process of trying to improve one's mental health."
TE-122.jpg,UNIVERSAL_HUMAN,"[0,0,0,0,0,0,0]","[1,0,1,0,0,0,0]","1. MOOD/EMOTIONAL STATE: The text expresses a longing for a time before existence, suggesting a weariness with current life, sadness, or a sense of hopelessness about the present.

2. MOTIVATION/INTEREST: Not shown.

3. SELF-HARM/DEATH THOUGHTS: The statement ""when I didn"
TE-123.jpg,UNIVERSAL_HUMAN,"[1,0,1,0,0,0,0]","[1,0,0,0,0,0,0]","1. MOOD/EMOTIONAL STATE: The man is depicted with a slumped posture and a sad, dejected facial expression. The colored version adds elements indicating deep anguish, hopelessness, and despair.

2. MOTIVATION/INTEREST: The person ignored the prompt's instruction to"
TE-125.jpg,UNIVERSAL_HUMAN,"[1,0,0,0,0,0,0]","[0,0,0,0,0,0,0]","1. MOOD/EMOTIONAL STATE: The character's expressions and posture convey boredom, apathy, and a sense of listlessness or emptiness.
2. MOTIVATION/INTEREST: The text mentions having ""thousands of things to do,"" but the images show the person doing nothing, indicating a lack of motivation or procrastination.
3. SELF-HARM/DEATH THOUGHTS: not shown
4. APPETITE/EATING: not shown
5. SELF-WORTH/GUILT: not shown
6. CONCENTRATION/THINKING: The blank staring in the images could suggest brain fog or an inability to focus on the tasks at hand.
7. SLEEP: not shown

CONTEXT: This meme uses the well-known ""Sad Pablo Escobar"" template to humorously illustrate the feeling of being overwhelmed by tasks and procrastinating instead of acting."
TE-126.jpg,UNIVERSAL_HUMAN,"[0,0,0,0,1,0,0]","[0,0,0,0,0,0,0]",1.
TE-127.jpg,UNIVERSAL_HUMAN,"[0,0,0,0,0,1,0]","[0,0,0,0,0,0,0]",1. MOOD/EMOTIONAL STATE: The text describes a state of anxiety and
TE-128.jpg,UNIVERSAL_HUMAN,"[0,0,1,0,0,0,0]","[0,0,0,0,0,0,0]","1. MOOD/EMOTIONAL STATE: The text expresses a reflective and philosophical mood, showing a shift from ambitious cleverness to a wiser, more introspective state of acceptance.

2. MOTIVATION/INTEREST: The motivation has shifted from an external desire to ""change the world"" to an internal focus on ""changing myself,"" indicating a redirection rather than a loss of interest.

3. SELF-HARM/DEATH THOUGHTS: not shown

4. APPETITE/EATING: not shown

5. SELF-WORTH/GUILT: The speaker views their present self as ""wise"" compared to their past ""clever"" self, suggesting a positive development in self-perception rather than worthlessness or guilt.

6. CONCENTRATION/THINKING: The text reflects clear, philosophical thinking and a conscious decision-making process based on personal realization.

7. SLEEP: not shown

CONTEXT: This is an inspirational meme format using a portrait of the poet Rumi overlaid with a quote attributed to him about personal growth and wisdom."
TE-129.jpg,UNIVERSAL_HUMAN,"[1,0,0,0,0,0,0]","[1,0,0,0,0,0,0]","1. MOOD/EMOTIONAL STATE: The text explicitly states the person is ""depressed."" The image shows an expression of weariness, annoyance, or disbelief in response to unhelpful advice.

2. MOTIVATION/INTEREST: Not shown.

3. SELF-HARM/DEATH THOUGHTS:"
TE-13.jpg,UNIVERSAL_HUMAN,"[0,0,0,1,0,0,0]","[0,0,0,0,0,0,0]","CONTEXT: This is a reaction meme using a blurry cartoon image and Hindi text to express social anxiety and planned avoidance behavior regarding food at a family gathering.

1. MOOD/EMOTIONAL STATE: The text implies anxiety or reluctance about attending"
TE-130.jpg,UNIVERSAL_HUMAN,"[1,0,0,0,0,0,0]","[0,1,0,0,0,0,0]","1. MOOD/EMOTIONAL STATE: The meme humorously expresses frustration or disappointment regarding a specific side effect of medication.

2. MOTIVATION/INTEREST: The image depicts the inability to achieve or enjoy orgasms, indicating a loss of normal sexual function and pleasure due to antidepressants.

3. SELF-HARM/DEATH THOUGHTS: not shown

4. APPETITE/EATING: not shown

5. SELF-WORTH/GUILT: not shown

6. CONCENTRATION/THINKING: not shown

7. SLEEP: not shown

CONTEXT: This is a meme using a soccer match photo to illustrate the common side effect of antidepressants hindering sexual climax."
TE-131.jpg,UNIVERSAL_HUMAN,"[0,0,0,0,0,0,0]","[0,0,0,0,0,0,0]","1. MOOD/EMOTIONAL STATE: The text expresses a reflective and aspirational mood, focusing on longing for connection, completeness, and eternal love.

2. MOTIVATION/INTEREST: The text shows a strong interest in aspiration and the desire to understand oneself through a life partner.

3. SELF-HARM/DEATH THOUGHTS: not shown

4. APPETITE/EATING: not shown

5. SELF-WORTH/GUILT: not shown

6. CONCENTRATION/THINKING: not shown

7. SLEEP: not shown

CONTEXT: This is an inspirational quote image in Hindi featuring a philosophical statement about life partners, likely intended for social media sharing."
TE-132.jpg,UNIVERSAL_HUMAN,"[0,0,0,0,0,0,0]","[0,0,0,0,0,0,0]","1. MOOD/EMOTIONAL STATE: The text uses sarcasm to express a state of extreme exhaustion or misery related to a lack of rest.

2. MOTIVATION/INTEREST: not shown

3. SELF-HARM/DEATH THOUGHTS: not shown

4. APPETITE/EATING: not shown

5. SELF-WORTH/GUILT: not"
TE-133.jpg,UNIVERSAL_HUMAN,"[0,0,0,0,0,0,0]","[0,0,0,0,0,0,0]","CONTEXT: This is a common stock photo frequently used in memes to express the dread or reluctance of waking up early.

1. MOOD/EMOTIONAL STATE: The man's facial expression shows a grimace of discomfort, reluctance, or annoyance.

2. MOTIVATION/INTEREST: The man appears unwilling to get out of bed, suggesting a lack of motivation to start the day.

3. SELF-HARM/DEATH THOUGHTS: not shown

4. APPETITE/EATING: not shown

5. SELF-WORTH/GUILT: not shown

6. CONCENTRATION/THINKING: not shown

7. SLEEP: The image depicts the"
TE-134.jpg,UNIVERSAL_HUMAN,"[1,0,0,0,0,0,0]","[1,0,0,0,0,0,0]","CONTEXT: This is a variation of the ""Arthur's sister D.W. ignores sign"" meme template, used here to depict a family ignoring a member's plea about their depression.

1. MOOD/EMOTIONAL STATE: The text explicitly states the person has ""depression"" and expresses frustration that their condition is being treated as ""drama.""

2. MOTIVATION/INTEREST: not shown

3. SELF-HARM/DEATH THOUGHTS: not shown

4"
TE-135.jpg,UNIVERSAL_HUMAN,"[1,0,0,0,1,0,0]","[1,1,0,0,1,0,0]","1. MOOD/EMOTIONAL STATE: The text explicitly mentions ""Deep depression"" and ""Anxiety,"" describing a state of being unable to do anything and feeling like a ""piece of shit.""

2. MOTIVATION/INTEREST: The phrase ""मुझसे कुछ नहीं हो रहा"" (I am unable to do anything) indicates a complete lack of motivation or ability to function.

3. EXISTENTIAL/EMOTIONAL INTENSITY: The text depicts intense emotional distress through the internal conflict between depression's inaction and anxiety's pressure, leading to the feeling of being a ""piece of shit.""

4. APPETITE/EATING: not shown

5. SELF-WORTH/GUILT: The person expresses extreme worthlessness, stating their anxiety tells them they are a ""piece of shit"" if they don't do anything.

6"
TE-136.jpg,UNIVERSAL_HUMAN,"[0,1,0,0,0,0,0]","[0,0,0,0,0,0,0]","1. MOOD/EMOTIONAL STATE: The image expresses sadness and boredom through the cat's dejected facial expression and the Hindi text which translates to ""I am getting bored.""

2. MOTIVATION/INTEREST: The text explicitly states boredom, indicating a lack of interest or engagement in the current situation.

3. SELF-HARM/DEATH THOUGHTS: not shown

4. APPETITE/EATING: not shown

5. SELF-WORTH/GUILT: not shown

6. CONCENTRATION/THINKING: not shown

7. SLEEP: not shown

CONTEXT: This is a standard internet meme format using a sad animal reaction image with Hindi text to express a relatable feeling."
TE-137.jpg,UNIVERSAL_HUMAN,"[0,0,0,0,0,0,1]","[0,0,0,0,0,0,0]","1. MOOD/EMOTIONAL STATE: The text describes the frustrating and repetitive mental state associated with insomnia.

2. MOTIVATION/INTEREST: Not shown.

3. SELF-HARM/DEATH THOUGHTS: Not shown.

4. APPETITE/EATING: Not shown.

5. SELF-WORTH/GUILT: Not shown.

6. CONCENTRATION/THINKING: The text describes a repetitive, obsessive thought process of calculating potential sleep time, which prevents falling asleep.

7. SLEEP: The text explicitly mentions ""Insomnia"" and the inability to sleep ""all night.""

CONTEXT: This is a ""someecards"" meme, which typically uses vintage illustrations paired with sarcastic or relatable captions about daily life struggles."
TE-138.jpg,UNIVERSAL_HUMAN,"[0,0,0,0,0,0,0]","[0,0,0,0,1,0,1]","1. MOOD/EMOTIONAL STATE: The text explicitly states the person is feeling ""bahut zyada guilt"" (very much guilt), indicating an intense feeling of guilt.

2. MOTIVATION/INTEREST: not shown

3. EXISTENTIAL/EMOTIONAL INTENSITY: The tweet describes a sudden and intense wave of guilt (""achanak bahut zyada guilt feel hona"").

4. APPETITE/EATING: not shown

5. SELF-WORTH/GUILT: The user directly expresses experiencing ""bahut zyada guilt"" (very much guilt).

6. CONCENTRATION/THINKING: not shown

7. SLEEP: The tweet was posted at 5:51 AM, which may indicate being awake at an unusual hour.

CONTEXT: This is a screenshot of a tweet using the ""No one: / Me:"" meme format to describe a sudden feeling of intense guilt."
TE-139.jpg,UNIVERSAL_HUMAN,"[1,0,0,0,0,0,0]","[1,0,0,0,0,0,0]","1. MOOD/EMOTIONAL STATE: The image depicts a character labeled ""मैं"" (Me) being approached by a flying character labeled ""अचानक आया डिप्रेशन"" (Suddenly came depression), visually representing the sudden onset of a depressive state.

2. MOTIVATION/INTEREST: not shown

3. SELF-HARM/DEATH THOUGHTS: not shown

4. APPETITE/EATING: not shown

5. SELF-WORTH/GUILT: not shown

6. CONCENTRATION/THINKING: not shown

7. SLEEP: not shown

CONTEXT: This is an anime-style meme using a scene from *Re:Zero* to depict the sudden arrival of depression."
TE-142.jpg,UNIVERSAL_HUMAN,"[1,0,0,0,0,0,0]","[0,0,0,0,0,0,0]","1. MOOD/EMOTIONAL STATE: The Hindi text ""पक गए क्या?"" translates to ""Are you fed up?"" or ""Got bored?"", expressing extreme boredom, weariness, or exasperation, likely from waiting too long.

2. MOTIVATION/INTEREST: Being ""fed up"" implies a loss of interest or motivation to continue with the current situation, which appears to be waiting at a computer.

3. SELF-HARM/DEATH THOUGHTS: Not shown. The skeleton is a common meme convention for indicating a very long wait,"
TE-143.jpg,UNIVERSAL_HUMAN,"[0,0,1,0,1,0,0]","[0,0,0,0,0,0,0]","1. MOOD/EMOTIONAL STATE: The image depicts a rapid switch between two extreme states: one of being ""horny"" and another of wanting to die, suggesting significant emotional instability and distress. The use of ""lol"" and ""it will be fun"" in relation to death indicates a dark, coping humor.

2. MOTIVATION/INTEREST: The desire to die (""Maybe I'll die tomorrow"") implies a complete loss of interest in life and future activities.

3. SELF-HARM/DEATH THOUGHTS: The text explicitly states ""शायद कल मर जाऊँ, मज़ा आ जाएगा"" (Maybe I'll die tomorrow, it will be fun), which is a direct reference to suicidal ideation and finding the prospect of death appealing.

4. APPETITE/EATING: not shown

5. SELF-WORTH/GUILT: not shown

6. CONCENTRATION/THINKING: The light switch analogy suggests a binary, all-or-nothing cognitive pattern where the brain flips between two extreme fixations rather than having nuanced thoughts.

7. SLEEP: not shown

CONTEXT: This is a meme using a light switch template to illustrate extreme mood swings, a common format in internet culture for expressing mental health struggles with dark humor."
TE-144.jpg,UNIVERSAL_HUMAN,"[0,0,0,1,0,0,0]","[0,0,0,0,0,0,0]","1. MOOD/EMOTIONAL STATE: The image expresses significant anguish and distress, visually represented by the act of vomiting and textually linked to negative body image.

2. MOTIVATION/INTEREST: not shown

3. SELF-"
TE-145.jpg,UNIVERSAL_HUMAN,"[0,0,0,0,1,0,0]","[0,0,0,0,1,0,0]","1. MOOD/EMOTIONAL STATE: The meme expresses self-deprecation and a cynical, humorous take on one's own perceived inadequacy.
2. MOTIVATION/INTEREST: not shown
3. SELF-HARM/DEATH THOUGHTS: not shown
4. APPETITE/EATING: not shown
5. SELF-WORTH/GUILT: The text ""Because you are a joke"" directly expresses a feeling of worthlessness or being laughable.
6. CONCENTRATION/THINKING: not shown
7. SLEEP: not shown

CONTEXT: This is a meme using a ""bait-and-switch"" format where an initially inspirational message is subverted by a self-deprecating punchline."
TE-146.jpg,UNIVERSAL_HUMAN,"[0,1,0,0,0,0,0]","[0,0,0,0,0,0,0]","1. MOOD/EMOTIONAL STATE: The text expresses relief and contentment at avoiding social obligations. Lisa's expression is calm and relaxed.
2. MOTIVATION/INTEREST: The person shows a specific lack of interest in attending relatives' weddings, viewing them as an obligation they are happy to avoid.
3. SELF-HARM/DEATH THOUGHTS: Not shown.
4. APPETITE/EATING: The character is drinking from a juice box, but no specific eating habits are mentioned.
5. SELF-WORTH/GUILT: Not shown.
6. CONCENTRATION/THINKING: Not shown.
7. SLEEP: Not shown.

CONTEXT: This is a humorous meme using a Simpsons character and Hindi text to joke about the positive side of pandemic social distancing in avoiding cultural obligations like weddings."
TE-148.jpg,UNIVERSAL_HUMAN,"[0,0,0,0,1,0,0]","[0,0,0,0,0,0,0]","1. MOOD/EMOTIONAL STATE: The top panel shows a man crying, expressing sadness or distress, while the bottom panel shows a man smiling, indicating a shift to a positive or humorous state.

2. MOTIVATION/INTEREST: not shown

3. EXISTENTIAL/EMOTIONAL INTENSITY: not shown

4. APPETITE/EATING: not shown

5. SELF-WORTH/GUILT: The meme humorously addresses self-worth by reframing a perceived social inadequacy (being a virgin past the ""average"" age) as a positive achievement of being ""above average.""

6. CONCENTRATION/THINKING: not shown

7. SLEEP: not shown

CONTEXT: This is a two-panel internet meme using Hindi text and popular reaction images to make a self-deprecating joke."
TE-15.jpg,UNIVERSAL_HUMAN,"[0,0,0,0,0,0,0]","[0,0,0,0,0,0,0]",1. MOOD/
TE-150.jpg,UNIVERSAL_HUMAN,"[0,0,0,1,1,0,0]","[0,0,0,0,0,0,0]","CONTEXT: This is a self-deprecating internet meme that uses a visual pun to mock generic motivational advice about finding one's purpose by looking inward.

1. MOOD/EMOTIONAL STATE: The meme expresses"
TE-151.jpg,UNIVERSAL_HUMAN,"[0,0,1,0,0,0,0]","[1,0,1,0,0,0,0]","1. MOOD/EMOTIONAL STATE: The text describes severe distress leading to planning and attempting suicide, while the reaction image shows shock or surprise.

2. MOTIVATION/INTEREST: not shown

3. SELF-HARM/DEATH THOUGHTS: The text explicitly states that the speaker and their friends ""make a plan to die"" and the speaker then ""tries to die.""

4. APPETITE/EATING: not shown

5. SELF-WORTH/GUILT: not"
TE-152.jpg,UNIVERSAL_HUMAN,"[0,0,0,0,0,0,0]","[1,1,0,0,0,0,0]","1. MOOD/EMOTIONAL STATE: The person in the image has a profoundly sad, empty, and flat expression, conveying a sense of hopelessness or deep anguish.
2. MOTIVATION/INTEREST: Despite the text saying they are watching their ""fav comedy show,"" their dejected demeanor suggests a complete inability to enjoy it, indicating a loss of interest or pleasure.
3. SELF-HARM/DEATH THOUGHTS: not shown
4. APPETITE/EATING: not shown
5. SELF-WORTH/GUILT: not shown
6. CONCENTRATION/THINKING: not shown
7. SLEEP: not shown

CONTEXT: This meme uses a reaction image of the Joker to relate to the feeling of being deeply depressed even when doing something that is supposed to be entertaining."
TE-154.jpg,UNIVERSAL_HUMAN,"[1,0,0,0,0,0,0]","[0,0,0,0,0,0,0]","1. MOOD/EMOTIONAL STATE: The meme expresses embarrassment, regret, or self-consciousness upon realizing one has overshared or dominated a conversation. The character on the right appears bored or unimpressed.

2. MOTIVATION/INTEREST: not shown

3. SELF-HARM/DEATH THOUGHTS: not shown

4. APPETITE/EATING: not shown

5. SELF-WORTH/GUILT: The text implies a sense of guilt or self-blame for talking too much about one's own life (""अपनी ही राम कहानी""), suggesting a momentary feeling of social inadequacy.

6. CONCENTRATION/THINKING: not shown

7. SLEEP: not shown

CONTEXT: This is a relatable internet meme using SpongeBob SquarePants characters and Hindi text to humorously depict the awkward realization of having been self-absorbed in a conversation."
TE-155.jpg,UNIVERSAL_HUMAN,"[0,0,1,0,0,0,0]","[0,0,0,0,0,0,0]","**CONTEXT:** This is a self-deprecating meme using a Hindi question-and-answer format to humorously exaggerate the user's extremely bad luck.

1.  **MOOD/EMOTIONAL STATE:** The image depicts a knight suffering a catastrophic and painful injury, symbolizing a state of extreme misfortune or anguish.
2.  **MOTIVATION/INTEREST:** not shown
3.  **SELF-HARM/DEATH THOUGHTS:** The image shows a knight with an arrow through their head, a depiction of a likely fatal injury used metaphorically to represent bad luck.
4.  **APPETITE/EATING:** not shown
5.  **SELF-WORTH/GUILT:** not shown
6.  **CONCENTRATION/THINKING:** not shown
7.  **SLEEP:** not shown"
TE-157.jpg,UNIVERSAL_HUMAN,"[0,0,0,0,0,0,0]","[0,0,0,0,0,0,0]","CONTEXT: This is a self-deprecating meme using Hinglish text and the Wii Fit Trainer character to humorously frame chronic anxiety as a permanent way of life.

1. MOOD/EMOTIONAL STATE: The text explicitly identifies the person's state as being constantly ""nervous/anxious"" (घबराए हुए). It describes ""Anxiety"" not as a passing phase but as an ingrained ""lifestyle.""

2. MOTIVATION/INTEREST: not shown

3. SELF-HARM/DEATH THOUGHTS: not shown

4. APPETITE/EATING: not shown

5. SELF-WORTH/GU"
TE-16.jpg,UNIVERSAL_HUMAN,"[0,0,0,0,0,0,0]","[0,0,0,0,0,0,0]","1. MOOD/EMOTIONAL STATE: The user states they were recently ""dumped,"" implying sadness or distress. The situation described conveys a sense of continued bad luck and irony, as the attempt to cheer them up is failing.

2. MOTIVATION/INTEREST: The user is participating in a"
TE-161.jpg,UNIVERSAL_HUMAN,"[0,0,1,0,0,0,0]","[1,1,1,0,0,0,0]","1. MOOD/EMOTIONAL STATE: The meme expresses deep hopelessness, despair, and a weary resignation, indicated by the man's expression, the text ""उठा ले रे बाबा"" (Take me away, oh God), and watermarks like ""ABORTED DREAMS"" and ""VOIDPOSTER"".

2. MOTIVATION/INTEREST: The watermarks ""ABORTED DREAMS"" suggest a complete loss of hope for the future and a feeling that pursuing goals is futile.

3. SELF-HARM/DEATH THOUGHTS: The phrase ""उठा ले रे बाबा"" (Take me away, oh God) is a direct, albeit humorous, expression of a desire to escape existence or die through divine intervention.

4. APPETITE/EATING: not shown

5. SELF-WORTH/GUILT: The depiction of the ""inner child"
TE-162.jpg,UNIVERSAL_HUMAN,"[0,0,0,0,0,0,0]","[1,0,1,0,0,0,0]","CONTEXT: This is a text-based social media image in Hindi, presenting an emotional quote about hidden depression and suicidal thoughts"
TE-163.jpg,UNIVERSAL_HUMAN,"[1,0,0,0,1,0,0]","[0,0,0,0,0,0,0]","1. MOOD/EMOTIONAL STATE: The text explicitly mentions ""anger,"" while the image depicts sadness, regret, and a longing for connection.
2. MOTIVATION/INTEREST: not shown
3. SELF-HARM/DEATH THOUGHTS: not shown
4. APPETITE/EATING: not shown
5. SELF-WORTH/GUILT: The sequence of pushing people away in anger followed by the sad, reaching image implies a sense of guilt or regret for the action.
6. CONCENTRATION/THINKING: not shown
7. SLEEP: not shown

CONTEXT: This is a reaction meme using a popular culture character to humorously express the immediate regret felt after pushing others away in a fit of anger."
TE-164.jpg,UNIVERSAL_HUMAN,"[0,0,0,1,0,0,0]","[0,0,0,0,0,0,0]","CONTEXT: This is a meme using the ""clown"" visual format to self-deprecatingly"
TE-167.jpg,UNIVERSAL_HUMAN,"[1,0,0,0,1,0,0]","[1,0,0,0,0,0,0]","1. MOOD/EMOTIONAL STATE: The text explicitly mentions ""falling mental health"" and the image shows a sad character with a subtitle indicating a ""[Sad sound]"", expressing sadness and dejection.
2. MOTIVATION/INTEREST: not shown
3. SELF-HARM/DEATH THOUGHTS"
TE-169.jpg,UNIVERSAL_HUMAN,"[0,0,0,0,1,0,0]","[0,0,0,0,0,0,0]","1. MOOD/EMOTIONAL STATE: The character appears focused on the task at hand, with a somewhat serious or dismissive attitude as she delivers an insult. There are no visible signs of sadness, anguish, or flat affect.

2. MOTIVATION/INTEREST: The character is showing enough motivation to perform a chore (taking out the trash).

3."
TE-17.jpg,UNIVERSAL_HUMAN,"[1,0,0,0,0,0,0]","[0,1,0,0,0,0,0]","1. MOOD/EMOTIONAL STATE: The image refers broadly to ""mental illness symptoms"" but does not depict specific emotions like sadness or anguish.

2. MOTIVATION/INTEREST: The text explicitly mentions ""laziness,"" indicating that a lack of motivation or activity is being observed but misinterpreted.

3. SELF-HARM/DEATH THOUGHTS: not shown

4. APPETITE/EATING: not shown

5. SELF-WORTH/GUILT: not shown

6. CONCENTRATION/THINKING: not shown

7. SLEEP: not shown

CONTEXT: This is the ""Is this a pigeon?"" meme format used with Hindi text to satirize parents misidentifying obvious mental illness symptoms as mere laziness."
TE-171.jpg,UNIVERSAL_HUMAN,"[0,0,0,0,0,1,0]","[0,0,0,0,0,0,0]","1. MOOD/EMOTIONAL STATE: The text expresses distress, a feeling of being overwhelmed, and mental turmoil, indicated by the repeated phrase ""मेरा दिमाग खराब हो रहा है"" (my mind is getting messed up).

2. MOTIVATION/INTEREST: Not shown.

3. EXISTENTIAL/EMOTIONAL INTENSITY: The phrase ""खोने को कुछ"
TE-173.jpg,UNIVERSAL_HUMAN,"[0,0,0,0,0,0,0]","[0,0,0,0,0,0,0]",1. MOOD/EMOTIONAL STATE
TE-176.jpg,UNIVERSAL_HUMAN,"[0,0,0,1,0,0,0]","[0,0,0,0,0,0,0]","CONTEXT: This is a meme using a distorted cartoon image and Hindi text to describe an intensely distressing personal situation.

1. MOOD/EMOTIONAL STATE: The image expresses intense distress, panic, or anguish, depicted by the hunched, blurry figure reacting to a personal secret being revealed.

2"
TE-18.jpg,UNIVERSAL_HUMAN,"[0,0,0,1,0,0,0]","[0,0,0,0,0,0,0]","1. MOOD/EMOTIONAL STATE: The person's curled, fetal posture with their face hidden suggests intense anguish, shame, or deep sadness.

2. MOTIVATION/INTEREST: not shown

3. EXIST"
TE-180.jpg,UNIVERSAL_HUMAN,"[0,0,0,0,0,0,0]","[1,0,1,0,0,1,0]","1. MOOD/EMOTIONAL STATE: The image describes a state of intense distress or anguish resulting from excessive thinking.

2. MOTIVATION/INTEREST: not shown

3. SELF-HARM/DEATH THOUGHTS: The Hindi phrase translates to ""it will take your life,"" explicitly referencing death as a consequence of the mental state described.

4. APPETITE/EATING: not shown

5. SELF-WORTH/GUILT: not shown

6. CONCENTRATION/THINKING: The text explicitly identifies ""overthinking"" as the central issue, indicating difficulty controlling thoughts or excessive rumination."
TE-181.jpg,UNIVERSAL_HUMAN,"[1,0,0,0,1,0,0]","[0,0,0,0,0,0,0]","1. MOOD/EMOTIONAL STATE: The image expresses frustration,"
TE-182.jpg,UNIVERSAL_HUMAN,"[0,0,0,0,0,0,1]","[0,0,0,0,0,0,0]","1. MOOD/EMOTIONAL STATE: The text expresses a state of being ""tired"" and feeling ""ugly,"" indicating fatigue and a negative self-perception.

2. MOTIVATION/INTEREST: The explicit request to just be let to ""sleep"" suggests a lack of motivation or interest in any other activity.

3. SELF-HARM/DEATH THOUGHTS: The text clarifies ""I am not dead,"" which is a direct reference to death, but it is a denial of being dead rather than an expression of wanting to die.

4. APPETITE/EATING: not shown

5. SELF-WORTH/GUILT: The text explicitly mentions feeling ""ugly,"" which is a clear expression of low self-worth or negative self-image.

6. CONCENTRATION/THINKING: not shown

7. SLEEP: The text explicitly states a strong desire to ""sleep"" and asks to be left alone to do so, indicating a significant need for rest or fatigue.

CONTEXT: This is a meme format where an animal's unusual posture is humorously explained with a relatable, often self-deprecating, caption."
TE-183.jpg,UNIVERSAL_HUMAN,"[1,0,0,0,0,0,0]","[1,0,0,0,0,0,0]","1. MOOD/EMOTIONAL STATE: The meme expresses pessimism and a sense of hopelessness, humorously suggesting that the user's situation can continue to get worse even after hitting ""rock bottom.""

2. MOTIVATION/INTEREST: not shown

3. SELF-HARM/DEATH THOUGHTS: not shown

4. APPETITE/EATING: not shown

5. SELF-WORTH/GUILT: The meme"
TE-187.jpg,UNIVERSAL_HUMAN,"[0,1,0,0,0,0,0]","[0,0,0,0,0,0,0]","1. MOOD/EMOTIONAL STATE: The image explicitly expresses ""extreme boredom"" (घोर बोरियत) and irritation towards someone considered boring. The kitten's wide yawn visually reinforces the feeling of boredom or fatigue.

2. MOTIVATION/INTEREST: The text indicates a complete lack of interest in the person being addressed, labeling them as ""boring"" ('पकाऊ').

3. SELF-HARM/DEATH THOUGHTS: not shown

4. APPETITE/EATING: not shown

5. SELF-WORTH/GUILT: not shown

6. CONCENTRATION/THINKING: not shown

7. SLEEP: The kitten is shown yawning, and the text specifically mentions ""yawning"" (उबासी), which is a sign of sleepiness or weariness often caused by boredom.

CONTEXT: This is a demotivational poster-style meme from DIY.DESPAIR.COM, using a yawning kitten and Hindi text to humorously convey a feeling of intense boredom."
TE-189.jpg,UNIVERSAL_HUMAN,"[0,0,0,0,0,0,0]","[0,0,0,0,0,0,0]","1. MOOD/EMOTIONAL STATE: Sadness, dejection, and a flat affect are expressed through the character's downcast facial expression and the gloomy black and white aesthetic.
2. MOTIVATION/INTEREST: The character is shown passively sitting and waiting, indicating a temporary lack of engagement with anything else while anticipating food.
3. SELF-HARM/DEATH THOUGHTS: not shown.
4. APPETITE/EATING: The Hindi text ""खाना आने का इंतज़ार करते हुए..."" translates to ""Waiting for the food to arrive,"" directly relating to the anticipation of eating.
5. SELF-WORTH/GUILT: not shown.
6. CONCENTRATION/THINKING: The character appears to be zoning out or lost in thought, staring blankly while waiting.
7. SLEEP: not shown.

CONTEXT: This is a relatable meme format using a sad cartoon character to humorously depict the impatience and gloom of waiting for a meal."
TE-19.jpg,UNIVERSAL_HUMAN,"[1,0,0,0,0,0,0]","[1,0,0,0,0,0,0]","CONTEXT: This is a reaction meme using a Simpsons character to sarcastically mock simplistic advice given by family members regarding depression.

1. MOOD/EMOTIONAL STATE: The text explicitly states the person is feeling ""very sad and depressed."" The reaction image shows frustration and sarcasm in response to dismissive advice about this emotional state.

2. MOTIVATION/INTEREST: not shown

3. SELF-HARM/DEATH THOUGHTS: not shown

4. APPETITE/EATING: not shown

5. SELF-WORTH/GUILT: not shown

6. CONCENTRATION/THINKING: not shown

7. SLEEP: not shown"
TE-190.jpg,UNIVERSAL_HUMAN,"[1,0,0,0,1,0,0]","[1,0,0,0,1,0,0]","1. MOOD/EMOTIONAL STATE: The text describes feeling ""completely broken from inside,"" and the image shows a man who appears to be crying or in anguish in a shower.

2. MOTIVATION/INTEREST: not shown

3. SELF-HARM/DEATH THOUGHTS: not shown

4. APPETITE/EATING: not shown

5. SELF-WORTH/GUILT: The statement of being ""completely broken from inside"" suggests a deep sense of internal damage or worthlessness.

6. CONCENTRATION/THINKING: not shown

7. SLEEP: not shown

CONTEXT: This is a meme that uses a common household item's label to create an ironic contrast with the user's intense internal emotional pain."
TE-191.jpg,UNIVERSAL_HUMAN,"[1,0,0,0,1,0,0]","[0,0,0,0,0,0,0]","1. MOOD/EMOTIONAL STATE: The text explicitly states the person is ""depressed"" and feels they have never experienced the happiness shown in media. The image shows a character looking sad and dejected.

2. MOTIVATION/INTEREST: The person relies on ""romcom and feel-good shows"" to experience happiness they lack, suggesting an inability to find joy in their own reality.

3. EXISTENTIAL/EMOTIONAL INTENSITY: The content depicts a realization of deep-seated depression and a persistent absence of happiness in life.

4. APPETITE/EATING: not shown

5. SELF-WORTH/GUILT"
TE-192.jpg,UNIVERSAL_HUMAN,"[0,0,0,0,0,0,0]","[0,0,0,0,0,0,0]","Here is the analysis of the image based on the provided categories:

1.  **MOOD/EMOTIONAL STATE:** The text expresses sadness, hopelessness, and a sense of resignation about the speaker's inability to care for themselves. The phrase ""भूखा मरता रहता हूँ"" (keep starving/dying of hunger) conveys deep distress and self-neglect.
2.  **MOTIVATION/INTEREST:** The speaker shows a lack of motivation for basic self-care, specifically eating, stating they ""keep starving"" rather than addressing their hunger.
3.  **EXISTENTIAL/EMOTIONAL INTENSITY:** The statement ""मैं खुद भूखा मरता रहता हूँ"" (I myself keep dying of hunger) depicts extreme self-neglect and a hopeless approach to one's own survival and well-being.
4.  **APPETITE/EATING:** Eating"
TE-194.jpg,UNIVERSAL_HUMAN,"[0,0,0,0,0,0,0]","[1,0,0,0,0,0,0]","1. MOOD/EMOTIONAL STATE: The text expresses distress and a feeling of being overwhelmed by constant negative thoughts.

2. MOTIVATION/INTEREST: not shown

3. SELF-HARM/DEATH THOUGHTS: not shown

4. APPETITE/EATING: not shown

5. SELF-WORTH/GUILT: not shown

6."
TE-198.jpg,UNIVERSAL_HUMAN,"[0,0,1,0,0,0,0]","[1,0,1,0,0,0,0]","1. MOOD/EMOTIONAL STATE: The image and text express deep sadness, hopelessness, and anguish. The solitary figure and the explicit statement about dying convey a very low emotional state.

2. MOTIVATION/INTEREST: Not shown.

3. SELF-HARM/DEATH THOUGHTS: The Hindi text translates to ""I have thoughts of dying all the time,"" directly expressing suicidal ideation.

4. APPETITE/EATING: Not shown.

5. SELF-WORTH/GUILT: Not shown.

6. CONCENTRATION/THINKING: Not shown.

7. SLEEP: Not shown.

CONTEXT: This is a ""doomer"" or ""sadboi"" meme format, using a somber image and text to express feelings of depression or existential dread."
TE-199.jpg,UNIVERSAL_HUMAN,"[0,0,0,0,0,0,0]","[0,0,0,0,0,0,1]","1. MOOD/EMOTIONAL STATE: The text expresses a state of being ""very tired,"" indicating significant fatigue and potential distress from sleeplessness.

2. MOTIVATION/INTEREST: not shown

3. SELF-HARM/DEATH THOUGHTS: not shown

4. APPETITE/EATING: not shown

5. SELF-WORTH/GUILT: not shown

6. CONCENTRATION/THINKING: not shown

7. SLEEP: The image explicitly describes the experience of being ""very tired"" but unable to sleep, indicating insomnia or disrupted sleep.

CONTEXT: This is a text-based meme in Hindi, using a relatable scenario to express a common feeling of exhaustion coupled with sleeplessness."
TE-2.jpg,UNIVERSAL_HUMAN,"[1,0,0,0,1,0,0]","[1,0,0,0,1,1,0]","1. MOOD/EMOTIONAL STATE: The text explicitly states feeling ""completely depressed"" and ""alone."" The woman in the image appears sad and distressed.
2. MOTIVATION/INTEREST: Not shown.
3. SELF-HARM/DEATH THOUGHTS: Not shown.
4. APPETITE/EATING: Not shown.
5. SELF-WORTH/GUILT: The person questions how many people actually like them and feels alone with no one to talk to, indicating feelings of low self-worth and isolation.
6. CONCENTRATION/THINKING: The text describes having ""so many things"" in the mind that they cannot be expressed in words, suggesting being mentally overwhelmed.
7. SLEEP: Not shown.

CONTEXT: This is a ""sadposting"" meme format using a melancholic image and text to share feelings of depression and loneliness."
TE-20.jpg,UNIVERSAL_HUMAN,"[0,0,1,0,0,0,0]","[0,0,0,0,0,0,0]",1. MOOD/EMOTIONAL STATE: The image does not depict a person's emotional state. The text conveys
TE-203.jpg,UNIVERSAL_HUMAN,"[0,0,0,0,0,0,1]","[0,0,0,0,0,0,1]","1. MOOD/EMOTIONAL STATE: The character's wide, bloodshot eyes and the text ""बचाओ"" (Save me) express distress, anxiety, and desperation.
2. MOTIVATION/INTEREST: not shown
3. SELF-HARM/DEATH THOUGHTS: not shown
4. APPETITE/EATING: not shown
5. SELF-WORTH/GUILT: not shown
6. CONCENTRATION/THINKING: not shown
7. SLEEP: The Hindi text ""नींद नहीं आ रही"" translates to ""Can't sleep,"" and the visual shows the character lying awake in bed with bloodshot eyes, indicating insomnia.

CONTEXT: This is a reaction meme using a well-known cartoon character to dramatically express the relatable struggle of insomnia."
TE-204.jpg,UNIVERSAL_HUMAN,"[0,0,0,0,0,0,0]","[0,0,0,0,0,0,0]","1. MOOD/EMOTIONAL STATE: The text explicitly equates the energy from strong tea with ""happiness."" The character's expression is neutral, which is typical for this meme format.

2. MOTIVATION/INTEREST: The meme shows a strong appreciation for ""kadak chai"" (strong tea), suggesting it is a significant source of enjoyment or ""happiness"" for the person.

3. SELF-HARM/DEATH THOUGHTS: not shown.

4. APPETITE/EATING: The meme focuses on the consumption of a beverage, ""kadak chai"" (strong tea), and the positive feeling it provides.

5. SELF-WORTH/GUILT: not shown.

6. CONCENTRATION/THINKING: The meme illustrates a humorous"
TE-206.jpg,UNIVERSAL_HUMAN,"[1,1,0,0,0,0,0]","[0,0,0,0,0,0,0]","1. MOOD/EMOTIONAL STATE: The meme expresses avoidance and social anxiety, with the character's image showing a flat, weary, and disinterested affect.
2. MOTIVATION/INTEREST: The person shows a lack of motivation to engage in a verbal phone conversation, preferring to wait and text instead.
3. SELF-HARM/DEATH THOUGHTS: not shown
4. APPETITE/EATING: not shown
5. SELF-WORTH/GUILT: not shown
6. CONCENTRATION/THINKING: not shown
7. SLEEP: The character in the image appears fatigued with tired, swirly eyes in a dark setting, which may suggest tiredness, but sleep habits are not explicitly mentioned.

CONTEXT: This is a relatable internet meme using a Hindi caption and an anime reaction image to humorously express social anxiety or a preference for texting over calling."
TE-207.jpg,UNIVERSAL_HUMAN,"[1,0,0,0,1,0,0]","[1,0,0,0,0,0,0]","1. MOOD/EMOTIONAL STATE: The subject's expression is sad and dejected, looking downwards. The text expresses deep loneliness and"
TE-208.jpg,UNIVERSAL_HUMAN,"[0,0,0,0,0,1,0]","[0,0,0,0,0,1,0]","1. MOOD/EMOTIONAL STATE: The text and illustration express a state of being mentally overwhelmed, confused, or exhausted. The scribbled head suggests inner chaos.
2. MOTIVATION/INTEREST: not shown
3. SELF-HARM/DEATH THOUGHTS: not shown
4. APPETITE/EATING: not shown
5. SELF-WORTH/GUILT: not shown
6. CONCENTRATION/THINKING: The Hindi idiom ""दिमाग का दही हो गया है"" (My brain has become yogurt) indicates confusion, brain fog, or an inability to think clearly. The chaotic scribbles over the head visually reinforce this mental disarray.
7. SLEEP: not shown

CONTEXT: This is an illustration with a common Hindi idiom used as a meme to express mental exhaustion or confusion."
TE-209.jpg,UNIVERSAL_HUMAN,"[0,0,0,0,0,0,0]","[0,0,0,0,0,0,0]","CONTEXT: This is a Tumblr-style text post meme using a script format to satirize typical South Asian parenting dynamics regarding a child's interests over time.

1. MOOD/EMOTIONAL STATE: The adult is described as living a ""dull"" and ""boring"" life, suggesting a flat or empty emotional state. The teenager experiences hurt or"
TE-210.jpg,UNIVERSAL_HUMAN,"[1,0,0,0,1,0,0]","[0,0,0,0,1,0,0]","1. MOOD/EMOTIONAL STATE: The person commenting expresses a feeling of inadequacy or being disappointing through self-deprecating humor.

2. MOTIVATION/INTEREST: not shown

3. SELF-HARM/DEATH THOUGHTS: not shown

4. APPETITE/EATING: not shown

5"
TE-211.jpg,UNIVERSAL_HUMAN,"[0,0,0,0,0,0,0]","[1,0,1,0,0,0,0]","1. MOOD/EMOTIONAL STATE: The image expresses deep anguish and distress through the depiction of self-harm. The text ""ठीक हूँ।"" (I am fine) is a contradictory statement, suggesting a hidden struggle or a facade of wellness.
2. MOTIVATION/INTEREST: not shown
3. SELF-HARM/DEATH THOUGHTS: The image directly shows a wrist with multiple cuts, which is a clear depiction of self-harm.
4. APPETITE/EATING: not shown
5. SELF-WORTH/GUILT: not shown
6. CONCENTRATION/THINKING: not shown
7. SLEEP: not shown

CONTEXT: This is a black and white image with Hindi text, likely used on social media to express hidden pain or mental health struggles."
TE-212.jpg,UNIVERSAL_HUMAN,"[0,0,0,0,0,0,0]","[0,0,0,0,0,0,0]","1. MOOD/EMOTIONAL STATE: The text expresses sadness, loneliness, and regret (""We ruined our life, that's why we are alone""). The empty seats and early hour contribute to a melancholic atmosphere.
2. MOTIVATION/"
TE-215.jpg,UNIVERSAL_HUMAN,"[0,0,0,0,1,0,0]","[0,0,0,0,1,0,0]","1. MOOD/EMOTIONAL STATE: The meme expresses feelings of inadequacy, inferiority, and disappointment in one's own abilities compared to others. The visual of painting poop versus a portrait reinforces this feeling of being less than.

2. MOTIVATION/INTEREST: The meme implies a potential for loss of motivation or hopelessness, as the character's ""100%"" effort yields a poor result, which can be discouraging.

3. SELF-HARM/DEATH THOUGHTS: not shown

4. APPETITE/EATING: not shown

5. SELF-WORTH/GUILT: The central theme is low self-worth, with the text stating that one's absolute best effort (""100%"") is only a small fraction (""8%"") of someone else's capability, leading to feelings of worthlessness.

6. CONCENTRATION/THINKING: not shown

7. SLEEP: not shown

CONTEXT: This is a sketch-based meme with Hindi text that uses a humorous comparison to highlight the relatable feeling of inferiority and self-doubt."
TE-216.jpg,UNIVERSAL_HUMAN,"[1,0,0,1,0,0,0]","[0,0,0,1,0,0,0]","1. MOOD/EMOTIONAL STATE: The grey character initially shows a flat affect, which shifts to anger or annoyance in the final panel after receiving advice.

2. MOTIVATION/INTEREST: The character expresses a desire to be ""skinni,"" indicating a goal, but their angry reaction suggests a lack of motivation to change their behavior to achieve it.

3. SELF-HARM/DEATH THOUGHTS: not shown

4. APPETITE/EATING: Eating habits are central to the meme, with the second character implying the first character is ""stuffing"" themselves (""ठूसना"") and needs to stop to lose weight.

5. SELF-WORTH/GUILT: not shown

6. CONCENTRATION/THINKING: not shown

7. SLEEP: not shown

CONTEXT: This is a four-panel meme using the grey ""NPC"" character to depict a person getting angry when given a straightforward, albeit blunt, solution to their expressed problem."
TE-217.jpg,UNIVERSAL_HUMAN,"[0,0,0,0,0,1,0]","[0,0,0,0,0,0,0]","1. MOOD/EMOTIONAL STATE: The cat in the bottom panels is depicted with sad, teary eyes, indicating sadness or distress. The text mentions ""old bad habits,"" suggesting a negative emotional state associated with them.

2. MOTIVATION/INTEREST: The meme illustrates a struggle between clinging to ""old bad habits"" and applying ""things learned in therapy,"" implying a difficulty or lack of motivation to change behavior.

3. SELF-HARM/DEATH THOUGHTS: not shown

4. APPETITE/EATING: not shown

5. SELF-WORTH/GUILT: The reference to ""old bad habits"" and the sad reaction of the therapy cat could imply a sense of guilt or self-blame for not being able to let go of negative patterns.

6. CONCENTRATION/THINKING: not shown

7. SLEEP: not shown

CONTEXT: This is a meme using a popular template to humorously depict the internal conflict between comforting old habits and the difficult process of applying lessons learned in therapy."
TE-218.jpg,UNIVERSAL_HUMAN,"[0,0,0,0,0,0,0]","[0,0,0,0,0,0,0]","CONTEXT: This is an aesthetic photograph using text on clothing to convey a relatable mental state, often shared on social media platforms.

1. MOOD/EMOTIONAL STATE: The person's pose, with a hand running through their hair, combined with the text on the jacket, suggests a pensive, stressed, or contemplative mood.

2. MOTIVATION/INTEREST: not shown

3. SELF-HARM/DEATH THOUGHTS: not shown

4. APPETITE/EATING: not shown

5. SELF-WORTH/GUILT: not shown

6. CONCENTRATION/THINKING: The Hindi text on the jacket, ""ज़्यादा"
TE-220.jpg,UNIVERSAL_HUMAN,"[1,0,0,0,0,0,0]","[0,0,0,0,0,0,0]","1. MOOD/EMOTIONAL STATE: The image uses a grid of nine cat photos with varying expressions and postures (e.g., calm, chaotic, surprised, relaxed) to represent a spectrum of moods, asking the viewer to identify their own.

2. MOTIVATION/INTEREST: not shown

3. EXISTENTIAL/EMOTIONAL INTENSITY: not shown

4. APPETITE/EATING: not shown

5. SELF-WORTH/GUILT: not shown

6. CONCENTRATION/THINKING: not shown

7. SLEEP: not shown

CONTEXT: This is a ""mood scale"" meme format using numbered images, in this case, pictures of black cats, to humorously prompt the viewer to identify their current emotional state."
TE-221.jpg,UNIVERSAL_HUMAN,"[0,0,0,0,1,0,0]","[0,0,0,0,0,0,0]","CONTEXT: This is a meme using a screenshot from the video game Animal Crossing with Hindi text overlaid to project human anxieties onto a non-player character (a snowman).

1. MOOD/EMOTIONAL STATE: The character expresses misery and helplessness due to feeling cold, disliking its appearance, and being physically trapped.

2. MOTIVATION/INTEREST: not shown

3. SELF-HARM/DEATH THOUGHTS: not shown

4. APPETITE/EATING: not shown

5. SELF-WORTH/GU"
TE-223.jpg,UNIVERSAL_HUMAN,"[0,0,0,0,0,0,0]","[0,0,0,0,0,0,0]","1. MOOD/EMOTIONAL STATE: Not shown.
2. MOTIVATION/INTEREST: Not shown.
3. SELF-HARM/DEATH THOUGHTS: Not shown.
4. APPETITE/EATING: Not shown.
5. SELF-WORTH/GUILT: Not shown.
6. CONCENTRATION/THINKING: Not shown.
7. SLEEP: Not shown.

CONTEXT: This is a low-quality screenshot of a YouTube video player showing a blurry figure running in a room with a mirror."
TE-225.jpg,UNIVERSAL_HUMAN,"[1,0,0,0,0,0,0]","[1,0,0,0,0,0,0]","1. MOOD/EMOTIONAL STATE: The text expresses sadness and emotional pain from having one's ""heart hurt."" The alien figure's expression is flat and resigned, conveying a sense of patient, perhaps hopeless, waiting.

2. MOTIVATION/INTEREST: not shown

3. SELF-HARM/DEATH THOUGHTS: not shown

4. APPETITE/EATING: not shown

5. SELF-WORTH/GUILT: not shown

6. CONCENTRATION/THINKING: not shown

7. SLEEP: not shown

CONTEXT: This is a meme using a picture of a grey alien to express a relatable feeling of unrequited emotional expectation in a humorous, self-deprecating way."
TE-227.jpg,UNIVERSAL_HUMAN,"[0,0,0,0,1,0,0]","[0,0,0,0,1,0,0]","1. MOOD/EMOTIONAL STATE: The text implies a self-deprecating humor about being unbearable or annoying. The visual shows a chaotic moment used for comedic effect.

2. MOTIVATION/INTEREST: not shown

3. SELF-HARM/DEATH THOUGHTS: not shown

4. APPETITE/EATING: not shown

5. SELF-WORTH/GUILT: The meme expresses low self-worth by implying the person is so insufferable that even a kidnapper rejected them. It suggests a feeling of being a burden or unlikable.

6. CONCENTRATION/THINKING: not shown

7. SLEEP: not shown

CONTEXT: This is a self-deprecating meme using a cartoon character and Hindi text to humorously exaggerate one's own annoying qualities."
TE-228.jpg,UNIVERSAL_HUMAN,"[1,0,0,0,1,0,0]","[1,1,0,0,1,0,0]","CONTEXT: This is an image macro meme using a photo of a distressed student in a classroom overlaid with Hindi text to express emotional vulnerability regarding relationships.

1. MOOD/EMOTIONAL STATE: The person's posture of leaning their head against the whiteboard suggests sadness, defeat, or anguish. The text expresses deep insecurity and anxiety about being abandoned by others.

2. MOTIVATION/INTEREST: The text indicates that actions are motivated solely by a fear of abandonment and a desire to please others, rather than genuine personal interest.

3. SELF-HARM/DEATH THOUGHTS: not shown

4. APPETITE/EATING: not shown

5. SELF-WORTH/GUILT: The text suggests low self-worth, implying the person feels they are only valuable or acceptable if they constantly meet the perceived expectations of others.

6. CONCENTRATION/THINKING: not shown

7. SLEEP: not shown"
TE-229.jpg,UNIVERSAL_HUMAN,"[1,0,0,0,0,0,0]","[1,1,0,0,0,0,0]","1. MOOD/EMOTIONAL STATE: The image depicts sudden terror, high anxiety, and overwhelming dread, as indicated by the sweating, wide-eyed character on the right. The text implies a very brief period of happiness that is immediately crushed by the arrival of depression.

2. MOTIVATION/INTEREST: The text ""बस 5 मिनट खुश होने के बाद मैं:"" (Me after being happy for just 5 minutes:) suggests an inability to sustain joy or interest"
TE-23.jpg,UNIVERSAL_HUMAN,"[1,0,0,0,1,0,0]","[0,0,0,0,0,0,0]","1. MOOD/EMOTIONAL STATE: The image depicts a sad-eyed kitten, and the text expresses a desire to remain silent to avoid trouble, suggesting apprehension, hesitation, or fear of conflict.
2. MOTIVATION/INTEREST: The text indicates a lack of motivation to speak or express oneself due to the fear of negative consequences (""*चुप रहना चाहता हूँ ताकि कोई लफड़ा न हो*"").
3. EXISTENTIAL/EMOTIONAL INTENSITY: The content shows a wish to withdraw from communication to avoid ""trouble"" or conflict, indicating a level of social anxiety or avoidance.
4. APPETITE/EATING: Not shown.
5. SELF-WORTH/GUILT: The initial statement implies a feeling that one's words might cause problems, suggesting potential low self-worth or a fear of being burdensome, which is then countered by reassurance.
6. CONCENTRATION/THINKING: Not shown.
7. SLEEP: Not shown.

CONTEXT: This is a meme using a sad cat image and Hindi text to illustrate a common feeling of social hesitation or anxiety, followed by a supportive message."
TE-230.jpg,UNIVERSAL_HUMAN,"[1,0,1,0,0,0,0]","[1,0,0,0,0,0,0]","1. MOOD/EMOTIONAL STATE: The image expresses a state of constant suffering or pain, as the Hindi word for suffering (""कष्ट"") replaces all the numbers on the clock. The accompanying text ""Oh my god! Just look at the time"" humorously highlights this perpetual state of distress.
2. MOTIVATION/INTEREST: not shown
3. SELF-HARM/DEATH THOUGHTS: not shown
4. APPETITE/EATING: not shown
5. SELF-WORTH/GUILT: not shown
6. CONCENTRATION/THINKING: not shown
7. SLEEP: not shown

CONTEXT: This is an Indian meme using a common ""look at the time"" format to humorously exaggerate a feeling of constant suffering."
TE-231.jpg,UNIVERSAL_HUMAN,"[0,1,0,0,0,0,0]","[0,0,0,0,0,0,0]","1. MOOD/EMOTIONAL STATE: The meme expresses a feeling of mental resistance, frustration, or a lack of mental energy when faced with uninteresting tasks.

2. MOTIVATION/INTEREST: The text explicitly mentions trying to teach the brain something ""without interest,"" and the ""error"" represents the brain's refusal to cooperate due to this lack of motivation.

3. SELF-HARM/DEATH THOUGHTS: not shown

4. APPETITE/EATING: not shown

5. SELF-WORTH/GUILT: not shown

6. CONCENTRATION/THINKING: The meme describes a difficulty in focusing or processing information (""Files could not be copied"") specifically when the subject matter is not interesting to the person.

7. SLEEP: not shown

CONTEXT: This is a meme using a Hindi caption and a fake Windows error message to humorously illustrate the brain's refusal to learn uninteresting things."
TE-233.jpg,UNIVERSAL_HUMAN,"[0,0,0,0,0,0,0]","[1,1,0,0,0,0,1]","CONTEXT: This is a text-based ""relatable"" meme using a ""Me: / Then me:"" format to describe a paradoxical personal experience in Hindi.

1. MOOD/EMOTIONAL STATE: The text expresses a state of persistent lethargy and exhaustion, suggesting a drained or low mood despite rest.

2. MOTIVATION/INTEREST: The action of sleeping the entire day implies a significant lack of motivation or interest in engaging with daily activities.

3. SELF-HARM/DEATH THOUGHTS: not shown

4. APPETITE/EATING: not shown

5. SELF-WORTH/GUILT: not shown

6. CONCENTRATION/THINKING: not shown

7. SLEEP: The text explicitly describes excessive sleeping (""sleeps all day"")"
TE-234.jpg,UNIVERSAL_HUMAN,"[0,0,0,0,0,0,0]","[1,0,0,0,1,0,0]","1. MOOD/EMOTIONAL STATE: The text indicates rejection (""0 people like you"") and a resigned, self-deprecating acceptance of this fact (""But there is nothing surprising in this""), suggesting feelings of loneliness or hopelessness.
2. MOTIVATION/INTEREST: not shown
3. SELF-HARM/DEATH THOUGHTS: not shown
4. APPETITE/EATING: not shown
5. SELF-WORTH/GUILT: The parenthetical comment implies low self-worth, as the person believes it is unsurprising that no one likes them.
6. CONCENTRATION/THINKING: not shown
7. SLEEP: not shown

CONTEXT: This image mimics a Tinder notification to create a meme about the relatable struggle of facing rejection or having no matches on dating apps."
TE-235.jpg,UNIVERSAL_HUMAN,"[0,0,0,0,0,0,0]","[0,0,0,0,0,0,0]","CONTEXT: This image is a ""sadpost"" or depression meme using a dark, grainy aesthetic and Hindi text to express extreme distress.

1. MOOD/EMOTIONAL STATE: The text expresses extreme hopelessness and despair. The dark, obscured visual complements this sentiment of anguish.

2. MOTIVATION/INTEREST: The statement implies a complete loss of interest in continued existence.

3. SELF-HARM/DEATH THOUGHTS: The text explicitly states ""मर जाना ही बेहतर है"" which translates to ""It is better to die,"" indicating clear suicidal ideation.

4. APPET"
TE-237.jpg,UNIVERSAL_HUMAN,"[0,0,0,0,1,0,0]","[0,0,0,0,0,0,0]","1. MOOD/EMOTIONAL STATE: The image and text suggest a carefree and enjoyable mood, with the teddy bear blowing bubbles and the text explicitly mentioning ""enjoying my life"".

2. MOTIVATION/INTEREST: The person expresses an ability to enjoy life, as stated in the text ""enjoying my life"".

3. SELF-HARM/DEATH THOUGHTS: Not shown.

4. APPETITE/EATING: Not shown.

5. SELF-WORTH/GUILT: The text mentions becoming ""dumb"" as a way to enjoy life, which is a self-deprecating joke but does not express worthlessness or excessive guilt.

6. CONCENTRATION/THINKING: The text implies a conscious choice to avoid complex thinking or worries (""becoming a dumb""), rather than a difficulty with concentration or thinking clearly.

7. SLEEP: Not shown.

CONTEXT: This is a meme using a cute teddy bear character and Hindi/English text to express the sentiment that simplicity or ignorance can lead to happiness."
TE-239.jpg,UNIVERSAL_HUMAN,"[0,0,0,0,1,0,0]","[1,0,0,0,1,0,0]","1. MOOD/EMOTIONAL STATE: The text expresses a feeling of self-hatred. The person in the image appears sad or contemplative.

2. MOTIVATION/INTEREST: not shown

3. SELF-HARM/DEATH THOUGHTS: not shown

4. APPETITE/EATING: not shown

5. SELF-WORTH/GUILT: The Hindi text translates to ""Maybe I have a habit of hating myself,"" directly expressing low self-worth and self-blame.

6. CONCENTRATION/THINKING: not shown

7. SLEEP: not shown

CONTEXT: This is a meme using a black and white film still with superimposed Hindi text to express a feeling of self-loathing."
TE-24.jpg,UNIVERSAL_HUMAN,"[1,0,0,0,0,0,1]","[1,0,0,0,0,0,1]","CONTEXT: This is a reaction meme using a still of Michael Scott from *The Office* combined with Hindi text to humorously describe the experience of nighttime anxiety.

1. MOOD/EMOTIONAL STATE: The person in the image appears distressed and tearful, and the text explicitly states they experienced ""anxiety"" for several hours.

2. MOTIVATION/INTEREST: not shown

3. SELF-HARM/DEATH THOUGHTS: not shown

4. APPETITE/EATING: not shown

5. SELF-WORTH/GUILT: not shown

6. CONCENTRATION/THINKING: not shown

7. SLEEP: The text explicitly mentions that the person ""didn't get much sleep"" during the night due to anxiety"
TE-240.jpg,UNIVERSAL_HUMAN,"[0,1,0,1,0,0,0]","[0,0,0,0,0,0,0]",CONTEXT: This is a three-panel meme format using screenshots
TE-241.jpg,UNIVERSAL_HUMAN,"[1,0,0,0,1,0,0]","[0,0,0,0,0,0,0]",CONTEXT: This is a Twitter meme using a multiple-choice
TE-242.jpg,UNIVERSAL_HUMAN,"[1,0,0,0,0,0,0]","[1,1,0,0,0,0,0]","CONTEXT: This is an image macro meme using Hindi text and a celebrity photo to illustrate the experience of sudden mental health symptoms striking during a social event.

1. MOOD/EMOTIONAL STATE: The text explicitly states that ""depression and anxiety hit."" Visually, the man on the left appears detached, somber, and withdrawn from the social interaction around him.

2. MOTIVATION/INTEREST: The text describes getting ""cut off from the world"" while at a party,"
TE-243.jpg,UNIVERSAL_HUMAN,"[1,0,0,0,0,0,0]","[0,0,0,0,0,0,0]",1. MOOD/EMOTIONAL STATE: The text shows a conflict between wanting to express deep
TE-245.jpg,UNIVERSAL_HUMAN,"[0,0,1,0,0,0,1]","[0,0,0,0,0,0,0]","Based on the image provided, here is the analysis for each area:

1.  **MOOD/EMOTIONAL STATE:** The character in the image has a smug, mischievous, or self-satisfied grin. The text implies a feeling of getting a ""high"" or pleasure from the described act.
2.  **MOTIVATION/INTEREST:** The text describes a specific motivation to get a ""free high"" by scratching or pinching a child.
3.  **SELF-HARM/DEATH THOUGHTS:** Not shown.
4.  **APPETITE/EATING:** Not shown.
5.  **SELF-WORTH/GUILT:** There is no expression of guilt or worthlessness; the character appears pleased with their action.
6.  **CONCENTRATION/THINKING:** Not shown.
7.  **SLEEP:** Not shown.

**CONTEXT:** This is a dark humor meme using a cartoon reaction image and Hindi text to describe a mischievous and harmful act."
TE-246.jpg,UNIVERSAL_HUMAN,"[0,0,0,0,0,0,0]","[0,0,0,0,0,0,0]","1. MOOD/EMOTIONAL STATE: The text expresses extreme anguish and hopelessness, indicating a profound desire to end one's life.

2. MOTIVATION/INTEREST: While specific loss of interests isn't mentioned, the stated desire to die implies a total lack of motivation to continue living.

3. SELF-HARM/DEATH THOUGHTS: The image explicitly states a desire to commit suicide (""kill myself"") and that the person would do it instantly if it wouldn't hurt others."
TE-247.jpg,UNIVERSAL_HUMAN,"[0,0,0,1,0,0,0]","[0,0,0,0,0,0,0]","1. MOOD/EMOTIONAL STATE: The text explicitly states the person is ""sad"" (""दुखी""). The woman's expression in the photo is serious and somber.

2. MOTIVATION/INTEREST: not shown

3. SELF-HARM/DEATH THOUGHTS: not shown

4. APPETITE/EATING: The text contrasts being ""fat"" (""मोटा"") versus ""thin"" (""पतली""), implying a focus on body weight, but does not explicitly describe eating habits.

5. SELF-WORTH/GUILT: The text implies that being thin is preferable to being fat, even when sad, suggesting self-worth is tied to body image.

6. CONCENTRATION/THINKING: not shown

7. SLEEP: not shown

CONTEXT: This is a meme with a Hindi caption, likely from Indian social media, expressing a cynical view on body image and sadness."
TE-248.jpg,UNIVERSAL_HUMAN,"[0,0,0,0,0,1,0]","[0,0,0,0,0,1,0]","1. MOOD/EMOTIONAL STATE: The image expresses a state of mental confusion, chaos, or irritation, symbolized by the tangled mess where the head should be and the Hindi idiom for ""messing with the brain.""

2. MOTIVATION/INTEREST: not shown

3. SELF-HARM/DEATH THOUGHTS: not shown

4. APPETITE/EATING: not shown

5. SELF-WORTH/GUILT: not shown

6. CONCENTRATION/THINKING: The scribbled lines replacing the head and the text ""दिमाग का दही"" (making yogurt of the brain) strongly suggest confusion, brain fog, or difficulty thinking clearly.

7. SLEEP: not shown

CONTEXT: This is a meme using a minimalist illustration and a common Hindi idiom to humorously depict a feeling of mental overwhelm or confusion."
TE-25.jpg,UNIVERSAL_HUMAN,"[1,0,0,0,0,0,0]","[1,0,0,0,0,0,0]","1. MOOD/EMOTIONAL STATE: The person is shown with their face in their hands, indicating distress, sadness, or crying. The text explicitly states their ""condition is getting worse"" and expresses a feeling of isolation because ""no one even knows.""

2. MOTIVATION/INTEREST: not shown

3. SELF-HARM/DEATH THOUGHTS: not shown

4. APPETITE/EATING: not shown

5. SELF-WORTH/GUILT: The text ""and no one even knows"" suggests a feeling of being overlooked or unimportant in their suffering, which can relate to low self-worth or feeling isolated.

6. CONCENTRATION/THINKING: not shown

7. SLEEP: not shown

CONTEXT: This is a ""sad post"" meme format using a somber image and Hindi text to express feelings of hidden suffering and isolation."
TE-253.jpg,UNIVERSAL_HUMAN,"[0,0,0,1,1,0,0]","[0,0,0,0,0,0,0]","1. MOOD/EMOTIONAL STATE: The meme expresses a relatable anxiety or obsessive worry about body image and physical appearance.

2. MOTIVATION/INTEREST: The person is interested in trying on an outfit but becomes fixated on a specific aspect of their appearance rather than the task itself.

3. SELF-HARM/DEATH THOUGHTS: not shown

4. APPETITE/EATING: not shown

5. SELF-WORTH/GUILT: The text indicates a concern with self-image and how one's body is perceived, specifically worrying if legs look thin.

6. CONCENTRATION/THINKING: The meme describes a state of overthinking or rumination, where the person ""just keep[s] thinking"" about one specific worry.

7. SLEEP: not shown

CONTEXT: This is a ""Drake Hotline Bling"" meme, a popular format used to express preference for one thing over another, often for humorous or relatable effect."
TE-254.jpg,UNIVERSAL_HUMAN,"[0,0,0,0,0,0,0]","[0,0,0,0,0,0,0]","1. MOOD/EMOTIONAL STATE: The image expresses feelings of social awkwardness, discomfort, and the struggle to fit in.

2. MOTIVATION/INTEREST: The text indicates an active ""कोशिश"" (effort/trying) to avoid being awkward, showing motivation to navigate social situations despite the difficulty.

3. SELF-HARM/DEATH THOUGHTS: not shown

4. APPETITE/EATING: not shown

5. SELF-WORTH/GUILT: The meme implies a sense of social inadequacy or self-consciousness by labeling the attempt to not be awkward as a struggle.

6. CONCENTRATION/THINKING: not shown

7. SLEEP: not shown

CONTEXT: This is a relatable meme using a visual metaphor and Hindi/English text to humorously depict the struggle of dealing with social anxiety or awkwardness in public."
TE-257.jpg,UNIVERSAL_HUMAN,"[0,0,0,0,0,0,0]","[0,0,0,0,0,0,0]",1
TE-258.jpg,UNIVERSAL_HUMAN,"[0,0,0,0,0,0,1]","[0,0,0,0,0,0,1]","CONTEXT: This is a meme using a vintage photograph and Hindi text to make a humorous observation about the sleep deprivation associated with parenthood.

1. MOOD/EMOTIONAL STATE: The woman's facial expression in the vintage photo is neutral or slightly weary. The text implies exhaustion but is presented in a humorous manner rather than indicating deep distress.

2. MOTIVATION/INTEREST: not shown

3. SELF-HARM/DEATH THOUGHTS: not shown

4. APPETITE/EATING: not shown

5. SELF-WORTH/GUILT: not shown

6. CONCENTRATION/THINKING: not shown

7. SLEEP: The text explicitly states the person has a """
TE-260.jpg,UNIVERSAL_HUMAN,"[0,0,0,0,1,0,0]","[0,0,0,0,0,0,0]","1. MOOD/EMOTIONAL STATE: The meme expresses anxiety and fear of social rejection or negative evaluation.

2. MOTIVATION/INTEREST: The person shows an initial interest in posting a selfie, which is immediately countered by an anxious thought.

3. SELF-HARM/DEATH THOUGHTS: not shown

4. APPETITE/EATING: not shown

5. SELF-WORTH/GUILT: The anxiety stems from the fear that ""no one liked"" the selfie, suggesting self-worth is tied to external validation.

6. CONCENTRATION/THINKING: The anxiety is depicted as an intrusive, negative thought that interrupts the action of posting.

7. SLEEP: not shown

CONTEXT: This is a ""Me vs. My Anxiety"" meme format, using a video game dialogue box to represent an intrusive, anxious thought."
TE-261.jpg,UNIVERSAL_HUMAN,"[1,1,0,0,1,1,0]","[0,0,0,0,0,0,0]","**CONTEXT:** This is a meme using a visual metaphor to humorously depict a person barely coping with overwhelming life problems and negative emotions in response to a casual greeting.

1.  **MOOD/EMOTIONAL STATE:** The image explicitly labels feelings of ""anxiety"" (चि"
TE-262.jpg,UNIVERSAL_HUMAN,"[0,0,0,0,0,1,0]","[1,0,0,0,0,1,0]","1. MOOD/EMOTIONAL STATE: The figure clutching their head visually expresses anguish or distress. The text translates to ""My mind is getting messed up,"" indicating mental turmoil.
2. MOTIVATION/INTEREST: not shown
3. SELF-HARM/DEATH THOUGHTS: not shown
4. APPETITE/EATING: not shown
5. SELF-WORTH/GUILT: not shown
6. CONCENTRATION/THINKING: The Hindi text ""मेरा दिमाग खराब हो रहा है"" directly translates to ""My mind is getting messed up,"" suggesting confusion or cognitive difficulty.
7. SLEEP: not shown

CONTEXT: This is a meme using a stark, high-contrast graphic and text to express a feeling of mental overwhelm or distress."
TE-264.jpg,UNIVERSAL_HUMAN,"[0,0,0,0,0,0,0]","[0,0,0,0,0,0,0]","1. MOOD/EMOTIONAL STATE: The receiver expresses pity (""तरस""), suggesting the sender is perceived as being in a negative or pitiable state.

2. MOTIVATION/INTEREST: not shown

3. SELF-HARM/DEATH THOUGHTS: not shown

4. APPETITE/EATING: not shown

5. SELF-WORTH/GUILT: The receiver's statement of feeling pity implies the sender is in a lowly or unfortunate position, which could reflect on the sender's sense of self-worth.

6. CONCENTRATION/THINKING: not shown

7. SLEEP: not shown

CONTEXT: This is a screenshot of a text conversation, likely used as a meme to depict a brutal or unexpected rejection."
TE-265.jpg,UNIVERSAL_HUMAN,"[0,0,0,0,1,0,0]","[0,0,0,0,0,0,0]",1. MOOD/EMOTIONAL STATE: The woman character maintains a cheerful
TE-266.jpg,UNIVERSAL_HUMAN,"[0,0,0,0,1,0,0]","[0,0,0,0,1,0,0]","1. MOOD/EMOTIONAL STATE: The character labeled ""मैं"" (Me) appears angry and aggressive in the first panel, attempting to attack ""anxiety"". The outcome suggests frustration or self-defeat as the attack backfires.

2. MOTIVATION/INTEREST: not shown

3. EXISTENTIAL/EMOTIONAL INTENSITY: The image visually depicts a self-defeating scenario where the attempt to combat ""anxiety"" results in harming ""self esteem"", indicating an internal struggle with negative consequences for the self.

4. APPETITE/EATING: not shown

5. SELF-WORTH/GUILT: The character representing ""मेरा self esteem"" (My self esteem) is struck in the face by the object thrown by ""मैं"" (Me), visually representing a direct negative impact on or damage to self-worth.

6. CONCENTRATION/THINKING: not shown

7. SLEEP: not shown

CONTEXT: This is a meme using a Tintin comic strip template to illustrate the counterproductive nature of trying to fight anxiety, which inadvertently damages self-esteem."
TE-267.jpg,UNIVERSAL_HUMAN,"[0,1,0,0,0,0,0]","[0,0,0,0,0,0,0]","1. MOOD/EMOTIONAL STATE: The image expresses distress, panic, and dread, indicated by the character's wide-eyed, open-mouthed expression and clutching of the head, amplified by the motion blur.
2. MOTIVATION/INTEREST: The text indicates a strong lack of interest and motivation to engage in the specific social activity of meeting relatives.
3. SELF-HARM/DEATH THOUGHTS: not shown
4. APPETITE/EATING: not shown
5. SELF-WORTH/GUILT: not shown
6. CONCENTRATION/THINKING: not shown
7. SLEEP: not shown

CONTEXT: This is a reaction meme using an anime character to humorously express social anxiety or dread about an upcoming family gathering."
TE-269.jpg,UNIVERSAL_HUMAN,"[1,0,1,0,0,0,0]","[0,0,0,0,0,0,0]",1. MOOD/EMOTIONAL STATE: The text explicitly states the
TE-27.jpg,UNIVERSAL_HUMAN,"[1,0,0,0,0,0,0]","[0,0,0,0,0,0,0]",1. MOOD/EM
TE-270.jpg,UNIVERSAL_HUMAN,"[0,0,0,0,0,1,0]","[0,0,0,0,0,0,0]","1. MOOD/EMOTIONAL STATE: The person has a distressed and worried expression. The text expresses anxiety and a feeling of mental instability.

2. MOTIVATION/INTEREST: not shown

3. SELF-HARM/DEATH THOUGHTS: not shown

4. APPETITE/EATING: not shown

5. SELF-WORTH/GUILT: not shown

6. CONCENTRATION/THINKING: The text ""मुझे लग रहा है मेरा दिमाग खराब हो रहा है"" (I feel like my mind is going bad) directly suggests confusion or a loss of clear thinking.

7. SLEEP: not shown

CONTEXT: This is a black and white reaction image, likely from a TV drama, used to express a feeling of mental distress or cognitive decline."
TE-271.jpg,UNIVERSAL_HUMAN,"[0,0,1,0,0,0,0]","[1,1,1,0,0,0,0]","1. **MOOD/EMOTIONAL STATE:** The meme expresses a dark, cynical, or hopeless outlook, using humor to mask underlying distress or a desire for non-existence. The heart-eyes emoji adds a layer of irony to the morbid statement.
2. **MOTIVATION/INTEREST:** The meme suggests a complete lack of future-oriented motivation or interest, as the person envisions themselves dead rather than achieving anything.
3. **SELF-HARM/DEATH THOUGHTS:** The meme directly references death, with the text on the tombstone translating to ""Died 5 years ago,"" indicating thoughts about not being alive in the future.
4. **APPETITE/EATING:** not shown
5. **SELF-WORTH/GUILT:** While not explicitly stated, the desire to be dead could imply a sense of worthlessness or a feeling that one's life has no value.
6. **CONCENTRATION/THINKING:** not shown
7. **SLEEP:** not shown

**CONTEXT:** This is a dark humor meme that subverts the common interview question ""Where do you see yourself in 5 years?"" with a morbid and self-deprecating punchline."
TE-272.jpg,UNIVERSAL_HUMAN,"[0,0,0,0,0,0,1]","[0,0,0,0,0,0,0]","CONTEXT: This is a reaction meme using a screenshot from the animated series *Adventure Time* overlaid with Hindi text to express a relatable feeling of weariness.

1. MOOD/EMOTIONAL STATE: The characters display sadness and dejection through their downturned mouths and hunched posture. The overall atmosphere is one of weariness and low energy.

2. MOTIVATION/INTEREST: The text indicates a complete lack of motivation for activity, as the speaker states they ""just want to sleep"" to the exclusion of anything else.

3. SELF-HARM/DEATH THOUGHTS: not shown"
TE-274.jpg,UNIVERSAL_HUMAN,"[0,0,0,0,0,0,0]","[0,0,0,0,0,0,0]","1. MOOD/EMOTIONAL STATE: The text expresses dismay and disappointment upon realizing one is alive, indicating hopelessness or anguish.
2. MOTIVATION/INTEREST: The negative reaction to existence implies a complete lack of interest or motivation for life.
3. SELF-HARM/DEATH THOUGHTS: The statement ""I am alive. Shit."" indicates a preference for not existing, which is a passive form of death thought.
4. APPETITE/EATING: not shown
5. SELF-WORTH/GUILT: not shown
6. CONCENTRATION/THINKING: not shown
7. SLEEP: not shown

CONTEXT: This is a minimalist text meme using a dark background to convey a nihilistic or depressive sentiment, typical of ""doomer"" internet humor."
TE-277.jpg,UNIVERSAL_HUMAN,"[0,0,0,1,0,0,0]","[0,0,0,0,0,0,0]","1. MOOD/EMOTIONAL STATE: The text expresses a wish for supportive partners, implying vulnerability and potential distress related to food and body image. The tone is one of prayer or a heartfelt wish for understanding.
2. MOTIVATION/INTEREST: not shown
3. SELF-HARM/DEATH THOUGHTS: not shown
4. APPETITE/EATING: The meme explicitly mentions a ""relationship with food"" and ""safe foods,"" suggesting a complex or potentially disordered eating pattern where certain foods provide comfort or security.
5. SELF-WORTH/GUILT: The text mentions negative comments on the body, indicating that the person's self-worth may be impacted by body image and external criticism.
6. CONCENTRATION/THINKING: not shown
7. SLEEP: not shown

CONTEXT: This is a meme using a stock photo and text to express a specific wish for supportive relationships, particularly concerning issues with food and body image."
TE-278.jpg,UNIVERSAL_HUMAN,"[1,0,0,0,0,1,0]","[0,0,0,0,0,0,0]","CONTEXT: This image uses a classic Peanuts cartoon panel featuring the character Sally Brown, overlaid with"
TE-28.jpg,UNIVERSAL_HUMAN,"[0,0,0,0,0,0,0]","[0,0,0,0,0,0,0]","1. MOOD/EMOTIONAL STATE: The cat has edited, teary eyes, expressing sadness, crying, and distress.

2. MOTIVATION/INTEREST: not shown

3. SELF-HARM/DEATH THOUGHTS: not shown

4. APPETITE/EATING: The cat is on a scale and the display reads ""buffalo"" (implying overweight), indirectly referencing eating habits or weight issues.

5. SELF-WORTH/GUILT: The cat's sad expression upon being weighed and called a ""buffalo"" suggests feelings of shame or low self-worth related to its weight.

6. CONCENTRATION/THINKING: not shown

7. SLEEP: not shown

CONTEXT: This is a ""crying cat"" meme, a popular format using sad cat faces to express relatable distress, here humorously applied to the experience of being weighed."
TE-280.jpg,UNIVERSAL_HUMAN,"[0,0,0,0,0,0,0]","[1,0,1,0,0,0,0]","1. MOOD/EMOTIONAL STATE: The text explicitly mentions the emotion of ""sorrow"" or ""grief"" (ग़म).

2. MOTIVATION/INTEREST: not shown

3. SELF-HARM/DEATH THOUGHTS: The text mentions ""leaving the world"" (दुनिया छोड़ना), a reference to death, and expresses a desire not to die while feeling sorrow.

4. APPETITE/EATING: not shown

5. SELF-WORTH/GUILT: not shown

6. CONCENTRATION/THINKING: not shown

7. SLEEP: not shown

CONTEXT: This is a minimalist image macro with Hindi text, likely shared on social media to express a poignant thought about death and sadness."
TE-281.jpg,UNIVERSAL_HUMAN,"[1,0,0,0,1,0,0]","[0,0,0,0,0,0,0]","1. MOOD/EMOTIONAL STATE: The central character initially appears sad and contemplative upon seeing the message, while the other characters show dismissiveness and annoyance, leading to a chaotic ending.

2. MOTIVATION/INTEREST: The message on the cake, ""You are ruining your life,"" suggests a lack of progress or motivation, which the central"
TE-282.jpg,UNIVERSAL_HUMAN,"[1,1,0,0,0,0,0]","[1,0,0,0,0,0,0]","1. MOOD/EMOTIONAL STATE: The character appears outwardly enthusiastic about ""trying luck,"" but the inevitable negative outcome suggests an underlying feeling of hopelessness or resignation to"
TE-283.jpg,UNIVERSAL_HUMAN,"[0,0,0,0,0,0,1]","[0,0,0,0,0,0,0]","1. MOOD/EMOTIONAL STATE: The text expresses frustration and exhaustion (""Oh my brain!"", ""i need to sleep""), and the Minion character has a tired, weary expression.

2. MOTIVATION/INTEREST: not shown

3. SELF-HARM/DEATH THOUGHTS: not shown

4. APPETITE/EATING: not shown

5. SELF-WORTH/GUILT: not shown

6. CONCENTRATION/THINKING: The text explicitly mentions ""thinking so much,"" indicating an overactive mind or racing thoughts that are difficult to control.

7. SLEEP: The meme directly addresses sleep difficulties, stating the person is ""thinking so much at night"" and needs to sleep, suggesting insomnia or trouble falling asleep.

CONTEXT: This is a ""Minion meme,"" a common format used on social media to share relatable, often humorous, observations about daily life and struggles."
TE-284.jpg,UNIVERSAL_HUMAN,"[0,0,0,0,0,0,1]","[0,0,0,0,0,0,0]","1. MOOD/EMOTIONAL STATE: The person is asleep with a neutral, relaxed expression. No specific emotional state is actively expressed.

2. MOTIVATION/INTEREST: Not shown.

3. EXISTENTIAL/EMOTIONAL INTENSITY: Not shown.

4. APPETITE/EATING: Not shown.

5. SELF-WORTH/GUILT: Not shown.

6. CONCENTRATION/THINKING: Not shown.

7. SLEEP: The image directly"
TE-286.jpg,UNIVERSAL_HUMAN,"[0,0,0,0,1,0,0]","[1,0,0,0,1,0,0]","1. MOOD/EMOTIONAL STATE: The text expresses hopelessness and despair, stating that attempts to improve things only make them worse. The visual shows a person in a somber, contemplative pose.

2. MOTIVATION/INTEREST: The text indicates a desire to ""get better,"" but this motivation is met with failure, suggesting a sense of futility.

3. SELF-HARM/DEATH THOUGHTS: not shown

4. APPETITE/EATING: not shown

5. SELF-WORTH/GUILT: The text implies a feeling of personal failure or inability to improve one's situation despite trying.

6. CONCENTRATION/THINKING: not shown

7. SLEEP: not shown

CONTEXT: This is a ""sad meme"" format using a somber image and Hindi text to express feelings of hopelessness and the struggle with mental health."
TE-288.jpg,UNIVERSAL_HUMAN,"[0,0,0,0,0,0,0]","[0,0,0,0,0,0,0]","1. MOOD/EMOTIONAL STATE: The text explicitly states that ""tension"" has"
TE-289.jpg,UNIVERSAL_HUMAN,"[0,0,0,0,1,0,0]","[0,0,0,0,0,0,0]","1. MOOD/EMOTIONAL STATE: The text expresses intense hostility and anger (""Go to hell, you bastard""). Visually, this is contrasted with a calm, smiling expression"
TE-29.jpg,UNIVERSAL_HUMAN,"[1,0,0,0,1,0,0]","[1,1,0,0,1,0,0]","1. MOOD/EMOTIONAL STATE: The image shows a person in a posture of despair, and the text explicitly mentions being ""depressed,"" conveying sadness and a sense of inadequacy.

2. MOTIVATION/INTEREST: The text indicates a lack of ability or motivation to create ""good memes,"" suggesting a feeling of being uncreative or blocked.

3. SELF-HARM/DEATH THOUGHTS: not shown

4. APPETITE/EATING: not shown

5. SELF-WORTH/GUILT: The person expresses a feeling of worthlessness or inadequacy about their meme-making skills, labeling it a ""bitter truth.""

6. CONCENTRATION/THINKING: not shown

7. SLEEP: not shown

CONTEXT: This is a self-deprecating meme using a melancholic image to humorously comment on the perceived connection between depression and creativity."
TE-290.jpg,UNIVERSAL_HUMAN,"[1,0,1,0,0,0,0]","[0,0,0,0,0,0,0]","1. MOOD/EMOTIONAL STATE: The image expresses a morbid and grim emotional state through the juxtaposition of a pink background with a skeleton and text about death.

2. MOTIVATION/INTEREST: not shown

3. SELF-HARM/"
TE-292.jpg,UNIVERSAL_HUMAN,"[0,1,0,0,0,1,0]","[0,1,0,0,0,0,0]","1. MOOD/EMOTIONAL STATE: The person's expressions shift from neutral to a grimace of distaste or boredom.

2. MOTIVATION/INTEREST: The meme indicates a loss of interest or enjoyment in gaming, which has become tedious after being done for the ""10th time in a day.""

3. SELF-HARM/DEATH THOUGHTS: not shown

4. APPETITE/EATING: not shown

5. SELF-WORTH/GUILT: not shown

6. CONCENTRATION/THINKING: not shown

7. SLEEP: not shown

CONTEXT: This is a four-panel reaction meme using a K-pop idol's expressions to illustrate the boredom and repetition of activities during a lockdown."
TE-293.jpg,UNIVERSAL_HUMAN,"[0,0,0,0,0,1,0]","[0,0,0,0,0,0,0]","1. MOOD/EMOTIONAL STATE: The text ""मेरा दिमाग फट रहा है"" (My brain is exploding) and the fragmented, red-toned imagery express intense mental anguish, overwhelm, and distress. The skull head adds a morbid or deathly quality to the emotion.

2. MOTIVATION/INTEREST: The figure is slumped face-down over a book, suggesting an inability to engage with the activity due to being mentally overwhelmed.

3. SELF-HARM/DEATH THOUGHTS: The skull head is a symbol of death, which could imply morbid thoughts or a feeling of being mentally ""dead,"" though it's not a direct statement of self-harm.

4. APPETITE/EATING: not shown

5. SELF-WORTH/GUILT: not shown

6. CONCENTRATION/THINKING: The phrase ""My brain is exploding"" directly indicates extreme cognitive overload, an inability to think clearly, or severe mental pressure.

7. SLEEP: not shown

CONTEXT: This meme uses dark, surreal artwork and Hindi text to express a feeling of intense mental overwhelm or distress."
TE-295.jpg,UNIVERSAL_HUMAN,"[1,0,0,0,1,0,1]","[0,0,0,0,0,0,0]","1. MOOD/EMOTIONAL STATE: The person expresses a lack of enjoyment (""मज़ा ही नहीं आता"") and states they are tired (""मैं थक गया हूँ""), indicating sadness or flat affect.

2. MOTIVATION/INTEREST: There is a clear loss of interest in previously enjoyed activities, as the person says they no longer play games because they don't enjoy them.

3. EXISTENTIAL/EMOTIONAL INTENSITY: The statement ""मैं थक गया हूँ पापा"" (I am tired, Papa) conveys a sense of deep weariness with their current routine.

4. APPETITE/EATING: not shown

5. SELF-WORTH/GUILT: not shown

6. CONCENTRATION/THINKING: The person describes sitting for hours and scrolling through their phone ""बिना सोचे-समझे"" (without thinking), suggesting a lack of focus or mindless activity.

7. SLEEP: The mention of this behavior happening ""हर रात"" (every night) implies a disruption to the normal nighttime routine and likely sleep patterns.

CONTEXT: This is a variation of the popular ""Are ya winning, son?"" meme format, altered with Hindi text to depict a depressive state."
TE-297.jpg,UNIVERSAL_HUMAN,"[0,0,0,0,1,0,0]","[0,0,0,0,0,0,0]","1. MOOD/EMOTIONAL STATE: The image shows a dog with an extremely happy and excited expression. The overall tone of the meme is humorous and lighthearted.

2. MOTIVATION/INTEREST: The text mentions entering the new year ""without having achieved anything,"" which humorously implies a lack of past productivity or motivation.

3. SELF-HARM/DEATH THOUGHTS: not shown

4. APPETITE/EATING: not shown

5. SELF-WORTH/GUILT: The text humorously acknowledges a lack of accomplishment, but it does not express serious feelings of worthlessness or excessive guilt.

6. CONCENTRATION/THINKING: not shown

7. SLEEP: not shown

CONTEXT: This is a humorous meme using a cheerful dog photo and a Hindi caption to make a relatable, self-deprecating joke about underachievement upon entering a new year."
TE-298.jpg,UNIVERSAL_HUMAN,"[0,0,0,0,0,0,1]","[1,0,0,0,0,0,1]","CONTEXT: This is a Bitmoji-style meme using Hindi text to express a common struggle with daily fatigue and nighttime insomnia.

1. MOOD/EMOTIONAL STATE: The character's expression is sad and dejected, and they are sitting hunched in a corner, indicating low mood or weariness"
TE-3.jpg,UNIVERSAL_HUMAN,"[0,0,0,0,0,0,0]","[0,0,0,0,0,0,0]","1. MOOD/EMOTIONAL STATE: The meme expresses pessimism and a sense of hopelessness, where a positive outlook is immediately and mockingly dismissed by anxiety.

2. MOTIVATION/INTEREST: It implies a struggle to maintain motivation or expectation of a good day, as anxiety is depicted as preventing any positive experience.

3. SELF-HARM/DEATH THOUGHTS: not shown

4. APPETITE/EATING: not shown

5. SELF-WORTH/GUILT: not shown

6. CONCENTRATION/THINKING: The meme illustrates intrusive anxious thoughts that interrupt and override a person's attempt at positive thinking.

7. SLEEP: not shown

CONTEXT: This is a relatable internet meme using a dialogue format to humorously depict the common experience of anxiety sabotaging positive expectations."
TE-300.jpg,UNIVERSAL_HUMAN,"[1,0,0,0,0,0,0]","[0,0,0,0,0,0,0]","1. MOOD/EMOTIONAL STATE: The character in the image displays an expression of annoyance, displeasure, or being disgruntled. The text describes a reaction of discomfort or resistance to a therapist's observations.

2. MOTIVATION/INTEREST: not shown

3. SELF-HARM/DEATH THOUGHTS: not shown

4. APPETITE/EATING: not shown

5. SELF-WORTH/GUILT: The text mentions realizing the ""unhealthiness of my ways"" and being shown a ""mirror of my actions,"" which implies a confrontation with personal faults or negative behaviors.

6. CONCENTRATION/THINKING: not shown

7. SLEEP: not shown

CONTEXT: This is a bilingual (English and Hindi) meme using a reaction image of SpongeBob SquareP"
TE-301.jpg,UNIVERSAL_HUMAN,"[0,0,1,0,0,0,0]","[0,0,0,0,0,0,0]",1. MOOD
TE-302.jpg,UNIVERSAL_HUMAN,"[0,0,0,0,0,0,0]","[1,0,1,0,0,0,0]","1. MOOD/EMOTIONAL STATE: The text describes profound emptiness and hopelessness, stating the person felt they had ""died a long time ago"" internally before the physical act of suicide.

2. MOTIVATION/INTEREST: The"
TE-304.jpg,UNIVERSAL_HUMAN,"[0,0,0,0,0,0,0]","[0,0,0,0,0,0,0]","1. MOOD/EMOTIONAL STATE: The quote expresses optimism and a proactive mindset, encouraging resilience and hope regarding the future.

2. MOTIVATION/INTEREST: The text explicitly encourages motivation and action (""trying"") over passivity, suggesting that the unpredictability of the future makes effort worthwhile.

3. SELF-HARM/DEATH THOUGHTS: not shown

4. APPETITE/EATING: not shown

5. SELF-WORTH/GUILT: The quote"
TE-305.jpg,UNIVERSAL_HUMAN,"[1,0,0,0,1,0,0]","[0,0,0,0,0,0,0]","1. MOOD/EMOTIONAL STATE: The meme expresses a cynical or hopeless outlook, suggesting that even at ""rock bottom,"" the person's situation or mood will continue to worsen rather than improve.

2. MOTIVATION/INTEREST: The image of actively digging deeper into a mine implies a lack of motivation to ""go up"" or improve, and instead a resignation to or active participation in making things worse.

3. EXISTENTIAL/EMOTIONAL INTENSITY: The visual metaphor of digging deeper after hitting the bottom depicts a profound sense of hopelessness and a self-destructive trajectory, even if presented humorously.

4. APPETITE/EATING: not shown

5. SELF-WORTH/GUILT: The meme suggests a negative self-perception where the individual believes they are only capable of further decline, not recovery.

6. CONCENTRATION/THINKING: not shown

7. SLEEP: not shown

CONTEXT: This is a Hindi reaction meme that uses an image of a mine to humorously subvert a popular motivational quote about hitting rock bottom."
TE-307.jpg,UNIVERSAL_HUMAN,"[1,0,0,0,1,0,0]","[0,0,0,0,0,0,0]","1. MOOD/EMOTIONAL STATE: The text expresses loneliness and a sense of self-pity regarding the speaker's romantic status (""and then there's me..."").

2. MOTIVATION/INTEREST: not shown

3. SELF-HARM/DEATH THOUGHTS: not shown

4. APPETITE/EATING: not shown"
TE-31.jpg,UNIVERSAL_HUMAN,"[1,0,0,0,0,0,0]","[1,0,0,0,0,0,0]","1. MOOD/EMOTIONAL STATE: The text implies hidden sadness or distress, suggesting a disconnect where an outward smile masks inner turmoil. The somber, blurry visual reinforces a melancholic or unsettled atmosphere.

2. MOTIVATION/INTEREST: not shown

3. EXISTENTIAL/EMOTIONAL INTENSITY: The content highlights the painful emotional experience of feeling forced to hide one's true state"
TE-310.jpg,UNIVERSAL_HUMAN,"[0,1,0,1,0,0,0]","[0,0,0,1,0,0,0]","CONTEXT: This is a standard Minion meme format using Hindi text to humorously address the relatable habit of eating out of boredom.

1. MOOD/EMOTIONAL STATE: The Minion character displays an expression of annoyance or unimpressed boredom. The text expresses frustration directed at the stomach for signaling false hunger.

2. MOTIVATION/INTEREST: The text explicitly identifies boredom (""bore हो रहा है"") as the underlying state leading to the desire to eat.

3. SELF-HARM/DEATH THOUGHTS: Not shown.

4. APPETITE/EATING: The meme focuses entirely on eating habits, distinguishing between actual hunger (""भूखा नहीं है"") and eating as a response to boredom.

5. SELF-WORTH/GUILT: Not shown.

6. CONCENTRATION/THINKING: Not shown.

7. SLEEP: Not shown."
TE-312.jpg,UNIVERSAL_HUMAN,"[0,0,0,0,0,0,0]","[0,0,0,0,0,0,0]","1. MOOD/EMOTIONAL STATE: The image and text express annoyance, confusion, and disbelief at receiving a phone call. Ozzy Osbourne's facial expression is one of bewilderment and slight irritation.

2. MOTIVATION/INTEREST: not shown

3. SELF-HARM/DEATH THOUGHTS: not shown

4. APPETITE/EATING: not shown

5. SELF-WORTH/GUILT: not shown

6. CONCENTRATION/THINKING: not shown

7. SLEEP: not shown

CONTEXT: This is a reaction meme using a still of Ozzy Osbourne to humorously express the common modern preference for texting over phone calls."
TE-314.jpg,UNIVERSAL_HUMAN,"[0,0,0,0,0,0,1]","[0,0,0,0,0,0,0]","1. MOOD/EMOTIONAL STATE: The wide-eyed expression of the tarsier and the text convey a state of shock, surprise, or disbelief.

2. MOTIVATION/INTEREST: not shown

3. SELF-HARM/DEATH THOUGHTS: not shown

4. APPETITE/EATING: not shown

5. SELF-WORTH/GUILT: not shown

6. CONCENTRATION/THINKING: The intense, fixed stare suggests a moment of being stunned or unable to look away.

7. SLEEP: The text ""eyes remained wide open"" and the visual could imply wakefulness or an inability to close one's eyes.

CONTEXT: This is a reaction meme using an animal's exaggerated features to humorously express shock or disbelief."
TE-315.jpg,UNIVERSAL_HUMAN,"[0,0,0,0,0,0,0]","[1,1,1,0,0,0,0]","Based on the image provided, here is the analysis for each area:

1.  **MOOD/EMOTIONAL STATE:** The text explicitly mentions ""Depression"" and describes a feeling of being ""scared"" about having to live, indicating deep sadness, hopelessness, and dread.

2.  **MOTIVATION/INTEREST:** The fear of having to live suggests a profound loss of interest in life and a lack of motivation to face the day.

3.  **EXISTENTIAL/EMOTIONAL INTENSITY:** The phrase ""scared that you will have to live"" depicts extreme hopelessness and a strong wish to withdraw from life.

4.  **APPETITE/EATING:** not shown

5.  **SELF-WORTH/GUILT:** not shown

6.  **CONCENTRATION/THINKING:** not shown

7.  **SLEEP:** The text describes the dread felt upon waking up in the morning (""एक सुबह उठते हो""), connecting the negative emotional state to the start of the day.

**CONTEXT:** This is an image with Hindi text overlaid on a blurry background, likely used as a meme or social media post to articulate the experience of depression."
TE-317.jpg,UNIVERSAL_HUMAN,"[0,1,0,0,0,0,0]","[0,0,0,0,0,0,0]","1. MOOD/EMOTIONAL STATE: The image expresses intense longing, jealousy, and dramatic despair at missing out on something desirable. The cat's facial expression conveys a pained yearning while looking out a window.

2. MOTIVATION/INTEREST: The text indicates a strong desire to travel to popular destinations (Goa/Ladakh), showing a high interest in pleasurable activities, but an inability to participate in them currently.

3. SELF-HARM/DEATH THOUGHTS: not shown

4. APPETITE/EATING: not shown

5. SELF-WORTH/GUILT: not shown

6. CONCENTRATION/THINKING: not shown

7. SLEEP: not shown

CONTEXT: This is an Indian internet meme using a dramatic cat reaction image to humorously express FOMO (fear of missing out) when seeing others travel to popular vacation spots"
TE-318.jpg,UNIVERSAL_HUMAN,"[0,0,0,1,0,0,0]","[0,0,0,0,0,0,0]","1. MOOD/EMOTIONAL STATE: The meme format suggests humor or sarcasm, but the text implies frustration or resignation about cancelled appointments leading to a questioning of behavior.

2. MOTIVATION/INTEREST: not shown

3. EXISTENTIAL/EMOTIONAL INTENSITY: The text considers continuing to ""stay hungry"" as a sign, which touches on potentially harmful behavior, but doesn't express extreme hopelessness or a wish to die.

4. APPETITE/EATING: The text explicitly questions whether to ""continue to stay hungry"" (""भूखा रहना जारी रखूँ"") due to the dietician cancelling appointments, indicating a direct reference to restrictive eating or appetite.

5. SELF-WORTH/GUILT: not shown

6. CONCENTRATION/THINKING: The image depicts a questioning thought process interpreting an external event (cancelled appointments) as a ""sign.""

7. SLEEP: not shown

CONTEXT: This is a meme based on the ""Is this a pigeon?"" template, using Hindi text to humorously question if cancelled dietician appointments are a sign to keep starving."
TE-319.jpg,UNIVERSAL_HUMAN,"[0,0,0,0,0,1,0]","[0,0,0,0,0,0,0]","1. MOOD/EMOTIONAL STATE: The person is shown with their head in their hands, suggesting distress or frustration. The text explicitly mentions fear (""डर""), anxiety, and worry (""चिंता"").

2. MOTIVATION/INTEREST: The text discusses the feeling of ""low motivation"" and being hindered from ""moving forward"" (""आगे बढ़ने से रोक रही हो"").

3. SELF-HARM/DEATH THOUGHTS: not shown

4. APPETITE/EATING: not shown

5. SELF-WORTH/GUILT: not shown

6. CONCENTRATION/THINKING: The text explicitly identifies ""overthinking"" as a barrier to progress.

7. SLEEP: not shown

CONTEXT: This is an informational meme using a relatable image of stress to offer a"
TE-320.jpg,UNIVERSAL_HUMAN,"[0,0,0,0,0,0,0]","[0,0,0,0,0,0,0]","1. MOOD/EMOTIONAL STATE: The man's expression is one of distress, frustration, or reluctance as he reaches for the alarm clock.
2. MOTIVATION/INTEREST: not shown
3. SELF-HARM/DEATH THOUGHTS: not shown
4. APPETITE/EATING: not shown
5. SELF-WORTH/GUILT: not shown
6. CONCENTRATION/THINKING: not shown
7. SLEEP: The image shows a man waking up to an alarm clock set for just after 6:00 AM, suggesting an early wake-up call.

CONTEXT: This is a stock photo often used in memes to illustrate the difficulty of waking up early or the feeling of being tired."
TE-321.jpg,UNIVERSAL_HUMAN,"[1,0,1,0,1,0,0]","[1,1,1,0,1,0,0]","1. MOOD/EMOTIONAL STATE: The text explicitly states the person is ""depressed"" and that others are ""disappointed,"" while the visual shows a sad bear in a noose, indicating extreme sadness and hopelessness.

2. MOTIVATION/INTEREST: The text mentions the person ""cannot work"" due to their depression, indicating a significant loss of motivation and functional impairment.

3. EXISTENTIAL/EMOTIONAL INTENSITY: The image visually depicts a noose around the character's neck, a direct reference to suicide or self-harm, accompanied by text about disappointing everyone.

4. APPETITE/EATING: Not shown.

5. SELF-WORTH/GUILT: The text describes a fall from being a trusted ""topper"" to someone who has disappointed everyone, implying deep feelings of failure, worthlessness, and guilt.

6. CONCENTRATION/THINKING: Not shown.

7. SLEEP: Not shown.

CONTEXT: This is a meme using a cartoon character and Hindi text to express the severe mental health toll of high academic and familial expectations."
TE-322.jpg,UNIVERSAL_HUMAN,"[0,0,1,0,0,0,0]","[1,1,1,0,0,0,0]","1. MOOD/EMOTIONAL STATE: The text explicitly expresses deep hopelessness and emptiness by stating there is no point in living anymore. The somber black and white visual enhances this melancholic affect.

2. MOTIVATION/INTEREST: The statement that life has no meaning indicates a profound lack of motivation and a total loss of interest in continuing existence.

3. SELF-HARM/"
TE-324.jpg,UNIVERSAL_HUMAN,"[1,0,1,0,0,0,0]","[0,0,0,0,0,0,0]",1
TE-325.jpg,UNIVERSAL_HUMAN,"[0,0,0,1,0,0,0]","[0,0,0,0,0,0,0]",CONTEXT: This is a four
TE-327.jpg,UNIVERSAL_HUMAN,"[0,0,0,0,0,0,1]","[0,0,0,0,0,0,1]","1. MOOD/EMOTIONAL STATE: The text implies a longing for a lost sense of peace and suggests a current state of unrest or weariness.

2. MOTIVATION/INTEREST: not shown

3. SELF-HARM/DEATH THOUGHTS: not shown

4. APPETITE/EATING: not shown

5. SELF-WORTH/GUILT: not shown

6. CONCENTRATION/THINKING: not shown

7. SLEEP: The meme explicitly mentions sleep, stating that the last time the person had a ""peaceful sleep"" was before birth, implying current sleep is not peaceful.

CONTEXT: This is a relatable internet meme using hyperbole to express the common sentiment of adult exhaustion or stress."
TE-330.jpg,UNIVERSAL_HUMAN,"[0,0,1,0,0,0,0]","[0,0,0,0,0,0,0]","1. MOOD/EMOTIONAL STATE: The text implies underlying distress or hopelessness by presenting suicide as an alternative option to the current activity. The visual shows a smiling man, creating an ironic contrast to the dark subject matter of the text.

2. MOTIVATION/INTEREST: The text suggests that the person is engaging in passive entertainment (watching memes) as"
TE-332.jpg,UNIVERSAL_HUMAN,"[0,0,0,0,0,0,1]","[0,0,0,0,0,0,0]","1. MOOD/EMOTIONAL STATE: The visual illustration shows a person slumped over with their face buried in their arms, expressing deep exhaustion, despair, or crying.

2. MOTIVATION/INTEREST: Not shown.

3. SELF-HARM/DEATH THOUGHTS: Not shown.

4. APPETITE/EATING: Not shown.

5. SELF-WORTH/GUILT: Not shown.

6. CONCENTRATION/THINKING: Not shown.

7. SLEEP: The text explicitly states the person has a ""sleeping disorder"" caused by their children, indicating severe sleep disruption and fatigue.

CONTEXT: This is a ""someecards"" meme using vintage clip art and humorous Hindi text to relate the common parental experience of exhaustion due to children."
TE-334.jpg,UNIVERSAL_HUMAN,"[0,0,0,0,0,1,0]","[0,0,0,0,0,0,0]",CONTEXT: This is a Hinglish (Hindi mixed
TE-335.jpg,UNIVERSAL_HUMAN,"[0,0,0,0,0,0,1]","[0,0,0,0,0,0,0]","CONTEXT: This is a reaction meme using a still of Michael Scott from *The Office* combined with Hindi text to humorously express a relatable struggle with nighttime anxiety.

1. MOOD/EMOTIONAL STATE: The person's facial expression is weary and distressed with a flat affect. The text explicitly states they spent hours in ""anxiety.""

2. MOTIVATION/INTEREST: not shown

3. SELF-HARM/DEATH THOUGHTS: not shown

4. APPETITE/EATING: not shown

5. SELF-WORTH/GUILT: not shown

6. CONCENTRATION/THINKING: not shown

7. SLEEP: The text explicitly mentions disrupted sleep"
TE-337.jpg,UNIVERSAL_HUMAN,"[1,0,1,0,0,0,0]","[1,0,0,0,0,0,0]","1. MOOD/EMOTIONAL STATE: The text explicitly states the person is dealing with ""depression"
TE-338.jpg,UNIVERSAL_HUMAN,"[1,0,1,0,0,0,1]","[1,0,1,0,0,0,1]","1. MOOD/EMOTIONAL STATE: The image explicitly lists hidden states of ""Depression,"" ""Anxiety attacks,"" ""Uncontrollable crying,"" and ""Crying all night.""

2. MOTIVATION/INTEREST: not shown

3. EXISTENTIAL/EMOTIONAL INTENSITY: The content includes specific text labels for ""Suicidal thoughts"""
TE-339.jpg,UNIVERSAL_HUMAN,"[1,0,0,0,0,0,0]","[1,1,0,0,0,0,0]","1. MOOD/EMOTIONAL STATE: The character maintains a flat affect throughout all panels, and the repetitive thought of wanting to go home, ending with a wish to ""just be happy,"" suggests a persistent state of unhappiness, weariness, or discontent.

2. MOTIVATION/INTEREST: The constant desire to ""go home"" while engaged in various daily activities implies a lack of interest or engagement in the present moment and a general sense of dissatisfaction with life.

3. EXISTENTIAL/EMOTIONAL INTENSITY: The final panel's thought, ""मुझे बस खुश रहना है"" (I just want to be happy), expresses a deep-seated longing for happiness, highlighting a significant emotional void or weariness with the current state of being.

4. APPETITE/EATING: not shown

5. SELF-WORTH/GUILT: not shown

6. CONCENTRATION/THINKING: not shown

7. SLEEP: not shown

CONTEXT: This is a four-panel comic strip using a simple art style to convey a relatable feeling of persistent dissatisfaction and a longing for happiness."
TE-340.jpg,UNIVERSAL_HUMAN,"[0,0,0,0,0,0,0]","[0,0,0,0,0,0,0]","1. MOOD/EMOTIONAL STATE: The text expresses a stark contrast between happiness in a dream state and the implied disappointment or sadness of waking up to reality.

2. MOTIVATION/INTEREST: not shown

3. SELF-HARM/DEATH THOUGHTS: not shown

4. APPETITE/EATING: not shown

5. SELF-WORTH/GUILT: not shown

6. CONCENTRATION/THINKING: not shown

7. SLEEP: The meme explicitly mentions waking up from a happy state, implying that sleep or dreaming is preferable to being awake.

CONTEXT: This is a simple text-based meme using a common trope of contrasting a pleasant dream with the disappointment of waking up to reality."
TE-341.jpg,UNIVERSAL_HUMAN,"[0,0,1,0,0,0,0]","[0,0,0,0,0,0,0]","1. MOOD/EMOTIONAL STATE: The text describes the behavior as an ""addiction"" that doesn't require a ""reason,"" suggesting emptiness or hopelessness. The visual evidence of self-harm indicates anguish.

2. MOTIVATION/INTEREST: The statement ""I don't need any reason"" may imply a lack of motivation or interest in finding other coping mechanisms.

3. SELF-HARM/DEATH THOUGHTS: The image clearly shows numerous cuts and scars"
TE-344.jpg,UNIVERSAL_HUMAN,"[0,0,0,1,0,0,0]","[1,0,0,1,0,0,0]","1. MOOD/EMOTIONAL STATE: The meme depicts a sudden and violent shift from a hopeful state (""thinking that I am getting better"") to one of shock or distress, represented by the train crash.
2. MOTIVATION/INTEREST: not shown
3. SELF-HARM/DEATH THOUGHTS: not shown
4. APPETITE/EATING: The text explicitly mentions ""Gaining weight,"" which is a physical change.
5. SELF-WORTH/GUILT: not shown
6."
TE-345.jpg,UNIVERSAL_HUMAN,"[1,0,1,0,0,1,0]","[0,0,0,0,0,0,0]","1. MOOD/EMOTIONAL STATE: The person is shown in the act of jumping off a bridge, a high-intensity action. No specific facial emotion is clearly visible.

2. MOTIVATION/INTEREST: The text and image together suggest a motivation to follow friends, even into a dangerous situation (""jumping into a well"").

3. EXISTENTIAL/EMOTIONAL INTENSITY: The image visually depicts a person jumping from a bridge, and the text references ""jumping into a well,"" which are actions associated with significant danger or self-harm.

4. APPETITE/EATING: Not shown.

5. SELF-WORTH/GUILT: Not shown.

6. CONCENTRATION/THINKING: Not shown.

7. SLEEP: Not shown.

CONTEXT: This is a meme using a common Hindi phrase about peer pressure (""If your friends jump into a well..."") and a reaction image of someone jumping."
TE-347.jpg,UNIVERSAL_HUMAN,"[1,0,0,0,0,0,0]","[0,0,0,0,0,0,0]","1. MOOD/EMOTIONAL STATE: The anime girl is depicted crying and hiding, expressing fear, distress, and anguish.
2. MOTIVATION/INTEREST: not shown
3. SELF-HARM/DEATH THOUGHTS: not shown
4. APPETITE/EATING: The text mentions ""टिंडा"" (Tinda), a vegetable, implying a strong dislike or aversion to eating it.
5. SELF-WORTH/GUILT: not shown
6. CONCENTRATION/THINKING: not shown
7. SLEEP: not shown

CONTEXT: This is a humorous meme using a well-known template to express disbelief and fear towards people who enjoy eating the vegetable Tinda."
TE-348.jpg,UNIVERSAL_HUMAN,"[1,0,1,0,0,0,0]","[1,0,1,0,0,0,0]","1. MOOD/EMOTIONAL STATE: The image shows a smiling anime character, but the text on the mouth (""मरना है"" meaning ""want to die"") indicates a hidden, severe emotional distress and suicidal ideation.

2. MOTIVATION/INTEREST: not shown

3. EXISTENTIAL/EMOTIONAL INTENSITY: The text ""मरना है"" (want to die) is a direct reference to a wish to withdraw from life and harm oneself.

4. APPETITE/EATING: not shown

5. SELF-WORTH/GUILT: not shown

6. CONCENTRATION/THINKING: not shown

7. SLEEP: not shown

CONTEXT: This is a meme using an anime template and Hindi text to illustrate the phenomenon of hiding suicidal thoughts behind a cheerful exterior."
TE-35.jpg,UNIVERSAL_HUMAN,"[0,0,0,0,1,0,0]","[0,0,0,0,0,0,0]",1. MOOD/EMOTIONAL STATE: The stick figure maintains a flat
TE-350.jpg,UNIVERSAL_HUMAN,"[0,0,0,0,0,0,1]","[0,0,0,0,0,0,0]","CONTEXT: This is a humorous meme using the cartoon character Homer Simpson to celebrate ""World Sleep Day"" with Hindi text wishing for deep sleep.

1. MOOD/EMOTIONAL STATE: The character appears deeply relaxed, peaceful, and content while sleeping.

2. MOTIVATION/INTEREST: Not shown.

3. SELF-HARM/DEATH THOUGHTS: Not shown.

4. APPETITE/EATING: The character is depicted with"
TE-351.jpg,UNIVERSAL_HUMAN,"[0,0,1,0,0,0,0]","[1,0,1,0,1,1,0]","1. MOOD/EMOTIONAL STATE: The image expresses deep hopelessness and anguish through the desolate, foggy visual and text describing intrusive thoughts of death.

2. MOTIVATION/INTEREST: not shown

3. SELF-HARM/DEATH THOUGHTS: The text explicitly states that voices in the person's head are telling them they ""should die,"" indicating suicidal ideation.

4. APPETITE/EATING: not shown

5. SELF-WORTH/GUILT: The internal voices suggesting death imply a severe lack of self-worth or a feeling that the person does not deserve to live.

6. CONCENTRATION/THINKING: The reference to ""voices in my head"" indicates intrusive thoughts that likely disrupt normal thinking processes.

7. SLEEP: not shown

CONTEXT: This"
TE-352.jpg,UNIVERSAL_HUMAN,"[0,0,0,0,0,0,1]","[0,0,0,0,0,0,1]","CONTEXT: This is a humorous meme format using text and a vintage-style illustration to comment on the exhausting nature of parenting.

1. MOOD/EMOTIONAL STATE: The text and the illustration of a person lying face-down in a pillow express exhaustion and weariness.

2. MOTIVATION/INTEREST: Not shown.

3. SELF-HARM/DEATH THOUGHTS: Not shown.

4. APPETITE/EATING: Not shown.

5. SELF-WORTH/GUILT: Not shown.

6. CONCENTRATION/THINKING: Not shown.

7. SLEEP: The text explicitly states the person has a ""sleep disorder"" caused by children, indicating significant fatigue or disrupted sleep."
TE-355.jpg,UNIVERSAL_HUMAN,"[0,0,0,1,1,0,0]","[0,0,0,0,0,0,0]","1. MOOD/EMOTIONAL STATE: The meme shows a transition from happiness and relief to shock, disappointment, and dismay regarding body weight.
2. MOTIVATION/INTEREST: not shown
3. SELF-HARM/DEATH THOUGHTS: not shown
4. APPETITE/EATING: The meme implies significant weight gain (""बहुत फैल गए हो""), which suggests a change in eating habits, though specific behaviors aren't mentioned.
5. SELF-WORTH/GUILT: The app's critical comment about weight gain could imply feelings of guilt or negative self-image.
6. CONCENTRATION/THINKING: not shown
7. SLEEP: not shown

CONTEXT: This is a two-panel reaction meme using the ""Disappointed Black Guy"" format to depict a positive expectation about weight being crushed by a smart scale's app."
TE-356.jpg,UNIVERSAL_HUMAN,"[0,0,0,0,0,0,0]","[1,0,1,0,1,0,0]","1. **MOOD/EMOTIONAL STATE:** The dialogue expresses a sense of hopelessness, defeat, and resignation as the person (""मैं"") initially resists but ultimately gives in to the ""Blade's"" taunts. The overall tone is one of distress and inner conflict.

2. **MOTIVATION/INTEREST:** not shown

3. **EXISTENTIAL/EMOTIONAL INTENSITY:** The content depicts a high level of emotional intensity, with a clear reference to self-harm as the ""Blade"" personifies the urge to cut (""तुझे पता है तू मुझे इस्तेमाल करना चाहती है"", ""तो मुझे इस्तेमाल कर"") and the person eventually agrees (""...ठीक है।"").

4. **APPETITE/EATING:** not shown

5. **SELF-WORTH/GUILT:** The person expresses extremely low self-worth, accepting the ""Blade's"" insults of being ""बदसूरत"" (ugly), ""मोटी"" (fat), and a ""FAILURE"" (""मुझे पता है..."").

6. **CONCENTRATION/THINKING:** not shown

7. **SLEEP:** not shown

**CONTEXT:** This is a text-based dialogue, likely a meme or social media post, that personifies the urge for self-harm as a conversation with a ""Blade""."
TE-357.jpg,UNIVERSAL_HUMAN,"[0,0,0,0,0,0,0]","[1,0,0,0,0,1,0]","1. MOOD/EMOTIONAL STATE: The text states that the person's ""mind is becoming a little messed up,"" indicating distress or a deteriorating mental state. The visual of being submerged underwater contributes to a feeling of being overwhelmed or isolated.

2. MOTIVATION/INTEREST: not shown

3. SELF-HARM/DEATH THOUGHTS: not shown

4. APPETITE/EATING: not shown

5. SELF-WORTH/GUILT: not shown

6. CONCENTRATION/THINKING: The phrase ""mind is becoming a little messed up"" implies confusion, brain fog, or difficulty thinking clearly.

7. SLE"
TE-358.jpg,UNIVERSAL_HUMAN,"[0,1,0,0,0,0,0]","[0,0,0,0,0,0,0]","1. MOOD/EMOTIONAL STATE: The image is humorous and does not express sadness, distress, or negative emotions. The people in the background appear surprised or amused.
2. MOTIVATION/INTEREST: not shown
3. SELF-HARM/DEATH THOUGHTS: not shown
4. APPETITE/EATING: not shown
5. SELF-WORTH/GUILT: not shown
6. CONCENTRATION/THINKING: not shown
7. SLEEP: not shown

CONTEXT: This is a humorous meme using a ""WHO vs. Me"" format to poke fun at the extreme literal interpretation of COVID-19 social distancing guidelines."
TE-359.jpg,UNIVERSAL_HUMAN,"[1,0,0,0,0,0,0]","[0,0,0,0,0,0,0]","1. MOOD/EMOTIONAL STATE: The mustached character expresses anger and shock. The injured character's statement minimizes the severity of depression.

2. MOTIVATION/INTEREST: not shown

3. SELF-HARM/DEATH THOUGHTS: The comic shows a character being shot and another character ordering them to be shot again, which are clear references to violence and death.

4. APPETITE/EATING: not shown

5. SELF-WORTH/GUILT: not shown

6. CONCENTRATION/THINKING: not shown

7"
TE-36.jpg,UNIVERSAL_HUMAN,"[0,0,0,0,0,0,0]","[1,1,0,0,0,0,0]","1. MOOD/EMOTIONAL STATE: The text expresses a realization of profound isolation and loneliness. The tone is self-deprecating and reflects a flat acceptance of a solitary existence that pre-dated the pandemic.

2. MOTIVATION/INTEREST: The statement implies a pre-existing lifestyle lacking in social engagement or external activities, as the pandemic required ""almost zero changes"" to their routine.

3. SELF-HARM/DEATH THOUGHTS: not shown

4. APPETITE/EATING:"
TE-360.jpg,UNIVERSAL_HUMAN,"[0,0,0,0,0,0,0]","[1,1,0,0,0,0,1]","1. MOOD/EMOTIONAL STATE: The text expresses a sense of disbelief and longing for a state of normalcy and well-being, implying that the current emotional state is far from this ideal. It conveys a subtle feeling of hopelessness or resignation about achieving a consistently good mood.

2. MOTIVATION/INTEREST: By presenting a ""good day"" where things go well as something difficult to even imagine, the text suggests a current lack of motivation or a diminished capacity to experience pleasure and engagement in daily activities.

3. SELF-HARM/DEATH THOUGHTS: not shown

4. APPETITE/EATING: not shown

5. SELF-WORTH/GUILT: not shown

6. CONCENTRATION/THINKING: not shown

7. SLEEP: The tweet explicitly mentions sleep, describing the ability to fall asleep immediately and wake up feeling fresh as an unimaginable scenario, which strongly implies the person is currently experiencing sleep difficulties such as insomnia or unrefreshing sleep.

CONTEXT: This is a screenshot of a tweet, a common meme format used to share relatable thoughts and struggles, often with a dark or self-deprecating humor."
TE-361.jpg,UNIVERSAL_HUMAN,"[0,0,1,0,0,0,0]","[0,0,0,0,0,0,0]","1. MOOD/EMOTIONAL STATE: The woman in the image is smiling, and the text describes a humorous, albeit strange, situation, suggesting amusement or mischief.
2. MOTIVATION/INTEREST: The text describes a highly specific and elaborate activity, indicating a strong, if unusual, motivation.
3. SELF-HARM/DEATH THOUGHTS: not shown
4. APPETITE/EATING: not shown
5. SELF-WORTH/GUILT: not shown
6. CONCENTRATION/THINKING: The complex action described implies a focused and clear thought process.
7. SLEEP: not shown

CONTEXT: This is a meme that uses a fake, absurd news headline paired with a smiling reaction image for comedic effect."
TE-363.jpg,UNIVERSAL_HUMAN,"[0,1,0,0,0,0,0]","[0,0,0,0,0,0,0]","1. MOOD/EMOTIONAL STATE: The text explicitly states the person is feeling ""bored"" (बोर). The use of laughing emojis (😆, 😂) suggests a humorous and relatable take on this boredom.

2. MOTIVATION/INTEREST: The meme describes a lack of interest or engaging activity, leading to a cycle of locking and unlocking the phone due to persistent boredom.

3. SELF-HARM/DEATH THOUGHTS: not shown

4. APPETITE/EATING: not shown

5. SELF-WORTH/GUILT: not shown

6. CONCENTRATION/THINKING: The repetitive behavior of locking and unlocking the phone could imply a lack of focus or inability to find something stimulating, but it is not explicitly stated as a thinking difficulty.

7. SLEEP: not shown

CONTEXT: This is a relatable internet meme using Hindi text and emojis to humorously depict the common experience of boredom-induced phone checking."
TE-365.jpg,UNIVERSAL_HUMAN,"[1,1,1,0,0,0,0]","[0,0,0,0,0,0,0]","CONTEXT: This is a dark humor meme using Hindi text over a reaction image to describe a severe decline in mental health and failing coping mechanisms.

1. MOOD/EMOTIONAL STATE: The text describes a state of deep distress and hopelessness, mentioning the need to escape ""reality."" The man's facial expression is a pained grimace, suggesting anguish masked by a forced smile.

2. MOTIVATION/INTEREST:"
TE-366.jpg,UNIVERSAL_HUMAN,"[0,0,0,0,0,1,0]","[1,0,0,0,0,1,0]","1. MOOD/EMOTIONAL STATE: The drawing shows a face that is half-melting and crying, expressing anguish, distress, and a feeling of being overwhelmed or falling apart.

2. MOTIVATION/INTEREST: not shown

3. EXISTENTIAL/EMOTIONAL INTENSITY: The visual of a melting face and the text ""दिमाग का दही"" (curd of the brain) depict a state of extreme mental frustration, confusion, and feeling mentally overwhelmed.

4. APPETITE/EATING: not shown

5. SELF-WORTH/GUILT: not shown

6. CONCENTRATION/THINKING: The Hindi idiom ""दिमाग का दही"" (dimag ka dahi) literally translates to ""curd of the brain,"" which is used to describe a state of intense mental confusion, frustration, or inability to think clearly.

7. SLEEP: not shown

CONTEXT: This is a hand-drawn illustration using a common Hindi idiom to visually and textually represent mental distress and confusion."
TE-368.jpg,UNIVERSAL_HUMAN,"[0,0,1,0,0,0,0]","[1,0,1,0,0,0,0]","CONTEXT: This image is a black and white movie still with Hindi subtitles, used as a meme format to express dark emotions or suicidal ideation.

1. MOOD/EMOTIONAL STATE: The woman in the image has a somber, serious expression, and the text indicates extreme anguish or hopelessness.

2. MOTIVATION/INTEREST: not shown

3. SELF-HARM/DEATH THOUGHTS: The subtitles explicitly express suicidal ideation, with the character responding ""-बस खुद को।"" (Just myself) when asked if she wants to kill someone.

4. APPETITE/EATING"
TE-371.jpg,UNIVERSAL_HUMAN,"[0,0,0,0,0,0,0]","[0,0,0,0,0,0,0]","Based on the provided image, here is the analysis of the text:

1.  **MOOD/EMOTIONAL STATE:** The text expresses a deep yearning for inner peace, quietness of mind, and a centered sense of love. It reflects a contemplative and seeking emotional state.
2.  **MOTIVATION/INTEREST:** The speaker shows a clear motivation to ""quiet my mind"" and focus their thoughts on ""my own peace"" and ""the peace of my love.""
3.  **SELF-HARM/DEATH THOUGHTS:** Not shown.
4.  **APPETITE/EATING:** Not shown.
5.  **SELF-WORTH/GUILT:** Not shown.
6.  **CONCENTRATION/THINKING:** The speaker explicitly states a desire to quiet their mind so their thoughts can ""focus,"" indicating a wish to improve mental clarity and concentration on peace.
7.  **SLEEP:** Not shown.

**CONTEXT:** This is a quote card with a dark wood background, presenting a Hindi translation of a philosophical quote by author Caryll Houselander."
TE-376.jpg,UNIVERSAL_HUMAN,"[0,0,1,0,0,0,0]","[1,1,1,0,1,0,0]","1. MOOD/EMOTIONAL STATE: The text expresses a severe lack of ""will to live,"" indicating hopelessness or emptiness.
2. MOTIVATION/INTEREST: The comparison implies the person's ""will to live"" is extremely small, suggesting a significant loss of interest or motivation in life.
3. SELF-HARM/DEATH THOUGHTS: The text explicitly references a diminished ""will to live,"" which is a thought related to not wanting to exist.
4. APPETITE/EATING: not shown
5. SELF-WORTH/GUILT: The self-deprecating comparison implies a very low value placed on the person's own life or desire to live.
6. CONCENTRATION/THINKING: not shown
7. SLEEP: not shown

CONTEXT: This is a meme using dark humor and a self-deprecating comparison on a t-shirt to express a depressive sentiment."
TE-377.jpg,UNIVERSAL_HUMAN,"[1,0,1,0,1,0,0]","[1,1,1,0,0,0,0]","1. MOOD/EMOTIONAL STATE: The image expresses hopelessness and despair, as the creator's only stated desire is ""to die.""

2. MOTIVATION/INTEREST: The person shows a complete lack of interest in conventional career goals or life itself, contrasting their desire for death with others' aspirations.

3. SELF-HARM/DEATH THOUGHTS: The image explicitly states the desire ""मरना"" (to die), which is a direct reference to suicide or wanting to end one's life.

4. APPETITE/EATING: not shown

5. SELF-WORTH/GUILT: The contrast between the successful careers on the left and the desire to die on the right could imply feelings of inadequacy or worthlessness, though it's not explicitly stated.

6. CONCENTRATION/THINKING: not shown

7. SLEEP: not shown

CONTEXT: This is a dark humor meme using a ""what others want vs. what I want"" comparison format to express suicidal ideation, a common trope in internet ""depression memes."""
TE-38.jpg,UNIVERSAL_HUMAN,"[1,0,0,0,0,0,0]","[0,0,0,0,0,0,0]","1. MOOD/EMOTIONAL STATE: The text implies a struggle to function or stay ""alive,"" suggesting a low or depressed mood. The visual uses the ""Hide the Pain Harold"" meme, whose expression is known for masking distress with a forced smile.

2. MOTIVATION/INTEREST: The text suggests a severe lack of internal drive, indicating that the person is barely being kept going by an external biological factor (a single serotonin molecule).

3. EXISTENTIAL/EMOTIONAL INTENSITY: The phrase ""trying to keep me alive all day"" depicts a significant struggle to maintain daily functioning, suggesting a high degree of emotional weariness or a feeling of just barely holding on.

4. APPETITE/EATING: Not shown.

5. SELF-WORTH/GUILT: Not shown.

6. CONCENTRATION/THINKING: Not shown.

7. SLEEP: Not shown.

CONTEXT: This is a meme using the well-known ""Hide the Pain Harold"" image combined with Hindi text to humorously express the difficulty of daily functioning due to low serotonin."
TE-380.jpg,UNIVERSAL_HUMAN,"[0,0,1,0,0,0,0]","[0,0,0,0,0,0,0]","1. MOOD/EMOTIONAL STATE: The image and text express deep anguish, hopelessness, and a feeling of being ""already dead.""
2. MOTIVATION/INTEREST: The statement ""I am already dead"" suggests a complete lack of motivation or interest in life.
3. SELF-HARM/DEATH THOUGHTS: The image shows visible self-harm scars on an arm, and the text explicitly discusses something taking a life and the feeling of being already dead.
4. APPETITE/EATING: not shown
5. SELF-WORTH/GUILT: The phrase ""I am already dead"" implies a profound sense of worthlessness and hopelessness.
6. CONCENTRATION/THINKING: not shown
7. SLEEP: not shown
CONTEXT: This is a black and white image with Hindi text, likely a social media post or meme expressing severe emotional distress and self-harm."
TE-381.jpg,UNIVERSAL_HUMAN,"[0,0,0,0,0,1,1]","[0,0,0,0,0,0,0]","CONTEXT: This is a panel from ""The Awkward Yeti"" webcomic"
TE-382.jpg,UNIVERSAL_HUMAN,"[0,0,0,0,0,0,0]","[1,0,0,0,0,0,0]","1. MOOD/EMOTIONAL STATE: The text describes crying (""रो पड़ा"") and feeling drained and tired (""draining लग रहा है और मैं थक गया हूँ""). The background text expresses feelings of being trapped"
TE-383.jpg,UNIVERSAL_HUMAN,"[0,0,1,0,1,0,0]","[0,0,0,0,0,0,0]","1. MOOD/EMOTIONAL STATE: The text expresses profound anguish, hopelessness, and a feeling that life is draining away due"
TE-386.jpg,UNIVERSAL_HUMAN,"[0,0,0,0,0,0,1]","[0,0,0,0,0,0,0]","1. MOOD/EMOTIONAL STATE: The person's expression is flat and blank, suggesting a state of numbness, confusion, or delayed processing rather than active sadness.
2. MOTIVATION/INTEREST: not shown
3. SELF-HARM/DEATH THOUGHTS: The text mentions an ""eating disorder,"" which is a form of self-harm, but there is no explicit reference to suicide or wanting to die.
4. APPETITE/EATING: The text explicitly describes a long-term ""eating disorder"" leading to the complete loss of hunger (""भूख लगना बंद हो जाए"").
5. SELF-WORTH/GUILT: not shown
6. CONCENTRATION/THINKING: The loading symbol on the forehead and the text about realizing something ""after many days"" indicate a delay in cognitive processing or brain fog.
7. SLEEP: not shown

CONTEXT: This is a meme using a reaction image to express a dark, self-deprecating realization about the long-term effects of an eating disorder."
TE-387.jpg,UNIVERSAL_HUMAN,"[1,0,1,0,0,0,0]","[0,0,0,0,0,0,0]","1. MOOD/EMOTIONAL STATE: The visual shows severe physical distress and injury, while the text expresses a sarcastic and contradictory ""fantastic"" mood, suggesting a masking of deep anguish or hopelessness.

2. MOTIVATION/INTEREST: not shown

3. EXISTENTIAL/EMOTIONAL INTENSITY: The image depicts a character lying in a pool of blood, visually representing a life-threatening situation, while the text dismisses this reality with sarcasm.

4. APPETITE/EATING: not shown

5. SELF-WORTH/GUILT: not shown

6. CONCENTRATION/THINKING: not shown

7. SLEEP: not shown

CONTEXT: An anime meme format using a scene of graphic injury and Hindi text to create dark humor through irony."
TE-388.jpg,UNIVERSAL_HUMAN,"[0,0,0,0,0,0,0]","[1,1,0,0,0,0,0]","1. MOOD/EMOTIONAL STATE: The text expresses a feeling of being overwhelmed and stuck in a continuous cycle of difficulties. It suggests weariness and a sense of hopelessness about the situation improving.
2. MOTIVATION/INTEREST: The constant struggle described implies a lack of motivation or ability to enjoy the present, as the person is always waiting for a future ""set"" life.
3. SELF-HARM/DEATH THOUGHTS: not shown
4. APPETITE/EATING: not shown
5. SELF-WORTH/GUILT: not shown
6. CONCENTRATION/THINKING: not shown
7. SLEEP: not shown

CONTEXT: This is a screenshot of a tweet, a common meme format used to share relatable personal experiences or struggles."
TE-389.jpg,UNIVERSAL_HUMAN,"[0,1,0,0,0,0,0]","[0,0,0,0,0,0,0]","CONTEXT: This is a parenting meme using an image of cheetahs to humorously exaggerate a parent's frustration with their children constantly complaining about boredom.

1. MOOD/EMOTIONAL STATE: The image expresses intense frustration, annoyance, and anger, depicted by the adult cheetah roaring in response to repetitive complaints.

2. MOTIVATION/INTEREST: The text indicates that the ""children"" (represented by cubs) are complaining of being ""so bored,"" suggesting a lack of interest or motivation to occupy themselves.

3. SELF-HARM/DEATH THOUGHTS: not shown

4. APPETITE/EATING: not shown

5. SELF-WORTH/GUILT: not shown

6. CONCENTRATION/THINKING: not shown

7. SLEEP: not shown"
TE-39.jpg,UNIVERSAL_HUMAN,"[0,0,0,0,0,0,0]","[0,0,0,0,0,0,0]","1. MOOD/EMOTIONAL STATE: The text implies a need to improve mood (""increase dopamine"") and a desire for external approval (""validation""), suggesting an underlying feeling"
TE-390.jpg,UNIVERSAL_HUMAN,"[0,0,0,0,0,1,0]","[1,1,0,0,0,0,0]","1. MOOD/EMOTIONAL STATE: The central figure, labeled ""मैं"" (Me), is depicted in a fetal position with a sad, dejected expression, indicating sadness, vulnerability, and passivity.
2. MOTIVATION/INTEREST: The central figure is shown being passively tossed between two other figures, suggesting a lack of active engagement or motivation to do anything other than consume content.
3. SELF-HARM/DEATH THOUGHTS: not shown
4. APPETITE/EATING: not shown
5. SELF-WORTH/GUILT: The central figure's small, curled-up posture and sad expression could imply feelings of worthlessness or being overwhelmed, but there is no explicit text about guilt or being a burden.
6. CONCENTRATION/THINKING: not shown
7. SLEEP: not shown

CONTEXT: This is a two-panel cartoon meme format where a central character representing the self is being tossed between two other characters representing distractions or coping mechanisms, in this case, ""Memes"" and ""Porn."""
TE-391.jpg,UNIVERSAL_HUMAN,"[0,0,0,0,0,0,0]","[1,1,1,0,0,0,0]","1. MOOD/EMOTIONAL STATE: The text expresses a profound sense of emptiness, hopelessness, or sadness, leading to a desire to escape reality.

2. MOTIVATION/INTEREST: The stated desire to ""disappear"" suggests a complete lack of motivation or interest in engaging with life or current circumstances.

3. SELF-H"
TE-392.jpg,UNIVERSAL_HUMAN,"[0,0,0,0,0,1,0]","[0,0,0,0,0,0,0]","1. MOOD/EMOTIONAL STATE: The character is smiling and winking, and the text expresses a desire for a stressful situation (an exam) to end so she can engage in a comforting activity, indicating a coping mindset rather than distress.

2. MOTIVATION/INTEREST: The person shows a clear interest in and motivation for watching anime once the exam is over (""घर जाकर anime देखूँगी"").

3. SELF-HARM/DEATH THOUGHTS: not shown

4. APPETITE/EATING: not shown

5. SELF-WORTH/GUILT: not shown

6. CONCENTRATION/THINKING: The text mentions not knowing anything during an exam (""exam में मुझे कुछ भी नहीं आता""), which implies a lack of knowledge or recall at that moment.

7. SLEEP: not shown

CONTEXT: This is a relatable meme using an anime template to illustrate a student's coping mechanism of looking forward to a hobby during a difficult exam."
