mode,image,category,explanation,gold_label,predicted_label
explanation_only,/Users/soureeshdalal/Desktop/categorization/translated_categorized_memes/UNIVERSAL_HUMAN/test/TE-116.jpg,UNIVERSAL_HUMAN,"This stark black-and-white image features a silhouette of a person standing perilously on the ledge of a large clock tower, looking downwards, accompanied by the Hindi text, ""मुझे एहसास हुआ कि अब मेरा कोई मकसद नहीं बचा।"" (I realized that I have no purpose left anymore). Culturally, the meme utilizes cinematic, noir-style aesthetics common in ""doomer"" internet circles to dramatize profound existential dread and a complete loss of life direction. Emotionally, the scene conveys an overwhelming sense of despair and finality, as the shadowed figure seems to contemplate their end next to a towering symbol representing time running out. Clinically, the explicit textual declaration of complete hopelessness aligns precisely with the symptom of Feeling Down, while the precarious positioning of the figure staring over a steep drop serves as a dark visual metaphor indicating ideation related to Self-Harm.","[0.0, 0.0, 1.0, 0.0, 0.0, 0.0, 0.0]","[1.0, 0.0, 1.0, 0.0, 0.0, 0.0, 0.0]"
explanation_only,/Users/soureeshdalal/Desktop/categorization/translated_categorized_memes/CELEBRITY_DEPENDENT/test/TE-26.jpg,CELEBRITY_DEPENDENT,"This Hindi ""Expectation vs. Reality"" meme critiques the media's glamorization of mental illness by juxtaposing text reading ""People think depression looks like this"" over a romanticized, cinematic image of a brooding Bollywood actor with a guitar, alongside ""In reality, it looks like this"" over an unglamorous photograph of an ordinary man sleeping exhaustedly on a crowded public train. The cultural irony strips away the aesthetic appeal of cinematic, poetic sorrow to reveal the mundane, grueling fatigue of everyday working-class life, conveying an underlying emotional state of severe burnout rather than performative sadness. Clinically, the stark ""reality"" panel provides visual evidence of a **Sleeping Disorder**, specifically highlighting profound exhaustion and fatigue as the man uncontrollably sleeps in an uncomfortable public transit setting to cope with the daily grind.","[1.0, 0.0, 0.0, 0.0, 0.0, 0.0, 0.0]","[0.0, 0.0, 0.0, 0.0, 0.0, 0.0, 1.0]"
explanation_only,/Users/soureeshdalal/Desktop/categorization/translated_categorized_memes/BRAND_DEPENDENT/test/TE-285.jpg,BRAND_DEPENDENT,"This Hindi-language image subverts a typical ""before and after"" comparison meme by featuring a melancholic emoji labeled ""Young"" (जवान) and ""Depression"" (डिप्रेशन) on the left, while the ""Old"" (बूढ़ा) side is left starkly blank aside from text stating ""No treatment"" (इलाज नहीं) and referencing an ""Old age Filter"" (बुढ़ापा Filter). The jarring emotional weight of the image stems from this dark irony, utilizing a lighthearted internet trend—social media aging filters—to convey the grim, fatalistic reality that an untreated young person may not survive to experience old age. Clinically, the overtly despondent expression of the yellow emoji aligns directly with the symptom of Feeling Down. Furthermore, the explicit warning in the bottom text, translating to ""Get depression treated early; prevent suicide"" (डिप्रेशन का इलाज जल्दी कराएं; आत्महत्या रोकें।), shifts the meme into a public service announcement and provides direct textual evidence of the severe consequences associated with Self-Harm.","[1.0, 0.0, 0.0, 0.0, 1.0, 0.0, 0.0]","[1.0, 0.0, 1.0, 0.0, 0.0, 0.0, 0.0]"
explanation_only,/Users/soureeshdalal/Desktop/categorization/translated_categorized_memes/UNIVERSAL_HUMAN/test/TE-254.jpg,UNIVERSAL_HUMAN,"This meme features a photograph of a phone charger labeled ""मैं"" (Hindi for ""Me"") hilariously failing to plug into an outlet, instead resting blindly against the solid plastic faceplate below the Hinglish text ""Public में awkward न होने की कोशिश"" (""Trying not to be awkward in public""). The core joke relies on a relatable visual metaphor where the physical inability of the plug to connect perfectly mirrors the creator's perceived social ineptitude, translating localized internet humor into a universal expression of feeling distinctly out of place. Emotionally, this self-deprecating juxtaposition uses a mundane, comical failure to convey underlying social anxiety and self-consciousness, though the humor focuses on relatable embarrassment rather than clearly depicting the severe clinical symptoms outlined in the reference glossary.","[0.0, 0.0, 0.0, 0.0, 1.0, 0.0, 0.0]","[0.0, 0.0, 0.0, 0.0, 0.0, 0.0, 0.0]"
explanation_only,/Users/soureeshdalal/Desktop/categorization/translated_categorized_memes/CULTURAL_REFERENCE_DEPENDENT/test/TE-232.jpg,CULTURAL_REFERENCE_DEPENDENT,"This six-panel Hindi-translated Mr. Lovenstein comic features a simple white figure initially quoting the famous Bollywood song lyric ""दोस्त दोस्त न रहा..."" (""A friend remained a friend no more"") into a black void, only for a voice to coldly reply, ""मैं तुम्हारा दोस्त नहीं हूँ।"" (""I am not your friend""). The core humor shifts from a dramatic, culturally recognizable expression of betrayal to profound, absurd isolation as the increasingly despondent figure realizes they lack any companionship, eventually stating, ""मैं भी तुम्हारा दोस्त नहीं हूँ।"" (""I am also not your friend"") before the background dissolves into television static. Emotionally, the comic illustrates a devastating progression from performative melancholy to genuine, hollow self-alienation and mental blankness. Clinically, the character's explicit self-rejection aligns with the symptom of **Low Self-Esteem**, the visible shift toward emotional pain illustrates **Feeling Down**, and the final panel's visual metaphor of static strongly suggests a **Concentration Problem** indicative of dissociation or cognitive shutdown in response to intense psychological distress.","[1.0, 0.0, 0.0, 0.0, 1.0, 0.0, 0.0]","[1.0, 0.0, 0.0, 0.0, 1.0, 1.0, 0.0]"
explanation_only,/Users/soureeshdalal/Desktop/categorization/translated_categorized_memes/UNIVERSAL_HUMAN/test/TE-145.jpg,UNIVERSAL_HUMAN,"This image features a black hanging sign outside a modern storefront displaying a bait-and-switch joke written in Hindi: ""कभी मत भूलना कि तुम किसी के मुस्कुराने की वजह हो। क्योंकि तुम एक मज़ाक हो।"" (Never forget that you are the reason for someone's smile. Because you are a joke). The cultural nuance relies on subverting a cliché, superficially uplifting motivational quote into a harsh, cynical punchline that abruptly shatters the initial positive sentiment. Emotionally, the meme utilizes this abrupt shift to dark, self-deprecating humor to mask underlying psychological distress by jarringly transitioning from perceived affection to outright mockery. Within a clinical context, the harsh punchline explicitly conveys Low Self-Esteem, as reducing oneself (or the intended reader) to a mere ""joke"" directly aligns with expressions of worthlessness, self-hatred, and the feeling of lacking genuine value.","[1.0, 0.0, 0.0, 0.0, 1.0, 0.0, 0.0]","[0.0, 0.0, 0.0, 0.0, 1.0, 0.0, 0.0]"
explanation_only,/Users/soureeshdalal/Desktop/categorization/translated_categorized_memes/UNIVERSAL_HUMAN/test/TE-106.jpg,UNIVERSAL_HUMAN,"This meme features a desolate image of a person lying face-down on cracked, barren earth, accompanied by Hindi text that translates to, ""Finally, my mind has gone bad... don't bother returning it..... it wasn't working properly anyway."" The humor relies on a common internet trope of treating one's own brain as a defective, unreturnable product, using dark comedy and literal physical collapse to hyperbolize total mental exhaustion within South Asian meme culture. Emotionally, the juxtaposition of the physically defeated figure with the casually flippant text conveys a cynical acceptance of severe burnout, masking genuine psychological distress with a dismissive attitude toward one's own faculties. Clinically, the explicit textual admission that the brain ""wasn't working properly,"" paired with the visual depiction of intense mental paralysis and apathy, strongly indicates a **Concentration Problem**, while the self-deprecating devaluation of the mind also points toward **Low Self-Esteem**.","[0.0, 0.0, 0.0, 0.0, 1.0, 1.0, 0.0]","[0.0, 0.0, 0.0, 0.0, 1.0, 1.0, 0.0]"
explanation_only,/Users/soureeshdalal/Desktop/categorization/translated_categorized_memes/UNIVERSAL_HUMAN/test/TE-570.jpg,UNIVERSAL_HUMAN,"This three-panel meme features a sequential image of two orange cats resting on a couch, with the left cat labeled in Hindi as ""स्थितिज ऊर्जा"" (Potential Energy) and the right cat as ""गतिज ऊर्जा"" (Kinetic Energy). The visual progression shows the ""Potential Energy"" cat yawning widely in the first panel, resting its head in the second, and finally, the ""Kinetic Energy"" cat yawning widely in the third panel, cleverly illustrating the physics principle of potential energy converting into kinetic energy. Emotionally, the meme is lighthearted, playful, and strictly educational, utilizing the inherently humorous visual of cats ""transferring"" a yawn to anthropomorphize a scientific concept. When evaluated against the clinical reference glossary, this meme exhibits no visual or textual evidence of psychological distress, as it functions purely as an innocuous academic joke without portraying any recognizable mental health symptoms.","[0.0, 1.0, 0.0, 0.0, 0.0, 0.0, 0.0]","[0.0, 0.0, 0.0, 0.0, 0.0, 0.0, 0.0]"
explanation_only,/Users/soureeshdalal/Desktop/categorization/translated_categorized_memes/UNIVERSAL_HUMAN/test/TE-91.jpg,UNIVERSAL_HUMAN,"Utilizing the popular four-panel ""blob in a box"" template, this Hinglish meme illustrates a cycle of attempted self-improvement ending in harsh defeat, as a smiling pink blob steps out of its box to complete a task, is physically punched by yellow fists representing failure due to its own ""worthlessness"" (""नालायकी""), and retreats back inside significantly diminished. The core cultural irony and emotional weight stem from the jarring juxtaposition of the character's deceptively cute, persistent smile in the final panel with the severe psychological distress of resigning oneself to absolute failure. Clinically, the explicit Hindi text demonstrates **Low Self-Esteem** through the opening admission ""Self esteem कम है"" and later self-characterizations as utterly useless (""बेकार""), while the final panel's darkly comedic declaration, ""मैं इतना बेकार हूँ कि मुझे मर ही जाना चाहिए"" (I am so useless that I should just die), provides a direct textual reference indicative of **Self-Harm**. Furthermore, the visual depiction of the crying, battered blob in the third panel serves as explicit evidence of **Feeling Down**.","[0,0,1,0,1,0,0]",
explanation_only,/Users/soureeshdalal/Desktop/categorization/translated_categorized_memes/UNIVERSAL_HUMAN/test/TE-617.jpg,UNIVERSAL_HUMAN,"Styled to resemble an edgy album cover complete with a translated Hindi ""Parental Advisory"" sticker, this meme features a stylized image of a highly distressed man restrained in a straitjacket next to a cartoon fairy and the Hindi text ""लगता है मैं पागल हो रहा हूँ"" (I think I am going crazy). The core irony lies in packaging a terrifying mental breakdown as a trendy, consumable pop-art aesthetic, using the absurd juxtaposition of the whimsical yellow fairy against the grim reality of physical restraint to convey a profound state of panicked helplessness and psychological distress. Clinically, the explicit text confessing a loss of sanity paired with the institutional imagery serves as a stark expression of intense emotional pain, aligning with the symptom of Feeling Down, while the presence of the seemingly hallucinated fairy visually suggests a severe state of dissociation, which can be indicative of a Concentration Problem.","[0.0, 0.0, 0.0, 0.0, 0.0, 1.0, 0.0]","[1.0, 0.0, 0.0, 0.0, 0.0, 1.0, 0.0]"
explanation_only,/Users/soureeshdalal/Desktop/categorization/translated_categorized_memes/UNIVERSAL_HUMAN/test/TE-443.jpg,UNIVERSAL_HUMAN,"Featuring the widely recognized ""Aunty Acid"" cartoon character looking visibly exasperated while sitting upright under a floral blanket, this Hindi meme states, ""मेरा बिस्तर एक जादुई जगह है जहाँ मुझे अचानक वो सारे काम याद आ जाते हैं जो मुझे करने थे..."" (My bed is a magical place where I suddenly remember all the things I was supposed to do...). The core humor relies on the relatable irony of seeking physical rest, only for the brain to be suddenly flooded with anxiety-inducing reminders of unfinished responsibilities, conveying an underlying emotional state of restless frustration and mental hyperactivity rather than relaxation. Clinically, this depiction of an overactive mind generating intrusive, task-oriented thoughts exactly at bedtime directly aligns with a **Sleeping Disorder**, specifically illustrating the classic presentation of sleep-onset insomnia where mental hyperarousal prevents the onset of sleep.","[0.0, 0.0, 0.0, 0.0, 0.0, 0.0, 1.0]","[0.0, 0.0, 0.0, 0.0, 0.0, 0.0, 1.0]"
explanation_only,/Users/soureeshdalal/Desktop/categorization/translated_categorized_memes/POP_CULTURE_DEPENDENT/test/TE-34.jpg,POP_CULTURE_DEPENDENT,"This meme utilizes a stern-faced image of classic Bollywood actor Amrish Puri—a cultural archetype for strict South Asian parents—juxtaposed with the transcribed Hindi/English text: ""मेरे parents: तुम successful क्यों नहीं हो? Also my parents: वही parents: तुमसे कुछ नहीं होगा"" (""My parents: Why aren't you successful? Also my parents: You won't be able to do anything""). The core irony highlights a contradictory and toxic cultural parenting dynamic where immense pressure to achieve is paired with harsh, demotivating language that actively undermines the child's confidence. Emotionally, the meme conveys a deep sense of frustration, inadequacy, and the psychological exhaustion of navigating a no-win situation with unsupportive authority figures. Clinically, by highlighting this constant parental belittlement, the meme directly aligns with the symptom of Low Self-Esteem, illustrating an environment that fosters internalized feelings of worthlessness and the ingrained belief that the individual is inherently incapable of success.","[0.0, 0.0, 0.0, 0.0, 1.0, 0.0, 0.0]","[0.0, 0.0, 0.0, 0.0, 1.0, 0.0, 0.0]"
explanation_only,/Users/soureeshdalal/Desktop/categorization/translated_categorized_memes/REFERENCE_DEPENDENT/test/TE-32.jpg,REFERENCE_DEPENDENT,"This meme utilizes the popular ""Epic Handshake"" visual template to depict two muscular arms representing ""इंजीनियरिंग स्टूडेंट्स"" (Engineering students) and ""मेडिकल स्टूडेंट्स"" (Medical students) bonding over their shared burden of ""बहुत ज्यादा स्ट्रेस"" (Too much stress). Culturally, the image satirizes the intense academic pressure inherent to these highly competitive fields in South Asia by humorously juxtaposing an image of hyper-masculine strength with a confession of profound psychological vulnerability. The underlying emotional state of severe distress and fatalistic resignation is further cemented by the bottom caption ""जिंदगी झंड है 😢 🤘"" (Life is miserable/ruined), which provides direct evidence of the clinical symptom of Feeling Down through its explicit expression of hopelessness and emotional pain.","[1.0, 0.0, 0.0, 0.0, 0.0, 0.0, 0.0]","[1.0, 0.0, 0.0, 0.0, 0.0, 0.0, 0.0]"
explanation_only,/Users/soureeshdalal/Desktop/categorization/translated_categorized_memes/UNIVERSAL_HUMAN/test/TE-97.jpg,UNIVERSAL_HUMAN,"This Hindi-language meme features Rafiki from *The Lion King* sitting in a serene lotus meditation pose, juxtaposed with the top text reading ""ना चिंता, ना भय..."" (""No worry, no fear..."") and the bottom punchline ""बस आज रात सोने दे!"" (""Just let me sleep tonight!""). The cultural irony stems from subverting the visual expectation of profound spiritual enlightenment by revealing an underlying emotional state of desperate exhaustion and frustration over an inability to rest. Clinically, this comedic yet urgent plea for a good night's rest directly aligns with the ""Sleeping Disorder"" symptom from the glossary, using the exaggerated trope of attaining inner peace to cope with the very grounded distress of insomnia.","[0.0, 0.0, 0.0, 0.0, 0.0, 0.0, 1.0]","[0.0, 0.0, 0.0, 0.0, 0.0, 0.0, 1.0]"
explanation_only,/Users/soureeshdalal/Desktop/categorization/translated_categorized_memes/UNIVERSAL_HUMAN/test/TE-227.jpg,UNIVERSAL_HUMAN,"This meme pairs the Hindi text ""Kidnapper मुझे 20 मिनट झेलने के बाद वापस फेंक के चला गया।""—which translates to ""The kidnapper, after tolerating me for 20 minutes, threw me back and left""—with a slapstick image of Ralph Wiggum from *The Simpsons* being violently tossed headfirst through a shattered glass window. The core joke relies on extreme self-deprecation, utilizing the absurd scenario of a criminal being so frustrated by the victim's insufferable personality that they forcefully return them to convey a popular style of dark, localized internet humor. Emotionally, the meme uses this exaggerated physical rejection and comedic framing to playfully mask an underlying sense of personal inadequacy and the fear of being inherently unlikable. Clinically, by conceptualizing oneself as intensely intolerable and a massive, unwanted burden even to an abductor, the meme presents clear textual and thematic evidence of **Low Self-Esteem**.","[0.0, 0.0, 0.0, 0.0, 1.0, 0.0, 0.0]","[0.0, 0.0, 0.0, 0.0, 1.0, 0.0, 0.0]"
explanation_only,/Users/soureeshdalal/Desktop/categorization/translated_categorized_memes/UNIVERSAL_HUMAN/test/TE-242.jpg,UNIVERSAL_HUMAN,"This meme features Hindi text translating to, ""When you are at a party and suddenly depression and anxiety hit and you disconnect from the world,"" positioned above an image of singer Chris Brown staring blankly into the distance while sitting apart from an active social group that includes DJ Khaled. The cultural humor stems from the relatable, ironic juxtaposition of being physically present in a vibrant, highly stimulating environment while experiencing an internal psychological crash that forces immediate social withdrawal. Emotionally, the meme captures the profound isolation and silent overwhelm that occurs when a sudden wave of mental distress interrupts what is culturally expected to be a joyful social experience. Clinically, the combination of the text explicitly describing getting ""cut off from the world"" and the visual of the subject's blank, thousand-yard stare directly aligns with a **Concentration Problem**, specifically illustrating the acute dissociation that can accompany sudden anxiety and depressive episodes.","[1.0, 0.0, 0.0, 0.0, 0.0, 0.0, 0.0]","[1.0, 1.0, 0.0, 0.0, 0.0, 1.0, 0.0]"
explanation_only,/Users/soureeshdalal/Desktop/categorization/translated_categorized_memes/UNIVERSAL_HUMAN/test/TE-528.jpg,UNIVERSAL_HUMAN,"The meme features a close-up image of actor Adam Driver sitting in a booth with his eyes peacefully closed and a soft smile, overlaid with the bold yellow Devanagari text ""सुकून"" at the bottom. Translating to ""peace,"" ""tranquility,"" or ""relief"" in Hindi and Urdu, this localized meme utilizes the actor's distinctly relaxed expression to culturally signify a profound, deeply felt moment of inner calm. Emotionally, the literal harmony between the serene image and the translated text conveys a genuine state of psychological comfort, serving as a sincere representation of mental respite rather than masking any underlying distress. As a straightforward expression of positive mental well-being and tranquility, the meme lacks any visual or textual markers of clinical psychological struggle, functioning instead as a celebration of quiet relief.","[0.0, 0.0, 0.0, 1.0, 0.0, 0.0, 0.0]","[0.0, 0.0, 0.0, 0.0, 0.0, 0.0, 0.0]"
explanation_only,/Users/soureeshdalal/Desktop/categorization/translated_categorized_memes/BRAND_DEPENDENT/test/TE-629.jpg,BRAND_DEPENDENT,"This meme features a WhatsApp notification from ""Mummy"" asking ""खाना खाया कि नहीं?"" (Hindi for ""Have you eaten?"") superimposed over a heavily blurred, presumably distraught or crying face. Culturally, the image relies on a prevalent South Asian internet trope satirizing how parents often express love and concern strictly through routine inquiries about food, frequently remaining oblivious to their child's deeper psychological struggles. The emotional weight of the meme stems from the jarring juxtaposition between the user's implied mental breakdown in the background and the mundane, everyday parental text, conveying a deep sense of isolation and the inability to communicate genuine distress to family members. Clinically, the visual implication of intense emotional pain or crying in the obscured background serves to express an underlying psychological struggle, aligning directly with the symptom of Feeling Down.","[0.0, 0.0, 0.0, 1.0, 0.0, 0.0, 0.0]","[1.0, 0.0, 0.0, 0.0, 0.0, 0.0, 0.0]"
explanation_only,/Users/soureeshdalal/Desktop/categorization/translated_categorized_memes/UNIVERSAL_HUMAN/test/TE-28.jpg,UNIVERSAL_HUMAN,"This meme features a variation of the popular ""crying cat"" template, showing a heavily overweight feline with photoshopped tearful eyes sitting on a veterinary scale, where the digital readout has been edited to display the Hindi text ""भैंस"" (Bhains). The cultural nuance and core joke rely on the fact that ""bhains"" translates to ""buffalo,"" a common South Asian slang insult used to mock someone for being obese, effectively creating a darkly comedic scenario where an inanimate scale is directly fat-shaming the subject. Emotionally, the juxtaposition of the harsh text with the pathetic, teary-eyed animal conveys a deep sense of victimization and sadness, using absurd internet humor to mask the very real psychological distress of confronting a negative body image. Clinically, the explicit visual of the crying eyes directly represents the symptom of Feeling Down, while the overwhelming anxiety and derogatory self-appraisal associated with the scale strongly evoke the body dysmorphia and weight-related distress characteristic of an Eating Disorder.","[0.0, 0.0, 0.0, 1.0, 0.0, 0.0, 0.0]","[1.0, 0.0, 0.0, 1.0, 0.0, 0.0, 0.0]"
explanation_only,/Users/soureeshdalal/Desktop/categorization/translated_categorized_memes/BRAND_DEPENDENT/test/TE-586.jpg,BRAND_DEPENDENT,"Utilizing the classic ""Is this a pigeon?"" template, this localized Indian meme obscures the protagonist with a Kingfisher beer bottle as he gestures toward Gold Flake cigarettes, a glass of chai, and a butterfly labeled ""Muth"" (Hindi slang for masturbation), paired with the bottom text asking, ""Kya yeh balanced diet hai?"" (Is this a balanced diet?). The core joke relies on the dark irony of absurdly framing a highly self-destructive, substance-dependent daily routine as healthy sustenance, conveying an underlying emotional state of self-deprecating resignation that masks severe psychological distress. Clinically, this comedic normalization of substituting proper nutrition and self-care with purely addictive, low-effort coping mechanisms provides visual and textual evidence of a Lack of Interest, as the imagery illustrates a profound apathy and an inability to maintain or enjoy normal life, relying instead on cheap dopamine hits just to get by.","[0.0, 0.0, 0.0, 1.0, 0.0, 0.0, 0.0]","[0.0, 1.0, 0.0, 0.0, 0.0, 0.0, 0.0]"
explanation_only,/Users/soureeshdalal/Desktop/categorization/translated_categorized_memes/UNIVERSAL_HUMAN/test/TE-206.jpg,UNIVERSAL_HUMAN,"This meme consists of a Hindi tweet translating to, ""I am waiting for the phone to disconnect so that I can message and ask - 'Yes brother, what did you need?'"" accompanied by a reaction image of an anime character staring blankly at a screen with severe, dark circles under their eyes. The cultural humor centers on modern phone anxiety and introversion, specifically the relatable irony of actively watching a phone ring out just to immediately text the caller instead of answering verbally. Emotionally, the pairing of a casual communication-avoidance strategy with an image of profound physical and mental depletion suggests that simple social interactions trigger an overwhelming sense of dread or exhaustion. From a clinical perspective, the character's visibly drained appearance and deeply bagged eyes explicitly depict exhaustion, pointing to a **Sleeping Disorder**, while the behavioral paralysis of ignoring the call reflects a broader apathy and **Lack of Interest** in engaging with everyday social connections.","[1.0, 0.0, 0.0, 0.0, 0.0, 0.0, 0.0]","[0.0, 1.0, 0.0, 0.0, 0.0, 0.0, 1.0]"
explanation_only,/Users/soureeshdalal/Desktop/categorization/translated_categorized_memes/UNIVERSAL_HUMAN/test/TE-655.jpg,UNIVERSAL_HUMAN,"This meme features a cheerful, pink-haired anime girl holding a comforting miniature chibi version of herself, accompanied by Hinglish text stating ""Test में मुझे सचमुच कुछ नहीं आता during a test"" (I truly know nothing during a test) while the tiny girl advises, ""- खत्म होने के बाद घर जाकर anime देख लेना"" (After it finishes, go home and watch anime). Culturally, the image plays on the relatable student experience of entirely blanking on an exam, utilizing a visually soothing and cute aesthetic to humorously mask the underlying anxiety of academic failure through immediate media escapism. Clinically, the explicit admission of being completely unable to recall information or engage with the exam material aligns with a **Concentration Problem**, demonstrating acute academic paralysis where the individual completely abandons the stressful cognitive task in favor of avoidant, comforting thoughts.","[0.0, 0.0, 0.0, 0.0, 0.0, 1.0, 0.0]","[0.0, 0.0, 0.0, 0.0, 0.0, 1.0, 0.0]"
explanation_only,/Users/soureeshdalal/Desktop/categorization/translated_categorized_memes/UNIVERSAL_HUMAN/test/TE-440.jpg,UNIVERSAL_HUMAN,"This meme features a still of Alec Baldwin resting his chin on his hands with a deadpan, unimpressed expression, accompanied by Hindi text translating to ""Me after 3 months in any relationship: This is boring. I am bored now."" The core joke highlights the fleeting nature of the honeymoon phase in modern romance, using the character's signature apathy to humorously convey an underlying emotional state of detachment, emotional unavailability, and chronic dissatisfaction. Clinically, the meme's explicit textual declarations of profound boredom and inability to sustain engagement in intimate relationships align directly with the symptom of a **Lack of Interest**, illustrating a form of interpersonal anhedonia masked as relatable, cynical internet humor.","[0.0, 1.0, 0.0, 0.0, 0.0, 0.0, 0.0]","[0.0, 1.0, 0.0, 0.0, 0.0, 0.0, 0.0]"
explanation_only,/Users/soureeshdalal/Desktop/categorization/translated_categorized_memes/UNIVERSAL_HUMAN/test/TE-229.jpg,UNIVERSAL_HUMAN,"This Hindi-language meme features top text translating to ""Me after being happy for just 5 minutes:"" alongside an illustration of a sweating, terrified figure being ambushed by a menacing, gun-wielding green entity labeled ""डिप्रेशन"" (Depression). The dark humor relies on the cultural nuance of the hostile entity politely greeting its victim with ""नमस्ते"" (Namaste) while holding them at gunpoint, illustrating a cruel irony where severe psychological distress casually and violently interrupts a brief period of joy. Emotionally, the juxtaposition of the text regarding fleeting happiness with the visual of an imminent, inescapable threat conveys an underlying state of hypervigilance and the crushing dread that positive emotions cannot be sustained. Clinically, the explicit personification of depression as a forceful, armed attacker that abruptly ends a person's happiness provides direct evidence of the ""Feeling Down"" symptom, depicting emotional pain and hopelessness as a sudden, uncontrollable assault.","[1.0, 0.0, 0.0, 0.0, 1.0, 0.0, 0.0]","[1.0, 0.0, 0.0, 0.0, 0.0, 0.0, 0.0]"
explanation_only,/Users/soureeshdalal/Desktop/categorization/translated_categorized_memes/CELEBRITY_DEPENDENT/test/TE-470.jpg,CELEBRITY_DEPENDENT,"The meme features Hinglish text translating to ""Me waking up like this at 8:46 PM after accidentally taking a 6-hour depression nap,"" juxtaposed above an image of the notoriously self-destructive Bollywood character Kabir Singh looking heavily disheveled and exhausted while smoking alone at night. Culturally, the meme relies on this specific cinematic character as a localized shorthand for hitting an emotional rock bottom, capturing the bleak, disorienting void one feels upon waking up in the dark after trying to sleep away psychological distress. Clinically, the explicit textual mention of taking a six-hour ""depression nap"" during the day directly demonstrates a Sleeping Disorder, specifically highlighting the symptom of sleeping excessively to avoid life and the resulting ruined circadian rhythms.","[1,0,0,0,0,0,1]",
explanation_only,/Users/soureeshdalal/Desktop/categorization/translated_categorized_memes/UNIVERSAL_HUMAN/test/TE-616.jpg,UNIVERSAL_HUMAN,"This meme features Hindi text translating to ""Strict parents: We grind our child in studies so that they get a government job. Their child:"" juxtaposed with a multi-panel template of Tom the cat engaging in lethal acts, including swallowing a handful of pills, preparing a noose, and sitting despondently on train tracks. The dark humor critiques the intense academic pressure prevalent in South Asian cultures, where parents' well-intentioned push for a stable, prestigious career ironically leads to severe psychological breakdown rather than practical success. Emotionally, the meme conveys a state of extreme despair, using the dramatic contrast between the parents' practical career aspirations and the child's hidden agony to highlight profound distress. Clinically, the explicit visual depictions of suicide methods directly align with the symptom of Self-Harm, while Tom's hopeless, heavy-eyed expression in the final panel provides clear evidence of Feeling Down.","[1.0, 0.0, 1.0, 0.0, 0.0, 0.0, 1.0]","[1.0, 0.0, 1.0, 0.0, 0.0, 0.0, 0.0]"
explanation_only,/Users/soureeshdalal/Desktop/categorization/translated_categorized_memes/UNIVERSAL_HUMAN/test/TE-289.jpg,UNIVERSAL_HUMAN,"This meme features a black-and-white manga panel of a sweetly smiling character, accompanied by Hindi text setting up a mundane scenario: ""Me: *makes eye contact with a girl in class* / That girl:"". The core humor stems from the jarring juxtaposition between the girl's serene, friendly expression and the highly aggressive, vulgar Hindi text in her speech bubble (""भाड़ में जा साले, कमीने कहीं के,"" translating roughly to ""Go to hell asshole, you scoundrel""), highlighting a localized internet trope of exaggerated romantic rejection. Emotionally, this stark contrast is used to mask the creator's social anxiety, projecting a sense of immediate, visceral disgust from the opposite sex over a simple passing glance. Clinically, this intense self-deprecating framing—where the creator assumes they are so inherently repulsive that mere eye contact warrants extreme verbal abuse—aligns with the symptom of Low Self-Esteem, reflecting internalized feelings of being completely undesirable or a target of contempt in social settings.","[0.0, 0.0, 0.0, 0.0, 1.0, 0.0, 0.0]","[0.0, 0.0, 0.0, 0.0, 1.0, 0.0, 0.0]"
explanation_only,/Users/soureeshdalal/Desktop/categorization/translated_categorized_memes/UNIVERSAL_HUMAN/test/TE-7.jpg,UNIVERSAL_HUMAN,"This two-panel Hinglish meme utilizes a reaction template of an innocent-looking anime girl tucked into bed to illustrate a darkly comedic psychological scenario. In the first panel, the character, labeled ""मैं"" (Me), calmly denies the prompt ""डॉक्टर: क्या तुम्हें किसी को मारने के thoughts आते हैं?"" (Doctor: Do you get thoughts of killing someone?), but she nervously averts her eyes in the second panel when asked ""डॉक्टर: क्या तुम्हें suicidal thoughts आते हैं?"" (Doctor: Do you get suicidal thoughts?). The underlying emotional context reveals severe distress masked by a cute, non-threatening aesthetic, relying on localized internet humor where casually admitting to inward-directed danger is more relatable than outward aggression. Clinically, the explicit textual mention of ""suicidal thoughts"" paired with the character's suspiciously guilty reaction serves as a direct confession of the symptom of Self-Harm.","[1.0, 0.0, 1.0, 0.0, 0.0, 0.0, 0.0]","[0.0, 0.0, 1.0, 0.0, 0.0, 0.0, 0.0]"
explanation_only,/Users/soureeshdalal/Desktop/categorization/translated_categorized_memes/POP_CULTURE_DEPENDENT/test/TE-166.jpg,POP_CULTURE_DEPENDENT,"The meme utilizes a progressive ""team huddle"" visual template featuring animated hands in Indian cricket jerseys stacking together, each labeled with translated Hindi text describing psychological struggles such as ""Who am I?"", ""Doing anything without thinking"", ""Feeling like dying"", ""mood swings"", ""unstable relationships"", and ""fear of loneliness"". Culturally grounded in South Asian internet humor, the bottom panel punchline reads ""Welcome to the hub of overthinking and drama!"", depicting these collective traits as serious-looking cricketers being greeted by a goofy, brightly dressed animated Bollywood comedian character. This creates a stark emotional juxtaposition that uses the upbeat, team-building imagery of sports camaraderie and cartoonish comedy to mask and awkwardly normalize profound psychological distress. Clinically, the explicit inclusion of the panel reading ""'मरने का मन' होना"" (translated as ""feeling like dying"" or ""wanting to die"") serves as direct textual evidence aligning with the Self-Harm symptom.","[1,0,1,0,1,0,0]",
explanation_only,/Users/soureeshdalal/Desktop/categorization/translated_categorized_memes/UNIVERSAL_HUMAN/test/TE-652.jpg,UNIVERSAL_HUMAN,"This image features a light blue sweatshirt acting as a wearable meme, prominently displaying the hybrid English-Hindi text ""Overthinking का बादशाह,"" which translates to ""King of Overthinking,"" alongside a sleeve graphic that reads ""फालतू सोच / फालतू लोग / फालतू लोचे"" (Useless thoughts / Useless people / Useless problems) above a mock barcode. The cultural humor relies on the ironic juxtaposition of claiming a grandiose, royal title (""Badshah"") for a mundane yet distressing psychological struggle, conveying an underlying emotional state of chronic anxiety masked by self-deprecating, casual acceptance. Clinically, this explicit self-identification with excessive rumination and being plagued by ""useless thoughts"" aligns with a Concentration Problem, as this relentless overthinking frequently manifests as the mental paralysis and inability to focus outlined in the diagnostic criteria.","[0.0, 0.0, 0.0, 0.0, 0.0, 1.0, 0.0]","[0.0, 0.0, 0.0, 0.0, 0.0, 1.0, 0.0]"
explanation_only,/Users/soureeshdalal/Desktop/categorization/translated_categorized_memes/UNIVERSAL_HUMAN/test/TE-355.jpg,UNIVERSAL_HUMAN,"Utilizing the ""Disappointed Black Guy"" template, this meme contrasts a moment of fleeting relief with sudden dismay, featuring Hindi text where the user initially smiles because their current weight is lower than their worst-case expectation (""काफी टाइम बाद वेट चेक किया, सोचा था उससे तो कम ही है""). The cultural humor and emotional plummet occur in the bottom panel when the user's connected smart scale app brutally shatters this self-deception by pointing out their historical data, condescendingly stating, ""Hey son, is this really you? You've spread out a lot since last time!"" (""अरे बेटा, ये तुम ही हो ना? पिछली बार से तो बहुत फैल गए हो!""). This rapid shift from initial comfort to crushing embarrassment highlights a deep-seated anxiety around body image and the unforgiving nature of digital tracking, providing clear evidence of **Low Self-Esteem** triggered by perceived physical inadequacy, while the intense distress and hyper-fixation on the scale's judgment align with anxieties commonly associated with an **Eating Disorder**.","[0.0, 0.0, 0.0, 1.0, 0.0, 0.0, 0.0]","[0.0, 0.0, 0.0, 1.0, 1.0, 0.0, 0.0]"
explanation_only,/Users/soureeshdalal/Desktop/categorization/translated_categorized_memes/UNIVERSAL_HUMAN/test/TE-636.jpg,UNIVERSAL_HUMAN,"The meme utilizes a split-panel format, contrasting a top image of a deep-sea crab accompanied by Hindi text translating to ""This creature has learned to live in heavy pressure and darkness,"" with the bottom image featuring the famously melancholic ""Sad Keanu"" template captioned simply with the English word ""Same."" The core irony and humor stem from a dark metaphor that equates the literal, crushing physical environment of the ocean floor to the figurative psychological weight of modern life, conveying an underlying emotional state of profound resignation and despair. By directly aligning the crab's harsh survival conditions with Keanu Reeves' universally recognized slouched posture and somber expression on a park bench, the meme provides a clear clinical representation of Feeling Down, utilizing self-deprecating internet humor to express explicit sadness, hopelessness, and the exhausting burden of emotional pain.","[1.0, 1.0, 0.0, 0.0, 0.0, 0.0, 0.0]","[1.0, 0.0, 0.0, 0.0, 0.0, 0.0, 0.0]"
explanation_only,/Users/soureeshdalal/Desktop/categorization/translated_categorized_memes/UNIVERSAL_HUMAN/test/TE-162.jpg,UNIVERSAL_HUMAN,"Presenting a minimalist aesthetic typical of sincere online ""sadposting,"" this image features white Hindi text on a black background that reads: ""तुम्हें अंदाज़ा भी नहीं, जब तुम्हारा सबसे करीबी दोस्त कहता है 'सब ठीक है', वो अंदर ही अंदर टूट रहा होता है, अकेले में सिसकियाँ भरता, खुद को खत्म करने की सोचता, आँसू बहाता, और उसे जीने की एक ही वजह रोकती है, बस तुम।"" Culturally, the post eschews humor to deliver a heavy emotional confession about the trope of the outwardly stoic friend, revealing that their polite reassurance that ""everything is fine"" actually masks profound isolation and deep psychological agony. The emotional weight relies on the jarring contrast between this feigned public well-being and the dark reality of a friend who is breaking inside, kept alive solely by their attachment to the reader. Clinically, the explicit references to sobbing, shedding tears, and breaking apart inside strongly indicate ""Feeling Down,"" while the stark statement about ""thinking of ending themselves"" (खुद को खत्म करने की सोचता) provides direct evidence of ""Self-Harm"" ideation.","[0.0, 0.0, 1.0, 0.0, 0.0, 0.0, 0.0]","[1.0, 0.0, 1.0, 0.0, 0.0, 0.0, 0.0]"
explanation_only,/Users/soureeshdalal/Desktop/categorization/translated_categorized_memes/UNIVERSAL_HUMAN/test/TE-224.jpg,UNIVERSAL_HUMAN,"Utilizing the popular two-panel ""Squid Game Oh Il-nam"" meme template, the image juxtaposes a joyful, active character on the left captioned ""मैं super excited हूँ क्योंकि मेरा dream college में admission हो गया"" (I am super excited because I got admission in my dream college) against the same character looking exhausted and despairing on the right, captioned ""ये सोचकर कि मुझे अब अपनी eating habits सुधारनी होंगी और रोज़ अपनी body image issues से लड़ना होगा"" (Thinking that now I will have to improve my eating habits and fight my body image issues everyday). Emotionally, the meme highlights a stark contrast where the initial euphoria of a major life achievement is instantly overshadowed by the dread and anxiety of managing severe personal insecurities in a new social environment. Clinically, the explicit textual references to the necessity of fixing one's dietary routines alongside a daily battle with physical appearance directly align with the **Eating Disorder** category from the diagnostic glossary, indicating underlying struggles with body dysmorphia and distressed eating patterns.","[0,0,0,1,0,0,0]",
explanation_only,/Users/soureeshdalal/Desktop/categorization/translated_categorized_memes/UNIVERSAL_HUMAN/test/TE-351.jpg,UNIVERSAL_HUMAN,"The meme features a bleak, grayscale photograph of a foggy, desolate landscape overlaid with Hindi text reading, ""मेरे दिमाग की आवाज़ें कहती हैं 'तुझे मर जाना चाहिए'"" which translates to, ""The voices in my head say 'you should die'."" Culturally, this image eschews traditional comedic meme formats, instead utilizing an eerie, isolating visual aesthetic common in ""doomer"" internet subcultures to bluntly convey the experience of severe intrusive thoughts without any masking irony. Emotionally, the stark synchronization of the bleak, empty landscape with the grim confession reflects a state of profound psychological distress, hopelessness, and profound isolation. Clinically, the explicit textual statement about experiencing internal voices commanding death serves as direct, alarming evidence of the **Self-Harm** symptom from the provided glossary.","[0.0, 0.0, 1.0, 0.0, 0.0, 0.0, 0.0]","[1.0, 0.0, 1.0, 0.0, 0.0, 0.0, 0.0]"
explanation_only,/Users/soureeshdalal/Desktop/categorization/translated_categorized_memes/UNIVERSAL_HUMAN/test/TE-656.jpg,UNIVERSAL_HUMAN,"This meme utilizes the ""Wojak in Bed"" template, contrasting a bright, open window labeled with the Hinglish text ""दुनिया भर के adventures, opportunities और challenges"" (Worldwide adventures, opportunities, and challenges) against a dark bedroom where a crying figure labeled ""मैं:"" (Me:) lies awake next to a clock reading ""SAT 10:00"". The core cultural irony relies on the painful juxtaposition between the vibrant, limitless possibilities of the outside world on a weekend morning and the subject's paralyzing internal distress, tapping into relatable internet humor about executive dysfunction and the inability to engage with life. Emotionally, the image conveys a profound sense of inadequacy and despair, using the inviting external world to sharply highlight the protagonist's psychological torment and isolation. Clinically, the meme provides direct visual evidence of **Feeling Down** through the character's explicit crying and agonized facial expression, alongside strong indicators of a **Sleeping Disorder** and a **Lack of Interest**, as the individual remains trapped in bed late into the morning seemingly to avoid life, demonstrating complete apathy toward the engaging opportunities passing them by.","[1.0, 1.0, 0.0, 0.0, 0.0, 1.0, 0.0]","[1.0, 1.0, 0.0, 0.0, 0.0, 0.0, 1.0]"
explanation_only,/Users/soureeshdalal/Desktop/categorization/translated_categorized_memes/UNIVERSAL_HUMAN/test/TE-96.jpg,UNIVERSAL_HUMAN,"This image presents a 2016 tweet screenshot from user Akilah Hughes, overlaid with Hinglish text that translates to, ""Dude, there should be an app for people with anxiety and depression where extroverts handle phone calls and appointments for them."" The core humor relies on a widespread internet culture trope that highlights the intense dread neurodivergent or mentally ill individuals feel toward mundane social administration, jokingly proposing a satirical tech-startup solution to bypass these interactions. Emotionally, the meme utilizes dry, relatable comedy to articulate the genuine psychological distress and overwhelming burden that basic daily functioning can cause for those struggling with mental health. Clinically, the explicit textual desire to outsource routine life tasks due to an inability to manage them provides evidence of a Concentration Problem, specifically demonstrating the profound functional and task paralysis individuals experience when attempting to execute basic responsibilities like making calls or booking appointments.","[1.0, 0.0, 0.0, 0.0, 0.0, 0.0, 0.0]","[0.0, 0.0, 0.0, 0.0, 0.0, 1.0, 0.0]"
explanation_only,/Users/soureeshdalal/Desktop/categorization/translated_categorized_memes/UNIVERSAL_HUMAN/test/TE-398.jpg,UNIVERSAL_HUMAN,"This meme utilizes the popular ""skipping steps"" visual template, showing a boy labeled ""मैं"" (Me) taking an exaggeratedly wide stride to bypass lower stairs labeled in Hindi with typical life milestones—""नौकरी"" (job), ""प्यार/शादी"" (love/marriage), ""करियर"" (career), and ""बुढ़ापा"" (old age)—to land directly on the top stair marked ""मौत"" (death). Culturally and emotionally, the core joke relies on nihilistic internet irony, juxtaposing a physically absurd, lighthearted image with a deeply pessimistic worldview to mask the creator's profound psychological distress and feeling of being completely overwhelmed by normal societal expectations. Within a clinical framework, this morbid humor clearly aligns with the symptom of Self-Harm, as the meme constitutes a darkly comedic, explicit reference to dying and bypassing life entirely rather than facing its inherent challenges.","[0.0, 0.0, 1.0, 0.0, 0.0, 0.0, 0.0]","[1.0, 0.0, 1.0, 0.0, 0.0, 0.0, 0.0]"
explanation_only,/Users/soureeshdalal/Desktop/categorization/translated_categorized_memes/UNIVERSAL_HUMAN/test/TE-101.jpg,UNIVERSAL_HUMAN,"The meme features a cartoon illustration of two men on a path ending abruptly at a steep cliff, with a hanging sign that reads ""सुसाइड जोक्स का अंत नीचे है"" (""The end of suicide jokes is down below"" alongside a downward arrow) while a concerned character remarks ""ये जोक्स अब हद पार कर रहे हैं!"" (""These jokes are crossing the limit now!""). This visual literalization of a dark punchline creates a grim emotional context, highlighting the tense psychological reality masked behind internet culture's casual normalization of severe mental distress. Clinically, the explicit textual mention of suicide coupled with the visual implication of a fatal drop directly aligns with the **Self-Harm** symptom from the glossary, as the core joke relies entirely on a darkly comedic reference to dying.","[1.0, 0.0, 1.0, 0.0, 0.0, 0.0, 0.0]","[0.0, 0.0, 1.0, 0.0, 0.0, 0.0, 0.0]"
explanation_only,/Users/soureeshdalal/Desktop/categorization/translated_categorized_memes/UNIVERSAL_HUMAN/test/TE-376.jpg,UNIVERSAL_HUMAN,"The meme features an image of a person's torso wearing a black t-shirt with digitally superimposed Hindi text that translates to, ""If you think my boobs are small, then look at my will to live"" (अगर तुम्हें मेरे boobs छोटे लगते हैं, तो मेरी जीने की इच्छा देख लो). Culturally, this utilizes a common internet bait-and-switch joke structure, leveraging a relatable, minor physical insecurity as a comedic setup to deliver a jarring punchline about severe mental distress. Emotionally, the meme employs casual, dark humor to express profound hopelessness, using deadpan self-deprecation to mask an underlying state of psychological pain. Clinically, the punchline's direct, darkly comedic claim about having a vanishingly small or non-existent will to live explicitly aligns with the **Self-Harm** symptom category.","[0.0, 0.0, 1.0, 0.0, 0.0, 0.0, 0.0]","[1.0, 0.0, 1.0, 0.0, 1.0, 0.0, 0.0]"
explanation_only,/Users/soureeshdalal/Desktop/categorization/translated_categorized_memes/UNIVERSAL_HUMAN/test/TE-359.jpg,UNIVERSAL_HUMAN,"This Hindi-localized iteration of the popular ""Billy, What Have You Done"" comic template features a mustached character initially reacting in panicked shock (""बंटी! ये तूने क्या किया?!"" / ""Bunty! What have you done?!"") after a small child shoots a person. The dark humor and core irony emerge when the bleeding victim dismissively states ""डिप्रेशन बस एक मूड है"" (""Depression is just a mood""), prompting the older character to instantly abandon his moral outrage, load a shotgun, and deadpan instruct the child to ""इसे फिर से गोली मारो"" (""Shoot him again""). Emotionally, the image juxtaposes extreme cartoon violence with a common real-world invalidation to channel the intense frustration individuals feel when their severe psychological distress is minimized by society. By humorously advocating for violence against the ignorant character, the meme serves as a cathartic defense of mental health severity for those who are exhausted by societal misunderstanding and stigma.","[1.0, 0.0, 0.0, 0.0, 0.0, 1.0, 0.0]","[1.0, 0.0, 0.0, 0.0, 0.0, 0.0, 0.0]"
explanation_only,/Users/soureeshdalal/Desktop/categorization/translated_categorized_memes/UNIVERSAL_HUMAN/test/TE-274.jpg,UNIVERSAL_HUMAN,"The image consists of a stark, dark grey background featuring two lines of minimalist Hindi text that read ""मैं ज़िंदा हूँ। शिट।"" which translates to ""I am alive. Shit."" This text-based format utilizes localized South Asian internet humor to subvert the conventionally positive concept of existence, masking profound psychological weariness and apathy beneath a casual, transliterated English expletive. Clinically, by explicitly expressing immediate regret and disappointment over the reality of surviving or waking up, the meme serves as a darkly comedic indicator of passive suicidal ideation, aligning precisely with the **Self-Harm** symptom criteria.","[1.0, 0.0, 1.0, 0.0, 0.0, 0.0, 0.0]","[0.0, 0.0, 1.0, 0.0, 0.0, 0.0, 0.0]"
explanation_only,/Users/soureeshdalal/Desktop/categorization/translated_categorized_memes/UNIVERSAL_HUMAN/test/TE-46.jpg,UNIVERSAL_HUMAN,"This four-panel webcomic by ""CHUCKDRAWSTHINGS"" features two pigeons at office desks, where the first pigeon asks in Hindi, ""रात भर जगे थे क्या?"" (Were you awake all night?) and then ""इतनी देर सोने के बाद भी तुम थके हुए कैसे हो सकते हो?"" (How can you still be tired after sleeping for so long?) after the visibly exhausted second pigeon admits, ""नहीं यार, कल रात तो मैं 13 घंटे सोया था"" (No man, last night I slept for 13 hours). The meme derives its dark humor from ironic juxtaposition, answering the genuine question about chronic fatigue with a jarringly cheerful, vaudeville-style musical reveal featuring a top hat, cane, and rainbow underneath the bold English word ""DEPRESSION!!!"". Emotionally, this theatrical presentation serves to defensively mask severe psychological distress and the frustration of an invisible illness behind a protective facade of absurd comedy. Clinically, the character's explicit textual admission of sleeping excessively for thirteen hours but remaining profoundly fatigued provides direct evidence of a Sleeping Disorder.","[1,0,0,0,0,0,0]",
explanation_only,/Users/soureeshdalal/Desktop/categorization/translated_categorized_memes/UNIVERSAL_HUMAN/test/TE-481.jpg,UNIVERSAL_HUMAN,"This meme features an animated character in a yellow hoodie looking highly agitated with clenched hands, overlaid with the Hindi text ""मेरा दिमाग खराब हो रहा है"" (translating roughly to ""my mind is spoiling"" or ""I am losing my mind"") alongside an English caption identifying it as a ""LOSING MY MIND"" YouTube animation meme. Culturally, the image relies on relatable internet humor where exaggerated, manic cartoon expressions are used to authentically convey an underlying emotional state of severe stress, acute frustration, and mental exhaustion. Clinically, the explicit textual declaration of cognitive failure combined with the character's visibly distressed, overwhelmed posture provides direct evidence that aligns with a Concentration Problem, vividly illustrating the subjective experience of mental paralysis, brain fog, or reaching a psychological breaking point.","[0.0, 0.0, 0.0, 0.0, 0.0, 1.0, 0.0]","[0.0, 0.0, 0.0, 0.0, 0.0, 1.0, 0.0]"
explanation_only,/Users/soureeshdalal/Desktop/categorization/translated_categorized_memes/UNIVERSAL_HUMAN/test/TE-561.jpg,UNIVERSAL_HUMAN,"This three-panel comic depicts a red blob character looking sorrowfully into a bathroom mirror, turning on a faucet, and subsequently crying profusely against a starkly contrasting, cheerful pink background adorned with hearts and stars. The overlaid Hindi text, ""फ़ील करना ही हीलिंग है"" (Feeling is healing), plays on popular internet wellness slogans by highlighting the ironic disconnect between sanitized mental health mantras and the genuinely agonizing reality of processing complex emotions. Emotionally, the meme juxtaposes profound psychological distress with aggressively positive imagery to convey that emotional catharsis, while framed as a positive necessity, is often an incredibly messy and overwhelming experience in the moment. Clinically, the character's overt display of heavy crying and visible emotional pain provides direct visual evidence of the symptom Feeling Down, capturing the raw vulnerability inherent in confronting one's sadness.","[1.0, 1.0, 0.0, 0.0, 0.0, 0.0, 0.0]","[1.0, 0.0, 0.0, 0.0, 0.0, 0.0, 0.0]"
explanation_only,/Users/soureeshdalal/Desktop/categorization/translated_categorized_memes/UNIVERSAL_HUMAN/test/TE-130.jpg,UNIVERSAL_HUMAN,"Utilizing a classic object-labeling format over a photograph of a soccer match, this bilingual meme labels the player firmly controlling the ball as ""एंटीडिप्रेसेंट्स"" (Antidepressants), the player chasing behind him as ""मैं"" (Me), and the elusive ball itself as ""मेरे orgasms"" (my orgasms). The core irony relies on this competitive sports metaphor to humorously convey the frustrating and helpless emotional state of experiencing medication-induced sexual dysfunction, masking a deeply personal physical struggle with a lighthearted visual. Clinically, by highlighting the user's inability to experience sexual pleasure or climax as a direct consequence of their psychiatric treatment, the meme illustrates a specific, medically induced form of anhedonia that aligns with the glossary definition of a Lack of Interest in enjoying fundamental aspects of life.","[1.0, 1.0, 0.0, 0.0, 0.0, 0.0, 0.0]","[0.0, 1.0, 0.0, 0.0, 0.0, 0.0, 0.0]"
explanation_only,/Users/soureeshdalal/Desktop/categorization/translated_categorized_memes/UNIVERSAL_HUMAN/test/TE-396.jpg,UNIVERSAL_HUMAN,"This image features a vivid orange goldfish confined within a small glass bowl resting on a dark surface, starkly juxtaposed against a vast, monochromatic, and unreachable ocean background. The overlaying Hindi text reads ""पूरी ज़िंदगी क़ैद..."", translating to ""Lifelong imprisonment..."", which utilizes the cruel irony of a captive fish facing endless, inaccessible waters to symbolize the existential dread and restrictive nature of one's circumstances. Emotionally, the contrast between the vibrant, trapped subject and the bleak, infinite expanse conveys a profound sense of isolation, resignation, and deep despair. Clinically, this explicit metaphorical representation of enduring hopelessness and the agonizing feeling of being permanently trapped directly aligns with the symptom of Feeling Down.","[1.0, 0.0, 0.0, 0.0, 0.0, 1.0, 0.0]","[1.0, 0.0, 0.0, 0.0, 0.0, 0.0, 0.0]"
explanation_only,/Users/soureeshdalal/Desktop/categorization/translated_categorized_memes/UNIVERSAL_HUMAN/test/TE-82.jpg,UNIVERSAL_HUMAN,"The image is a screenshot of a tweet-style post featuring a smiling profile picture of a man named Hilton Collins alongside Hindi text that translates to, ""Did you know that a piranha can eat a small child down to the bone in less than 30 seconds? Anyway, I lost my job at the aquarium today..."" The core humor relies on dark comedy and narrative misdirection, setting up a morbid ""fun fact"" before delivering a punchline that implies the author was fired for horrifying negligence that resulted in a child being eaten. Emotionally, the meme generates shock value through the stark juxtaposition of the user's cheerful avatar and casual, conversational tone against the gruesome, macabre implication of the joke. Because the post functions entirely as an edgy, fictional narrative intended for comedic shock rather than a genuine expression of personal psychological distress, it does not clearly depict any specific mental health symptoms from the provided clinical glossary.","[1.0, 0.0, 0.0, 0.0, 0.0, 0.0, 0.0]","[0.0, 0.0, 0.0, 0.0, 0.0, 0.0, 0.0]"
explanation_only,/Users/soureeshdalal/Desktop/categorization/translated_categorized_memes/UNIVERSAL_HUMAN/test/TE-577.jpg,UNIVERSAL_HUMAN,"The meme features two identical panels of a disheveled man slouching on a couch, drinking beer, and staring blankly at a TV, contrasting the top panel's text ""2019: निठल्ला"" (Hindi for ""idle"" or ""useless"") with the bottom panel's text ""2020: ज़िम्मेदार नागरिक"" (Hindi for ""responsible citizen""). Culturally, the humor relies on the irony of the COVID-19 pandemic lockdowns, pointing out how socially condemned laziness was suddenly reframed as a civic duty simply by staying indoors. Emotionally, the meme conveys a sense of profound stagnation and apathy, masking the psychological toll of isolation behind a facade of ironic situational validation. Clinically, the visual depiction of the man's flat affect, solitary drinking, and chronic sedentary state strongly indicates a **Lack of Interest**, while the 2019 text explicitly identifying his lifestyle as ""useless"" aligns with internalized societal judgments reflective of **Low Self-Esteem**.","[1.0, 1.0, 1.0, 0.0, 0.0, 0.0, 0.0]","[0.0, 1.0, 0.0, 0.0, 1.0, 0.0, 0.0]"
explanation_only,/Users/soureeshdalal/Desktop/categorization/translated_categorized_memes/UNIVERSAL_HUMAN/test/TE-305.jpg,UNIVERSAL_HUMAN,"This meme features the Hindi text ""जब आप बिल्कुल नीचे गिर जाते हो, तो सिर्फ ऊपर ही जा सकते हो! मैं:"" (translating to ""When you hit rock bottom, you can only go up! Me:""), juxtaposed against a photograph of heavy excavators and dump trucks actively digging deeper into a massive open-pit mine. The cultural humor relies on ironically subverting a well-known motivational cliché; rather than rebounding from adversity as the quote promises, the creator portrays themselves as actively finding ways to sink even lower. Emotionally, this contrast expresses a profound, cynical pessimism, using self-deprecating comedy to mask the distressing feeling that one's circumstances or mental state are continuously worsening without a clear upward trajectory. Clinically, this thematic focus on absolute despair and the perceived impossibility of recovery clearly aligns with the symptom of Feeling Down, as the meme visually and textually articulates a state of severe hopelessness where the individual feels trapped in an ever-deepening emotional pain.","[1.0, 0.0, 0.0, 0.0, 1.0, 0.0, 0.0]","[1.0, 0.0, 0.0, 0.0, 0.0, 0.0, 0.0]"
explanation_only,/Users/soureeshdalal/Desktop/categorization/translated_categorized_memes/POP_CULTURE_DEPENDENT/test/TE-379.jpg,POP_CULTURE_DEPENDENT,"This four-panel comic parodies the anime *Death Note* by localizing the concept for an Indian audience, depicting a somber man who discovers ""यमराज की किताब"" (Yamraj's Book) and contemplates, ""ये तो यमराज की किताब है! अब मैं किसे मारूँ?"" (This is Yamraj's book! Now whom should I kill?). The comedic irony unfolds when he writes ""मेरा भविष्य"" (My future) in the fatal pages, only for a shadowy, Shinigami-like death deity to appear and state, ""जो चीज़ पहले से ही मरी हुई है, उसे तुम नहीं मार सकते!"" (You cannot kill something that is already dead!). Emotionally, the meme leverages this morbid supernatural scenario to articulate a profound sense of psychological despair and resignation, using dark internet humor as a coping mechanism. Clinically, the explicit declaration that the subject's future is already metaphorically ""dead"" is a stark manifestation of severe hopelessness, directly aligning with the symptom of Feeling Down, while the underlying belief that his life prospects are entirely ruined and worthless also reflects deep-seated Low Self-Esteem.","[1.0, 0.0, 1.0, 0.0, 0.0, 0.0, 0.0]","[1.0, 0.0, 0.0, 0.0, 1.0, 0.0, 0.0]"
explanation_only,/Users/soureeshdalal/Desktop/categorization/translated_categorized_memes/UNIVERSAL_HUMAN/test/TE-604.jpg,UNIVERSAL_HUMAN,"This meme features a dark, moody bedroom illuminated by a stark blue LED light strip, showing a person lying under blankets with the overlaid Hindi text ""उदास दिलों को नींद कहाँ,"" which translates to ""Where is sleep for sad hearts?"" Reflecting the popular South Asian internet aesthetic of late-night, melancholic poetry, the combination of the isolating dark room and poignant text conveys a deep sense of nocturnal loneliness and emotional pain. Clinically, this image directly aligns with the symptom of a **Sleeping Disorder** by explicitly highlighting the inability to fall asleep, while simultaneously expressing **Feeling Down** through the text's direct reference to sadness and the overall depressive, isolating visual atmosphere.","[1.0, 0.0, 0.0, 0.0, 0.0, 0.0, 1.0]","[1.0, 0.0, 0.0, 0.0, 0.0, 0.0, 1.0]"
explanation_only,/Users/soureeshdalal/Desktop/categorization/translated_categorized_memes/UNIVERSAL_HUMAN/test/TE-199.jpg,UNIVERSAL_HUMAN,"This text-based meme features a plain, dark-textured background with centered white Hindi text that reads, ""जब आप बहुत *थके हुए हों* पर आपको *नींद न आए*,"" which translates to ""When you are very *tired* but you *can't sleep*."" Culturally, this functions as a highly relatable statement piece common on social media platforms like Instagram or WhatsApp, drawing its engagement from the shared frustration of a physiological paradox rather than a traditional comedic punchline. Emotionally, the stark, minimalist aesthetic of white text on a black background perfectly mirrors the isolation and late-night helplessness felt when one's mind refuses to shut down despite profound physical and mental exhaustion. Clinically, the explicit textual complaint of severe fatigue coupled with an inability to fall asleep serves as a direct indicator of a Sleeping Disorder, specifically highlighting common experiences of insomnia and exhaustion.","[0.0, 0.0, 0.0, 0.0, 0.0, 0.0, 1.0]","[0.0, 0.0, 0.0, 0.0, 0.0, 0.0, 1.0]"
explanation_only,/Users/soureeshdalal/Desktop/categorization/translated_categorized_memes/UNIVERSAL_HUMAN/test/TE-73.jpg,UNIVERSAL_HUMAN,"This meme utilizes a mock architectural floor plan template with Hindi labels, where tiny, cramped sections at the top denote a 'बेडरूम' (Bedroom), 'किचन' (Kitchen), and 'बाथरूम' (Bathroom), while the overwhelming majority of the square footage is labeled 'अकेलापन' (Loneliness). The dark humor relies on spatial irony, visually exaggerating how an abstract, painful state of mind can metaphorically consume far more space in a person's life than their basic physical living areas. Emotionally, the stark juxtaposition of tiny functional rooms against a massive, empty void conveys a profound sense of isolation and the feeling of being completely engulfed by one's own solitude. Clinically, this disproportionate spatial representation of immense, all-consuming isolation acts as an explicit visual metaphor for deep emotional pain, aligning directly with the symptom of Feeling Down.","[1.0, 0.0, 0.0, 0.0, 0.0, 0.0, 0.0]","[1.0, 0.0, 0.0, 0.0, 0.0, 0.0, 0.0]"
explanation_only,/Users/soureeshdalal/Desktop/categorization/translated_categorized_memes/UNIVERSAL_HUMAN/test/TE-48.jpg,UNIVERSAL_HUMAN,"This Hindi-language meme utilizes an ironic visual template of a person submerged neck-deep in floodwater while holding an umbrella, illustrating the futility of inadequate coping mechanisms against overwhelming psychological distress. The creator, labeled ""मैं"" (Me), is drowning in waters labeled with severe afflictions like ""आत्महत्या"" (Suicide), ""डिप्रेशन"" (Depression), and ""आँसू"" (Tears), while the umbrella offering flimsy protection from the ""खुद को नुकसान पहुँचाने वाली हरकतें"" (Self-harming behaviors) rain is cynically labeled ""अनजान लोगों के मीठे बोल"" (Sweet words from strangers). Emotionally, the meme conveys a state of being entirely consumed by despair, highlighting the dark humor that superficial online validation is practically useless against a genuine, multi-faceted psychiatric crisis. Clinically, the explicit inclusion of tears and depression aligns precisely with the Feeling Down symptom, while the direct textual references to suicide and self-inflicted damage provide clear, undeniable evidence of Self-Harm.","[1.0, 0.0, 0.0, 0.0, 1.0, 0.0, 0.0]","[1.0, 0.0, 1.0, 0.0, 0.0, 0.0, 0.0]"
explanation_only,/Users/soureeshdalal/Desktop/categorization/translated_categorized_memes/UNIVERSAL_HUMAN/test/TE-237.jpg,UNIVERSAL_HUMAN,"This meme features a macro image of a cute, fluffy teddy bear peacefully watching bubbles float in a sunny park, overlaid with the ""Hinglish"" text ""मैं, अपनी जिंदगी का मजा लेते हुए एक dumb बनकर,"" which translates to ""Me, enjoying my life being dumb."" The core humor relies on the cultural ""ignorance is bliss"" trope, contrasting the hyper-innocent, serene visual with an underlying emotional state of psychological overwhelm, suggesting that the creator can only find peace by willfully turning off their brain to avoid reality's stressful complexities. Clinically, while the meme presents a cheerful outward facade, the explicit use of self-deprecation to navigate life's daily pressures aligns with mild expressions of Low Self-Esteem, as the user humorously degrades their own intelligence as a necessary coping mechanism to survive the burden of awareness.","[1.0, 0.0, 0.0, 0.0, 1.0, 0.0, 0.0]","[0.0, 0.0, 0.0, 0.0, 1.0, 0.0, 0.0]"
explanation_only,/Users/soureeshdalal/Desktop/categorization/translated_categorized_memes/UNIVERSAL_HUMAN/test/TE-301.jpg,UNIVERSAL_HUMAN,"The black-and-white two-panel image contrasts a left arm covered in severe horizontal lacerations with a seemingly unscarred right arm draped with a necklace, accompanied by the Hindi text ""अब यह पहले जैसा"" and ""कभी नहीं होगा,"" which translates to the despondent phrase, ""It will never be the same again."" Culturally rooted in internet ""sadposting"" communities, the meme uses this stark visual before-and-after juxtaposition to convey an underlying emotional state of profound hopelessness, regret, and enduring psychological pain regarding the permanent physical reminders of distress. Clinically, the explicit depiction of extensive, clustered cuts on the forearm provides direct visual evidence of the **Self-Harm** symptom. Furthermore, the fatalistic text expressing that a return to an unblemished or normal state is impossible strongly aligns with the **Feeling Down** symptom, highlighting a deeply entrenched sense of despair and emotional agony.","[0.0, 0.0, 1.0, 0.0, 0.0, 0.0, 0.0]","[1.0, 0.0, 1.0, 0.0, 0.0, 0.0, 0.0]"
explanation_only,/Users/soureeshdalal/Desktop/categorization/translated_categorized_memes/UNIVERSAL_HUMAN/test/TE-83.jpg,UNIVERSAL_HUMAN,"This meme utilizes a two-panel reaction image of a deadpan Lisa Simpson listening to an MP3 player and staring apathetically out a window, accompanied by the Hinglish text ""मैं messages ignore करते हुए जब तक फिर से social होने की energy न आ जाए,"" which translates to ""Me ignoring messages until I get the energy to be social again."" Culturally, the image captures the highly relatable modern internet experience of social burnout, using the recognizable exhaustion of the cartoon character to humorously validate the need to deliberately isolate oneself from demanding digital communication. Emotionally, the juxtaposition of the mundane act of riding in a vehicle with the confession of intentional avoidance conveys a deep sense of interpersonal fatigue and the necessary emotional withdrawal required to recharge one's mental battery. Clinically, the explicit statement about lacking the energy to engage with others and the depicted behavioral choice to purposefully tune out the world serve as direct textual and visual evidence of a Lack of Interest, demonstrating a clear apathy toward typical social engagement.","[1.0, 0.0, 0.0, 0.0, 0.0, 0.0, 0.0]","[0.0, 1.0, 0.0, 0.0, 0.0, 0.0, 0.0]"
explanation_only,/Users/soureeshdalal/Desktop/categorization/translated_categorized_memes/UNIVERSAL_HUMAN/test/TE-647.jpg,UNIVERSAL_HUMAN,"This image depicts a man viewed from behind with his hands clasped behind his head in a posture of frustration, staring at a dark background densely covered with Hindi interrogative words like ""क्या?"" (what), ""क्यों?"" (why), ""कैसे?"" (how), and ""कब?"" (when). Culturally, the meme uses the visual trope of floating text to represent a chaotic internal monologue, capturing the highly relatable experience of extreme overthinking and confusion localized for a Hindi-speaking internet audience. Emotionally, the man's defeated, surrendered body language contrasting with the relentless barrage of questioning words conveys a profound sense of mental overwhelm, anxiety, and feeling trapped by one's own racing thoughts. In a clinical context, this literal depiction of a mind flooded with competing, unanswerable questions strongly aligns with a Concentration Problem, effectively visualizing the exhausting brain fog, inability to focus, and cognitive paralysis that stems from severe psychological overload.","[0.0, 0.0, 0.0, 0.0, 0.0, 1.0, 0.0]","[0.0, 0.0, 0.0, 0.0, 0.0, 1.0, 0.0]"
explanation_only,/Users/soureeshdalal/Desktop/categorization/translated_categorized_memes/UNIVERSAL_HUMAN/test/TE-105.jpg,UNIVERSAL_HUMAN,"This meme utilizes an ""average weight"" (औसत वजन) infographic template, establishing a factual baseline by listing the physical weights of a sheep (90 kg) and an elephant (5400 kg) before delivering a hyperbolic, self-deprecating punchline. In the final row, the standard animal image is replaced with Hinglish text reading ""मेरे parents पर मेरे होने, useless, ugly और untalented होने का बोझ"" (The burden on my parents of me existing, being useless, ugly, and untalented), which is paired with an infinite weight measurement (∞ किग्रा). Emotionally, the sterile, objective presentation of a scientific chart starkly contrasts with the intense psychological distress conveyed in the final panel, utilizing dark internet humor to quantify profound guilt. Because the text explicitly labels the creator as a crushing ""burden"" on their family and uses self-loathing descriptors like ""useless"" and ""ugly,"" this meme serves as a clear, literal manifestation of the **Low Self-Esteem** clinical symptom.","[1.0, 0.0, 0.0, 0.0, 1.0, 0.0, 0.0]","[0.0, 0.0, 0.0, 0.0, 1.0, 0.0, 0.0]"
explanation_only,/Users/soureeshdalal/Desktop/categorization/translated_categorized_memes/UNIVERSAL_HUMAN/test/TE-625.jpg,UNIVERSAL_HUMAN,"Featuring a stark black-and-white still of a distressed young woman from a BBC Three broadcast, this image is overlaid with Hindi text translating to, ""People might say 'you are so fat that you can't have an eating disorder' because I am... losing the battle."" Culturally, the image critiques the harmful societal misconception that an individual must be visibly emaciated to suffer from disordered eating, utilizing documentary-style realism to ground the message in authentic human suffering. Emotionally, the meme conveys a profound sense of isolation and despair, illustrating the heavy psychological toll of having one's internal struggles invalidated by outward physical appearances. Clinically, the explicit textual reference directly aligns with an **Eating Disorder**, while the distressing confession of ""losing the battle"" demonstrates the deep hopelessness and emotional pain characteristic of **Feeling Down**.","[0.0, 0.0, 0.0, 1.0, 0.0, 0.0, 0.0]","[1.0, 0.0, 0.0, 1.0, 0.0, 0.0, 0.0]"
explanation_only,/Users/soureeshdalal/Desktop/categorization/translated_categorized_memes/UNIVERSAL_HUMAN/test/TE-631.jpg,UNIVERSAL_HUMAN,"This four-panel meme utilizes a familiar template of a blurry, frantically moving boy to depict an exaggerated reaction, beginning with an image of feet on a weighing scale beneath the Hindi text ""*वज़न 1 ग्राम कम हुआ*"" (Weight decreased by 1 gram), followed by the boy sprinting to a laptop to frantically search ""BMI कैलकुलेटर"" (BMI Calculator) on Google. The core humor relies on the extreme emotional urgency and hyper-fixation triggered by a biologically insignificant change in body weight, masking a frantic obsession with physical metrics beneath a seemingly lighthearted, comedic overreaction. From a clinical perspective, this exaggerated depiction of tracking minute weight fluctuations and the immediate, panicked rush to calculate body mass indices serves as visual evidence of an **Eating Disorder**, illustrating the obsessive weight monitoring and body dysmorphia often characteristic of such mental health challenges.","[0.0, 0.0, 0.0, 1.0, 0.0, 0.0, 0.0]","[0.0, 0.0, 0.0, 1.0, 0.0, 0.0, 0.0]"
explanation_only,/Users/soureeshdalal/Desktop/categorization/translated_categorized_memes/UNIVERSAL_HUMAN/test/TE-475.jpg,UNIVERSAL_HUMAN,"This four-panel comic features a frog progressing through its daily routine—waking up in a nightcap, working at a desk beneath a grim ""मरते दम तक काम!"" (Work until death!) poster, and sitting at a computer—while repeatedly stating the Hindi phrase ""मैं थक गया हूँ।"" (I am tired). The core irony emerges in the final panel where the frog lies wide awake in bed with a blank, wide-eyed stare, stating ""नींद नहीं आ रही।"" (I can't sleep), tapping into a relatable internet culture trope about the paradox of modern fatigue. This juxtaposition of pervasive daytime exhaustion declarations against sudden nighttime alertness conveys an underlying emotional state of frustrating restlessness and the helpless cycle of burnout. Clinically, the comic's explicit depiction of chronic daily exhaustion paired with nighttime insomnia provides clear visual and textual evidence of a Sleeping Disorder.","[0,0,0,0,0,0,1]",
explanation_only,/Users/soureeshdalal/Desktop/categorization/translated_categorized_memes/UNIVERSAL_HUMAN/test/TE-382.jpg,UNIVERSAL_HUMAN,"This image consists of a bright yellow text overlay masking a blurred, handwritten diary entry filled with distressed English phrases like ""no way out of this slump,"" featuring the Hinglish text: ""अभी Maggi खाते-खाते रो पड़ा क्योंकि सब कुछ बहुत draining लग रहा है और मैं थक गया हूँ अच्छी चीज़ों के होने की भीख माँगते-माँगते।"" (I just burst into tears while eating Maggi because everything feels so draining and I'm tired of begging for good things to happen). Culturally, the meme contrasts the mundane, comforting act of eating Maggi—a ubiquitous instant noodle brand in South Asia—with a sudden, intense emotional breakdown, utilizing internet culture's tendency to overshare intimate despair through relatable, everyday scenarios. The underlying emotional state is one of profound exhaustion and despair, where the juxtaposition of a simple comfort meal fails to mask the creator's overwhelming psychological burden and sense of defeat. Clinically, this explicit confession of sudden crying, finding life persistently ""draining,"" and experiencing severe hopelessness directly aligns with the **Feeling Down** symptom outlined in the diagnostic glossary.","[0.0, 0.0, 0.0, 1.0, 0.0, 0.0, 0.0]","[1.0, 0.0, 0.0, 0.0, 0.0, 0.0, 0.0]"
explanation_only,/Users/soureeshdalal/Desktop/categorization/translated_categorized_memes/UNIVERSAL_HUMAN/test/TE-169.jpg,UNIVERSAL_HUMAN,"This meme features a manga-style panel of a bespectacled girl kneeling to open a large trash bag, accompanied by Hindi speech bubble text that translates to, ""Alright. I am going to throw away the garbage. Come on, get inside,"" alongside sound effects reading ""khol"" (open). Culturally, the core joke relies on aggressive internet irony where the speaker commands the viewer—or, in self-referential meme sharing contexts, the poster themselves—to act as literal refuse to be discarded. Emotionally, the mundane visual of a household chore starkly juxtaposes the harsh, self-deprecating undertone, using deadpan humor to mask feelings of profound inadequacy. Clinically, by explicitly equating a person to disposable ""garbage"" that needs to be thrown away, the meme presents direct textual and conceptual evidence of ""Low Self-Esteem,"" illustrating intense feelings of worthlessness through a darkly comedic, relatable format.","[0.0, 0.0, 0.0, 0.0, 1.0, 0.0, 0.0]","[0.0, 0.0, 0.0, 0.0, 1.0, 0.0, 0.0]"
explanation_only,/Users/soureeshdalal/Desktop/categorization/translated_categorized_memes/UNIVERSAL_HUMAN/test/TE-388.jpg,UNIVERSAL_HUMAN,"This image features a simulated tweet format from a user named ""erin"" (@erinbcmurray) displaying the Hindi text, ""क्या किसी और की लाइफ भी ऐसी चल रही है कि ‘बस ये आखिरी मुश्किल हफ्ता निकल जाए, फिर तो लाइफ सेट है!’ लेकिन ऐसा... हर हफ्ते होता है,"" which translates to a person perpetually hoping that after just one more ""difficult week"" their life will be perfectly settled, only to realize this exhausting cycle repeats every single week. The core joke relies on the highly relatable cultural irony of modern burnout, where the promised relief from stress is continuously delayed, effectively masking a grim reality with casual, communal internet humor. Emotionally, the text conveys chronic exhaustion and deep resignation, highlighting the psychological distress of being trapped in an endless loop of false anticipation and ongoing struggle. Clinically, this explicit description of unending difficult periods and the resulting sense of pervasive hopelessness aligns directly with the symptom of Feeling Down, as the user uses humor to cope with chronic emotional pain.","[1.0, 1.0, 0.0, 0.0, 0.0, 0.0, 0.0]","[1.0, 0.0, 0.0, 0.0, 0.0, 0.0, 0.0]"
explanation_only,/Users/soureeshdalal/Desktop/categorization/translated_categorized_memes/UNIVERSAL_HUMAN/test/TE-371.jpg,UNIVERSAL_HUMAN,"This digital quote graphic features white Hindi text over a dark wood-grain background reading, ""मैं अपने मन को शांत करना चाहता था, ताकि मेरे विचार मेरी अपनी शांति पर केंद्रित हो सकें। मैं अपने प्रेम की शांति को अपने दिल में में वैसे ही बंद करना चाहता था, जैसे एक गहरे गुलाब में ओस की बूंद।"" (attributed to Caryll Houselander). Culturally, this functions not as an ironic internet meme but as an earnest, inspirational quote card common on social media platforms, meant to evoke themes of mindfulness, introspection, and spiritual tranquility. Emotionally, the stark, grounded visual presentation combined with the poetic text conveys a sincere yearning to escape internal mental noise and safeguard deep emotional serenity. When evaluated against the provided clinical glossary, the text represents a meditative aspiration for inner peace rather than an expression of psychological distress, and therefore no specific clinical symptoms are explicitly depicted.","[0.0, 1.0, 0.0, 0.0, 0.0, 0.0, 0.0]","[0.0, 0.0, 0.0, 0.0, 0.0, 0.0, 0.0]"
explanation_only,/Users/soureeshdalal/Desktop/categorization/translated_categorized_memes/UNIVERSAL_HUMAN/test/TE-217.jpg,UNIVERSAL_HUMAN,"This four-panel meme utilizes a variation of the ""guy hugging dog while cat watches"" template, featuring Hindi text where the tightly embraced dog is labeled ""मैं और मेरी पुरानी गलत आदतें"" (Me and my old bad habits) and the neglected, weeping cat in the background is labeled ""थेरेपी में सीखी हुई बातें"" (Things learned in therapy). The core irony highlights a highly relatable internet culture joke about mental health, illustrating how individuals often actively choose the comfort of familiar, maladaptive behaviors over applying the healthier coping mechanisms they have been taught. Emotionally, the juxtaposition of the affectionate hug with the abandoned, teary-eyed cat conveys a deep sense of guilt, regression, and the frustrating self-awareness of self-sabotage despite seeking professional help. Clinically, the extreme close-up in the final panel featuring the cat's explicitly edited, crying eyes aligns directly with the symptom of Feeling Down, visually representing the sadness and emotional pain associated with failing to maintain therapeutic progress.","[1.0, 0.0, 0.0, 0.0, 0.0, 0.0, 0.0]","[1.0, 0.0, 0.0, 0.0, 1.0, 0.0, 0.0]"
explanation_only,/Users/soureeshdalal/Desktop/categorization/translated_categorized_memes/UNIVERSAL_HUMAN/test/TE-277.jpg,UNIVERSAL_HUMAN,"The meme utilizes a stock image of a serious businessman meticulously writing in a notebook to humorously represent someone drafting a highly specific, formal prayer to God on behalf of their friend group. The Hindi text translates to a plea for future romantic partners who will offer genuine support, respect their ""relationship with food,"" avoid stealing their ""safe foods,"" and refrain from making negative comments about their bodies. This juxtaposition of a professional, deadpan visual with a deeply personal request masks a vulnerable emotional state characterized by relationship anxiety and the fear of being judged for ongoing personal struggles. Clinically, the meme's explicit mention of relying on ""safe foods,"" navigating a difficult relationship with eating, and sensitivity to body comments directly aligns with the symptom of an Eating Disorder, highlighting how body dysmorphia and food-related coping mechanisms can complicate interpersonal relationships.","[0.0, 0.0, 0.0, 1.0, 0.0, 0.0, 0.0]","[0.0, 0.0, 0.0, 1.0, 0.0, 0.0, 0.0]"
explanation_only,/Users/soureeshdalal/Desktop/categorization/translated_categorized_memes/UNIVERSAL_HUMAN/test/TE-75.jpg,UNIVERSAL_HUMAN,"This meme utilizes a variation of the ""Brain at 3 AM"" template, contrasting an anatomical drawing of a brain on the left with a deeply exhausted ""Withered Wojak"" character on the right to humorously depict the struggle with intrusive nighttime thoughts. The Hindi text explicitly illustrates this internal battle, with the brain stating, ""सुबह के 5:13 बज गए। ये तुम्हारा हर आधे घंटे का reminder है कि तुम बेकार हो।"" (""It is 5:13 in the morning. This is your half-hourly reminder that you are worthless""), to which the drained Wojak submissively replies, ""जी हाँ"" (""Yes""). Emotionally, the meme conveys a profound sense of depressed resignation and psychological distress, using relatable dark internet humor to highlight the draining nature of relentless self-deprecation. Clinically, this image vividly presents evidence of a Sleeping Disorder, indicated by the 5:13 AM timestamp and the Wojak's extreme physical exhaustion resulting from insomnia, alongside severe Low Self-Esteem, demonstrated by the intrusive, repetitive internal monologue explicitly labeling the individual as useless.","[0.0, 0.0, 0.0, 0.0, 1.0, 0.0, 0.0]","[1.0, 0.0, 0.0, 0.0, 1.0, 0.0, 1.0]"
explanation_only,/Users/soureeshdalal/Desktop/categorization/translated_categorized_memes/POP_CULTURE_DEPENDENT/test/TE-178.jpg,POP_CULTURE_DEPENDENT,"This meme uses a four-panel grid of famous Indian cinema reaction images to summarize the plot of the anime *Re:Zero*, responding to the overarching Hindi caption that translates to, ""You can't tell the story of Re:Zero in a few memes-"". The individual panels sequentially depict a god complex (""Sometimes I feel like I am God""), a distressed decision to die (""I have decided, I have to die""), anticipation of a revival paired with a rewind button (""My Karan Arjun will come""), and weary resignation (""Oh man, starting the same thing again"") to culturally translate the anime protagonist's traumatic ""Return by Death"" time-loop ability. Emotionally, the compilation illustrates the intense psychological whiplash of the character's journey, shifting rapidly from illusions of omnipotent control to profound, inescapable despair and exhaustion. Clinically, the meme contains a direct textual reference to Self-Harm, as the second panel's explicit declaration of wanting to die darkly satirizes the protagonist's grim necessity to end his own life in order to reset the timeline.","[1.0, 0.0, 1.0, 0.0, 0.0, 0.0, 0.0]","[1.0, 0.0, 1.0, 0.0, 0.0, 0.0, 0.0]"
explanation_only,/Users/soureeshdalal/Desktop/categorization/translated_categorized_memes/UNIVERSAL_HUMAN/test/TE-558.jpg,UNIVERSAL_HUMAN,"Utilizing the classic ""Joey Tribbiani Delayed Reaction"" template from the sitcom *Friends*, this meme features identical Hindi text in both panels translating to, ""Me, a severe Borderline, enjoying loneliness,"" juxtaposed against Joey's initial pleasant smile that abruptly shifts to a stare of wide-eyed horror. The core irony captures the rapid internal emotional dysregulation often associated with Borderline Personality Disorder (BPD), where a fragile illusion of peacefully coping with isolation suddenly shatters into a panicked, distressing realization of profound abandonment. Clinically, this sudden visual shift from superficial contentment to undeniable dread illustrates **Feeling Down**, as the humorous facade drops to reveal the stark underlying reality of intense emotional pain and the individual's inability to genuinely tolerate their self-imposed isolation.","[1,1,0,0,0,0,0]",
explanation_only,/Users/soureeshdalal/Desktop/categorization/translated_categorized_memes/UNIVERSAL_HUMAN/test/TE-659.jpg,UNIVERSAL_HUMAN,"This Hindi-English hybrid meme features a thick-bordered thought bubble filled with a chaotic jumble of random objects—including books, a CD, and pop culture figures—sandwiched between the top text ""हर बात की"" (about everything) and the bottom text ""ओवरथिंकिंग"" (overthinking). Culturally, it relies on relatable, self-deprecating internet humor regarding cognitive overload, using cartoonish visual clutter to represent a mind endlessly spiraling over trivial details. Emotionally, the playful illustration masks an underlying state of anxiety and mental exhaustion, capturing the distressing feeling of a brain that refuses to quiet down. Clinically, this depiction of a mind overwhelmed by a cacophony of unrelated thoughts and stimuli provides clear visual evidence of a Concentration Problem, highlighting the subject's inability to maintain clear focus amidst severe mental clutter.","[0.0, 0.0, 0.0, 0.0, 0.0, 1.0, 0.0]","[0.0, 0.0, 0.0, 0.0, 0.0, 1.0, 0.0]"
explanation_only,/Users/soureeshdalal/Desktop/categorization/translated_categorized_memes/LANGUAGE_DEPENDENT/test/TE-170.jpg,LANGUAGE_DEPENDENT,"This Hindi-language meme features a tilted, slightly blurry photograph of actor Matthew Perry performing an energetic backward-leaning dance move while sporting a notably blank or dazed facial expression. The top text, which translates to ""When the mood goes from happy to completely sad in 0.05 seconds,"" is paired with the bottom caption ""*डिप्रेस्ड पलटी*"" (*Depressed flip*), creating a humorous irony by juxtaposing a dynamic physical action with an expression of sudden, intense emotional volatility. Clinically, this explicit textual description of rapidly shifting from a happy state to being completely sad and ""depressed"" directly corresponds to the **Feeling Down** symptom, utilizing an absurd visual metaphor to articulate the sudden onset of dysphoria commonly joked about in internet culture.","[1.0, 0.0, 0.0, 0.0, 1.0, 0.0, 0.0]","[1.0, 0.0, 0.0, 0.0, 0.0, 0.0, 0.0]"
explanation_only,/Users/soureeshdalal/Desktop/categorization/translated_categorized_memes/MEME_FORMAT_DEPENDENT/test/TE-484.jpg,MEME_FORMAT_DEPENDENT,"Visually mimicking the celebratory ""Spotify Wrapped"" statistical aesthetic, this meme features bold Hindi text on a light green background that translates to, ""This year you spent 5,25,500 minutes thinking about food. Get therapy."" The core humor relies on the ironic juxtaposition of a trendy, fun internet format being used to aggressively call out the viewer's obsessive behavior, especially noting that 525,500 minutes equates to nearly an entire calendar year of constant fixation. This sharp contrast conveys an underlying emotional state of neuroticism or distress masked by self-deprecating internet humor, turning a concerning mental fixation into a harsh but relatable punchline. Clinically, the explicit text describing an overwhelming, year-long preoccupation with thoughts of food aligns directly with the glossary's definition of an **Eating Disorder**, highlighting an unhealthy psychological relationship with food that warrants the meme's blunt, unvarnished advice to seek professional help.","[0.0, 0.0, 0.0, 1.0, 0.0, 0.0, 0.0]","[0.0, 0.0, 0.0, 1.0, 0.0, 0.0, 0.0]"
explanation_only,/Users/soureeshdalal/Desktop/categorization/translated_categorized_memes/UNIVERSAL_HUMAN/test/TE-397.jpg,UNIVERSAL_HUMAN,"This image features a translated tweet from user Maria Wojciechowski (@RiaWojo) with Hindi text reading, ""मैं ज्यादा बाहर नहीं जाती क्योंकि मैं कंगाल हूँ, लेकिन भाई साहब, जब मैं अमीर हो जाऊँगी, तो मुझे कोई और बहाना ढूँढना पड़ेगा,"" which translates to ""I don't go out much because I am broke, but bro, when I get rich, I will have to find another excuse."" The core joke relies on relatable internet culture where individuals use temporary, practical constraints like financial struggles to mask a deeper, permanent preference for social isolation. Emotionally, the creator's smiling profile picture and lighthearted tone cleverly contrast with a genuine confession of social avoidance, using self-awareness and humor as a shield. Clinically, the explicit admission of deliberately avoiding social outings and the proactive intention to continue isolating even if circumstances improve directly aligns with a ""Lack of Interest,"" demonstrating persistent apathy toward external engagement.","[0.0, 1.0, 0.0, 0.0, 0.0, 0.0, 0.0]","[0.0, 1.0, 0.0, 0.0, 0.0, 0.0, 0.0]"
explanation_only,/Users/soureeshdalal/Desktop/categorization/translated_categorized_memes/UNIVERSAL_HUMAN/test/TE-280.jpg,UNIVERSAL_HUMAN,"The image features a stark photograph of a single, fragile withered flower stalk lying against a brightly lit white background, overlaid with the Hindi text ""मैं ग़म में दुनिया नहीं छोड़ना चाहता,"" which translates to ""I don't want to leave the world in sorrow."" Characteristic of South Asian internet ""sadposting,"" the visual fragility of the dying plant perfectly mirrors the profound, melancholic emotional state of the author, creating a poignant aesthetic contrast between literal physical decay and a lingering, desperate desire to experience happiness before death. Clinically, this meme aligns with the symptom of **Feeling Down** due to its explicit admission of enduring ""gham"" (deep sorrow or emotional pain), while the philosophical contemplation of ""leaving the world"" serves as a euphemistic reference to dying that fulfills the criteria for **Self-Harm**, highlighting a psychological struggle with mortality and despair.","[1.0, 0.0, 1.0, 0.0, 0.0, 0.0, 0.0]","[1.0, 0.0, 1.0, 0.0, 0.0, 0.0, 0.0]"
explanation_only,/Users/soureeshdalal/Desktop/categorization/translated_categorized_memes/UNIVERSAL_HUMAN/test/TE-582.jpg,UNIVERSAL_HUMAN,"This meme is a screenshot of a Twitter post from user @molly7anne, whose profile picture shows a woman in a playful pink unicorn onesie, juxtaposed against a Hindi tweet that translates to: ""I am 25 years old and completely burnt out. What am I supposed to do for the next 50 years? Pay EMIs? Cry about traffic? Keep buying spinach and watching it rot? Get the car serviced? This is the limit, man."" The cultural nuance and core joke rely on highly relatable millennial ""adulting"" struggles—such as rotting grocery produce and endless financial obligations—which serve to articulate a profound, underlying emotional state of existential exhaustion and dread regarding the future. From a clinical perspective, the user's explicit statement of being ""burnt out"" and expressing despair over enduring 50 more years of monotony strongly aligns with **Feeling Down**, while the profound apathy and cynicism directed toward sustaining basic daily routines clearly demonstrate a **Lack of Interest**.","[0.0, 1.0, 0.0, 0.0, 0.0, 0.0, 0.0]","[1.0, 1.0, 0.0, 0.0, 0.0, 0.0, 0.0]"
explanation_only,/Users/soureeshdalal/Desktop/categorization/translated_categorized_memes/UNIVERSAL_HUMAN/test/TE-228.jpg,UNIVERSAL_HUMAN,"This meme utilizes the ""Guy hitting head against whiteboard"" template, depicting a young man resting his forehead against a board in a posture of defeat and frustration, overlaid with the Hindi text, ""मैं वो चीज़ें करता हूँ जो मुझे लगता है लोग मुझसे चाहते हैं ताकि वो मुझे छोड़ के ना जाएँ"" (""I do things that I think people want from me so that they don't leave me""). The cultural humor relies on the dark irony of presenting a devastatingly vulnerable realization about chronic people-pleasing as a mundane classroom whiteboard lesson. Emotionally, the juxtaposition of a standard educational setting with such a heavy personal admission conveys a profound sense of anxiety, highlighting the exhausting psychological toll of masking one's true self out of a fear of abandonment. Clinically, this explicit textual admission of constantly altering one's behavior solely to secure relationships provides clear evidence of **Low Self-Esteem**, illustrating a deeply rooted belief that one's authentic self is inherently lacking in worth.","[1.0, 0.0, 0.0, 0.0, 1.0, 0.0, 0.0]","[0.0, 0.0, 0.0, 0.0, 1.0, 0.0, 0.0]"
explanation_only,/Users/soureeshdalal/Desktop/categorization/translated_categorized_memes/UNIVERSAL_HUMAN/test/TE-339.jpg,UNIVERSAL_HUMAN,"This four-panel webcomic features a minimalist character repeating the Hindi phrase ""मुझे घर जाना है"" (I want to go home) while enduring mundane tasks like grocery shopping, driving, and working, before culminating in a final panel where they lie wide awake in bed thinking, ""मुझे बस खुश रहना है"" (I just want to be happy). The core irony reveals a profound emotional disconnect, as the character's obsessive desire to return to their physical home was merely masking a desperate yearning for mental peace and a persistent state of psychological distress. Clinically, this pervasive sense of dissatisfaction and the concluding explicit admission of wanting to be happy directly align with the symptom of **Feeling Down**, while the visual depiction of the character lying awake and ruminating in bed rather than resting provides evidence of a **Sleeping Disorder** exacerbated by their emotional pain.","[1.0, 0.0, 0.0, 0.0, 0.0, 0.0, 0.0]","[1.0, 0.0, 0.0, 0.0, 0.0, 0.0, 1.0]"
explanation_only,/Users/soureeshdalal/Desktop/categorization/translated_categorized_memes/UNIVERSAL_HUMAN/test/TE-59.jpg,UNIVERSAL_HUMAN,"The image displays a close-up photograph of printed Hindi text that translates to a brief dialogue: ""'You look very tired.' / 'I am.' / 'From what?' / I shrugged my shoulders. 'From everything.'"" Shared frequently in internet culture as a relatable aesthetic or 'mood' excerpt, the snippet uses a simple, deadpan conversational exchange to articulate a profound, existential burnout rather than temporary physical fatigue. Emotionally, the text conveys a pervasive, heavy weariness and a sense of being completely overwhelmed by daily existence, using the casual gesture of a shrug to mask deep psychological distress. Clinically, the explicit focus on severe tiredness aligns directly with the exhaustion component of a **Sleeping Disorder**, while the admission that this fatigue stems from life in general illustrates a deep-seated hopelessness and emotional pain indicative of **Feeling Down**.","[1.0, 0.0, 0.0, 0.0, 0.0, 0.0, 0.0]","[1.0, 0.0, 0.0, 0.0, 0.0, 0.0, 1.0]"
explanation_only,/Users/soureeshdalal/Desktop/categorization/translated_categorized_memes/CELEBRITY_DEPENDENT/test/TE-238.jpg,CELEBRITY_DEPENDENT,"This meme features a dark, moody still of the intimidating character Kaleen Bhaiya from the Indian crime series *Mirzapur*, accompanied by the transcribed Hindi text ""काफी फैल गए हो भाई?"" (You've spread/expanded quite a bit, brother?), which humorously repurposes a mafia threat into a relatable, albeit harsh, observation about a person gaining significant weight. The emotional context is characterized by self-deprecation or harsh judgment, using the character's famously stern and uncompromising glare to amplify the psychological discomfort, guilt, and shame associated with realizing one's body has physically ""expanded."" Clinically, by focusing on unwanted weight gain and utilizing a threatening tone to mock body image, the meme provides visual and textual evidence that aligns with symptoms of an Eating Disorder—specifically relating to body dysmorphia or the physical aftermath of bingeing—as well as Low Self-Esteem stemming from intense self-criticism regarding one's physical appearance.","[0.0, 0.0, 0.0, 1.0, 0.0, 0.0, 0.0]","[0.0, 0.0, 0.0, 1.0, 1.0, 0.0, 0.0]"
explanation_only,/Users/soureeshdalal/Desktop/categorization/translated_categorized_memes/UNIVERSAL_HUMAN/test/TE-651.jpg,UNIVERSAL_HUMAN,"This digital illustration features a distressed individual sitting wide awake in bed in a darkened, blue-toned room, accompanied by a bright yellow banner with the Hindi text ""ज़्यादा सोचना कैसे बंद करें,"" which translates to ""How to stop overthinking."" Functioning as a highly relatable graphic typical of internet mental health or self-help content, the image conveys the frustrating and isolating emotional exhaustion of being trapped by one's own racing thoughts, represented by chaotic pink squiggles above the subject's head. Clinically, the image provides clear visual evidence of a Sleeping Disorder, directly illustrated by the bedside clock reading ""03:48,"" the subject's prominent under-eye bags, and their apparent insomnia driven by uncontrollable nocturnal rumination.","[0.0, 0.0, 0.0, 0.0, 0.0, 1.0, 1.0]","[0.0, 0.0, 0.0, 0.0, 0.0, 0.0, 1.0]"
explanation_only,/Users/soureeshdalal/Desktop/categorization/translated_categorized_memes/UNIVERSAL_HUMAN/test/TE-330.jpg,UNIVERSAL_HUMAN,"The meme utilizes a familiar stock photo template of a broadly smiling man in a plaid shirt pointing directly at the viewer, accompanied by the Hindi text, ""बताओ कौन suicide करने की जगह memes देख रहा है,"" which translates to ""Tell me who is looking at memes instead of committing suicide."" The humor relies on dark irony and breaking the fourth wall, creating a jarring emotional juxtaposition between the subject's cheerful, friendly demeanor and the grim reality of using internet content to momentarily distract from severe psychological distress. Clinically, by explicitly calling out the viewer's presumed suicidal ideation and framing meme consumption as an alternative to dying, the image directly aligns with the **Self-Harm** symptom criteria.","[1.0, 0.0, 1.0, 0.0, 0.0, 0.0, 0.0]","[0.0, 0.0, 1.0, 0.0, 0.0, 0.0, 0.0]"
explanation_only,/Users/soureeshdalal/Desktop/categorization/translated_categorized_memes/UNIVERSAL_HUMAN/test/TE-421.jpg,UNIVERSAL_HUMAN,"This meme utilizes the ""Simpsonwave"" aesthetic—a subgenre of internet art that applies heavy VHS glitches, chromatic aberration, and dark, nostalgic filters to popular cartoons—to depict a desaturated Bart Simpson sitting with a blank, exhausted expression beneath the prominent text ""NO SLEEP."" Culturally, rather than delivering a traditional comedic punchline, the image functions as a mood-based ""sadpost,"" leveraging the jarring juxtaposition of childhood innocence corrupted by a distorted, late-night aesthetic to convey an underlying emotional state of profound exhaustion and melancholic apathy. Clinically, the explicit textual declaration of ""NO SLEEP"" combined with the character's visibly drained, apathetic demeanor provides direct evidence of a **Sleeping Disorder**, visually representing the lived experience of insomnia, mental exhaustion, or ruined circadian rhythms often linked to late-night rumination.","[0.0, 0.0, 0.0, 0.0, 0.0, 0.0, 1.0]","[1.0, 1.0, 0.0, 0.0, 0.0, 0.0, 1.0]"
explanation_only,/Users/soureeshdalal/Desktop/categorization/translated_categorized_memes/UNIVERSAL_HUMAN/test/TE-278.jpg,UNIVERSAL_HUMAN,"This meme features an illustration of a Peanuts comic character, drawn in Charles Schulz's recognizable style, throwing her head back with a wide-open mouth in a dramatic, tearful scream beneath the Hindi text, ""मैं पागल हो रही हूँ और किसी को परवाह नहीं है!!"" (I am going crazy and nobody cares!!). Culturally, the meme utilizes the juxtaposition of nostalgic, innocent comic strip artistry with a stark, raw declaration of mental distress, a common internet culture trope that uses hyperbole and childhood icons to make severe psychological struggles feel more relatable or darkly humorous. Emotionally, this contrast highlights a deep sense of isolation and overwhelming anguish, projecting internal turmoil through the external, exaggerated aesthetic of a childhood temper tantrum to express the frustration of suffering invisibly. Clinically, the meme strongly aligns with the symptom of Feeling Down, as evidenced by the explicit visual depiction of crying and intense emotional pain, paired directly with the textual expression of hopelessness and the feeling of being completely ignored by others.","[1.0, 0.0, 0.0, 0.0, 0.0, 1.0, 0.0]","[1.0, 0.0, 0.0, 0.0, 0.0, 0.0, 0.0]"
explanation_only,/Users/soureeshdalal/Desktop/categorization/translated_categorized_memes/UNIVERSAL_HUMAN/test/TE-69.jpg,UNIVERSAL_HUMAN,"This meme utilizes a dark humor template featuring Hindi text that translates to ""Scientists have found a way to convert depression into nuclear energy,"" followed by ""Me:"" positioned above an image of a catastrophic nuclear explosion. The core joke relies on self-deprecating hyperbole, suggesting that the creator's level of depression is so extraordinarily high that converting it to energy would cause a devastating, uncontrollable blast. Emotionally, the juxtaposition of a supposed scientific utility with an image of mass destruction conveys profound psychological distress, using an apocalyptic visual to externalize the overwhelming, volatile nature of the creator's internal suffering. Clinically, by explicitly naming their condition and equating its magnitude to a nuclear meltdown, the meme provides direct evidence of the **Feeling Down** symptom, metaphorically illustrating immense emotional pain and hopelessness.","[1.0, 0.0, 0.0, 0.0, 0.0, 0.0, 0.0]","[1.0, 0.0, 0.0, 0.0, 0.0, 0.0, 0.0]"
explanation_only,/Users/soureeshdalal/Desktop/categorization/translated_categorized_memes/UNIVERSAL_HUMAN/test/TE-220.jpg,UNIVERSAL_HUMAN,"This meme utilizes a classic internet ""mood scale"" alignment chart featuring a 3x3 grid of increasingly distorted or strangely positioned black cats, headed by the Hindi transcription ""तो, इस बिल्ली-स्केल पर आज आपका मूड कैसा है?"" (So, on this cat-scale, how is your mood today?). Culturally, it leverages the popular trope of ""black cat energy""—representing chaotic, unpredictable, or deeply relatable bizarre states—allowing users to humorously articulate complex, non-verbal feelings through absurd animal proxies. Emotionally, the grid provides a spectrum of dysregulation, contrasting frantic, blurry panic (panels 3 and 8) with profound deflation or psychological detachment, using surreal humor to playfully mask underlying daily stress or mental burnout. Clinically, the visual of the utterly limp, collapsed cat in panel 6, alongside the blank, uncomprehending stares in panels 4 and 7, serves as an exaggerated visual metaphor for a **Concentration Problem**, specifically reflecting the dissociation, brain fog, and task paralysis that occur when an individual is mentally overwhelmed.","[0.0, 0.0, 0.0, 0.0, 0.0, 0.0, 1.0]","[0.0, 0.0, 0.0, 0.0, 0.0, 1.0, 0.0]"
explanation_only,/Users/soureeshdalal/Desktop/categorization/translated_categorized_memes/UNIVERSAL_HUMAN/test/TE-329.jpg,UNIVERSAL_HUMAN,"This meme features a still of a wide-eyed, seemingly panicked cartoon boy looking downward, accompanied by the Hindi text ""जब तुम्हारे 'safe clothes' भी टाइट होने लगें"" (""When even your 'safe clothes' start getting tight"") and the slang caption ""लग गए"" (translating roughly to ""I'm screwed""). The humor relies on the cultural juxtaposition of an innocent children's animation with the highly relatable adult dread of outgrowing one's baggy, comforting garments typically used to mask weight gain. Emotionally, the image channels comedic self-deprecation to express genuine panic and anxiety regarding physical appearance and unexpected bodily changes. Clinically, the explicit distress over outgrowing these oversized garments due to weight fluctuations provides textual evidence aligning with an Eating Disorder, specifically highlighting underlying anxieties surrounding body dysmorphia and weight management.","[0,0,0,1,1,0,0]",
explanation_only,/Users/soureeshdalal/Desktop/categorization/translated_categorized_memes/UNIVERSAL_HUMAN/test/TE-221.jpg,UNIVERSAL_HUMAN,"This meme features a low-resolution screenshot from the video game Animal Crossing showing imperfectly built snowmen alongside Hindi text that translates to, ""Snowman: I am feeling cold, my face isn't good either, and I can't even move from here..."" The core humor subverts the nostalgic, cheerful visual of the game by anthropomorphizing the physically smiling, poorly constructed snowman to express highly relatable human existential dread and physical discomfort. This juxtaposition of a cute, pixelated aesthetic with deeply pessimistic dialogue conveys an underlying emotional state of severe resignation, clinically aligning with Low Self-Esteem due to the direct, self-critical remark about its own unattractive appearance, and Feeling Down through its hopeless admission of being completely trapped and miserable.","[0.0, 0.0, 0.0, 0.0, 1.0, 0.0, 0.0]","[1.0, 0.0, 0.0, 0.0, 1.0, 0.0, 0.0]"
explanation_only,/Users/soureeshdalal/Desktop/categorization/translated_categorized_memes/UNIVERSAL_HUMAN/test/TE-522.jpg,UNIVERSAL_HUMAN,"Featuring the classic ""Futurama Fry / Not Sure If"" meme template, the image displays the character Fry squinting suspiciously alongside Hindi text that translates to ""Don't know if I'm getting sleepy / or just getting bored,"" accompanied by a bottom caption reading ""This is often my condition during that lazy time of the day..."". The core humor utilizes this recognizable internet format to convey a relatable, low-energy emotional state, capturing the mundane ambiguity of an afternoon slump where an individual struggles to differentiate between genuine physical fatigue and mental apathy. From a clinical perspective, this normalized, everyday joke provides textual evidence that aligns with a **Sleeping Disorder** through its explicit mention of daytime exhaustion and unseasonable sleepiness, while the direct admission of boredom subtly points to a **Lack of Interest** characterized by mild apathy toward one's current environment or tasks.","[0.0, 1.0, 0.0, 0.0, 0.0, 0.0, 0.0]","[0.0, 1.0, 0.0, 0.0, 0.0, 0.0, 1.0]"
explanation_only,/Users/soureeshdalal/Desktop/categorization/translated_categorized_memes/UNIVERSAL_HUMAN/test/TE-416.jpg,UNIVERSAL_HUMAN,"This meme utilizes a gruesome visual from the animated series *Rick and Morty*, showing the character Rick physically dragging a heavily mutilated, bloody, and lifeless version of himself, accompanied by the Hindi text, ""जब तुम अंदर से खत्म हो चुके हो पर फिर भी खुद को दिन भर ढोना पड़ता है"" (""When you are dead inside but still have to carry yourself around all day""). Emotionally, the image uses dark, exaggerated sci-fi body horror to humorously yet bleakly illustrate the profound psychological burden and numbness of high-functioning depression, where one feels like a walking corpse merely going through the motions to fulfill daily obligations. Clinically, the explicit textual declaration of feeling internally destroyed or ""dead inside"" strongly aligns with the hopelessness and emotional pain characteristic of **Feeling Down**. Furthermore, the visual and textual metaphor of agonizingly dragging one's own dead weight through life captures the severe, debilitating exhaustion often associated with a **Sleeping Disorder**.","[1.0, 1.0, 0.0, 0.0, 0.0, 0.0, 0.0]","[1.0, 0.0, 0.0, 0.0, 0.0, 0.0, 1.0]"
explanation_only,/Users/soureeshdalal/Desktop/categorization/translated_categorized_memes/UNIVERSAL_HUMAN/test/TE-480.jpg,UNIVERSAL_HUMAN,"The image consists entirely of plain black Hindi text on a white background, beginning with the statement ""सोने से पहले मैं बहुत सोचता हूँ"" (Before sleeping I think a lot) and detailing a list of nocturnal ruminations such as practicing unsaid conversations, endless ""ifs and buts,"" and fixating on both missed and disliked individuals. Culturally, this text-based format functions as a highly relatable post targeting the universal internet experience of nighttime overthinking and the inability to switch off one's brain. The underlying emotional context is one of profound restlessness, longing, and mental exhaustion caused by an uncontrollable cycle of intrusive thoughts and scenario-building. Clinically, this explicit depiction of an overactive mind preventing rest through racing thoughts and relentless rumination directly aligns with the criteria for a Sleeping Disorder, specifically pointing to insomnia fueled by cognitive hyperarousal.","[0,0,0,0,0,0,0]",
explanation_only,/Users/soureeshdalal/Desktop/categorization/translated_categorized_memes/CELEBRITY_DEPENDENT/test/TE-149.jpg,CELEBRITY_DEPENDENT,"This meme features a widely recognizable template of Bollywood actor Shah Rukh Khan crying intensely in traditional wedding attire, overlaid with Hinglish text that translates to, ""When you have stopped your binge streak, but now are back to restricting and the eating disorder (ED) is still there."" Culturally, the image leverages melodramatic cinematic sorrow to convey a deeply personal and tragic irony, reflecting the underlying emotional distress and profound frustration of feeling trapped in a behavioral loop despite trying to recover. Clinically, the meme's explicit textual admissions of a ""binge streak"" and ""restricting,"" combined with the visual depiction of tearful emotional pain, provide direct evidence for the symptoms of an **Eating Disorder** and **Feeling Down** as defined in the reference glossary.","[0.0, 0.0, 0.0, 1.0, 0.0, 0.0, 0.0]","[1.0, 0.0, 0.0, 1.0, 0.0, 0.0, 0.0]"
explanation_only,/Users/soureeshdalal/Desktop/categorization/translated_categorized_memes/POP_CULTURE_DEPENDENT/test/TE-275.jpg,POP_CULTURE_DEPENDENT,"This meme features Bollywood actors Amitabh Bachchan and Dharmendra superimposed against a psychedelic background, accompanied by the Hindi text ""Depression: 'यह दोस्ती हम नहीं तोड़ेंगे'"" (We will not break this friendship) and ""Anxiety: 'तोड़ेंगे दम मगर तेरा साथ न छोड़ेंगे'"" (We will die but won't leave your side). The cultural humor relies on repurposing lyrics from *Sholay's* iconic Indian cinematic anthem of loyalty, ""Yeh Dosti,"" to ironically personify depression and anxiety as fiercely loyal, inseparable companions rather than positive human friends. Emotionally, this juxtaposition uses beloved pop-culture nostalgia to express a profound sense of hopelessness, characterizing the user's mental health struggles as an inescapable, lifelong burden. Clinically, the explicit labeling of ""Depression"" and the lyrics' promise of endless psychological distress directly align with the *Feeling Down* symptom by conveying severe, unyielding emotional pain and hopelessness.","[1.0, 0.0, 0.0, 0.0, 1.0, 0.0, 0.0]","[1.0, 0.0, 0.0, 0.0, 0.0, 0.0, 0.0]"
explanation_only,/Users/soureeshdalal/Desktop/categorization/translated_categorized_memes/UNIVERSAL_HUMAN/test/TE-657.jpg,UNIVERSAL_HUMAN,"This meme is a screenshot of a localized Hindi/Hinglish Twitter post reading, ""पिछले साल मैं बहुत दुखी और depressed था, लेकिन इस साल मैंने सोचा कि सब कुछ कुछ बदल दूँगा, तो अब मैं depressedऔर दुखी हूँ"" (Last year I was very sad and depressed, but this year I thought I would change everything, so now I am depressed and sad). The core cultural irony relies on subverting the familiar trope of personal growth or New Year's resolutions; instead of actual psychological improvement, the punchline reveals a cynical bait-and-switch where the only thing that changed was the word order of the author's distress. Emotionally, the text conveys a sense of resignation and stagnant despair, using relatable, self-deprecating humor as a coping mechanism to acknowledge a chronic lack of progress. Clinically, the explicit, repeated self-identification as ""sad"" and ""depressed"" across a chronological timeline directly demonstrates the Feeling Down symptom from the reference glossary.","[1.0, 1.0, 0.0, 0.0, 0.0, 0.0, 0.0]","[1.0, 0.0, 0.0, 0.0, 0.0, 0.0, 0.0]"
explanation_only,/Users/soureeshdalal/Desktop/categorization/translated_categorized_memes/INTERNET_CULTURE_DEPENDENT/test/TE-256.jpg,INTERNET_CULTURE_DEPENDENT,"This three-panel meme features historical Indian warrior imagery, opening with the Hindi text ""भाई लोग, याद रखो किसके लिए मेहनत कर रहे हो"" (Brothers, remember what you are working hard for) positioned above a collage displaying an employment appointment letter, gold jewelry, a traditional bride, and a new house. The bottom panel depicts a cavalry charge with the text ""चलो!"" (Let's go!), humorously equating the epic scale of historical warfare with the intense modern struggle to achieve traditional South Asian socio-economic and marital milestones. Emotionally, the meme utilizes exaggerated, hyper-masculine heroism as a motivational coping mechanism to mask the profound psychological pressure associated with meeting these rigorous societal expectations, serving as an internet-era rallying cry for the daily grind.","[0.0, 0.0, 1.0, 0.0, 0.0, 0.0, 0.0]","[0.0, 0.0, 0.0, 0.0, 0.0, 0.0, 0.0]"
explanation_only,/Users/soureeshdalal/Desktop/categorization/translated_categorized_memes/UNIVERSAL_HUMAN/test/TE-563.jpg,UNIVERSAL_HUMAN,"This Hinglish meme presents text translating to, ""When you discover a new emotional problem, which you don't have the time, energy, or motivation to solve,"" layered over a clickbait-style title card reading, ""10 Depressing Memes when you don't have the mood to do anything."" The core irony highlights a relatable internet culture phenomenon where an individual, paralyzed by sudden emotional distress, chooses the maladaptive coping mechanism of doomscrolling through negative content rather than actively addressing their psychological burden. Clinically, the meme's explicit admission of having zero energy, motivation, or ""mood to do anything"" strongly aligns with **Lack of Interest**, depicting severe apathy, while the conscious urge to seek out ""depressing"" content to validate this paralysis reinforces an underlying state of **Feeling Down**.","[1.0, 1.0, 0.0, 0.0, 0.0, 0.0, 0.0]","[1.0, 1.0, 0.0, 0.0, 0.0, 0.0, 0.0]"
explanation_only,/Users/soureeshdalal/Desktop/categorization/translated_categorized_memes/UNIVERSAL_HUMAN/test/TE-273.jpg,UNIVERSAL_HUMAN,"Featuring a text-based format against a textured, dark-to-vibrant blue gradient background, this image presents a Hindi quote that translates to: ""We all have suffered something... Some people just handle themselves and move forward. For some of us, it feels like we have been beaten with kicks and punches and then crushed by a road roller."" Culturally, it subverts the structure of a typical motivational post by employing darkly hyperbolic, violent imagery to express how debilitating life's hardships can actually feel, contrasting perceived ""normal"" resilience with a sense of utter devastation. Emotionally, the stark juxtaposition between the calming, generic quote-style background and the visceral, violent text conveys a profound sense of exhaustion and psychological distress masked by relatable internet cynicism. Clinically, the vivid metaphorical articulation of severe, overwhelming emotional pain and the inherent hopelessness of feeling unable to simply ""move on"" like others directly aligns with the symptom of Feeling Down.","[0,0,0,0,0,0,0]",
explanation_only,/Users/soureeshdalal/Desktop/categorization/translated_categorized_memes/UNIVERSAL_HUMAN/test/TE-449.jpg,UNIVERSAL_HUMAN,"This meme utilizes the classic ""Monkey Puppet"" reaction image, depicting a puppet awkwardly averting its gaze, paired with a transcribed Hindi conversation where a friend asks, ""Are you okay?"" and the author replies ""Yes,"" only for the friend to counter, ""But your memes nowadays are only about suicide and depression."" Culturally and emotionally, the core joke relies on the relatable irony of using dark internet humor as a coping mechanism while maintaining a facade of wellness in direct social interactions, capturing the specific discomfort and avoidance that occurs when someone's cry for help is noticed. Clinically, the explicit textual admission that the user's digital footprint consists entirely of jokes concerning ""suicide"" constitutes a darkly comedic reference indicative of **Self-Harm**, while the overarching thematic focus on masking ""depression"" aligns with hidden expressions of **Feeling Down**.","[1.0, 0.0, 0.0, 0.0, 1.0, 0.0, 0.0]","[1.0, 0.0, 1.0, 0.0, 0.0, 0.0, 0.0]"
image_plus_explanation,/Users/soureeshdalal/Desktop/categorization/translated_categorized_memes/UNIVERSAL_HUMAN/test/TE-116.jpg,UNIVERSAL_HUMAN,"This stark black-and-white image features a silhouette of a person standing perilously on the ledge of a large clock tower, looking downwards, accompanied by the Hindi text, ""मुझे एहसास हुआ कि अब मेरा कोई मकसद नहीं बचा।"" (I realized that I have no purpose left anymore). Culturally, the meme utilizes cinematic, noir-style aesthetics common in ""doomer"" internet circles to dramatize profound existential dread and a complete loss of life direction. Emotionally, the scene conveys an overwhelming sense of despair and finality, as the shadowed figure seems to contemplate their end next to a towering symbol representing time running out. Clinically, the explicit textual declaration of complete hopelessness aligns precisely with the symptom of Feeling Down, while the precarious positioning of the figure staring over a steep drop serves as a dark visual metaphor indicating ideation related to Self-Harm.","[0.0, 0.0, 1.0, 0.0, 0.0, 0.0, 0.0]","[1.0, 0.0, 1.0, 0.0, 0.0, 0.0, 0.0]"
image_plus_explanation,/Users/soureeshdalal/Desktop/categorization/translated_categorized_memes/CELEBRITY_DEPENDENT/test/TE-26.jpg,CELEBRITY_DEPENDENT,"This Hindi ""Expectation vs. Reality"" meme critiques the media's glamorization of mental illness by juxtaposing text reading ""People think depression looks like this"" over a romanticized, cinematic image of a brooding Bollywood actor with a guitar, alongside ""In reality, it looks like this"" over an unglamorous photograph of an ordinary man sleeping exhaustedly on a crowded public train. The cultural irony strips away the aesthetic appeal of cinematic, poetic sorrow to reveal the mundane, grueling fatigue of everyday working-class life, conveying an underlying emotional state of severe burnout rather than performative sadness. Clinically, the stark ""reality"" panel provides visual evidence of a **Sleeping Disorder**, specifically highlighting profound exhaustion and fatigue as the man uncontrollably sleeps in an uncomfortable public transit setting to cope with the daily grind.","[1.0, 0.0, 0.0, 0.0, 0.0, 0.0, 0.0]","[0.0, 0.0, 0.0, 0.0, 0.0, 0.0, 1.0]"
image_plus_explanation,/Users/soureeshdalal/Desktop/categorization/translated_categorized_memes/BRAND_DEPENDENT/test/TE-285.jpg,BRAND_DEPENDENT,"This Hindi-language image subverts a typical ""before and after"" comparison meme by featuring a melancholic emoji labeled ""Young"" (जवान) and ""Depression"" (डिप्रेशन) on the left, while the ""Old"" (बूढ़ा) side is left starkly blank aside from text stating ""No treatment"" (इलाज नहीं) and referencing an ""Old age Filter"" (बुढ़ापा Filter). The jarring emotional weight of the image stems from this dark irony, utilizing a lighthearted internet trend—social media aging filters—to convey the grim, fatalistic reality that an untreated young person may not survive to experience old age. Clinically, the overtly despondent expression of the yellow emoji aligns directly with the symptom of Feeling Down. Furthermore, the explicit warning in the bottom text, translating to ""Get depression treated early; prevent suicide"" (डिप्रेशन का इलाज जल्दी कराएं; आत्महत्या रोकें।), shifts the meme into a public service announcement and provides direct textual evidence of the severe consequences associated with Self-Harm.","[1.0, 0.0, 0.0, 0.0, 1.0, 0.0, 0.0]","[1.0, 0.0, 1.0, 0.0, 0.0, 0.0, 0.0]"
image_plus_explanation,/Users/soureeshdalal/Desktop/categorization/translated_categorized_memes/UNIVERSAL_HUMAN/test/TE-254.jpg,UNIVERSAL_HUMAN,"This meme features a photograph of a phone charger labeled ""मैं"" (Hindi for ""Me"") hilariously failing to plug into an outlet, instead resting blindly against the solid plastic faceplate below the Hinglish text ""Public में awkward न होने की कोशिश"" (""Trying not to be awkward in public""). The core joke relies on a relatable visual metaphor where the physical inability of the plug to connect perfectly mirrors the creator's perceived social ineptitude, translating localized internet humor into a universal expression of feeling distinctly out of place. Emotionally, this self-deprecating juxtaposition uses a mundane, comical failure to convey underlying social anxiety and self-consciousness, though the humor focuses on relatable embarrassment rather than clearly depicting the severe clinical symptoms outlined in the reference glossary.","[0.0, 0.0, 0.0, 0.0, 1.0, 0.0, 0.0]","[0.0, 0.0, 0.0, 0.0, 0.0, 0.0, 0.0]"
image_plus_explanation,/Users/soureeshdalal/Desktop/categorization/translated_categorized_memes/CULTURAL_REFERENCE_DEPENDENT/test/TE-232.jpg,CULTURAL_REFERENCE_DEPENDENT,"This six-panel Hindi-translated Mr. Lovenstein comic features a simple white figure initially quoting the famous Bollywood song lyric ""दोस्त दोस्त न रहा..."" (""A friend remained a friend no more"") into a black void, only for a voice to coldly reply, ""मैं तुम्हारा दोस्त नहीं हूँ।"" (""I am not your friend""). The core humor shifts from a dramatic, culturally recognizable expression of betrayal to profound, absurd isolation as the increasingly despondent figure realizes they lack any companionship, eventually stating, ""मैं भी तुम्हारा दोस्त नहीं हूँ।"" (""I am also not your friend"") before the background dissolves into television static. Emotionally, the comic illustrates a devastating progression from performative melancholy to genuine, hollow self-alienation and mental blankness. Clinically, the character's explicit self-rejection aligns with the symptom of **Low Self-Esteem**, the visible shift toward emotional pain illustrates **Feeling Down**, and the final panel's visual metaphor of static strongly suggests a **Concentration Problem** indicative of dissociation or cognitive shutdown in response to intense psychological distress.","[1.0, 0.0, 0.0, 0.0, 1.0, 0.0, 0.0]","[1.0, 0.0, 0.0, 0.0, 1.0, 1.0, 0.0]"
image_plus_explanation,/Users/soureeshdalal/Desktop/categorization/translated_categorized_memes/UNIVERSAL_HUMAN/test/TE-145.jpg,UNIVERSAL_HUMAN,"This image features a black hanging sign outside a modern storefront displaying a bait-and-switch joke written in Hindi: ""कभी मत भूलना कि तुम किसी के मुस्कुराने की वजह हो। क्योंकि तुम एक मज़ाक हो।"" (Never forget that you are the reason for someone's smile. Because you are a joke). The cultural nuance relies on subverting a cliché, superficially uplifting motivational quote into a harsh, cynical punchline that abruptly shatters the initial positive sentiment. Emotionally, the meme utilizes this abrupt shift to dark, self-deprecating humor to mask underlying psychological distress by jarringly transitioning from perceived affection to outright mockery. Within a clinical context, the harsh punchline explicitly conveys Low Self-Esteem, as reducing oneself (or the intended reader) to a mere ""joke"" directly aligns with expressions of worthlessness, self-hatred, and the feeling of lacking genuine value.","[1.0, 0.0, 0.0, 0.0, 1.0, 0.0, 0.0]","[0.0, 0.0, 0.0, 0.0, 1.0, 0.0, 0.0]"
image_plus_explanation,/Users/soureeshdalal/Desktop/categorization/translated_categorized_memes/UNIVERSAL_HUMAN/test/TE-106.jpg,UNIVERSAL_HUMAN,"This meme features a desolate image of a person lying face-down on cracked, barren earth, accompanied by Hindi text that translates to, ""Finally, my mind has gone bad... don't bother returning it..... it wasn't working properly anyway."" The humor relies on a common internet trope of treating one's own brain as a defective, unreturnable product, using dark comedy and literal physical collapse to hyperbolize total mental exhaustion within South Asian meme culture. Emotionally, the juxtaposition of the physically defeated figure with the casually flippant text conveys a cynical acceptance of severe burnout, masking genuine psychological distress with a dismissive attitude toward one's own faculties. Clinically, the explicit textual admission that the brain ""wasn't working properly,"" paired with the visual depiction of intense mental paralysis and apathy, strongly indicates a **Concentration Problem**, while the self-deprecating devaluation of the mind also points toward **Low Self-Esteem**.","[0.0, 0.0, 0.0, 0.0, 1.0, 1.0, 0.0]","[0.0, 0.0, 0.0, 0.0, 1.0, 1.0, 0.0]"
image_plus_explanation,/Users/soureeshdalal/Desktop/categorization/translated_categorized_memes/UNIVERSAL_HUMAN/test/TE-570.jpg,UNIVERSAL_HUMAN,"This three-panel meme features a sequential image of two orange cats resting on a couch, with the left cat labeled in Hindi as ""स्थितिज ऊर्जा"" (Potential Energy) and the right cat as ""गतिज ऊर्जा"" (Kinetic Energy). The visual progression shows the ""Potential Energy"" cat yawning widely in the first panel, resting its head in the second, and finally, the ""Kinetic Energy"" cat yawning widely in the third panel, cleverly illustrating the physics principle of potential energy converting into kinetic energy. Emotionally, the meme is lighthearted, playful, and strictly educational, utilizing the inherently humorous visual of cats ""transferring"" a yawn to anthropomorphize a scientific concept. When evaluated against the clinical reference glossary, this meme exhibits no visual or textual evidence of psychological distress, as it functions purely as an innocuous academic joke without portraying any recognizable mental health symptoms.","[0.0, 1.0, 0.0, 0.0, 0.0, 0.0, 0.0]","[0.0, 0.0, 0.0, 0.0, 0.0, 0.0, 0.0]"
image_plus_explanation,/Users/soureeshdalal/Desktop/categorization/translated_categorized_memes/UNIVERSAL_HUMAN/test/TE-91.jpg,UNIVERSAL_HUMAN,"Utilizing the popular four-panel ""blob in a box"" template, this Hinglish meme illustrates a cycle of attempted self-improvement ending in harsh defeat, as a smiling pink blob steps out of its box to complete a task, is physically punched by yellow fists representing failure due to its own ""worthlessness"" (""नालायकी""), and retreats back inside significantly diminished. The core cultural irony and emotional weight stem from the jarring juxtaposition of the character's deceptively cute, persistent smile in the final panel with the severe psychological distress of resigning oneself to absolute failure. Clinically, the explicit Hindi text demonstrates **Low Self-Esteem** through the opening admission ""Self esteem कम है"" and later self-characterizations as utterly useless (""बेकार""), while the final panel's darkly comedic declaration, ""मैं इतना बेकार हूँ कि मुझे मर ही जाना चाहिए"" (I am so useless that I should just die), provides a direct textual reference indicative of **Self-Harm**. Furthermore, the visual depiction of the crying, battered blob in the third panel serves as explicit evidence of **Feeling Down**.","[0,0,1,0,1,0,0]",
image_plus_explanation,/Users/soureeshdalal/Desktop/categorization/translated_categorized_memes/UNIVERSAL_HUMAN/test/TE-617.jpg,UNIVERSAL_HUMAN,"Styled to resemble an edgy album cover complete with a translated Hindi ""Parental Advisory"" sticker, this meme features a stylized image of a highly distressed man restrained in a straitjacket next to a cartoon fairy and the Hindi text ""लगता है मैं पागल हो रहा हूँ"" (I think I am going crazy). The core irony lies in packaging a terrifying mental breakdown as a trendy, consumable pop-art aesthetic, using the absurd juxtaposition of the whimsical yellow fairy against the grim reality of physical restraint to convey a profound state of panicked helplessness and psychological distress. Clinically, the explicit text confessing a loss of sanity paired with the institutional imagery serves as a stark expression of intense emotional pain, aligning with the symptom of Feeling Down, while the presence of the seemingly hallucinated fairy visually suggests a severe state of dissociation, which can be indicative of a Concentration Problem.","[0.0, 0.0, 0.0, 0.0, 0.0, 1.0, 0.0]","[1.0, 0.0, 0.0, 0.0, 0.0, 1.0, 0.0]"
image_plus_explanation,/Users/soureeshdalal/Desktop/categorization/translated_categorized_memes/UNIVERSAL_HUMAN/test/TE-443.jpg,UNIVERSAL_HUMAN,"Featuring the widely recognized ""Aunty Acid"" cartoon character looking visibly exasperated while sitting upright under a floral blanket, this Hindi meme states, ""मेरा बिस्तर एक जादुई जगह है जहाँ मुझे अचानक वो सारे काम याद आ जाते हैं जो मुझे करने थे..."" (My bed is a magical place where I suddenly remember all the things I was supposed to do...). The core humor relies on the relatable irony of seeking physical rest, only for the brain to be suddenly flooded with anxiety-inducing reminders of unfinished responsibilities, conveying an underlying emotional state of restless frustration and mental hyperactivity rather than relaxation. Clinically, this depiction of an overactive mind generating intrusive, task-oriented thoughts exactly at bedtime directly aligns with a **Sleeping Disorder**, specifically illustrating the classic presentation of sleep-onset insomnia where mental hyperarousal prevents the onset of sleep.","[0.0, 0.0, 0.0, 0.0, 0.0, 0.0, 1.0]","[0.0, 0.0, 0.0, 0.0, 0.0, 0.0, 1.0]"
image_plus_explanation,/Users/soureeshdalal/Desktop/categorization/translated_categorized_memes/POP_CULTURE_DEPENDENT/test/TE-34.jpg,POP_CULTURE_DEPENDENT,"This meme utilizes a stern-faced image of classic Bollywood actor Amrish Puri—a cultural archetype for strict South Asian parents—juxtaposed with the transcribed Hindi/English text: ""मेरे parents: तुम successful क्यों नहीं हो? Also my parents: वही parents: तुमसे कुछ नहीं होगा"" (""My parents: Why aren't you successful? Also my parents: You won't be able to do anything""). The core irony highlights a contradictory and toxic cultural parenting dynamic where immense pressure to achieve is paired with harsh, demotivating language that actively undermines the child's confidence. Emotionally, the meme conveys a deep sense of frustration, inadequacy, and the psychological exhaustion of navigating a no-win situation with unsupportive authority figures. Clinically, by highlighting this constant parental belittlement, the meme directly aligns with the symptom of Low Self-Esteem, illustrating an environment that fosters internalized feelings of worthlessness and the ingrained belief that the individual is inherently incapable of success.","[0.0, 0.0, 0.0, 0.0, 1.0, 0.0, 0.0]","[0.0, 0.0, 0.0, 0.0, 1.0, 0.0, 0.0]"
image_plus_explanation,/Users/soureeshdalal/Desktop/categorization/translated_categorized_memes/REFERENCE_DEPENDENT/test/TE-32.jpg,REFERENCE_DEPENDENT,"This meme utilizes the popular ""Epic Handshake"" visual template to depict two muscular arms representing ""इंजीनियरिंग स्टूडेंट्स"" (Engineering students) and ""मेडिकल स्टूडेंट्स"" (Medical students) bonding over their shared burden of ""बहुत ज्यादा स्ट्रेस"" (Too much stress). Culturally, the image satirizes the intense academic pressure inherent to these highly competitive fields in South Asia by humorously juxtaposing an image of hyper-masculine strength with a confession of profound psychological vulnerability. The underlying emotional state of severe distress and fatalistic resignation is further cemented by the bottom caption ""जिंदगी झंड है 😢 🤘"" (Life is miserable/ruined), which provides direct evidence of the clinical symptom of Feeling Down through its explicit expression of hopelessness and emotional pain.","[1.0, 0.0, 0.0, 0.0, 0.0, 0.0, 0.0]","[1.0, 0.0, 0.0, 0.0, 0.0, 0.0, 0.0]"
image_plus_explanation,/Users/soureeshdalal/Desktop/categorization/translated_categorized_memes/UNIVERSAL_HUMAN/test/TE-97.jpg,UNIVERSAL_HUMAN,"This Hindi-language meme features Rafiki from *The Lion King* sitting in a serene lotus meditation pose, juxtaposed with the top text reading ""ना चिंता, ना भय..."" (""No worry, no fear..."") and the bottom punchline ""बस आज रात सोने दे!"" (""Just let me sleep tonight!""). The cultural irony stems from subverting the visual expectation of profound spiritual enlightenment by revealing an underlying emotional state of desperate exhaustion and frustration over an inability to rest. Clinically, this comedic yet urgent plea for a good night's rest directly aligns with the ""Sleeping Disorder"" symptom from the glossary, using the exaggerated trope of attaining inner peace to cope with the very grounded distress of insomnia.","[0.0, 0.0, 0.0, 0.0, 0.0, 0.0, 1.0]","[0.0, 0.0, 0.0, 0.0, 0.0, 0.0, 1.0]"
image_plus_explanation,/Users/soureeshdalal/Desktop/categorization/translated_categorized_memes/UNIVERSAL_HUMAN/test/TE-227.jpg,UNIVERSAL_HUMAN,"This meme pairs the Hindi text ""Kidnapper मुझे 20 मिनट झेलने के बाद वापस फेंक के चला गया।""—which translates to ""The kidnapper, after tolerating me for 20 minutes, threw me back and left""—with a slapstick image of Ralph Wiggum from *The Simpsons* being violently tossed headfirst through a shattered glass window. The core joke relies on extreme self-deprecation, utilizing the absurd scenario of a criminal being so frustrated by the victim's insufferable personality that they forcefully return them to convey a popular style of dark, localized internet humor. Emotionally, the meme uses this exaggerated physical rejection and comedic framing to playfully mask an underlying sense of personal inadequacy and the fear of being inherently unlikable. Clinically, by conceptualizing oneself as intensely intolerable and a massive, unwanted burden even to an abductor, the meme presents clear textual and thematic evidence of **Low Self-Esteem**.","[0.0, 0.0, 0.0, 0.0, 1.0, 0.0, 0.0]","[0.0, 0.0, 0.0, 0.0, 1.0, 0.0, 0.0]"
image_plus_explanation,/Users/soureeshdalal/Desktop/categorization/translated_categorized_memes/UNIVERSAL_HUMAN/test/TE-242.jpg,UNIVERSAL_HUMAN,"This meme features Hindi text translating to, ""When you are at a party and suddenly depression and anxiety hit and you disconnect from the world,"" positioned above an image of singer Chris Brown staring blankly into the distance while sitting apart from an active social group that includes DJ Khaled. The cultural humor stems from the relatable, ironic juxtaposition of being physically present in a vibrant, highly stimulating environment while experiencing an internal psychological crash that forces immediate social withdrawal. Emotionally, the meme captures the profound isolation and silent overwhelm that occurs when a sudden wave of mental distress interrupts what is culturally expected to be a joyful social experience. Clinically, the combination of the text explicitly describing getting ""cut off from the world"" and the visual of the subject's blank, thousand-yard stare directly aligns with a **Concentration Problem**, specifically illustrating the acute dissociation that can accompany sudden anxiety and depressive episodes.","[1.0, 0.0, 0.0, 0.0, 0.0, 0.0, 0.0]","[1.0, 1.0, 0.0, 0.0, 0.0, 1.0, 0.0]"
image_plus_explanation,/Users/soureeshdalal/Desktop/categorization/translated_categorized_memes/UNIVERSAL_HUMAN/test/TE-528.jpg,UNIVERSAL_HUMAN,"The meme features a close-up image of actor Adam Driver sitting in a booth with his eyes peacefully closed and a soft smile, overlaid with the bold yellow Devanagari text ""सुकून"" at the bottom. Translating to ""peace,"" ""tranquility,"" or ""relief"" in Hindi and Urdu, this localized meme utilizes the actor's distinctly relaxed expression to culturally signify a profound, deeply felt moment of inner calm. Emotionally, the literal harmony between the serene image and the translated text conveys a genuine state of psychological comfort, serving as a sincere representation of mental respite rather than masking any underlying distress. As a straightforward expression of positive mental well-being and tranquility, the meme lacks any visual or textual markers of clinical psychological struggle, functioning instead as a celebration of quiet relief.","[0.0, 0.0, 0.0, 1.0, 0.0, 0.0, 0.0]","[0.0, 0.0, 0.0, 0.0, 0.0, 0.0, 0.0]"
image_plus_explanation,/Users/soureeshdalal/Desktop/categorization/translated_categorized_memes/BRAND_DEPENDENT/test/TE-629.jpg,BRAND_DEPENDENT,"This meme features a WhatsApp notification from ""Mummy"" asking ""खाना खाया कि नहीं?"" (Hindi for ""Have you eaten?"") superimposed over a heavily blurred, presumably distraught or crying face. Culturally, the image relies on a prevalent South Asian internet trope satirizing how parents often express love and concern strictly through routine inquiries about food, frequently remaining oblivious to their child's deeper psychological struggles. The emotional weight of the meme stems from the jarring juxtaposition between the user's implied mental breakdown in the background and the mundane, everyday parental text, conveying a deep sense of isolation and the inability to communicate genuine distress to family members. Clinically, the visual implication of intense emotional pain or crying in the obscured background serves to express an underlying psychological struggle, aligning directly with the symptom of Feeling Down.","[0.0, 0.0, 0.0, 1.0, 0.0, 0.0, 0.0]","[1.0, 0.0, 0.0, 0.0, 0.0, 0.0, 0.0]"
image_plus_explanation,/Users/soureeshdalal/Desktop/categorization/translated_categorized_memes/UNIVERSAL_HUMAN/test/TE-28.jpg,UNIVERSAL_HUMAN,"This meme features a variation of the popular ""crying cat"" template, showing a heavily overweight feline with photoshopped tearful eyes sitting on a veterinary scale, where the digital readout has been edited to display the Hindi text ""भैंस"" (Bhains). The cultural nuance and core joke rely on the fact that ""bhains"" translates to ""buffalo,"" a common South Asian slang insult used to mock someone for being obese, effectively creating a darkly comedic scenario where an inanimate scale is directly fat-shaming the subject. Emotionally, the juxtaposition of the harsh text with the pathetic, teary-eyed animal conveys a deep sense of victimization and sadness, using absurd internet humor to mask the very real psychological distress of confronting a negative body image. Clinically, the explicit visual of the crying eyes directly represents the symptom of Feeling Down, while the overwhelming anxiety and derogatory self-appraisal associated with the scale strongly evoke the body dysmorphia and weight-related distress characteristic of an Eating Disorder.","[0.0, 0.0, 0.0, 1.0, 0.0, 0.0, 0.0]","[1.0, 0.0, 0.0, 1.0, 0.0, 0.0, 0.0]"
image_plus_explanation,/Users/soureeshdalal/Desktop/categorization/translated_categorized_memes/BRAND_DEPENDENT/test/TE-586.jpg,BRAND_DEPENDENT,"Utilizing the classic ""Is this a pigeon?"" template, this localized Indian meme obscures the protagonist with a Kingfisher beer bottle as he gestures toward Gold Flake cigarettes, a glass of chai, and a butterfly labeled ""Muth"" (Hindi slang for masturbation), paired with the bottom text asking, ""Kya yeh balanced diet hai?"" (Is this a balanced diet?). The core joke relies on the dark irony of absurdly framing a highly self-destructive, substance-dependent daily routine as healthy sustenance, conveying an underlying emotional state of self-deprecating resignation that masks severe psychological distress. Clinically, this comedic normalization of substituting proper nutrition and self-care with purely addictive, low-effort coping mechanisms provides visual and textual evidence of a Lack of Interest, as the imagery illustrates a profound apathy and an inability to maintain or enjoy normal life, relying instead on cheap dopamine hits just to get by.","[0.0, 0.0, 0.0, 1.0, 0.0, 0.0, 0.0]","[0.0, 1.0, 0.0, 0.0, 0.0, 0.0, 0.0]"
image_plus_explanation,/Users/soureeshdalal/Desktop/categorization/translated_categorized_memes/UNIVERSAL_HUMAN/test/TE-206.jpg,UNIVERSAL_HUMAN,"This meme consists of a Hindi tweet translating to, ""I am waiting for the phone to disconnect so that I can message and ask - 'Yes brother, what did you need?'"" accompanied by a reaction image of an anime character staring blankly at a screen with severe, dark circles under their eyes. The cultural humor centers on modern phone anxiety and introversion, specifically the relatable irony of actively watching a phone ring out just to immediately text the caller instead of answering verbally. Emotionally, the pairing of a casual communication-avoidance strategy with an image of profound physical and mental depletion suggests that simple social interactions trigger an overwhelming sense of dread or exhaustion. From a clinical perspective, the character's visibly drained appearance and deeply bagged eyes explicitly depict exhaustion, pointing to a **Sleeping Disorder**, while the behavioral paralysis of ignoring the call reflects a broader apathy and **Lack of Interest** in engaging with everyday social connections.","[1.0, 0.0, 0.0, 0.0, 0.0, 0.0, 0.0]","[0.0, 1.0, 0.0, 0.0, 0.0, 0.0, 1.0]"
image_plus_explanation,/Users/soureeshdalal/Desktop/categorization/translated_categorized_memes/UNIVERSAL_HUMAN/test/TE-655.jpg,UNIVERSAL_HUMAN,"This meme features a cheerful, pink-haired anime girl holding a comforting miniature chibi version of herself, accompanied by Hinglish text stating ""Test में मुझे सचमुच कुछ नहीं आता during a test"" (I truly know nothing during a test) while the tiny girl advises, ""- खत्म होने के बाद घर जाकर anime देख लेना"" (After it finishes, go home and watch anime). Culturally, the image plays on the relatable student experience of entirely blanking on an exam, utilizing a visually soothing and cute aesthetic to humorously mask the underlying anxiety of academic failure through immediate media escapism. Clinically, the explicit admission of being completely unable to recall information or engage with the exam material aligns with a **Concentration Problem**, demonstrating acute academic paralysis where the individual completely abandons the stressful cognitive task in favor of avoidant, comforting thoughts.","[0.0, 0.0, 0.0, 0.0, 0.0, 1.0, 0.0]","[0.0, 0.0, 0.0, 0.0, 0.0, 1.0, 0.0]"
image_plus_explanation,/Users/soureeshdalal/Desktop/categorization/translated_categorized_memes/UNIVERSAL_HUMAN/test/TE-440.jpg,UNIVERSAL_HUMAN,"This meme features a still of Alec Baldwin resting his chin on his hands with a deadpan, unimpressed expression, accompanied by Hindi text translating to ""Me after 3 months in any relationship: This is boring. I am bored now."" The core joke highlights the fleeting nature of the honeymoon phase in modern romance, using the character's signature apathy to humorously convey an underlying emotional state of detachment, emotional unavailability, and chronic dissatisfaction. Clinically, the meme's explicit textual declarations of profound boredom and inability to sustain engagement in intimate relationships align directly with the symptom of a **Lack of Interest**, illustrating a form of interpersonal anhedonia masked as relatable, cynical internet humor.","[0.0, 1.0, 0.0, 0.0, 0.0, 0.0, 0.0]","[0.0, 1.0, 0.0, 0.0, 0.0, 0.0, 0.0]"
image_plus_explanation,/Users/soureeshdalal/Desktop/categorization/translated_categorized_memes/UNIVERSAL_HUMAN/test/TE-229.jpg,UNIVERSAL_HUMAN,"This Hindi-language meme features top text translating to ""Me after being happy for just 5 minutes:"" alongside an illustration of a sweating, terrified figure being ambushed by a menacing, gun-wielding green entity labeled ""डिप्रेशन"" (Depression). The dark humor relies on the cultural nuance of the hostile entity politely greeting its victim with ""नमस्ते"" (Namaste) while holding them at gunpoint, illustrating a cruel irony where severe psychological distress casually and violently interrupts a brief period of joy. Emotionally, the juxtaposition of the text regarding fleeting happiness with the visual of an imminent, inescapable threat conveys an underlying state of hypervigilance and the crushing dread that positive emotions cannot be sustained. Clinically, the explicit personification of depression as a forceful, armed attacker that abruptly ends a person's happiness provides direct evidence of the ""Feeling Down"" symptom, depicting emotional pain and hopelessness as a sudden, uncontrollable assault.","[1.0, 0.0, 0.0, 0.0, 1.0, 0.0, 0.0]","[1.0, 0.0, 0.0, 0.0, 0.0, 0.0, 0.0]"
image_plus_explanation,/Users/soureeshdalal/Desktop/categorization/translated_categorized_memes/CELEBRITY_DEPENDENT/test/TE-470.jpg,CELEBRITY_DEPENDENT,"The meme features Hinglish text translating to ""Me waking up like this at 8:46 PM after accidentally taking a 6-hour depression nap,"" juxtaposed above an image of the notoriously self-destructive Bollywood character Kabir Singh looking heavily disheveled and exhausted while smoking alone at night. Culturally, the meme relies on this specific cinematic character as a localized shorthand for hitting an emotional rock bottom, capturing the bleak, disorienting void one feels upon waking up in the dark after trying to sleep away psychological distress. Clinically, the explicit textual mention of taking a six-hour ""depression nap"" during the day directly demonstrates a Sleeping Disorder, specifically highlighting the symptom of sleeping excessively to avoid life and the resulting ruined circadian rhythms.","[1,0,0,0,0,0,1]",
image_plus_explanation,/Users/soureeshdalal/Desktop/categorization/translated_categorized_memes/UNIVERSAL_HUMAN/test/TE-616.jpg,UNIVERSAL_HUMAN,"This meme features Hindi text translating to ""Strict parents: We grind our child in studies so that they get a government job. Their child:"" juxtaposed with a multi-panel template of Tom the cat engaging in lethal acts, including swallowing a handful of pills, preparing a noose, and sitting despondently on train tracks. The dark humor critiques the intense academic pressure prevalent in South Asian cultures, where parents' well-intentioned push for a stable, prestigious career ironically leads to severe psychological breakdown rather than practical success. Emotionally, the meme conveys a state of extreme despair, using the dramatic contrast between the parents' practical career aspirations and the child's hidden agony to highlight profound distress. Clinically, the explicit visual depictions of suicide methods directly align with the symptom of Self-Harm, while Tom's hopeless, heavy-eyed expression in the final panel provides clear evidence of Feeling Down.","[1.0, 0.0, 1.0, 0.0, 0.0, 0.0, 1.0]","[1.0, 0.0, 1.0, 0.0, 0.0, 0.0, 0.0]"
image_plus_explanation,/Users/soureeshdalal/Desktop/categorization/translated_categorized_memes/UNIVERSAL_HUMAN/test/TE-289.jpg,UNIVERSAL_HUMAN,"This meme features a black-and-white manga panel of a sweetly smiling character, accompanied by Hindi text setting up a mundane scenario: ""Me: *makes eye contact with a girl in class* / That girl:"". The core humor stems from the jarring juxtaposition between the girl's serene, friendly expression and the highly aggressive, vulgar Hindi text in her speech bubble (""भाड़ में जा साले, कमीने कहीं के,"" translating roughly to ""Go to hell asshole, you scoundrel""), highlighting a localized internet trope of exaggerated romantic rejection. Emotionally, this stark contrast is used to mask the creator's social anxiety, projecting a sense of immediate, visceral disgust from the opposite sex over a simple passing glance. Clinically, this intense self-deprecating framing—where the creator assumes they are so inherently repulsive that mere eye contact warrants extreme verbal abuse—aligns with the symptom of Low Self-Esteem, reflecting internalized feelings of being completely undesirable or a target of contempt in social settings.","[0.0, 0.0, 0.0, 0.0, 1.0, 0.0, 0.0]","[0.0, 0.0, 0.0, 0.0, 1.0, 0.0, 0.0]"
image_plus_explanation,/Users/soureeshdalal/Desktop/categorization/translated_categorized_memes/UNIVERSAL_HUMAN/test/TE-7.jpg,UNIVERSAL_HUMAN,"This two-panel Hinglish meme utilizes a reaction template of an innocent-looking anime girl tucked into bed to illustrate a darkly comedic psychological scenario. In the first panel, the character, labeled ""मैं"" (Me), calmly denies the prompt ""डॉक्टर: क्या तुम्हें किसी को मारने के thoughts आते हैं?"" (Doctor: Do you get thoughts of killing someone?), but she nervously averts her eyes in the second panel when asked ""डॉक्टर: क्या तुम्हें suicidal thoughts आते हैं?"" (Doctor: Do you get suicidal thoughts?). The underlying emotional context reveals severe distress masked by a cute, non-threatening aesthetic, relying on localized internet humor where casually admitting to inward-directed danger is more relatable than outward aggression. Clinically, the explicit textual mention of ""suicidal thoughts"" paired with the character's suspiciously guilty reaction serves as a direct confession of the symptom of Self-Harm.","[1.0, 0.0, 1.0, 0.0, 0.0, 0.0, 0.0]","[0.0, 0.0, 1.0, 0.0, 0.0, 0.0, 0.0]"
image_plus_explanation,/Users/soureeshdalal/Desktop/categorization/translated_categorized_memes/POP_CULTURE_DEPENDENT/test/TE-166.jpg,POP_CULTURE_DEPENDENT,"The meme utilizes a progressive ""team huddle"" visual template featuring animated hands in Indian cricket jerseys stacking together, each labeled with translated Hindi text describing psychological struggles such as ""Who am I?"", ""Doing anything without thinking"", ""Feeling like dying"", ""mood swings"", ""unstable relationships"", and ""fear of loneliness"". Culturally grounded in South Asian internet humor, the bottom panel punchline reads ""Welcome to the hub of overthinking and drama!"", depicting these collective traits as serious-looking cricketers being greeted by a goofy, brightly dressed animated Bollywood comedian character. This creates a stark emotional juxtaposition that uses the upbeat, team-building imagery of sports camaraderie and cartoonish comedy to mask and awkwardly normalize profound psychological distress. Clinically, the explicit inclusion of the panel reading ""'मरने का मन' होना"" (translated as ""feeling like dying"" or ""wanting to die"") serves as direct textual evidence aligning with the Self-Harm symptom.","[1,0,1,0,1,0,0]",
image_plus_explanation,/Users/soureeshdalal/Desktop/categorization/translated_categorized_memes/UNIVERSAL_HUMAN/test/TE-652.jpg,UNIVERSAL_HUMAN,"This image features a light blue sweatshirt acting as a wearable meme, prominently displaying the hybrid English-Hindi text ""Overthinking का बादशाह,"" which translates to ""King of Overthinking,"" alongside a sleeve graphic that reads ""फालतू सोच / फालतू लोग / फालतू लोचे"" (Useless thoughts / Useless people / Useless problems) above a mock barcode. The cultural humor relies on the ironic juxtaposition of claiming a grandiose, royal title (""Badshah"") for a mundane yet distressing psychological struggle, conveying an underlying emotional state of chronic anxiety masked by self-deprecating, casual acceptance. Clinically, this explicit self-identification with excessive rumination and being plagued by ""useless thoughts"" aligns with a Concentration Problem, as this relentless overthinking frequently manifests as the mental paralysis and inability to focus outlined in the diagnostic criteria.","[0.0, 0.0, 0.0, 0.0, 0.0, 1.0, 0.0]","[0.0, 0.0, 0.0, 0.0, 0.0, 1.0, 0.0]"
image_plus_explanation,/Users/soureeshdalal/Desktop/categorization/translated_categorized_memes/UNIVERSAL_HUMAN/test/TE-355.jpg,UNIVERSAL_HUMAN,"Utilizing the ""Disappointed Black Guy"" template, this meme contrasts a moment of fleeting relief with sudden dismay, featuring Hindi text where the user initially smiles because their current weight is lower than their worst-case expectation (""काफी टाइम बाद वेट चेक किया, सोचा था उससे तो कम ही है""). The cultural humor and emotional plummet occur in the bottom panel when the user's connected smart scale app brutally shatters this self-deception by pointing out their historical data, condescendingly stating, ""Hey son, is this really you? You've spread out a lot since last time!"" (""अरे बेटा, ये तुम ही हो ना? पिछली बार से तो बहुत फैल गए हो!""). This rapid shift from initial comfort to crushing embarrassment highlights a deep-seated anxiety around body image and the unforgiving nature of digital tracking, providing clear evidence of **Low Self-Esteem** triggered by perceived physical inadequacy, while the intense distress and hyper-fixation on the scale's judgment align with anxieties commonly associated with an **Eating Disorder**.","[0.0, 0.0, 0.0, 1.0, 0.0, 0.0, 0.0]","[0.0, 0.0, 0.0, 1.0, 1.0, 0.0, 0.0]"
image_plus_explanation,/Users/soureeshdalal/Desktop/categorization/translated_categorized_memes/UNIVERSAL_HUMAN/test/TE-636.jpg,UNIVERSAL_HUMAN,"The meme utilizes a split-panel format, contrasting a top image of a deep-sea crab accompanied by Hindi text translating to ""This creature has learned to live in heavy pressure and darkness,"" with the bottom image featuring the famously melancholic ""Sad Keanu"" template captioned simply with the English word ""Same."" The core irony and humor stem from a dark metaphor that equates the literal, crushing physical environment of the ocean floor to the figurative psychological weight of modern life, conveying an underlying emotional state of profound resignation and despair. By directly aligning the crab's harsh survival conditions with Keanu Reeves' universally recognized slouched posture and somber expression on a park bench, the meme provides a clear clinical representation of Feeling Down, utilizing self-deprecating internet humor to express explicit sadness, hopelessness, and the exhausting burden of emotional pain.","[1.0, 1.0, 0.0, 0.0, 0.0, 0.0, 0.0]","[1.0, 0.0, 0.0, 0.0, 0.0, 0.0, 0.0]"
image_plus_explanation,/Users/soureeshdalal/Desktop/categorization/translated_categorized_memes/UNIVERSAL_HUMAN/test/TE-162.jpg,UNIVERSAL_HUMAN,"Presenting a minimalist aesthetic typical of sincere online ""sadposting,"" this image features white Hindi text on a black background that reads: ""तुम्हें अंदाज़ा भी नहीं, जब तुम्हारा सबसे करीबी दोस्त कहता है 'सब ठीक है', वो अंदर ही अंदर टूट रहा होता है, अकेले में सिसकियाँ भरता, खुद को खत्म करने की सोचता, आँसू बहाता, और उसे जीने की एक ही वजह रोकती है, बस तुम।"" Culturally, the post eschews humor to deliver a heavy emotional confession about the trope of the outwardly stoic friend, revealing that their polite reassurance that ""everything is fine"" actually masks profound isolation and deep psychological agony. The emotional weight relies on the jarring contrast between this feigned public well-being and the dark reality of a friend who is breaking inside, kept alive solely by their attachment to the reader. Clinically, the explicit references to sobbing, shedding tears, and breaking apart inside strongly indicate ""Feeling Down,"" while the stark statement about ""thinking of ending themselves"" (खुद को खत्म करने की सोचता) provides direct evidence of ""Self-Harm"" ideation.","[0.0, 0.0, 1.0, 0.0, 0.0, 0.0, 0.0]","[1.0, 0.0, 1.0, 0.0, 0.0, 0.0, 0.0]"
image_plus_explanation,/Users/soureeshdalal/Desktop/categorization/translated_categorized_memes/UNIVERSAL_HUMAN/test/TE-224.jpg,UNIVERSAL_HUMAN,"Utilizing the popular two-panel ""Squid Game Oh Il-nam"" meme template, the image juxtaposes a joyful, active character on the left captioned ""मैं super excited हूँ क्योंकि मेरा dream college में admission हो गया"" (I am super excited because I got admission in my dream college) against the same character looking exhausted and despairing on the right, captioned ""ये सोचकर कि मुझे अब अपनी eating habits सुधारनी होंगी और रोज़ अपनी body image issues से लड़ना होगा"" (Thinking that now I will have to improve my eating habits and fight my body image issues everyday). Emotionally, the meme highlights a stark contrast where the initial euphoria of a major life achievement is instantly overshadowed by the dread and anxiety of managing severe personal insecurities in a new social environment. Clinically, the explicit textual references to the necessity of fixing one's dietary routines alongside a daily battle with physical appearance directly align with the **Eating Disorder** category from the diagnostic glossary, indicating underlying struggles with body dysmorphia and distressed eating patterns.","[0,0,0,1,0,0,0]",
image_plus_explanation,/Users/soureeshdalal/Desktop/categorization/translated_categorized_memes/UNIVERSAL_HUMAN/test/TE-351.jpg,UNIVERSAL_HUMAN,"The meme features a bleak, grayscale photograph of a foggy, desolate landscape overlaid with Hindi text reading, ""मेरे दिमाग की आवाज़ें कहती हैं 'तुझे मर जाना चाहिए'"" which translates to, ""The voices in my head say 'you should die'."" Culturally, this image eschews traditional comedic meme formats, instead utilizing an eerie, isolating visual aesthetic common in ""doomer"" internet subcultures to bluntly convey the experience of severe intrusive thoughts without any masking irony. Emotionally, the stark synchronization of the bleak, empty landscape with the grim confession reflects a state of profound psychological distress, hopelessness, and profound isolation. Clinically, the explicit textual statement about experiencing internal voices commanding death serves as direct, alarming evidence of the **Self-Harm** symptom from the provided glossary.","[0.0, 0.0, 1.0, 0.0, 0.0, 0.0, 0.0]","[1.0, 0.0, 1.0, 0.0, 0.0, 0.0, 0.0]"
image_plus_explanation,/Users/soureeshdalal/Desktop/categorization/translated_categorized_memes/UNIVERSAL_HUMAN/test/TE-656.jpg,UNIVERSAL_HUMAN,"This meme utilizes the ""Wojak in Bed"" template, contrasting a bright, open window labeled with the Hinglish text ""दुनिया भर के adventures, opportunities और challenges"" (Worldwide adventures, opportunities, and challenges) against a dark bedroom where a crying figure labeled ""मैं:"" (Me:) lies awake next to a clock reading ""SAT 10:00"". The core cultural irony relies on the painful juxtaposition between the vibrant, limitless possibilities of the outside world on a weekend morning and the subject's paralyzing internal distress, tapping into relatable internet humor about executive dysfunction and the inability to engage with life. Emotionally, the image conveys a profound sense of inadequacy and despair, using the inviting external world to sharply highlight the protagonist's psychological torment and isolation. Clinically, the meme provides direct visual evidence of **Feeling Down** through the character's explicit crying and agonized facial expression, alongside strong indicators of a **Sleeping Disorder** and a **Lack of Interest**, as the individual remains trapped in bed late into the morning seemingly to avoid life, demonstrating complete apathy toward the engaging opportunities passing them by.","[1.0, 1.0, 0.0, 0.0, 0.0, 1.0, 0.0]","[1.0, 1.0, 0.0, 0.0, 0.0, 0.0, 1.0]"
image_plus_explanation,/Users/soureeshdalal/Desktop/categorization/translated_categorized_memes/UNIVERSAL_HUMAN/test/TE-96.jpg,UNIVERSAL_HUMAN,"This image presents a 2016 tweet screenshot from user Akilah Hughes, overlaid with Hinglish text that translates to, ""Dude, there should be an app for people with anxiety and depression where extroverts handle phone calls and appointments for them."" The core humor relies on a widespread internet culture trope that highlights the intense dread neurodivergent or mentally ill individuals feel toward mundane social administration, jokingly proposing a satirical tech-startup solution to bypass these interactions. Emotionally, the meme utilizes dry, relatable comedy to articulate the genuine psychological distress and overwhelming burden that basic daily functioning can cause for those struggling with mental health. Clinically, the explicit textual desire to outsource routine life tasks due to an inability to manage them provides evidence of a Concentration Problem, specifically demonstrating the profound functional and task paralysis individuals experience when attempting to execute basic responsibilities like making calls or booking appointments.","[1.0, 0.0, 0.0, 0.0, 0.0, 0.0, 0.0]","[0.0, 0.0, 0.0, 0.0, 0.0, 1.0, 0.0]"
image_plus_explanation,/Users/soureeshdalal/Desktop/categorization/translated_categorized_memes/UNIVERSAL_HUMAN/test/TE-398.jpg,UNIVERSAL_HUMAN,"This meme utilizes the popular ""skipping steps"" visual template, showing a boy labeled ""मैं"" (Me) taking an exaggeratedly wide stride to bypass lower stairs labeled in Hindi with typical life milestones—""नौकरी"" (job), ""प्यार/शादी"" (love/marriage), ""करियर"" (career), and ""बुढ़ापा"" (old age)—to land directly on the top stair marked ""मौत"" (death). Culturally and emotionally, the core joke relies on nihilistic internet irony, juxtaposing a physically absurd, lighthearted image with a deeply pessimistic worldview to mask the creator's profound psychological distress and feeling of being completely overwhelmed by normal societal expectations. Within a clinical framework, this morbid humor clearly aligns with the symptom of Self-Harm, as the meme constitutes a darkly comedic, explicit reference to dying and bypassing life entirely rather than facing its inherent challenges.","[0.0, 0.0, 1.0, 0.0, 0.0, 0.0, 0.0]","[1.0, 0.0, 1.0, 0.0, 0.0, 0.0, 0.0]"
image_plus_explanation,/Users/soureeshdalal/Desktop/categorization/translated_categorized_memes/UNIVERSAL_HUMAN/test/TE-101.jpg,UNIVERSAL_HUMAN,"The meme features a cartoon illustration of two men on a path ending abruptly at a steep cliff, with a hanging sign that reads ""सुसाइड जोक्स का अंत नीचे है"" (""The end of suicide jokes is down below"" alongside a downward arrow) while a concerned character remarks ""ये जोक्स अब हद पार कर रहे हैं!"" (""These jokes are crossing the limit now!""). This visual literalization of a dark punchline creates a grim emotional context, highlighting the tense psychological reality masked behind internet culture's casual normalization of severe mental distress. Clinically, the explicit textual mention of suicide coupled with the visual implication of a fatal drop directly aligns with the **Self-Harm** symptom from the glossary, as the core joke relies entirely on a darkly comedic reference to dying.","[1.0, 0.0, 1.0, 0.0, 0.0, 0.0, 0.0]","[0.0, 0.0, 1.0, 0.0, 0.0, 0.0, 0.0]"
image_plus_explanation,/Users/soureeshdalal/Desktop/categorization/translated_categorized_memes/UNIVERSAL_HUMAN/test/TE-376.jpg,UNIVERSAL_HUMAN,"The meme features an image of a person's torso wearing a black t-shirt with digitally superimposed Hindi text that translates to, ""If you think my boobs are small, then look at my will to live"" (अगर तुम्हें मेरे boobs छोटे लगते हैं, तो मेरी जीने की इच्छा देख लो). Culturally, this utilizes a common internet bait-and-switch joke structure, leveraging a relatable, minor physical insecurity as a comedic setup to deliver a jarring punchline about severe mental distress. Emotionally, the meme employs casual, dark humor to express profound hopelessness, using deadpan self-deprecation to mask an underlying state of psychological pain. Clinically, the punchline's direct, darkly comedic claim about having a vanishingly small or non-existent will to live explicitly aligns with the **Self-Harm** symptom category.","[0.0, 0.0, 1.0, 0.0, 0.0, 0.0, 0.0]","[1.0, 0.0, 1.0, 0.0, 0.0, 0.0, 0.0]"
image_plus_explanation,/Users/soureeshdalal/Desktop/categorization/translated_categorized_memes/UNIVERSAL_HUMAN/test/TE-359.jpg,UNIVERSAL_HUMAN,"This Hindi-localized iteration of the popular ""Billy, What Have You Done"" comic template features a mustached character initially reacting in panicked shock (""बंटी! ये तूने क्या किया?!"" / ""Bunty! What have you done?!"") after a small child shoots a person. The dark humor and core irony emerge when the bleeding victim dismissively states ""डिप्रेशन बस एक मूड है"" (""Depression is just a mood""), prompting the older character to instantly abandon his moral outrage, load a shotgun, and deadpan instruct the child to ""इसे फिर से गोली मारो"" (""Shoot him again""). Emotionally, the image juxtaposes extreme cartoon violence with a common real-world invalidation to channel the intense frustration individuals feel when their severe psychological distress is minimized by society. By humorously advocating for violence against the ignorant character, the meme serves as a cathartic defense of mental health severity for those who are exhausted by societal misunderstanding and stigma.","[1.0, 0.0, 0.0, 0.0, 0.0, 1.0, 0.0]","[1.0, 0.0, 0.0, 0.0, 0.0, 0.0, 0.0]"
image_plus_explanation,/Users/soureeshdalal/Desktop/categorization/translated_categorized_memes/UNIVERSAL_HUMAN/test/TE-274.jpg,UNIVERSAL_HUMAN,"The image consists of a stark, dark grey background featuring two lines of minimalist Hindi text that read ""मैं ज़िंदा हूँ। शिट।"" which translates to ""I am alive. Shit."" This text-based format utilizes localized South Asian internet humor to subvert the conventionally positive concept of existence, masking profound psychological weariness and apathy beneath a casual, transliterated English expletive. Clinically, by explicitly expressing immediate regret and disappointment over the reality of surviving or waking up, the meme serves as a darkly comedic indicator of passive suicidal ideation, aligning precisely with the **Self-Harm** symptom criteria.","[1.0, 0.0, 1.0, 0.0, 0.0, 0.0, 0.0]","[0.0, 0.0, 1.0, 0.0, 0.0, 0.0, 0.0]"
image_plus_explanation,/Users/soureeshdalal/Desktop/categorization/translated_categorized_memes/UNIVERSAL_HUMAN/test/TE-46.jpg,UNIVERSAL_HUMAN,"This four-panel webcomic by ""CHUCKDRAWSTHINGS"" features two pigeons at office desks, where the first pigeon asks in Hindi, ""रात भर जगे थे क्या?"" (Were you awake all night?) and then ""इतनी देर सोने के बाद भी तुम थके हुए कैसे हो सकते हो?"" (How can you still be tired after sleeping for so long?) after the visibly exhausted second pigeon admits, ""नहीं यार, कल रात तो मैं 13 घंटे सोया था"" (No man, last night I slept for 13 hours). The meme derives its dark humor from ironic juxtaposition, answering the genuine question about chronic fatigue with a jarringly cheerful, vaudeville-style musical reveal featuring a top hat, cane, and rainbow underneath the bold English word ""DEPRESSION!!!"". Emotionally, this theatrical presentation serves to defensively mask severe psychological distress and the frustration of an invisible illness behind a protective facade of absurd comedy. Clinically, the character's explicit textual admission of sleeping excessively for thirteen hours but remaining profoundly fatigued provides direct evidence of a Sleeping Disorder.","[1,0,0,0,0,0,0]",
image_plus_explanation,/Users/soureeshdalal/Desktop/categorization/translated_categorized_memes/UNIVERSAL_HUMAN/test/TE-481.jpg,UNIVERSAL_HUMAN,"This meme features an animated character in a yellow hoodie looking highly agitated with clenched hands, overlaid with the Hindi text ""मेरा दिमाग खराब हो रहा है"" (translating roughly to ""my mind is spoiling"" or ""I am losing my mind"") alongside an English caption identifying it as a ""LOSING MY MIND"" YouTube animation meme. Culturally, the image relies on relatable internet humor where exaggerated, manic cartoon expressions are used to authentically convey an underlying emotional state of severe stress, acute frustration, and mental exhaustion. Clinically, the explicit textual declaration of cognitive failure combined with the character's visibly distressed, overwhelmed posture provides direct evidence that aligns with a Concentration Problem, vividly illustrating the subjective experience of mental paralysis, brain fog, or reaching a psychological breaking point.","[0.0, 0.0, 0.0, 0.0, 0.0, 1.0, 0.0]","[1.0, 0.0, 0.0, 0.0, 0.0, 1.0, 0.0]"
image_plus_explanation,/Users/soureeshdalal/Desktop/categorization/translated_categorized_memes/UNIVERSAL_HUMAN/test/TE-561.jpg,UNIVERSAL_HUMAN,"This three-panel comic depicts a red blob character looking sorrowfully into a bathroom mirror, turning on a faucet, and subsequently crying profusely against a starkly contrasting, cheerful pink background adorned with hearts and stars. The overlaid Hindi text, ""फ़ील करना ही हीलिंग है"" (Feeling is healing), plays on popular internet wellness slogans by highlighting the ironic disconnect between sanitized mental health mantras and the genuinely agonizing reality of processing complex emotions. Emotionally, the meme juxtaposes profound psychological distress with aggressively positive imagery to convey that emotional catharsis, while framed as a positive necessity, is often an incredibly messy and overwhelming experience in the moment. Clinically, the character's overt display of heavy crying and visible emotional pain provides direct visual evidence of the symptom Feeling Down, capturing the raw vulnerability inherent in confronting one's sadness.","[1.0, 1.0, 0.0, 0.0, 0.0, 0.0, 0.0]","[1.0, 0.0, 0.0, 0.0, 0.0, 0.0, 0.0]"
image_plus_explanation,/Users/soureeshdalal/Desktop/categorization/translated_categorized_memes/UNIVERSAL_HUMAN/test/TE-130.jpg,UNIVERSAL_HUMAN,"Utilizing a classic object-labeling format over a photograph of a soccer match, this bilingual meme labels the player firmly controlling the ball as ""एंटीडिप्रेसेंट्स"" (Antidepressants), the player chasing behind him as ""मैं"" (Me), and the elusive ball itself as ""मेरे orgasms"" (my orgasms). The core irony relies on this competitive sports metaphor to humorously convey the frustrating and helpless emotional state of experiencing medication-induced sexual dysfunction, masking a deeply personal physical struggle with a lighthearted visual. Clinically, by highlighting the user's inability to experience sexual pleasure or climax as a direct consequence of their psychiatric treatment, the meme illustrates a specific, medically induced form of anhedonia that aligns with the glossary definition of a Lack of Interest in enjoying fundamental aspects of life.","[1.0, 1.0, 0.0, 0.0, 0.0, 0.0, 0.0]","[0.0, 1.0, 0.0, 0.0, 0.0, 0.0, 0.0]"
image_plus_explanation,/Users/soureeshdalal/Desktop/categorization/translated_categorized_memes/UNIVERSAL_HUMAN/test/TE-396.jpg,UNIVERSAL_HUMAN,"This image features a vivid orange goldfish confined within a small glass bowl resting on a dark surface, starkly juxtaposed against a vast, monochromatic, and unreachable ocean background. The overlaying Hindi text reads ""पूरी ज़िंदगी क़ैद..."", translating to ""Lifelong imprisonment..."", which utilizes the cruel irony of a captive fish facing endless, inaccessible waters to symbolize the existential dread and restrictive nature of one's circumstances. Emotionally, the contrast between the vibrant, trapped subject and the bleak, infinite expanse conveys a profound sense of isolation, resignation, and deep despair. Clinically, this explicit metaphorical representation of enduring hopelessness and the agonizing feeling of being permanently trapped directly aligns with the symptom of Feeling Down.","[1.0, 0.0, 0.0, 0.0, 0.0, 1.0, 0.0]","[1.0, 0.0, 0.0, 0.0, 0.0, 0.0, 0.0]"
image_plus_explanation,/Users/soureeshdalal/Desktop/categorization/translated_categorized_memes/UNIVERSAL_HUMAN/test/TE-82.jpg,UNIVERSAL_HUMAN,"The image is a screenshot of a tweet-style post featuring a smiling profile picture of a man named Hilton Collins alongside Hindi text that translates to, ""Did you know that a piranha can eat a small child down to the bone in less than 30 seconds? Anyway, I lost my job at the aquarium today..."" The core humor relies on dark comedy and narrative misdirection, setting up a morbid ""fun fact"" before delivering a punchline that implies the author was fired for horrifying negligence that resulted in a child being eaten. Emotionally, the meme generates shock value through the stark juxtaposition of the user's cheerful avatar and casual, conversational tone against the gruesome, macabre implication of the joke. Because the post functions entirely as an edgy, fictional narrative intended for comedic shock rather than a genuine expression of personal psychological distress, it does not clearly depict any specific mental health symptoms from the provided clinical glossary.","[1.0, 0.0, 0.0, 0.0, 0.0, 0.0, 0.0]","[0.0, 0.0, 0.0, 0.0, 0.0, 0.0, 0.0]"
image_plus_explanation,/Users/soureeshdalal/Desktop/categorization/translated_categorized_memes/UNIVERSAL_HUMAN/test/TE-577.jpg,UNIVERSAL_HUMAN,"The meme features two identical panels of a disheveled man slouching on a couch, drinking beer, and staring blankly at a TV, contrasting the top panel's text ""2019: निठल्ला"" (Hindi for ""idle"" or ""useless"") with the bottom panel's text ""2020: ज़िम्मेदार नागरिक"" (Hindi for ""responsible citizen""). Culturally, the humor relies on the irony of the COVID-19 pandemic lockdowns, pointing out how socially condemned laziness was suddenly reframed as a civic duty simply by staying indoors. Emotionally, the meme conveys a sense of profound stagnation and apathy, masking the psychological toll of isolation behind a facade of ironic situational validation. Clinically, the visual depiction of the man's flat affect, solitary drinking, and chronic sedentary state strongly indicates a **Lack of Interest**, while the 2019 text explicitly identifying his lifestyle as ""useless"" aligns with internalized societal judgments reflective of **Low Self-Esteem**.","[1.0, 1.0, 1.0, 0.0, 0.0, 0.0, 0.0]","[0.0, 1.0, 0.0, 0.0, 1.0, 0.0, 0.0]"
image_plus_explanation,/Users/soureeshdalal/Desktop/categorization/translated_categorized_memes/UNIVERSAL_HUMAN/test/TE-305.jpg,UNIVERSAL_HUMAN,"This meme features the Hindi text ""जब आप बिल्कुल नीचे गिर जाते हो, तो सिर्फ ऊपर ही जा सकते हो! मैं:"" (translating to ""When you hit rock bottom, you can only go up! Me:""), juxtaposed against a photograph of heavy excavators and dump trucks actively digging deeper into a massive open-pit mine. The cultural humor relies on ironically subverting a well-known motivational cliché; rather than rebounding from adversity as the quote promises, the creator portrays themselves as actively finding ways to sink even lower. Emotionally, this contrast expresses a profound, cynical pessimism, using self-deprecating comedy to mask the distressing feeling that one's circumstances or mental state are continuously worsening without a clear upward trajectory. Clinically, this thematic focus on absolute despair and the perceived impossibility of recovery clearly aligns with the symptom of Feeling Down, as the meme visually and textually articulates a state of severe hopelessness where the individual feels trapped in an ever-deepening emotional pain.","[1.0, 0.0, 0.0, 0.0, 1.0, 0.0, 0.0]","[1.0, 0.0, 0.0, 0.0, 0.0, 0.0, 0.0]"
image_plus_explanation,/Users/soureeshdalal/Desktop/categorization/translated_categorized_memes/POP_CULTURE_DEPENDENT/test/TE-379.jpg,POP_CULTURE_DEPENDENT,"This four-panel comic parodies the anime *Death Note* by localizing the concept for an Indian audience, depicting a somber man who discovers ""यमराज की किताब"" (Yamraj's Book) and contemplates, ""ये तो यमराज की किताब है! अब मैं किसे मारूँ?"" (This is Yamraj's book! Now whom should I kill?). The comedic irony unfolds when he writes ""मेरा भविष्य"" (My future) in the fatal pages, only for a shadowy, Shinigami-like death deity to appear and state, ""जो चीज़ पहले से ही मरी हुई है, उसे तुम नहीं मार सकते!"" (You cannot kill something that is already dead!). Emotionally, the meme leverages this morbid supernatural scenario to articulate a profound sense of psychological despair and resignation, using dark internet humor as a coping mechanism. Clinically, the explicit declaration that the subject's future is already metaphorically ""dead"" is a stark manifestation of severe hopelessness, directly aligning with the symptom of Feeling Down, while the underlying belief that his life prospects are entirely ruined and worthless also reflects deep-seated Low Self-Esteem.","[1.0, 0.0, 1.0, 0.0, 0.0, 0.0, 0.0]","[1.0, 0.0, 0.0, 0.0, 1.0, 0.0, 0.0]"
image_plus_explanation,/Users/soureeshdalal/Desktop/categorization/translated_categorized_memes/UNIVERSAL_HUMAN/test/TE-604.jpg,UNIVERSAL_HUMAN,"This meme features a dark, moody bedroom illuminated by a stark blue LED light strip, showing a person lying under blankets with the overlaid Hindi text ""उदास दिलों को नींद कहाँ,"" which translates to ""Where is sleep for sad hearts?"" Reflecting the popular South Asian internet aesthetic of late-night, melancholic poetry, the combination of the isolating dark room and poignant text conveys a deep sense of nocturnal loneliness and emotional pain. Clinically, this image directly aligns with the symptom of a **Sleeping Disorder** by explicitly highlighting the inability to fall asleep, while simultaneously expressing **Feeling Down** through the text's direct reference to sadness and the overall depressive, isolating visual atmosphere.","[1.0, 0.0, 0.0, 0.0, 0.0, 0.0, 1.0]","[1.0, 0.0, 0.0, 0.0, 0.0, 0.0, 1.0]"
image_plus_explanation,/Users/soureeshdalal/Desktop/categorization/translated_categorized_memes/UNIVERSAL_HUMAN/test/TE-199.jpg,UNIVERSAL_HUMAN,"This text-based meme features a plain, dark-textured background with centered white Hindi text that reads, ""जब आप बहुत *थके हुए हों* पर आपको *नींद न आए*,"" which translates to ""When you are very *tired* but you *can't sleep*."" Culturally, this functions as a highly relatable statement piece common on social media platforms like Instagram or WhatsApp, drawing its engagement from the shared frustration of a physiological paradox rather than a traditional comedic punchline. Emotionally, the stark, minimalist aesthetic of white text on a black background perfectly mirrors the isolation and late-night helplessness felt when one's mind refuses to shut down despite profound physical and mental exhaustion. Clinically, the explicit textual complaint of severe fatigue coupled with an inability to fall asleep serves as a direct indicator of a Sleeping Disorder, specifically highlighting common experiences of insomnia and exhaustion.","[0.0, 0.0, 0.0, 0.0, 0.0, 0.0, 1.0]","[0.0, 0.0, 0.0, 0.0, 0.0, 0.0, 1.0]"
image_plus_explanation,/Users/soureeshdalal/Desktop/categorization/translated_categorized_memes/UNIVERSAL_HUMAN/test/TE-73.jpg,UNIVERSAL_HUMAN,"This meme utilizes a mock architectural floor plan template with Hindi labels, where tiny, cramped sections at the top denote a 'बेडरूम' (Bedroom), 'किचन' (Kitchen), and 'बाथरूम' (Bathroom), while the overwhelming majority of the square footage is labeled 'अकेलापन' (Loneliness). The dark humor relies on spatial irony, visually exaggerating how an abstract, painful state of mind can metaphorically consume far more space in a person's life than their basic physical living areas. Emotionally, the stark juxtaposition of tiny functional rooms against a massive, empty void conveys a profound sense of isolation and the feeling of being completely engulfed by one's own solitude. Clinically, this disproportionate spatial representation of immense, all-consuming isolation acts as an explicit visual metaphor for deep emotional pain, aligning directly with the symptom of Feeling Down.","[1.0, 0.0, 0.0, 0.0, 0.0, 0.0, 0.0]","[1.0, 0.0, 0.0, 0.0, 0.0, 0.0, 0.0]"
image_plus_explanation,/Users/soureeshdalal/Desktop/categorization/translated_categorized_memes/UNIVERSAL_HUMAN/test/TE-48.jpg,UNIVERSAL_HUMAN,"This Hindi-language meme utilizes an ironic visual template of a person submerged neck-deep in floodwater while holding an umbrella, illustrating the futility of inadequate coping mechanisms against overwhelming psychological distress. The creator, labeled ""मैं"" (Me), is drowning in waters labeled with severe afflictions like ""आत्महत्या"" (Suicide), ""डिप्रेशन"" (Depression), and ""आँसू"" (Tears), while the umbrella offering flimsy protection from the ""खुद को नुकसान पहुँचाने वाली हरकतें"" (Self-harming behaviors) rain is cynically labeled ""अनजान लोगों के मीठे बोल"" (Sweet words from strangers). Emotionally, the meme conveys a state of being entirely consumed by despair, highlighting the dark humor that superficial online validation is practically useless against a genuine, multi-faceted psychiatric crisis. Clinically, the explicit inclusion of tears and depression aligns precisely with the Feeling Down symptom, while the direct textual references to suicide and self-inflicted damage provide clear, undeniable evidence of Self-Harm.","[1.0, 0.0, 0.0, 0.0, 1.0, 0.0, 0.0]","[1.0, 0.0, 1.0, 0.0, 0.0, 0.0, 0.0]"
image_plus_explanation,/Users/soureeshdalal/Desktop/categorization/translated_categorized_memes/UNIVERSAL_HUMAN/test/TE-237.jpg,UNIVERSAL_HUMAN,"This meme features a macro image of a cute, fluffy teddy bear peacefully watching bubbles float in a sunny park, overlaid with the ""Hinglish"" text ""मैं, अपनी जिंदगी का मजा लेते हुए एक dumb बनकर,"" which translates to ""Me, enjoying my life being dumb."" The core humor relies on the cultural ""ignorance is bliss"" trope, contrasting the hyper-innocent, serene visual with an underlying emotional state of psychological overwhelm, suggesting that the creator can only find peace by willfully turning off their brain to avoid reality's stressful complexities. Clinically, while the meme presents a cheerful outward facade, the explicit use of self-deprecation to navigate life's daily pressures aligns with mild expressions of Low Self-Esteem, as the user humorously degrades their own intelligence as a necessary coping mechanism to survive the burden of awareness.","[1.0, 0.0, 0.0, 0.0, 1.0, 0.0, 0.0]","[0.0, 0.0, 0.0, 0.0, 1.0, 0.0, 0.0]"
image_plus_explanation,/Users/soureeshdalal/Desktop/categorization/translated_categorized_memes/UNIVERSAL_HUMAN/test/TE-301.jpg,UNIVERSAL_HUMAN,"The black-and-white two-panel image contrasts a left arm covered in severe horizontal lacerations with a seemingly unscarred right arm draped with a necklace, accompanied by the Hindi text ""अब यह पहले जैसा"" and ""कभी नहीं होगा,"" which translates to the despondent phrase, ""It will never be the same again."" Culturally rooted in internet ""sadposting"" communities, the meme uses this stark visual before-and-after juxtaposition to convey an underlying emotional state of profound hopelessness, regret, and enduring psychological pain regarding the permanent physical reminders of distress. Clinically, the explicit depiction of extensive, clustered cuts on the forearm provides direct visual evidence of the **Self-Harm** symptom. Furthermore, the fatalistic text expressing that a return to an unblemished or normal state is impossible strongly aligns with the **Feeling Down** symptom, highlighting a deeply entrenched sense of despair and emotional agony.","[0.0, 0.0, 1.0, 0.0, 0.0, 0.0, 0.0]","[1.0, 0.0, 1.0, 0.0, 0.0, 0.0, 0.0]"
image_plus_explanation,/Users/soureeshdalal/Desktop/categorization/translated_categorized_memes/UNIVERSAL_HUMAN/test/TE-83.jpg,UNIVERSAL_HUMAN,"This meme utilizes a two-panel reaction image of a deadpan Lisa Simpson listening to an MP3 player and staring apathetically out a window, accompanied by the Hinglish text ""मैं messages ignore करते हुए जब तक फिर से social होने की energy न आ जाए,"" which translates to ""Me ignoring messages until I get the energy to be social again."" Culturally, the image captures the highly relatable modern internet experience of social burnout, using the recognizable exhaustion of the cartoon character to humorously validate the need to deliberately isolate oneself from demanding digital communication. Emotionally, the juxtaposition of the mundane act of riding in a vehicle with the confession of intentional avoidance conveys a deep sense of interpersonal fatigue and the necessary emotional withdrawal required to recharge one's mental battery. Clinically, the explicit statement about lacking the energy to engage with others and the depicted behavioral choice to purposefully tune out the world serve as direct textual and visual evidence of a Lack of Interest, demonstrating a clear apathy toward typical social engagement.","[1.0, 0.0, 0.0, 0.0, 0.0, 0.0, 0.0]","[0.0, 1.0, 0.0, 0.0, 0.0, 0.0, 0.0]"
image_plus_explanation,/Users/soureeshdalal/Desktop/categorization/translated_categorized_memes/UNIVERSAL_HUMAN/test/TE-647.jpg,UNIVERSAL_HUMAN,"This image depicts a man viewed from behind with his hands clasped behind his head in a posture of frustration, staring at a dark background densely covered with Hindi interrogative words like ""क्या?"" (what), ""क्यों?"" (why), ""कैसे?"" (how), and ""कब?"" (when). Culturally, the meme uses the visual trope of floating text to represent a chaotic internal monologue, capturing the highly relatable experience of extreme overthinking and confusion localized for a Hindi-speaking internet audience. Emotionally, the man's defeated, surrendered body language contrasting with the relentless barrage of questioning words conveys a profound sense of mental overwhelm, anxiety, and feeling trapped by one's own racing thoughts. In a clinical context, this literal depiction of a mind flooded with competing, unanswerable questions strongly aligns with a Concentration Problem, effectively visualizing the exhausting brain fog, inability to focus, and cognitive paralysis that stems from severe psychological overload.","[0.0, 0.0, 0.0, 0.0, 0.0, 1.0, 0.0]","[0.0, 0.0, 0.0, 0.0, 0.0, 1.0, 0.0]"
image_plus_explanation,/Users/soureeshdalal/Desktop/categorization/translated_categorized_memes/UNIVERSAL_HUMAN/test/TE-105.jpg,UNIVERSAL_HUMAN,"This meme utilizes an ""average weight"" (औसत वजन) infographic template, establishing a factual baseline by listing the physical weights of a sheep (90 kg) and an elephant (5400 kg) before delivering a hyperbolic, self-deprecating punchline. In the final row, the standard animal image is replaced with Hinglish text reading ""मेरे parents पर मेरे होने, useless, ugly और untalented होने का बोझ"" (The burden on my parents of me existing, being useless, ugly, and untalented), which is paired with an infinite weight measurement (∞ किग्रा). Emotionally, the sterile, objective presentation of a scientific chart starkly contrasts with the intense psychological distress conveyed in the final panel, utilizing dark internet humor to quantify profound guilt. Because the text explicitly labels the creator as a crushing ""burden"" on their family and uses self-loathing descriptors like ""useless"" and ""ugly,"" this meme serves as a clear, literal manifestation of the **Low Self-Esteem** clinical symptom.","[1.0, 0.0, 0.0, 0.0, 1.0, 0.0, 0.0]","[0.0, 0.0, 0.0, 0.0, 1.0, 0.0, 0.0]"
image_plus_explanation,/Users/soureeshdalal/Desktop/categorization/translated_categorized_memes/UNIVERSAL_HUMAN/test/TE-625.jpg,UNIVERSAL_HUMAN,"Featuring a stark black-and-white still of a distressed young woman from a BBC Three broadcast, this image is overlaid with Hindi text translating to, ""People might say 'you are so fat that you can't have an eating disorder' because I am... losing the battle."" Culturally, the image critiques the harmful societal misconception that an individual must be visibly emaciated to suffer from disordered eating, utilizing documentary-style realism to ground the message in authentic human suffering. Emotionally, the meme conveys a profound sense of isolation and despair, illustrating the heavy psychological toll of having one's internal struggles invalidated by outward physical appearances. Clinically, the explicit textual reference directly aligns with an **Eating Disorder**, while the distressing confession of ""losing the battle"" demonstrates the deep hopelessness and emotional pain characteristic of **Feeling Down**.","[0.0, 0.0, 0.0, 1.0, 0.0, 0.0, 0.0]","[1.0, 0.0, 0.0, 1.0, 0.0, 0.0, 0.0]"
image_plus_explanation,/Users/soureeshdalal/Desktop/categorization/translated_categorized_memes/UNIVERSAL_HUMAN/test/TE-631.jpg,UNIVERSAL_HUMAN,"This four-panel meme utilizes a familiar template of a blurry, frantically moving boy to depict an exaggerated reaction, beginning with an image of feet on a weighing scale beneath the Hindi text ""*वज़न 1 ग्राम कम हुआ*"" (Weight decreased by 1 gram), followed by the boy sprinting to a laptop to frantically search ""BMI कैलकुलेटर"" (BMI Calculator) on Google. The core humor relies on the extreme emotional urgency and hyper-fixation triggered by a biologically insignificant change in body weight, masking a frantic obsession with physical metrics beneath a seemingly lighthearted, comedic overreaction. From a clinical perspective, this exaggerated depiction of tracking minute weight fluctuations and the immediate, panicked rush to calculate body mass indices serves as visual evidence of an **Eating Disorder**, illustrating the obsessive weight monitoring and body dysmorphia often characteristic of such mental health challenges.","[0.0, 0.0, 0.0, 1.0, 0.0, 0.0, 0.0]","[0.0, 0.0, 0.0, 0.0, 0.0, 0.0, 0.0]"
image_plus_explanation,/Users/soureeshdalal/Desktop/categorization/translated_categorized_memes/UNIVERSAL_HUMAN/test/TE-475.jpg,UNIVERSAL_HUMAN,"This four-panel comic features a frog progressing through its daily routine—waking up in a nightcap, working at a desk beneath a grim ""मरते दम तक काम!"" (Work until death!) poster, and sitting at a computer—while repeatedly stating the Hindi phrase ""मैं थक गया हूँ।"" (I am tired). The core irony emerges in the final panel where the frog lies wide awake in bed with a blank, wide-eyed stare, stating ""नींद नहीं आ रही।"" (I can't sleep), tapping into a relatable internet culture trope about the paradox of modern fatigue. This juxtaposition of pervasive daytime exhaustion declarations against sudden nighttime alertness conveys an underlying emotional state of frustrating restlessness and the helpless cycle of burnout. Clinically, the comic's explicit depiction of chronic daily exhaustion paired with nighttime insomnia provides clear visual and textual evidence of a Sleeping Disorder.","[0,0,0,0,0,0,1]",
image_plus_explanation,/Users/soureeshdalal/Desktop/categorization/translated_categorized_memes/UNIVERSAL_HUMAN/test/TE-382.jpg,UNIVERSAL_HUMAN,"This image consists of a bright yellow text overlay masking a blurred, handwritten diary entry filled with distressed English phrases like ""no way out of this slump,"" featuring the Hinglish text: ""अभी Maggi खाते-खाते रो पड़ा क्योंकि सब कुछ बहुत draining लग रहा है और मैं थक गया हूँ अच्छी चीज़ों के होने की भीख माँगते-माँगते।"" (I just burst into tears while eating Maggi because everything feels so draining and I'm tired of begging for good things to happen). Culturally, the meme contrasts the mundane, comforting act of eating Maggi—a ubiquitous instant noodle brand in South Asia—with a sudden, intense emotional breakdown, utilizing internet culture's tendency to overshare intimate despair through relatable, everyday scenarios. The underlying emotional state is one of profound exhaustion and despair, where the juxtaposition of a simple comfort meal fails to mask the creator's overwhelming psychological burden and sense of defeat. Clinically, this explicit confession of sudden crying, finding life persistently ""draining,"" and experiencing severe hopelessness directly aligns with the **Feeling Down** symptom outlined in the diagnostic glossary.","[0.0, 0.0, 0.0, 1.0, 0.0, 0.0, 0.0]","[0.0, 0.0, 0.0, 0.0, 0.0, 0.0, 0.0]"
image_plus_explanation,/Users/soureeshdalal/Desktop/categorization/translated_categorized_memes/UNIVERSAL_HUMAN/test/TE-169.jpg,UNIVERSAL_HUMAN,"This meme features a manga-style panel of a bespectacled girl kneeling to open a large trash bag, accompanied by Hindi speech bubble text that translates to, ""Alright. I am going to throw away the garbage. Come on, get inside,"" alongside sound effects reading ""khol"" (open). Culturally, the core joke relies on aggressive internet irony where the speaker commands the viewer—or, in self-referential meme sharing contexts, the poster themselves—to act as literal refuse to be discarded. Emotionally, the mundane visual of a household chore starkly juxtaposes the harsh, self-deprecating undertone, using deadpan humor to mask feelings of profound inadequacy. Clinically, by explicitly equating a person to disposable ""garbage"" that needs to be thrown away, the meme presents direct textual and conceptual evidence of ""Low Self-Esteem,"" illustrating intense feelings of worthlessness through a darkly comedic, relatable format.","[0.0, 0.0, 0.0, 0.0, 1.0, 0.0, 0.0]","[0.0, 0.0, 0.0, 0.0, 0.0, 0.0, 0.0]"
image_plus_explanation,/Users/soureeshdalal/Desktop/categorization/translated_categorized_memes/UNIVERSAL_HUMAN/test/TE-388.jpg,UNIVERSAL_HUMAN,"This image features a simulated tweet format from a user named ""erin"" (@erinbcmurray) displaying the Hindi text, ""क्या किसी और की लाइफ भी ऐसी चल रही है कि ‘बस ये आखिरी मुश्किल हफ्ता निकल जाए, फिर तो लाइफ सेट है!’ लेकिन ऐसा... हर हफ्ते होता है,"" which translates to a person perpetually hoping that after just one more ""difficult week"" their life will be perfectly settled, only to realize this exhausting cycle repeats every single week. The core joke relies on the highly relatable cultural irony of modern burnout, where the promised relief from stress is continuously delayed, effectively masking a grim reality with casual, communal internet humor. Emotionally, the text conveys chronic exhaustion and deep resignation, highlighting the psychological distress of being trapped in an endless loop of false anticipation and ongoing struggle. Clinically, this explicit description of unending difficult periods and the resulting sense of pervasive hopelessness aligns directly with the symptom of Feeling Down, as the user uses humor to cope with chronic emotional pain.","[1.0, 1.0, 0.0, 0.0, 0.0, 0.0, 0.0]","[0.0, 0.0, 0.0, 0.0, 0.0, 0.0, 0.0]"
image_plus_explanation,/Users/soureeshdalal/Desktop/categorization/translated_categorized_memes/UNIVERSAL_HUMAN/test/TE-371.jpg,UNIVERSAL_HUMAN,"This digital quote graphic features white Hindi text over a dark wood-grain background reading, ""मैं अपने मन को शांत करना चाहता था, ताकि मेरे विचार मेरी अपनी शांति पर केंद्रित हो सकें। मैं अपने प्रेम की शांति को अपने दिल में में वैसे ही बंद करना चाहता था, जैसे एक गहरे गुलाब में ओस की बूंद।"" (attributed to Caryll Houselander). Culturally, this functions not as an ironic internet meme but as an earnest, inspirational quote card common on social media platforms, meant to evoke themes of mindfulness, introspection, and spiritual tranquility. Emotionally, the stark, grounded visual presentation combined with the poetic text conveys a sincere yearning to escape internal mental noise and safeguard deep emotional serenity. When evaluated against the provided clinical glossary, the text represents a meditative aspiration for inner peace rather than an expression of psychological distress, and therefore no specific clinical symptoms are explicitly depicted.","[0.0, 1.0, 0.0, 0.0, 0.0, 0.0, 0.0]","[0.0, 0.0, 0.0, 0.0, 0.0, 0.0, 0.0]"
image_plus_explanation,/Users/soureeshdalal/Desktop/categorization/translated_categorized_memes/UNIVERSAL_HUMAN/test/TE-217.jpg,UNIVERSAL_HUMAN,"This four-panel meme utilizes a variation of the ""guy hugging dog while cat watches"" template, featuring Hindi text where the tightly embraced dog is labeled ""मैं और मेरी पुरानी गलत आदतें"" (Me and my old bad habits) and the neglected, weeping cat in the background is labeled ""थेरेपी में सीखी हुई बातें"" (Things learned in therapy). The core irony highlights a highly relatable internet culture joke about mental health, illustrating how individuals often actively choose the comfort of familiar, maladaptive behaviors over applying the healthier coping mechanisms they have been taught. Emotionally, the juxtaposition of the affectionate hug with the abandoned, teary-eyed cat conveys a deep sense of guilt, regression, and the frustrating self-awareness of self-sabotage despite seeking professional help. Clinically, the extreme close-up in the final panel featuring the cat's explicitly edited, crying eyes aligns directly with the symptom of Feeling Down, visually representing the sadness and emotional pain associated with failing to maintain therapeutic progress.","[1.0, 0.0, 0.0, 0.0, 0.0, 0.0, 0.0]","[1.0, 0.0, 0.0, 0.0, 0.0, 0.0, 0.0]"
image_plus_explanation,/Users/soureeshdalal/Desktop/categorization/translated_categorized_memes/UNIVERSAL_HUMAN/test/TE-277.jpg,UNIVERSAL_HUMAN,"The meme utilizes a stock image of a serious businessman meticulously writing in a notebook to humorously represent someone drafting a highly specific, formal prayer to God on behalf of their friend group. The Hindi text translates to a plea for future romantic partners who will offer genuine support, respect their ""relationship with food,"" avoid stealing their ""safe foods,"" and refrain from making negative comments about their bodies. This juxtaposition of a professional, deadpan visual with a deeply personal request masks a vulnerable emotional state characterized by relationship anxiety and the fear of being judged for ongoing personal struggles. Clinically, the meme's explicit mention of relying on ""safe foods,"" navigating a difficult relationship with eating, and sensitivity to body comments directly aligns with the symptom of an Eating Disorder, highlighting how body dysmorphia and food-related coping mechanisms can complicate interpersonal relationships.","[0.0, 0.0, 0.0, 1.0, 0.0, 0.0, 0.0]","[0.0, 0.0, 0.0, 0.0, 0.0, 0.0, 0.0]"
image_plus_explanation,/Users/soureeshdalal/Desktop/categorization/translated_categorized_memes/UNIVERSAL_HUMAN/test/TE-75.jpg,UNIVERSAL_HUMAN,"This meme utilizes a variation of the ""Brain at 3 AM"" template, contrasting an anatomical drawing of a brain on the left with a deeply exhausted ""Withered Wojak"" character on the right to humorously depict the struggle with intrusive nighttime thoughts. The Hindi text explicitly illustrates this internal battle, with the brain stating, ""सुबह के 5:13 बज गए। ये तुम्हारा हर आधे घंटे का reminder है कि तुम बेकार हो।"" (""It is 5:13 in the morning. This is your half-hourly reminder that you are worthless""), to which the drained Wojak submissively replies, ""जी हाँ"" (""Yes""). Emotionally, the meme conveys a profound sense of depressed resignation and psychological distress, using relatable dark internet humor to highlight the draining nature of relentless self-deprecation. Clinically, this image vividly presents evidence of a Sleeping Disorder, indicated by the 5:13 AM timestamp and the Wojak's extreme physical exhaustion resulting from insomnia, alongside severe Low Self-Esteem, demonstrated by the intrusive, repetitive internal monologue explicitly labeling the individual as useless.","[0.0, 0.0, 0.0, 0.0, 1.0, 0.0, 0.0]","[0.0, 0.0, 0.0, 0.0, 0.0, 0.0, 0.0]"
image_plus_explanation,/Users/soureeshdalal/Desktop/categorization/translated_categorized_memes/POP_CULTURE_DEPENDENT/test/TE-178.jpg,POP_CULTURE_DEPENDENT,"This meme uses a four-panel grid of famous Indian cinema reaction images to summarize the plot of the anime *Re:Zero*, responding to the overarching Hindi caption that translates to, ""You can't tell the story of Re:Zero in a few memes-"". The individual panels sequentially depict a god complex (""Sometimes I feel like I am God""), a distressed decision to die (""I have decided, I have to die""), anticipation of a revival paired with a rewind button (""My Karan Arjun will come""), and weary resignation (""Oh man, starting the same thing again"") to culturally translate the anime protagonist's traumatic ""Return by Death"" time-loop ability. Emotionally, the compilation illustrates the intense psychological whiplash of the character's journey, shifting rapidly from illusions of omnipotent control to profound, inescapable despair and exhaustion. Clinically, the meme contains a direct textual reference to Self-Harm, as the second panel's explicit declaration of wanting to die darkly satirizes the protagonist's grim necessity to end his own life in order to reset the timeline.","[1.0, 0.0, 1.0, 0.0, 0.0, 0.0, 0.0]","[0.0, 0.0, 0.0, 0.0, 0.0, 0.0, 0.0]"
image_plus_explanation,/Users/soureeshdalal/Desktop/categorization/translated_categorized_memes/UNIVERSAL_HUMAN/test/TE-558.jpg,UNIVERSAL_HUMAN,"Utilizing the classic ""Joey Tribbiani Delayed Reaction"" template from the sitcom *Friends*, this meme features identical Hindi text in both panels translating to, ""Me, a severe Borderline, enjoying loneliness,"" juxtaposed against Joey's initial pleasant smile that abruptly shifts to a stare of wide-eyed horror. The core irony captures the rapid internal emotional dysregulation often associated with Borderline Personality Disorder (BPD), where a fragile illusion of peacefully coping with isolation suddenly shatters into a panicked, distressing realization of profound abandonment. Clinically, this sudden visual shift from superficial contentment to undeniable dread illustrates **Feeling Down**, as the humorous facade drops to reveal the stark underlying reality of intense emotional pain and the individual's inability to genuinely tolerate their self-imposed isolation.","[1,1,0,0,0,0,0]",
image_plus_explanation,/Users/soureeshdalal/Desktop/categorization/translated_categorized_memes/UNIVERSAL_HUMAN/test/TE-659.jpg,UNIVERSAL_HUMAN,"This Hindi-English hybrid meme features a thick-bordered thought bubble filled with a chaotic jumble of random objects—including books, a CD, and pop culture figures—sandwiched between the top text ""हर बात की"" (about everything) and the bottom text ""ओवरथिंकिंग"" (overthinking). Culturally, it relies on relatable, self-deprecating internet humor regarding cognitive overload, using cartoonish visual clutter to represent a mind endlessly spiraling over trivial details. Emotionally, the playful illustration masks an underlying state of anxiety and mental exhaustion, capturing the distressing feeling of a brain that refuses to quiet down. Clinically, this depiction of a mind overwhelmed by a cacophony of unrelated thoughts and stimuli provides clear visual evidence of a Concentration Problem, highlighting the subject's inability to maintain clear focus amidst severe mental clutter.","[0.0, 0.0, 0.0, 0.0, 0.0, 1.0, 0.0]","[0.0, 0.0, 0.0, 0.0, 0.0, 0.0, 0.0]"
image_plus_explanation,/Users/soureeshdalal/Desktop/categorization/translated_categorized_memes/LANGUAGE_DEPENDENT/test/TE-170.jpg,LANGUAGE_DEPENDENT,"This Hindi-language meme features a tilted, slightly blurry photograph of actor Matthew Perry performing an energetic backward-leaning dance move while sporting a notably blank or dazed facial expression. The top text, which translates to ""When the mood goes from happy to completely sad in 0.05 seconds,"" is paired with the bottom caption ""*डिप्रेस्ड पलटी*"" (*Depressed flip*), creating a humorous irony by juxtaposing a dynamic physical action with an expression of sudden, intense emotional volatility. Clinically, this explicit textual description of rapidly shifting from a happy state to being completely sad and ""depressed"" directly corresponds to the **Feeling Down** symptom, utilizing an absurd visual metaphor to articulate the sudden onset of dysphoria commonly joked about in internet culture.","[1.0, 0.0, 0.0, 0.0, 1.0, 0.0, 0.0]","[0.0, 0.0, 0.0, 0.0, 0.0, 0.0, 0.0]"
image_plus_explanation,/Users/soureeshdalal/Desktop/categorization/translated_categorized_memes/MEME_FORMAT_DEPENDENT/test/TE-484.jpg,MEME_FORMAT_DEPENDENT,"Visually mimicking the celebratory ""Spotify Wrapped"" statistical aesthetic, this meme features bold Hindi text on a light green background that translates to, ""This year you spent 5,25,500 minutes thinking about food. Get therapy."" The core humor relies on the ironic juxtaposition of a trendy, fun internet format being used to aggressively call out the viewer's obsessive behavior, especially noting that 525,500 minutes equates to nearly an entire calendar year of constant fixation. This sharp contrast conveys an underlying emotional state of neuroticism or distress masked by self-deprecating internet humor, turning a concerning mental fixation into a harsh but relatable punchline. Clinically, the explicit text describing an overwhelming, year-long preoccupation with thoughts of food aligns directly with the glossary's definition of an **Eating Disorder**, highlighting an unhealthy psychological relationship with food that warrants the meme's blunt, unvarnished advice to seek professional help.","[0.0, 0.0, 0.0, 1.0, 0.0, 0.0, 0.0]","[0.0, 0.0, 0.0, 0.0, 0.0, 0.0, 0.0]"
image_plus_explanation,/Users/soureeshdalal/Desktop/categorization/translated_categorized_memes/UNIVERSAL_HUMAN/test/TE-397.jpg,UNIVERSAL_HUMAN,"This image features a translated tweet from user Maria Wojciechowski (@RiaWojo) with Hindi text reading, ""मैं ज्यादा बाहर नहीं जाती क्योंकि मैं कंगाल हूँ, लेकिन भाई साहब, जब मैं अमीर हो जाऊँगी, तो मुझे कोई और बहाना ढूँढना पड़ेगा,"" which translates to ""I don't go out much because I am broke, but bro, when I get rich, I will have to find another excuse."" The core joke relies on relatable internet culture where individuals use temporary, practical constraints like financial struggles to mask a deeper, permanent preference for social isolation. Emotionally, the creator's smiling profile picture and lighthearted tone cleverly contrast with a genuine confession of social avoidance, using self-awareness and humor as a shield. Clinically, the explicit admission of deliberately avoiding social outings and the proactive intention to continue isolating even if circumstances improve directly aligns with a ""Lack of Interest,"" demonstrating persistent apathy toward external engagement.","[0.0, 1.0, 0.0, 0.0, 0.0, 0.0, 0.0]","[0.0, 0.0, 0.0, 0.0, 0.0, 0.0, 0.0]"
image_plus_explanation,/Users/soureeshdalal/Desktop/categorization/translated_categorized_memes/UNIVERSAL_HUMAN/test/TE-280.jpg,UNIVERSAL_HUMAN,"The image features a stark photograph of a single, fragile withered flower stalk lying against a brightly lit white background, overlaid with the Hindi text ""मैं ग़म में दुनिया नहीं छोड़ना चाहता,"" which translates to ""I don't want to leave the world in sorrow."" Characteristic of South Asian internet ""sadposting,"" the visual fragility of the dying plant perfectly mirrors the profound, melancholic emotional state of the author, creating a poignant aesthetic contrast between literal physical decay and a lingering, desperate desire to experience happiness before death. Clinically, this meme aligns with the symptom of **Feeling Down** due to its explicit admission of enduring ""gham"" (deep sorrow or emotional pain), while the philosophical contemplation of ""leaving the world"" serves as a euphemistic reference to dying that fulfills the criteria for **Self-Harm**, highlighting a psychological struggle with mortality and despair.","[1.0, 0.0, 1.0, 0.0, 0.0, 0.0, 0.0]","[1.0, 0.0, 1.0, 0.0, 0.0, 0.0, 0.0]"
image_plus_explanation,/Users/soureeshdalal/Desktop/categorization/translated_categorized_memes/UNIVERSAL_HUMAN/test/TE-582.jpg,UNIVERSAL_HUMAN,"This meme is a screenshot of a Twitter post from user @molly7anne, whose profile picture shows a woman in a playful pink unicorn onesie, juxtaposed against a Hindi tweet that translates to: ""I am 25 years old and completely burnt out. What am I supposed to do for the next 50 years? Pay EMIs? Cry about traffic? Keep buying spinach and watching it rot? Get the car serviced? This is the limit, man."" The cultural nuance and core joke rely on highly relatable millennial ""adulting"" struggles—such as rotting grocery produce and endless financial obligations—which serve to articulate a profound, underlying emotional state of existential exhaustion and dread regarding the future. From a clinical perspective, the user's explicit statement of being ""burnt out"" and expressing despair over enduring 50 more years of monotony strongly aligns with **Feeling Down**, while the profound apathy and cynicism directed toward sustaining basic daily routines clearly demonstrate a **Lack of Interest**.","[0.0, 1.0, 0.0, 0.0, 0.0, 0.0, 0.0]","[1.0, 1.0, 0.0, 0.0, 0.0, 0.0, 0.0]"
image_plus_explanation,/Users/soureeshdalal/Desktop/categorization/translated_categorized_memes/UNIVERSAL_HUMAN/test/TE-228.jpg,UNIVERSAL_HUMAN,"This meme utilizes the ""Guy hitting head against whiteboard"" template, depicting a young man resting his forehead against a board in a posture of defeat and frustration, overlaid with the Hindi text, ""मैं वो चीज़ें करता हूँ जो मुझे लगता है लोग मुझसे चाहते हैं ताकि वो मुझे छोड़ के ना जाएँ"" (""I do things that I think people want from me so that they don't leave me""). The cultural humor relies on the dark irony of presenting a devastatingly vulnerable realization about chronic people-pleasing as a mundane classroom whiteboard lesson. Emotionally, the juxtaposition of a standard educational setting with such a heavy personal admission conveys a profound sense of anxiety, highlighting the exhausting psychological toll of masking one's true self out of a fear of abandonment. Clinically, this explicit textual admission of constantly altering one's behavior solely to secure relationships provides clear evidence of **Low Self-Esteem**, illustrating a deeply rooted belief that one's authentic self is inherently lacking in worth.","[1.0, 0.0, 0.0, 0.0, 1.0, 0.0, 0.0]","[0.0, 0.0, 0.0, 0.0, 1.0, 0.0, 0.0]"
image_plus_explanation,/Users/soureeshdalal/Desktop/categorization/translated_categorized_memes/UNIVERSAL_HUMAN/test/TE-339.jpg,UNIVERSAL_HUMAN,"This four-panel webcomic features a minimalist character repeating the Hindi phrase ""मुझे घर जाना है"" (I want to go home) while enduring mundane tasks like grocery shopping, driving, and working, before culminating in a final panel where they lie wide awake in bed thinking, ""मुझे बस खुश रहना है"" (I just want to be happy). The core irony reveals a profound emotional disconnect, as the character's obsessive desire to return to their physical home was merely masking a desperate yearning for mental peace and a persistent state of psychological distress. Clinically, this pervasive sense of dissatisfaction and the concluding explicit admission of wanting to be happy directly align with the symptom of **Feeling Down**, while the visual depiction of the character lying awake and ruminating in bed rather than resting provides evidence of a **Sleeping Disorder** exacerbated by their emotional pain.","[1.0, 0.0, 0.0, 0.0, 0.0, 0.0, 0.0]","[1.0, 0.0, 0.0, 0.0, 0.0, 0.0, 1.0]"
image_plus_explanation,/Users/soureeshdalal/Desktop/categorization/translated_categorized_memes/UNIVERSAL_HUMAN/test/TE-59.jpg,UNIVERSAL_HUMAN,"The image displays a close-up photograph of printed Hindi text that translates to a brief dialogue: ""'You look very tired.' / 'I am.' / 'From what?' / I shrugged my shoulders. 'From everything.'"" Shared frequently in internet culture as a relatable aesthetic or 'mood' excerpt, the snippet uses a simple, deadpan conversational exchange to articulate a profound, existential burnout rather than temporary physical fatigue. Emotionally, the text conveys a pervasive, heavy weariness and a sense of being completely overwhelmed by daily existence, using the casual gesture of a shrug to mask deep psychological distress. Clinically, the explicit focus on severe tiredness aligns directly with the exhaustion component of a **Sleeping Disorder**, while the admission that this fatigue stems from life in general illustrates a deep-seated hopelessness and emotional pain indicative of **Feeling Down**.","[1.0, 0.0, 0.0, 0.0, 0.0, 0.0, 0.0]","[1.0, 0.0, 0.0, 0.0, 0.0, 0.0, 1.0]"
image_plus_explanation,/Users/soureeshdalal/Desktop/categorization/translated_categorized_memes/CELEBRITY_DEPENDENT/test/TE-238.jpg,CELEBRITY_DEPENDENT,"This meme features a dark, moody still of the intimidating character Kaleen Bhaiya from the Indian crime series *Mirzapur*, accompanied by the transcribed Hindi text ""काफी फैल गए हो भाई?"" (You've spread/expanded quite a bit, brother?), which humorously repurposes a mafia threat into a relatable, albeit harsh, observation about a person gaining significant weight. The emotional context is characterized by self-deprecation or harsh judgment, using the character's famously stern and uncompromising glare to amplify the psychological discomfort, guilt, and shame associated with realizing one's body has physically ""expanded."" Clinically, by focusing on unwanted weight gain and utilizing a threatening tone to mock body image, the meme provides visual and textual evidence that aligns with symptoms of an Eating Disorder—specifically relating to body dysmorphia or the physical aftermath of bingeing—as well as Low Self-Esteem stemming from intense self-criticism regarding one's physical appearance.","[0.0, 0.0, 0.0, 1.0, 0.0, 0.0, 0.0]","[0.0, 0.0, 0.0, 1.0, 1.0, 0.0, 0.0]"
image_plus_explanation,/Users/soureeshdalal/Desktop/categorization/translated_categorized_memes/UNIVERSAL_HUMAN/test/TE-651.jpg,UNIVERSAL_HUMAN,"This digital illustration features a distressed individual sitting wide awake in bed in a darkened, blue-toned room, accompanied by a bright yellow banner with the Hindi text ""ज़्यादा सोचना कैसे बंद करें,"" which translates to ""How to stop overthinking."" Functioning as a highly relatable graphic typical of internet mental health or self-help content, the image conveys the frustrating and isolating emotional exhaustion of being trapped by one's own racing thoughts, represented by chaotic pink squiggles above the subject's head. Clinically, the image provides clear visual evidence of a Sleeping Disorder, directly illustrated by the bedside clock reading ""03:48,"" the subject's prominent under-eye bags, and their apparent insomnia driven by uncontrollable nocturnal rumination.","[0.0, 0.0, 0.0, 0.0, 0.0, 1.0, 1.0]","[0.0, 0.0, 0.0, 0.0, 0.0, 0.0, 1.0]"
image_plus_explanation,/Users/soureeshdalal/Desktop/categorization/translated_categorized_memes/UNIVERSAL_HUMAN/test/TE-330.jpg,UNIVERSAL_HUMAN,"The meme utilizes a familiar stock photo template of a broadly smiling man in a plaid shirt pointing directly at the viewer, accompanied by the Hindi text, ""बताओ कौन suicide करने की जगह memes देख रहा है,"" which translates to ""Tell me who is looking at memes instead of committing suicide."" The humor relies on dark irony and breaking the fourth wall, creating a jarring emotional juxtaposition between the subject's cheerful, friendly demeanor and the grim reality of using internet content to momentarily distract from severe psychological distress. Clinically, by explicitly calling out the viewer's presumed suicidal ideation and framing meme consumption as an alternative to dying, the image directly aligns with the **Self-Harm** symptom criteria.","[1.0, 0.0, 1.0, 0.0, 0.0, 0.0, 0.0]","[0.0, 0.0, 1.0, 0.0, 0.0, 0.0, 0.0]"
image_plus_explanation,/Users/soureeshdalal/Desktop/categorization/translated_categorized_memes/UNIVERSAL_HUMAN/test/TE-421.jpg,UNIVERSAL_HUMAN,"This meme utilizes the ""Simpsonwave"" aesthetic—a subgenre of internet art that applies heavy VHS glitches, chromatic aberration, and dark, nostalgic filters to popular cartoons—to depict a desaturated Bart Simpson sitting with a blank, exhausted expression beneath the prominent text ""NO SLEEP."" Culturally, rather than delivering a traditional comedic punchline, the image functions as a mood-based ""sadpost,"" leveraging the jarring juxtaposition of childhood innocence corrupted by a distorted, late-night aesthetic to convey an underlying emotional state of profound exhaustion and melancholic apathy. Clinically, the explicit textual declaration of ""NO SLEEP"" combined with the character's visibly drained, apathetic demeanor provides direct evidence of a **Sleeping Disorder**, visually representing the lived experience of insomnia, mental exhaustion, or ruined circadian rhythms often linked to late-night rumination.","[0.0, 0.0, 0.0, 0.0, 0.0, 0.0, 1.0]","[1.0, 1.0, 0.0, 0.0, 0.0, 0.0, 1.0]"
image_plus_explanation,/Users/soureeshdalal/Desktop/categorization/translated_categorized_memes/UNIVERSAL_HUMAN/test/TE-278.jpg,UNIVERSAL_HUMAN,"This meme features an illustration of a Peanuts comic character, drawn in Charles Schulz's recognizable style, throwing her head back with a wide-open mouth in a dramatic, tearful scream beneath the Hindi text, ""मैं पागल हो रही हूँ और किसी को परवाह नहीं है!!"" (I am going crazy and nobody cares!!). Culturally, the meme utilizes the juxtaposition of nostalgic, innocent comic strip artistry with a stark, raw declaration of mental distress, a common internet culture trope that uses hyperbole and childhood icons to make severe psychological struggles feel more relatable or darkly humorous. Emotionally, this contrast highlights a deep sense of isolation and overwhelming anguish, projecting internal turmoil through the external, exaggerated aesthetic of a childhood temper tantrum to express the frustration of suffering invisibly. Clinically, the meme strongly aligns with the symptom of Feeling Down, as evidenced by the explicit visual depiction of crying and intense emotional pain, paired directly with the textual expression of hopelessness and the feeling of being completely ignored by others.","[1.0, 0.0, 0.0, 0.0, 0.0, 1.0, 0.0]","[1.0, 0.0, 0.0, 0.0, 0.0, 0.0, 0.0]"
image_plus_explanation,/Users/soureeshdalal/Desktop/categorization/translated_categorized_memes/UNIVERSAL_HUMAN/test/TE-69.jpg,UNIVERSAL_HUMAN,"This meme utilizes a dark humor template featuring Hindi text that translates to ""Scientists have found a way to convert depression into nuclear energy,"" followed by ""Me:"" positioned above an image of a catastrophic nuclear explosion. The core joke relies on self-deprecating hyperbole, suggesting that the creator's level of depression is so extraordinarily high that converting it to energy would cause a devastating, uncontrollable blast. Emotionally, the juxtaposition of a supposed scientific utility with an image of mass destruction conveys profound psychological distress, using an apocalyptic visual to externalize the overwhelming, volatile nature of the creator's internal suffering. Clinically, by explicitly naming their condition and equating its magnitude to a nuclear meltdown, the meme provides direct evidence of the **Feeling Down** symptom, metaphorically illustrating immense emotional pain and hopelessness.","[1.0, 0.0, 0.0, 0.0, 0.0, 0.0, 0.0]","[1.0, 0.0, 0.0, 0.0, 0.0, 0.0, 0.0]"
image_plus_explanation,/Users/soureeshdalal/Desktop/categorization/translated_categorized_memes/UNIVERSAL_HUMAN/test/TE-220.jpg,UNIVERSAL_HUMAN,"This meme utilizes a classic internet ""mood scale"" alignment chart featuring a 3x3 grid of increasingly distorted or strangely positioned black cats, headed by the Hindi transcription ""तो, इस बिल्ली-स्केल पर आज आपका मूड कैसा है?"" (So, on this cat-scale, how is your mood today?). Culturally, it leverages the popular trope of ""black cat energy""—representing chaotic, unpredictable, or deeply relatable bizarre states—allowing users to humorously articulate complex, non-verbal feelings through absurd animal proxies. Emotionally, the grid provides a spectrum of dysregulation, contrasting frantic, blurry panic (panels 3 and 8) with profound deflation or psychological detachment, using surreal humor to playfully mask underlying daily stress or mental burnout. Clinically, the visual of the utterly limp, collapsed cat in panel 6, alongside the blank, uncomprehending stares in panels 4 and 7, serves as an exaggerated visual metaphor for a **Concentration Problem**, specifically reflecting the dissociation, brain fog, and task paralysis that occur when an individual is mentally overwhelmed.","[0.0, 0.0, 0.0, 0.0, 0.0, 0.0, 1.0]","[0.0, 0.0, 0.0, 0.0, 0.0, 1.0, 0.0]"
image_plus_explanation,/Users/soureeshdalal/Desktop/categorization/translated_categorized_memes/UNIVERSAL_HUMAN/test/TE-329.jpg,UNIVERSAL_HUMAN,"This meme features a still of a wide-eyed, seemingly panicked cartoon boy looking downward, accompanied by the Hindi text ""जब तुम्हारे 'safe clothes' भी टाइट होने लगें"" (""When even your 'safe clothes' start getting tight"") and the slang caption ""लग गए"" (translating roughly to ""I'm screwed""). The humor relies on the cultural juxtaposition of an innocent children's animation with the highly relatable adult dread of outgrowing one's baggy, comforting garments typically used to mask weight gain. Emotionally, the image channels comedic self-deprecation to express genuine panic and anxiety regarding physical appearance and unexpected bodily changes. Clinically, the explicit distress over outgrowing these oversized garments due to weight fluctuations provides textual evidence aligning with an Eating Disorder, specifically highlighting underlying anxieties surrounding body dysmorphia and weight management.","[0,0,0,1,1,0,0]",
image_plus_explanation,/Users/soureeshdalal/Desktop/categorization/translated_categorized_memes/UNIVERSAL_HUMAN/test/TE-221.jpg,UNIVERSAL_HUMAN,"This meme features a low-resolution screenshot from the video game Animal Crossing showing imperfectly built snowmen alongside Hindi text that translates to, ""Snowman: I am feeling cold, my face isn't good either, and I can't even move from here..."" The core humor subverts the nostalgic, cheerful visual of the game by anthropomorphizing the physically smiling, poorly constructed snowman to express highly relatable human existential dread and physical discomfort. This juxtaposition of a cute, pixelated aesthetic with deeply pessimistic dialogue conveys an underlying emotional state of severe resignation, clinically aligning with Low Self-Esteem due to the direct, self-critical remark about its own unattractive appearance, and Feeling Down through its hopeless admission of being completely trapped and miserable.","[0.0, 0.0, 0.0, 0.0, 1.0, 0.0, 0.0]","[1.0, 0.0, 0.0, 0.0, 1.0, 0.0, 0.0]"
image_plus_explanation,/Users/soureeshdalal/Desktop/categorization/translated_categorized_memes/UNIVERSAL_HUMAN/test/TE-522.jpg,UNIVERSAL_HUMAN,"Featuring the classic ""Futurama Fry / Not Sure If"" meme template, the image displays the character Fry squinting suspiciously alongside Hindi text that translates to ""Don't know if I'm getting sleepy / or just getting bored,"" accompanied by a bottom caption reading ""This is often my condition during that lazy time of the day..."". The core humor utilizes this recognizable internet format to convey a relatable, low-energy emotional state, capturing the mundane ambiguity of an afternoon slump where an individual struggles to differentiate between genuine physical fatigue and mental apathy. From a clinical perspective, this normalized, everyday joke provides textual evidence that aligns with a **Sleeping Disorder** through its explicit mention of daytime exhaustion and unseasonable sleepiness, while the direct admission of boredom subtly points to a **Lack of Interest** characterized by mild apathy toward one's current environment or tasks.","[0.0, 1.0, 0.0, 0.0, 0.0, 0.0, 0.0]","[0.0, 1.0, 0.0, 0.0, 0.0, 0.0, 1.0]"
image_plus_explanation,/Users/soureeshdalal/Desktop/categorization/translated_categorized_memes/UNIVERSAL_HUMAN/test/TE-416.jpg,UNIVERSAL_HUMAN,"This meme utilizes a gruesome visual from the animated series *Rick and Morty*, showing the character Rick physically dragging a heavily mutilated, bloody, and lifeless version of himself, accompanied by the Hindi text, ""जब तुम अंदर से खत्म हो चुके हो पर फिर भी खुद को दिन भर ढोना पड़ता है"" (""When you are dead inside but still have to carry yourself around all day""). Emotionally, the image uses dark, exaggerated sci-fi body horror to humorously yet bleakly illustrate the profound psychological burden and numbness of high-functioning depression, where one feels like a walking corpse merely going through the motions to fulfill daily obligations. Clinically, the explicit textual declaration of feeling internally destroyed or ""dead inside"" strongly aligns with the hopelessness and emotional pain characteristic of **Feeling Down**. Furthermore, the visual and textual metaphor of agonizingly dragging one's own dead weight through life captures the severe, debilitating exhaustion often associated with a **Sleeping Disorder**.","[1.0, 1.0, 0.0, 0.0, 0.0, 0.0, 0.0]","[1.0, 0.0, 0.0, 0.0, 0.0, 0.0, 1.0]"
image_plus_explanation,/Users/soureeshdalal/Desktop/categorization/translated_categorized_memes/UNIVERSAL_HUMAN/test/TE-480.jpg,UNIVERSAL_HUMAN,"The image consists entirely of plain black Hindi text on a white background, beginning with the statement ""सोने से पहले मैं बहुत सोचता हूँ"" (Before sleeping I think a lot) and detailing a list of nocturnal ruminations such as practicing unsaid conversations, endless ""ifs and buts,"" and fixating on both missed and disliked individuals. Culturally, this text-based format functions as a highly relatable post targeting the universal internet experience of nighttime overthinking and the inability to switch off one's brain. The underlying emotional context is one of profound restlessness, longing, and mental exhaustion caused by an uncontrollable cycle of intrusive thoughts and scenario-building. Clinically, this explicit depiction of an overactive mind preventing rest through racing thoughts and relentless rumination directly aligns with the criteria for a Sleeping Disorder, specifically pointing to insomnia fueled by cognitive hyperarousal.","[0,0,0,0,0,0,0]",
image_plus_explanation,/Users/soureeshdalal/Desktop/categorization/translated_categorized_memes/CELEBRITY_DEPENDENT/test/TE-149.jpg,CELEBRITY_DEPENDENT,"This meme features a widely recognizable template of Bollywood actor Shah Rukh Khan crying intensely in traditional wedding attire, overlaid with Hinglish text that translates to, ""When you have stopped your binge streak, but now are back to restricting and the eating disorder (ED) is still there."" Culturally, the image leverages melodramatic cinematic sorrow to convey a deeply personal and tragic irony, reflecting the underlying emotional distress and profound frustration of feeling trapped in a behavioral loop despite trying to recover. Clinically, the meme's explicit textual admissions of a ""binge streak"" and ""restricting,"" combined with the visual depiction of tearful emotional pain, provide direct evidence for the symptoms of an **Eating Disorder** and **Feeling Down** as defined in the reference glossary.","[0.0, 0.0, 0.0, 1.0, 0.0, 0.0, 0.0]","[1.0, 0.0, 0.0, 1.0, 0.0, 0.0, 0.0]"
image_plus_explanation,/Users/soureeshdalal/Desktop/categorization/translated_categorized_memes/POP_CULTURE_DEPENDENT/test/TE-275.jpg,POP_CULTURE_DEPENDENT,"This meme features Bollywood actors Amitabh Bachchan and Dharmendra superimposed against a psychedelic background, accompanied by the Hindi text ""Depression: 'यह दोस्ती हम नहीं तोड़ेंगे'"" (We will not break this friendship) and ""Anxiety: 'तोड़ेंगे दम मगर तेरा साथ न छोड़ेंगे'"" (We will die but won't leave your side). The cultural humor relies on repurposing lyrics from *Sholay's* iconic Indian cinematic anthem of loyalty, ""Yeh Dosti,"" to ironically personify depression and anxiety as fiercely loyal, inseparable companions rather than positive human friends. Emotionally, this juxtaposition uses beloved pop-culture nostalgia to express a profound sense of hopelessness, characterizing the user's mental health struggles as an inescapable, lifelong burden. Clinically, the explicit labeling of ""Depression"" and the lyrics' promise of endless psychological distress directly align with the *Feeling Down* symptom by conveying severe, unyielding emotional pain and hopelessness.","[1.0, 0.0, 0.0, 0.0, 1.0, 0.0, 0.0]","[1.0, 0.0, 0.0, 0.0, 0.0, 0.0, 0.0]"
image_plus_explanation,/Users/soureeshdalal/Desktop/categorization/translated_categorized_memes/UNIVERSAL_HUMAN/test/TE-657.jpg,UNIVERSAL_HUMAN,"This meme is a screenshot of a localized Hindi/Hinglish Twitter post reading, ""पिछले साल मैं बहुत दुखी और depressed था, लेकिन इस साल मैंने सोचा कि सब कुछ कुछ बदल दूँगा, तो अब मैं depressedऔर दुखी हूँ"" (Last year I was very sad and depressed, but this year I thought I would change everything, so now I am depressed and sad). The core cultural irony relies on subverting the familiar trope of personal growth or New Year's resolutions; instead of actual psychological improvement, the punchline reveals a cynical bait-and-switch where the only thing that changed was the word order of the author's distress. Emotionally, the text conveys a sense of resignation and stagnant despair, using relatable, self-deprecating humor as a coping mechanism to acknowledge a chronic lack of progress. Clinically, the explicit, repeated self-identification as ""sad"" and ""depressed"" across a chronological timeline directly demonstrates the Feeling Down symptom from the reference glossary.","[1.0, 1.0, 0.0, 0.0, 0.0, 0.0, 0.0]","[1.0, 0.0, 0.0, 0.0, 0.0, 0.0, 0.0]"
image_plus_explanation,/Users/soureeshdalal/Desktop/categorization/translated_categorized_memes/INTERNET_CULTURE_DEPENDENT/test/TE-256.jpg,INTERNET_CULTURE_DEPENDENT,"This three-panel meme features historical Indian warrior imagery, opening with the Hindi text ""भाई लोग, याद रखो किसके लिए मेहनत कर रहे हो"" (Brothers, remember what you are working hard for) positioned above a collage displaying an employment appointment letter, gold jewelry, a traditional bride, and a new house. The bottom panel depicts a cavalry charge with the text ""चलो!"" (Let's go!), humorously equating the epic scale of historical warfare with the intense modern struggle to achieve traditional South Asian socio-economic and marital milestones. Emotionally, the meme utilizes exaggerated, hyper-masculine heroism as a motivational coping mechanism to mask the profound psychological pressure associated with meeting these rigorous societal expectations, serving as an internet-era rallying cry for the daily grind.","[0.0, 0.0, 1.0, 0.0, 0.0, 0.0, 0.0]","[0.0, 0.0, 0.0, 0.0, 0.0, 0.0, 0.0]"
image_plus_explanation,/Users/soureeshdalal/Desktop/categorization/translated_categorized_memes/UNIVERSAL_HUMAN/test/TE-563.jpg,UNIVERSAL_HUMAN,"This Hinglish meme presents text translating to, ""When you discover a new emotional problem, which you don't have the time, energy, or motivation to solve,"" layered over a clickbait-style title card reading, ""10 Depressing Memes when you don't have the mood to do anything."" The core irony highlights a relatable internet culture phenomenon where an individual, paralyzed by sudden emotional distress, chooses the maladaptive coping mechanism of doomscrolling through negative content rather than actively addressing their psychological burden. Clinically, the meme's explicit admission of having zero energy, motivation, or ""mood to do anything"" strongly aligns with **Lack of Interest**, depicting severe apathy, while the conscious urge to seek out ""depressing"" content to validate this paralysis reinforces an underlying state of **Feeling Down**.","[1.0, 1.0, 0.0, 0.0, 0.0, 0.0, 0.0]","[1.0, 1.0, 0.0, 0.0, 0.0, 0.0, 0.0]"
image_plus_explanation,/Users/soureeshdalal/Desktop/categorization/translated_categorized_memes/UNIVERSAL_HUMAN/test/TE-273.jpg,UNIVERSAL_HUMAN,"Featuring a text-based format against a textured, dark-to-vibrant blue gradient background, this image presents a Hindi quote that translates to: ""We all have suffered something... Some people just handle themselves and move forward. For some of us, it feels like we have been beaten with kicks and punches and then crushed by a road roller."" Culturally, it subverts the structure of a typical motivational post by employing darkly hyperbolic, violent imagery to express how debilitating life's hardships can actually feel, contrasting perceived ""normal"" resilience with a sense of utter devastation. Emotionally, the stark juxtaposition between the calming, generic quote-style background and the visceral, violent text conveys a profound sense of exhaustion and psychological distress masked by relatable internet cynicism. Clinically, the vivid metaphorical articulation of severe, overwhelming emotional pain and the inherent hopelessness of feeling unable to simply ""move on"" like others directly aligns with the symptom of Feeling Down.","[0,0,0,0,0,0,0]",
image_plus_explanation,/Users/soureeshdalal/Desktop/categorization/translated_categorized_memes/UNIVERSAL_HUMAN/test/TE-449.jpg,UNIVERSAL_HUMAN,"This meme utilizes the classic ""Monkey Puppet"" reaction image, depicting a puppet awkwardly averting its gaze, paired with a transcribed Hindi conversation where a friend asks, ""Are you okay?"" and the author replies ""Yes,"" only for the friend to counter, ""But your memes nowadays are only about suicide and depression."" Culturally and emotionally, the core joke relies on the relatable irony of using dark internet humor as a coping mechanism while maintaining a facade of wellness in direct social interactions, capturing the specific discomfort and avoidance that occurs when someone's cry for help is noticed. Clinically, the explicit textual admission that the user's digital footprint consists entirely of jokes concerning ""suicide"" constitutes a darkly comedic reference indicative of **Self-Harm**, while the overarching thematic focus on masking ""depression"" aligns with hidden expressions of **Feeling Down**.","[1.0, 0.0, 0.0, 0.0, 1.0, 0.0, 0.0]","[1.0, 0.0, 1.0, 0.0, 0.0, 0.0, 0.0]"
