image_id,category,gold_labels,predicted_labels,raw_response
TE-104.jpg,BRAND_DEPENDENT,"[1,0,0,0,0,0,0]","[0,0,1,1,1,1,1]","Feeling Down: YES/NO
Lack of Interest: YES/NO
Self-Harm: NO/YES
Eating Disorder: NO/YES
Low Self-Esteem: NO/YES
Concentration Problem: NO/YES
Sleeping Disorder: NO/YES"
TE-177.jpg,BRAND_DEPENDENT,"[1,0,0,0,1,0,0]","[0,0,0,0,0,0,0]","Feeling Down: NO
Lack of Interest: NO
Self-Harm: NO
Eating Disorder: NO
Low Self-Esteem: NO
Concentration Problem: NO
Sleeping Disorder: NO"
TE-184.jpg,BRAND_DEPENDENT,"[1,0,1,0,0,0,0]","[0,0,0,0,0,0,0]","Feeling Down: NO
Lack of Interest: NO
Self-Harm: NO
Eating Disorder: NO
Low Self-Esteem: NO
Concentration Problem: NO
Sleeping Disorder: NO"
TE-195.jpg,BRAND_DEPENDENT,"[0,0,0,1,1,0,0]","[0,0,0,0,0,0,0]","Feeling Down: NO
Lack of Interest: NO
Self-Harm: NO
Eating Disorder: NO
Low Self-Esteem: NO
Concentration Problem: NO
Sleeping Disorder: NO"
TE-285.jpg,BRAND_DEPENDENT,"[1,0,1,0,0,0,0]","[0,0,0,0,0,0,0]","Feeling Down: NO
Lack of Interest: NO
Self-Harm: NO
Eating Disorder: NO
Low Self-Esteem: NO
Concentration Problem: NO
Sleeping Disorder: NO"
TE-303.jpg,BRAND_DEPENDENT,"[1,0,0,0,0,0,0]","[0,0,0,0,0,0,0]","Feeling Down: NO
Lack of Interest: NO
Self-Harm: NO
Eating Disorder: NO
Low Self-Esteem: NO
Concentration Problem: NO
Sleeping Disorder: NO"
TE-343.jpg,BRAND_DEPENDENT,"[0,0,0,1,0,0,0]","[0,0,0,0,0,0,0]","Feeling Down: NO
Lack of Interest: NO
Self-Harm: NO
Eating Disorder: NO
Low Self-Esteem: NO
Concentration Problem: NO
Sleeping Disorder: NO"
TE-378.jpg,BRAND_DEPENDENT,"[0,0,0,1,0,0,0]","[0,0,0,0,0,0,0]","Feeling Down: NO
Lack of Interest: NO
Self-Harm: NO
Eating Disorder: NO
Low Self-Esteem: NO
Concentration Problem: NO
Sleeping Disorder: NO"
TE-425.jpg,BRAND_DEPENDENT,"[1,0,0,0,1,0,0]","[0,0,0,0,1,0,0]","Feeling Down: NO
Lack of Interest: NO
Self-Harm: NO
Eating Disorder: NO
Low Self-Esteem: YES
Concentration Problem: NO
Sleeping Disorder: NO"
TE-549.jpg,BRAND_DEPENDENT,"[0,0,0,0,0,1,0]","[0,0,0,0,0,0,0]","Feeling Down: NO
Lack of Interest: NO
Self-Harm: NO
Eating Disorder: NO
Low Self-Esteem: NO
Concentration Problem: NO
Sleeping Disorder: NO"
TE-583.jpg,BRAND_DEPENDENT,"[0,0,0,1,0,0,0]","[0,0,0,0,0,0,0]","Feeling Down: NO
Lack of Interest: NO
Self-Harm: NO
Eating Disorder: NO
Low Self-Esteem: NO
Concentration Problem: NO
Sleeping Disorder: NO"
TE-586.jpg,BRAND_DEPENDENT,"[0,0,0,1,0,0,0]","[0,0,0,0,0,0,0]","Feeling Down: NO
Lack of Interest: NO
Self-Harm: NO
Eating Disorder: NO
Low Self-Esteem: NO
Concentration Problem: NO
Sleeping Disorder: NO"
TE-629.jpg,BRAND_DEPENDENT,"[0,0,0,0,0,0,0]","[0,0,0,0,0,0,0]","Feeling Down: NO
Lack of Interest: NO
Self-Harm: NO
Eating Disorder: NO
Low Self-Esteem: NO
Concentration Problem: NO
Sleeping Disorder: NO"
TE-8.jpg,BRAND_DEPENDENT,"[1,0,0,0,0,0,0]","[0,0,0,0,0,0,0]","Feeling Down: NO
Lack of Interest: NO
Self-Harm: NO
Eating Disorder: NO
Low Self-Esteem: NO
Concentration Problem: NO
Sleeping Disorder: NO"
TE-149.jpg,CELEBRITY_DEPENDENT,"[0,0,0,1,0,0,0]","[0,0,0,0,1,1,1]","Feeling Down: YES/NO
Lack of Interest: YES/NO
Self-Harm: NO
Eating Disorder: YES/NO
Low Self-Esteem: NO/YES
Concentration Problem: NO/YES
Sleeping Disorder: NO/YES"
TE-158.jpg,CELEBRITY_DEPENDENT,"[0,0,0,0,0,1,0]","[0,0,0,0,0,0,0]","Feeling Down: NO
Lack of Interest: NO
Self-Harm: NO
Eating Disorder: NO
Low Self-Esteem: NO
Concentration Problem: NO
Sleeping Disorder: NO"
TE-185.jpg,CELEBRITY_DEPENDENT,"[0,0,0,0,1,0,0]","[0,0,1,0,1,0,0]","Feeling Down: NO
Lack of Interest: NO
Self-Harm: YES
Eating Disorder: NO
Low Self-Esteem: YES
Concentration Problem: NO
Sleeping Disorder: NO"
TE-21.jpg,CELEBRITY_DEPENDENT,"[1,0,0,0,0,0,0]","[1,0,0,0,0,0,0]","Feeling Down: YES
Lack of Interest: NO
Self-Harm: NO
Eating Disorder: NO
Low Self-Esteem: NO
Concentration Problem: NO
Sleeping Disorder: NO"
TE-238.jpg,CELEBRITY_DEPENDENT,"[0,0,0,1,1,0,0]","[0,0,0,0,0,0,0]","Feeling Down: NO
Lack of Interest: NO
Self-Harm: NO
Eating Disorder: NO
Low Self-Esteem: NO
Concentration Problem: NO
Sleeping Disorder: NO"
TE-26.jpg,CELEBRITY_DEPENDENT,"[1,0,0,0,0,0,0]","[0,0,0,0,0,0,0]","Feeling Down: NO
Lack of Interest: NO
Self-Harm: NO
Eating Disorder: NO
Low Self-Esteem: NO
Concentration Problem: NO
Sleeping Disorder: NO"
TE-40.jpg,CELEBRITY_DEPENDENT,"[0,0,0,0,0,0,1]","[0,0,0,0,0,0,0]","Feeling Down: NO
Lack of Interest: NO
Self-Harm: NO
Eating Disorder: NO
Low Self-Esteem: NO
Concentration Problem: NO
Sleeping Disorder: NO"
TE-141.jpg,CULTURAL_REFERENCE_DEPENDENT,"[0,0,0,0,0,0,1]","[0,0,0,0,0,0,1]","Feeling Down: NO
Lack of Interest: NO
Self-Harm: NO
Eating Disorder: NO
Low Self-Esteem: NO
Concentration Problem: NO
Sleeping Disorder: YES"
TE-147.jpg,CULTURAL_REFERENCE_DEPENDENT,"[1,1,0,0,0,0,0]","[0,0,0,0,0,0,0]","Feeling Down: NO
Lack of Interest: NO
Self-Harm: NO
Eating Disorder: NO
Low Self-Esteem: NO
Concentration Problem: NO
Sleeping Disorder: NO"
TE-197.jpg,CULTURAL_REFERENCE_DEPENDENT,"[1,0,1,0,0,0,0]","[0,0,0,0,0,0,0]","Feeling Down: NO
Lack of Interest: NO
Self-Harm: NO
Eating Disorder: NO
Low Self-Esteem: NO
Concentration Problem: NO
Sleeping Disorder: NO"
TE-232.jpg,CULTURAL_REFERENCE_DEPENDENT,"[1,0,0,0,1,0,0]","[0,0,0,0,0,0,0]","Feeling Down: NO
Lack of Interest: NO
Self-Harm: NO
Eating Disorder: NO
Low Self-Esteem: NO
Concentration Problem: NO
Sleeping Disorder: NO"
TE-299.jpg,CULTURAL_REFERENCE_DEPENDENT,"[0,0,1,0,0,0,0]","[0,0,0,0,0,0,0]","Feeling Down: NO
Lack of Interest: NO
Self-Harm: NO
Eating Disorder: NO
Low Self-Esteem: NO
Concentration Problem: NO
Sleeping Disorder: NO"
TE-309.jpg,CULTURAL_REFERENCE_DEPENDENT,"[0,0,0,1,1,0,0]","[0,0,0,0,0,0,0]","Feeling Down: NO
Lack of Interest: NO
Self-Harm: NO
Eating Disorder: NO
Low Self-Esteem: NO
Concentration Problem: NO
Sleeping Disorder: NO"
TE-33.jpg,CULTURAL_REFERENCE_DEPENDENT,"[0,0,0,0,0,0,0]","[0,0,0,0,0,0,0]","Feeling Down: NO
Lack of Interest: NO
Self-Harm: NO
Eating Disorder: NO
Low Self-Esteem: NO
Concentration Problem: NO
Sleeping Disorder: NO"
TE-333.jpg,CULTURAL_REFERENCE_DEPENDENT,"[0,0,1,0,0,0,0]","[0,0,0,0,0,0,0]","Feeling Down: NO
Lack of Interest: NO
Self-Harm: NO
Eating Disorder: NO
Low Self-Esteem: NO
Concentration Problem: NO
Sleeping Disorder: NO"
TE-342.jpg,CULTURAL_REFERENCE_DEPENDENT,"[1,0,1,0,0,0,0]","[1,1,1,0,0,0,0]","Feeling Down: YES
Lack of Interest: YES
Self-Harm: YES
Eating Disorder: NO
Low Self-Esteem: NO
Concentration Problem: NO
Sleeping Disorder: NO"
TE-374.jpg,CULTURAL_REFERENCE_DEPENDENT,"[0,1,0,0,0,1,0]","[0,1,0,0,0,0,0]","Feeling Down: NO
Lack of Interest: YES
Self-Harm: NO
Eating Disorder: NO
Low Self-Esteem: NO
Concentration Problem: NO
Sleeping Disorder: NO"
TE-385.jpg,CULTURAL_REFERENCE_DEPENDENT,"[0,0,0,0,0,0,0]","[0,0,0,0,0,0,0]","Feeling Down: NO
Lack of Interest: NO
Self-Harm: NO
Eating Disorder: NO
Low Self-Esteem: NO
Concentration Problem: NO
Sleeping Disorder: NO"
TE-506.jpg,CULTURAL_REFERENCE_DEPENDENT,"[0,0,0,0,0,0,0]","[0,0,0,0,0,0,0]","Feeling Down: NO
Lack of Interest: NO
Self-Harm: NO
Eating Disorder: NO
Low Self-Esteem: NO
Concentration Problem: NO
Sleeping Disorder: NO"
TE-619.jpg,CULTURAL_REFERENCE_DEPENDENT,"[0,0,0,1,0,0,0]","[0,0,0,0,0,0,0]","Feeling Down: NO
Lack of Interest: NO
Self-Harm: NO
Eating Disorder: NO
Low Self-Esteem: NO
Concentration Problem: NO
Sleeping Disorder: NO"
TE-70.jpg,CULTURAL_REFERENCE_DEPENDENT,"[1,0,0,0,0,0,0]","[0,1,0,0,0,0,0]","Feeling Down: NO
Lack of Interest: YES
Self-Harm: NO
Eating Disorder: NO
Low Self-Esteem: NO
Concentration Problem: NO
Sleeping Disorder: NO"
TE-74.jpg,CULTURAL_REFERENCE_DEPENDENT,"[1,0,1,0,0,0,0]","[0,0,0,0,0,0,0]","Feeling Down: NO
Lack of Interest: NO
Self-Harm: NO
Eating Disorder: NO
Low Self-Esteem: NO
Concentration Problem: NO
Sleeping Disorder: NO"
TE-256.jpg,INTERNET_CULTURE_DEPENDENT,"[0,0,0,0,0,0,0]","[0,0,0,0,0,0,0]","Feeling Down: NO
Lack of Interest: NO
Self-Harm: NO
Eating Disorder: NO
Low Self-Esteem: NO
Concentration Problem: NO
Sleeping Disorder: NO"
TE-611.jpg,INTERNET_CULTURE_DEPENDENT,"[0,0,0,1,0,0,0]","[0,0,0,0,0,0,0]","Feeling Down: NO
Lack of Interest: NO
Self-Harm: NO
Eating Disorder: NO
Low Self-Esteem: NO
Concentration Problem: NO
Sleeping Disorder: NO"
TE-90.jpg,INTERNET_CULTURE_DEPENDENT,"[1,0,0,0,0,0,0]","[0,0,0,0,0,0,0]","Feeling Down: NO
Lack of Interest: NO
Self-Harm: NO
Eating Disorder: NO
Low Self-Esteem: NO
Concentration Problem: NO
Sleeping Disorder: NO"
TE-14.jpg,LANGUAGE_DEPENDENT,"[0,0,0,0,0,0,0]","[0,0,0,0,0,0,0]","Feeling Down: NO
Lack of Interest: NO
Self-Harm: NO
Eating Disorder: NO
Low Self-Esteem: NO
Concentration Problem: NO
Sleeping Disorder: NO"
TE-170.jpg,LANGUAGE_DEPENDENT,"[1,0,0,0,1,0,0]","[0,0,0,0,0,0,0]","Feeling Down: NO
Lack of Interest: NO
Self-Harm: NO
Eating Disorder: NO
Low Self-Esteem: NO
Concentration Problem: NO
Sleeping Disorder: NO"
TE-175.jpg,LANGUAGE_DEPENDENT,"[0,0,0,0,0,0,0]","[0,0,0,0,0,0,0]","Feeling Down: NO
Lack of Interest: NO
Self-Harm: NO
Eating Disorder: NO
Low Self-Esteem: NO
Concentration Problem: NO
Sleeping Disorder: NO"
TE-251.jpg,LANGUAGE_DEPENDENT,"[1,1,0,0,0,0,0]","[0,0,0,0,0,0,0]","Feeling Down: NO
Lack of Interest: NO
Self-Harm: NO
Eating Disorder: NO
Low Self-Esteem: NO
Concentration Problem: NO
Sleeping Disorder: NO"
TE-259.jpg,LANGUAGE_DEPENDENT,"[0,0,1,0,0,0,0]","[0,0,0,0,0,0,0]","Feeling Down: NO
Lack of Interest: NO
Self-Harm: NO
Eating Disorder: NO
Low Self-Esteem: NO
Concentration Problem: NO
Sleeping Disorder: NO"
TE-268.jpg,LANGUAGE_DEPENDENT,"[0,0,0,1,0,0,0]","[0,0,0,0,0,0,0]","Feeling Down: NO
Lack of Interest: NO
Self-Harm: NO
Eating Disorder: NO
Low Self-Esteem: NO
Concentration Problem: NO
Sleeping Disorder: NO"
TE-306.jpg,LANGUAGE_DEPENDENT,"[0,0,0,1,0,0,0]","[0,0,0,0,0,0,0]","Feeling Down: NO
Lack of Interest: NO
Self-Harm: NO
Eating Disorder: NO
Low Self-Esteem: NO
Concentration Problem: NO
Sleeping Disorder: NO"
TE-362.jpg,LANGUAGE_DEPENDENT,"[1,0,1,0,0,0,0]","[0,0,0,0,0,0,0]","Feeling Down: NO
Lack of Interest: NO
Self-Harm: NO
Eating Disorder: NO
Low Self-Esteem: NO
Concentration Problem: NO
Sleeping Disorder: NO"
TE-370.jpg,LANGUAGE_DEPENDENT,"[0,0,0,1,0,0,0]","[0,0,0,0,0,0,0]","Feeling Down: NO
Lack of Interest: NO
Self-Harm: NO
Eating Disorder: NO
Low Self-Esteem: NO
Concentration Problem: NO
Sleeping Disorder: NO"
TE-418.jpg,LANGUAGE_DEPENDENT,"[0,0,0,0,0,1,0]","[0,0,0,0,0,0,0]","Feeling Down: NO
Lack of Interest: NO
Self-Harm: NO
Eating Disorder: NO
Low Self-Esteem: NO
Concentration Problem: NO
Sleeping Disorder: NO"
TE-431.jpg,LANGUAGE_DEPENDENT,"[0,0,0,0,0,0,1]","[0,0,0,0,0,0,0]","Feeling Down: NO
Lack of Interest: NO
Self-Harm: NO
Eating Disorder: NO
Low Self-Esteem: NO
Concentration Problem: NO
Sleeping Disorder: NO"
TE-434.jpg,LANGUAGE_DEPENDENT,"[0,0,0,0,0,0,0]","[0,0,0,0,0,1,0]","Feeling Down: NO
Lack of Interest: NO
Self-Harm: NO
Eating Disorder: NO
Low Self-Esteem: NO
Concentration Problem: YES
Sleeping Disorder: NO"
TE-446.jpg,LANGUAGE_DEPENDENT,"[1,0,0,0,0,0,0]","[0,0,0,0,0,0,0]","Feeling Down: NO
Lack of Interest: NO
Self-Harm: NO
Eating Disorder: NO
Low Self-Esteem: NO
Concentration Problem: NO
Sleeping Disorder: NO"
TE-457.jpg,LANGUAGE_DEPENDENT,"[0,0,0,0,0,0,0]","[0,0,0,0,0,0,0]","Feeling Down: NO
Lack of Interest: NO
Self-Harm: NO
Eating Disorder: NO
Low Self-Esteem: NO
Concentration Problem: NO
Sleeping Disorder: NO"
TE-471.jpg,LANGUAGE_DEPENDENT,"[0,0,0,0,0,1,0]","[0,0,0,0,0,0,0]","Feeling Down: NO
Lack of Interest: NO
Self-Harm: NO
Eating Disorder: NO
Low Self-Esteem: NO
Concentration Problem: NO
Sleeping Disorder: NO"
TE-479.jpg,LANGUAGE_DEPENDENT,"[1,0,0,0,0,0,0]","[0,0,0,1,0,0,0]","Feeling Down: NO
Lack of Interest: NO
Self-Harm: NO
Eating Disorder: YES
Low Self-Esteem: NO
Concentration Problem: NO
Sleeping Disorder: NO"
TE-492.jpg,LANGUAGE_DEPENDENT,"[0,0,0,1,0,0,0]","[0,0,0,0,0,0,0]","Feeling Down: NO
Lack of Interest: NO
Self-Harm: NO
Eating Disorder: NO
Low Self-Esteem: NO
Concentration Problem: NO
Sleeping Disorder: NO"
TE-509.jpg,LANGUAGE_DEPENDENT,"[0,0,0,0,0,0,0]","[0,0,0,0,0,1,0]","Feeling Down: NO
Lack of Interest: NO
Self-Harm: NO
Eating Disorder: NO
Low Self-Esteem: NO
Concentration Problem: YES
Sleeping Disorder: NO"
TE-519.jpg,LANGUAGE_DEPENDENT,"[0,0,0,1,0,0,0]","[1,1,0,0,0,0,0]","Feeling Down: YES
Lack of Interest: YES
Self-Harm: NO
Eating Disorder: NO
Low Self-Esteem: NO
Concentration Problem: NO
Sleeping Disorder: NO"
TE-526.jpg,LANGUAGE_DEPENDENT,"[0,0,0,0,0,0,0]","[1,0,0,0,0,0,0]","Feeling Down: YES
Lack of Interest: NO
Self-Harm: NO
Eating Disorder: NO
Low Self-Esteem: NO
Concentration Problem: NO
Sleeping Disorder: NO"
TE-615.jpg,LANGUAGE_DEPENDENT,"[0,0,0,1,0,0,0]","[0,0,0,0,0,0,0]","Feeling Down: NO
Lack of Interest: NO
Self-Harm: NO
Eating Disorder: NO
Low Self-Esteem: NO
Concentration Problem: NO
Sleeping Disorder: NO"
TE-632.jpg,LANGUAGE_DEPENDENT,"[0,0,0,0,0,0,0]","[0,0,0,0,0,0,0]","Feeling Down: NO
Lack of Interest: NO
Self-Harm: NO
Eating Disorder: NO
Low Self-Esteem: NO
Concentration Problem: NO
Sleeping Disorder: NO"
TE-9.jpg,LANGUAGE_DEPENDENT,"[1,0,1,0,0,0,0]","[0,0,0,0,0,0,0]","Feeling Down: NO
Lack of Interest: NO
Self-Harm: NO
Eating Disorder: NO
Low Self-Esteem: NO
Concentration Problem: NO
Sleeping Disorder: NO"
TE-201.jpg,LIFESTYLE_CONTEXT_DEPENDENT,"[0,0,0,1,0,0,0]","[0,0,0,0,0,0,1]","Feeling Down: NO
Lack of Interest: NO
Self-Harm: NO
Eating Disorder: NO
Low Self-Esteem: NO
Concentration Problem: NO
Sleeping Disorder: YES"
TE-296.jpg,LIFESTYLE_CONTEXT_DEPENDENT,"[1,0,0,0,0,0,1]","[0,0,0,0,0,0,0]","Feeling Down: NO
Lack of Interest: NO
Self-Harm: NO
Eating Disorder: NO
Low Self-Esteem: NO
Concentration Problem: NO
Sleeping Disorder: NO"
TE-226.jpg,MEDIA_CONTEXT_DEPENDENT,"[1,0,0,0,0,0,0]","[0,0,0,0,0,0,0]","Feeling Down: NO
Lack of Interest: NO
Self-Harm: NO
Eating Disorder: NO
Low Self-Esteem: NO
Concentration Problem: NO
Sleeping Disorder: NO"
TE-323.jpg,MEDIA_CONTEXT_DEPENDENT,"[0,1,0,0,0,0,0]","[0,0,0,0,0,0,0]","Feeling Down: NO
Lack of Interest: NO
Self-Harm: NO
Eating Disorder: NO
Low Self-Esteem: NO
Concentration Problem: NO
Sleeping Disorder: NO"
TE-336.jpg,MEDIA_CONTEXT_DEPENDENT,"[1,0,1,0,0,0,0]","[0,0,0,0,0,0,0]","Feeling Down: NO
Lack of Interest: NO
Self-Harm: NO
Eating Disorder: NO
Low Self-Esteem: NO
Concentration Problem: NO
Sleeping Disorder: NO"
TE-354.jpg,MEDIA_CONTEXT_DEPENDENT,"[1,0,0,0,0,0,0]","[0,0,0,0,0,0,0]","Feeling Down: NO
Lack of Interest: NO
Self-Harm: NO
Eating Disorder: NO
Low Self-Esteem: NO
Concentration Problem: NO
Sleeping Disorder: NO"
TE-47.jpg,MEDIA_CONTEXT_DEPENDENT,"[1,0,0,0,1,0,0]","[0,0,0,0,0,0,0]","Feeling Down: NO
Lack of Interest: NO
Self-Harm: NO
Eating Disorder: NO
Low Self-Esteem: NO
Concentration Problem: NO
Sleeping Disorder: NO"
TE-497.jpg,MEDIA_CONTEXT_DEPENDENT,"[0,0,0,0,0,0,1]","[0,0,0,0,0,0,1]","Feeling Down: NO
Lack of Interest: NO
Self-Harm: NO
Eating Disorder: NO
Low Self-Esteem: NO
Concentration Problem: NO
Sleeping Disorder: YES"
TE-505.jpg,MEDIA_CONTEXT_DEPENDENT,"[0,0,0,1,0,0,0]","[0,0,0,1,0,0,0]","Feeling Down: NO
Lack of Interest: NO
Self-Harm: NO
Eating Disorder: YES
Low Self-Esteem: NO
Concentration Problem: NO
Sleeping Disorder: NO"
TE-525.jpg,MEDIA_CONTEXT_DEPENDENT,"[1,0,0,0,0,0,0]","[0,0,0,0,0,0,0]","Feeling Down: NO
Lack of Interest: NO
Self-Harm: NO
Eating Disorder: NO
Low Self-Esteem: NO
Concentration Problem: NO
Sleeping Disorder: NO"
TE-98.jpg,MEDIA_CONTEXT_DEPENDENT,"[1,0,0,0,0,0,0]","[0,0,0,0,0,0,0]","Feeling Down: NO
Lack of Interest: NO
Self-Harm: NO
Eating Disorder: NO
Low Self-Esteem: NO
Concentration Problem: NO
Sleeping Disorder: NO"
TE-140.jpg,MEME_FORMAT_DEPENDENT,"[0,0,0,0,1,0,0]","[0,0,0,0,0,0,0]","Feeling Down: NO
Lack of Interest: NO
Self-Harm: NO
Eating Disorder: NO
Low Self-Esteem: NO
Concentration Problem: NO
Sleeping Disorder: NO"
TE-196.jpg,MEME_FORMAT_DEPENDENT,"[1,0,1,0,0,0,0]","[0,0,0,0,0,0,0]","Feeling Down: NO
Lack of Interest: NO
Self-Harm: NO
Eating Disorder: NO
Low Self-Esteem: NO
Concentration Problem: NO
Sleeping Disorder: NO"
TE-484.jpg,MEME_FORMAT_DEPENDENT,"[0,0,0,0,0,0,0]","[0,0,0,0,0,0,0]","Feeling Down: NO
Lack of Interest: NO
Self-Harm: NO
Eating Disorder: NO
Low Self-Esteem: NO
Concentration Problem: NO
Sleeping Disorder: NO"
TE-550.jpg,MEME_FORMAT_DEPENDENT,"[0,0,0,1,0,0,0]","[0,0,0,1,0,0,0]","Feeling Down: NO
Lack of Interest: NO
Self-Harm: NO
Eating Disorder: YES
Low Self-Esteem: NO
Concentration Problem: NO
Sleeping Disorder: NO"
TE-589.jpg,MEME_FORMAT_DEPENDENT,"[0,0,0,1,0,0,0]","[0,0,0,0,0,0,0]","Feeling Down: NO
Lack of Interest: NO
Self-Harm: NO
Eating Disorder: NO
Low Self-Esteem: NO
Concentration Problem: NO
Sleeping Disorder: NO"
TE-591.jpg,MEME_FORMAT_DEPENDENT,"[0,0,0,0,0,1,0]","[0,0,0,0,0,0,0]","Feeling Down: NO
Lack of Interest: NO
Self-Harm: NO
Eating Disorder: NO
Low Self-Esteem: NO
Concentration Problem: NO
Sleeping Disorder: NO"
TE-112.jpg,NICHE_SUBCULTURE_DEPENDENT,"[1,0,1,0,0,0,0]","[0,0,0,0,0,0,0]","Feeling Down: NO
Lack of Interest: NO
Self-Harm: NO
Eating Disorder: NO
Low Self-Esteem: NO
Concentration Problem: NO
Sleeping Disorder: NO"
TE-172.jpg,NICHE_SUBCULTURE_DEPENDENT,"[0,0,0,0,1,0,0]","[0,0,0,0,0,0,0]","Feeling Down: NO
Lack of Interest: NO
Self-Harm: NO
Eating Disorder: NO
Low Self-Esteem: NO
Concentration Problem: NO
Sleeping Disorder: NO"
TE-249.jpg,NICHE_SUBCULTURE_DEPENDENT,"[0,0,0,0,1,0,0]","[0,0,0,0,0,0,0]","Feeling Down: NO
Lack of Interest: NO
Self-Harm: NO
Eating Disorder: NO
Low Self-Esteem: NO
Concentration Problem: NO
Sleeping Disorder: NO"
TE-346.jpg,NICHE_SUBCULTURE_DEPENDENT,"[0,0,1,0,0,0,0]","[0,0,0,0,0,0,0]","Feeling Down: NO
Lack of Interest: NO
Self-Harm: NO
Eating Disorder: NO
Low Self-Esteem: NO
Concentration Problem: NO
Sleeping Disorder: NO"
TE-37.jpg,NICHE_SUBCULTURE_DEPENDENT,"[0,1,0,0,0,0,0]","[0,0,0,0,0,0,0]","Feeling Down: NO
Lack of Interest: NO
Self-Harm: NO
Eating Disorder: NO
Low Self-Esteem: NO
Concentration Problem: NO
Sleeping Disorder: NO"
TE-595.jpg,NICHE_SUBCULTURE_DEPENDENT,"[0,0,0,1,1,0,0]","[0,0,0,0,0,0,0]","Feeling Down: NO
Lack of Interest: NO
Self-Harm: NO
Eating Disorder: NO
Low Self-Esteem: NO
Concentration Problem: NO
Sleeping Disorder: NO"
TE-78.jpg,NICHE_SUBCULTURE_DEPENDENT,"[0,0,0,0,1,0,0]","[0,0,0,0,0,0,0]","Feeling Down: NO
Lack of Interest: NO
Self-Harm: NO
Eating Disorder: NO
Low Self-Esteem: NO
Concentration Problem: NO
Sleeping Disorder: NO"
TE-88.jpg,NICHE_SUBCULTURE_DEPENDENT,"[0,0,0,0,1,0,0]","[0,0,0,0,0,0,0]","Feeling Down: NO
Lack of Interest: NO
Self-Harm: NO
Eating Disorder: NO
Low Self-Esteem: NO
Concentration Problem: NO
Sleeping Disorder: NO"
TE-174.jpg,POP_CULTURE_DEPENDENT,"[0,0,0,0,1,0,0]","[0,0,0,0,0,0,0]","Feeling Down: NO
Lack of Interest: NO
Self-Harm: NO
Eating Disorder: NO
Low Self-Esteem: NO
Concentration Problem: NO
Sleeping Disorder: NO"
TE-178.jpg,POP_CULTURE_DEPENDENT,"[1,0,1,0,0,0,0]","[0,0,0,0,0,0,0]","Feeling Down: NO
Lack of Interest: NO
Self-Harm: NO
Eating Disorder: NO
Low Self-Esteem: NO
Concentration Problem: NO
Sleeping Disorder: NO"
TE-188.jpg,POP_CULTURE_DEPENDENT,"[0,0,0,0,1,0,0]","[0,0,0,0,0,0,0]","Feeling Down: NO
Lack of Interest: NO
Self-Harm: NO
Eating Disorder: NO
Low Self-Esteem: NO
Concentration Problem: NO
Sleeping Disorder: NO"
TE-200.jpg,POP_CULTURE_DEPENDENT,"[0,0,0,0,0,0,0]","[0,0,0,0,0,0,0]","Feeling Down: NO
Lack of Interest: NO
Self-Harm: NO
Eating Disorder: NO
Low Self-Esteem: NO
Concentration Problem: NO
Sleeping Disorder: NO"
TE-213.jpg,POP_CULTURE_DEPENDENT,"[0,0,0,0,0,0,0]","[0,0,0,0,0,0,1]","Feeling Down: NO
Lack of Interest: NO
Self-Harm: NO
Eating Disorder: NO
Low Self-Esteem: NO
Concentration Problem: NO
Sleeping Disorder: YES"
TE-222.jpg,POP_CULTURE_DEPENDENT,"[1,0,0,0,0,0,0]","[0,0,0,0,0,0,0]","Feeling Down: NO
Lack of Interest: NO
Self-Harm: NO
Eating Disorder: NO
Low Self-Esteem: NO
Concentration Problem: NO
Sleeping Disorder: NO"
TE-236.jpg,POP_CULTURE_DEPENDENT,"[0,0,0,0,1,0,0]","[0,0,0,0,0,0,0]","Feeling Down: NO
Lack of Interest: NO
Self-Harm: NO
Eating Disorder: NO
Low Self-Esteem: NO
Concentration Problem: NO
Sleeping Disorder: NO"
TE-244.jpg,POP_CULTURE_DEPENDENT,"[1,0,0,0,0,0,0]","[1,1,0,0,0,0,0]","Feeling Down: YES
Lack of Interest: YES
Self-Harm: NO
Eating Disorder: NO
Low Self-Esteem: NO
Concentration Problem: NO
Sleeping Disorder: NO"
TE-255.jpg,POP_CULTURE_DEPENDENT,"[1,0,0,0,0,0,0]","[0,0,0,0,0,0,0]","Feeling Down: NO
Lack of Interest: NO
Self-Harm: NO
Eating Disorder: NO
Low Self-Esteem: NO
Concentration Problem: NO
Sleeping Disorder: NO"
TE-275.jpg,POP_CULTURE_DEPENDENT,"[1,0,0,0,0,0,0]","[0,0,0,0,0,0,0]","Feeling Down: NO
Lack of Interest: NO
Self-Harm: NO
Eating Disorder: NO
Low Self-Esteem: NO
Concentration Problem: NO
Sleeping Disorder: NO"
TE-291.jpg,POP_CULTURE_DEPENDENT,"[1,0,0,0,0,0,0]","[0,0,0,0,0,0,0]","Feeling Down: NO
Lack of Interest: NO
Self-Harm: NO
Eating Disorder: NO
Low Self-Esteem: NO
Concentration Problem: NO
Sleeping Disorder: NO"
TE-34.jpg,POP_CULTURE_DEPENDENT,"[0,0,0,0,1,0,0]","[0,0,0,0,0,0,0]","Feeling Down: NO
Lack of Interest: NO
Self-Harm: NO
Eating Disorder: NO
Low Self-Esteem: NO
Concentration Problem: NO
Sleeping Disorder: NO"
TE-379.jpg,POP_CULTURE_DEPENDENT,"[1,0,1,0,1,0,0]","[1,1,0,0,1,0,0]","Feeling Down: YES
Lack of Interest: YES
Self-Harm: NO
Eating Disorder: NO
Low Self-Esteem: YES
Concentration Problem: NO
Sleeping Disorder: NO"
TE-467.jpg,POP_CULTURE_DEPENDENT,"[1,0,0,0,0,0,0]","[0,0,0,0,0,0,0]","Feeling Down: YES/NO
Lack of Interest: YES/NO
Self-Harm: NO
Eating Disorder: NO
Low Self-Esteem: NO
Concentration Problem: NO
Sleeping Disorder: NO"
TE-50.jpg,POP_CULTURE_DEPENDENT,"[0,0,0,1,1,0,0]","[0,0,0,0,0,0,0]","Feeling Down: NO
Lack of Interest: NO
Self-Harm: NO
Eating Disorder: NO
Low Self-Esteem: NO
Concentration Problem: NO
Sleeping Disorder: NO"
TE-540.jpg,POP_CULTURE_DEPENDENT,"[0,1,0,0,0,0,0]","[0,1,0,0,0,0,0]","Feeling Down: NO
Lack of Interest: YES
Self-Harm: NO
Eating Disorder: NO
Low Self-Esteem: NO
Concentration Problem: NO
Sleeping Disorder: NO"
TE-546.jpg,POP_CULTURE_DEPENDENT,"[0,0,0,0,1,0,0]","[0,0,0,0,0,0,0]","Feeling Down: NO
Lack of Interest: NO
Self-Harm: NO
Eating Disorder: NO
Low Self-Esteem: NO
Concentration Problem: NO
Sleeping Disorder: NO"
TE-650.jpg,POP_CULTURE_DEPENDENT,"[0,1,0,0,0,0,0]","[0,0,0,0,0,0,0]","Feeling Down: NO
Lack of Interest: NO
Self-Harm: NO
Eating Disorder: NO
Low Self-Esteem: NO
Concentration Problem: NO
Sleeping Disorder: NO"
TE-99.jpg,POP_CULTURE_DEPENDENT,"[1,0,0,0,0,0,0]","[0,0,0,0,0,0,0]","Feeling Down: NO
Lack of Interest: NO
Self-Harm: NO
Eating Disorder: NO
Low Self-Esteem: NO
Concentration Problem: NO
Sleeping Disorder: NO"
TE-32.jpg,REFERENCE_DEPENDENT,"[1,0,0,0,0,0,0]","[1,1,0,0,0,0,0]","Feeling Down: YES
Lack of Interest: YES
Self-Harm: NO
Eating Disorder: NO
Low Self-Esteem: NO
Concentration Problem: NO
Sleeping Disorder: NO"
TE-44.jpg,REFERENCE_DEPENDENT,"[0,0,0,0,0,0,0]","[0,0,0,0,0,0,0]","Feeling Down: NO
Lack of Interest: NO
Self-Harm: NO
Eating Disorder: NO
Low Self-Esteem: NO
Concentration Problem: NO
Sleeping Disorder: NO"
TE-442.jpg,REFERENCE_DEPENDENT,"[0,0,0,0,0,0,0]","[0,0,0,0,0,0,0]","Feeling Down: NO
Lack of Interest: NO
Self-Harm: NO
Eating Disorder: NO
Low Self-Esteem: NO
Concentration Problem: NO
Sleeping Disorder: NO"
TE-602.jpg,REFERENCE_DEPENDENT,"[0,0,0,0,0,0,1]","[0,0,0,0,0,0,0]","Feeling Down: NO
Lack of Interest: NO
Self-Harm: NO
Eating Disorder: NO
Low Self-Esteem: NO
Concentration Problem: NO
Sleeping Disorder: NO"
TE-644.jpg,REFERENCE_DEPENDENT,"[0,0,1,0,0,1,0]","[0,0,0,0,0,0,0]","Feeling Down: NO
Lack of Interest: NO
Self-Harm: NO
Eating Disorder: NO
Low Self-Esteem: NO
Concentration Problem: NO
Sleeping Disorder: NO"
TE-1.jpg,UNIVERSAL_HUMAN,"[1,0,0,0,0,0,0]","[0,0,0,0,0,0,0]","Feeling Down: YES/NO
Lack of Interest: YES/NO
Self-Harm: YES/NO
Eating Disorder: NO
Low Self-Esteem: NO
Concentration Problem: NO
Sleeping Disorder: NO"
TE-10.jpg,UNIVERSAL_HUMAN,"[0,0,0,1,0,0,0]","[0,0,0,1,0,0,0]","Feeling Down: NO
Lack of Interest: NO
Self-Harm: NO
Eating Disorder: YES
Low Self-Esteem: NO
Concentration Problem: NO
Sleeping Disorder: NO"
TE-100.jpg,UNIVERSAL_HUMAN,"[1,0,0,0,0,0,0]","[1,1,0,0,0,0,0]","Feeling Down: YES
Lack of Interest: YES
Self-Harm: NO
Eating Disorder: NO
Low Self-Esteem: NO
Concentration Problem: NO
Sleeping Disorder: NO"
TE-101.jpg,UNIVERSAL_HUMAN,"[1,0,1,0,0,0,0]","[0,0,0,0,0,0,0]","Feeling Down: NO
Lack of Interest: NO
Self-Harm: NO
Eating Disorder: NO
Low Self-Esteem: NO
Concentration Problem: NO
Sleeping Disorder: NO"
TE-102.jpg,UNIVERSAL_HUMAN,"[1,0,1,0,0,0,0]","[0,0,1,0,0,0,0]","Feeling Down: NO
Lack of Interest: NO
Self-Harm: YES
Eating Disorder: NO
Low Self-Esteem: NO
Concentration Problem: NO
Sleeping Disorder: NO"
TE-103.jpg,UNIVERSAL_HUMAN,"[0,0,0,0,0,0,0]","[0,0,0,0,0,0,0]","Feeling Down: NO
Lack of Interest: NO
Self-Harm: NO
Eating Disorder: NO
Low Self-Esteem: NO
Concentration Problem: NO
Sleeping Disorder: NO"
TE-105.jpg,UNIVERSAL_HUMAN,"[0,0,0,0,1,0,0]","[0,0,0,0,1,0,0]","Feeling Down: NO
Lack of Interest: NO
Self-Harm: NO
Eating Disorder: NO
Low Self-Esteem: YES
Concentration Problem: NO
Sleeping Disorder: NO"
TE-106.jpg,UNIVERSAL_HUMAN,"[0,0,0,0,1,1,0]","[0,0,0,0,0,0,0]","Feeling Down: NO
Lack of Interest: NO
Self-Harm: NO
Eating Disorder: NO
Low Self-Esteem: NO
Concentration Problem: NO
Sleeping Disorder: NO"
TE-108.jpg,UNIVERSAL_HUMAN,"[0,0,0,1,0,0,0]","[0,0,0,0,0,0,0]","Feeling Down: NO
Lack of Interest: NO
Self-Harm: NO
Eating Disorder: NO
Low Self-Esteem: NO
Concentration Problem: NO
Sleeping Disorder: NO"
TE-109.jpg,UNIVERSAL_HUMAN,"[1,0,0,0,1,0,1]","[0,0,0,0,0,0,0]","Feeling Down: NO
Lack of Interest: NO
Self-Harm: NO
Eating Disorder: NO
Low Self-Esteem: NO
Concentration Problem: NO
Sleeping Disorder: NO"
TE-11.jpg,UNIVERSAL_HUMAN,"[1,0,0,0,0,0,0]","[0,0,0,0,0,0,0]","Feeling Down: NO
Lack of Interest: NO
Self-Harm: NO
Eating Disorder: NO
Low Self-Esteem: NO
Concentration Problem: NO
Sleeping Disorder: NO"
TE-110.jpg,UNIVERSAL_HUMAN,"[1,0,0,0,0,0,0]","[0,0,0,0,0,0,0]","Feeling Down: NO
Lack of Interest: NO
Self-Harm: NO
Eating Disorder: NO
Low Self-Esteem: NO
Concentration Problem: NO
Sleeping Disorder: NO"
TE-111.jpg,UNIVERSAL_HUMAN,"[1,0,0,0,0,0,0]","[0,0,0,0,0,0,0]","Feeling Down: NO
Lack of Interest: NO
Self-Harm: NO
Eating Disorder: NO
Low Self-Esteem: NO
Concentration Problem: NO
Sleeping Disorder: NO"
TE-113.jpg,UNIVERSAL_HUMAN,"[1,0,0,0,0,0,0]","[0,0,0,0,0,0,0]","Feeling Down: NO
Lack of Interest: NO
Self-Harm: NO
Eating Disorder: NO
Low Self-Esteem: NO
Concentration Problem: NO
Sleeping Disorder: NO"
TE-114.jpg,UNIVERSAL_HUMAN,"[1,1,0,0,1,0,0]","[0,1,0,0,0,0,0]","Feeling Down: NO
Lack of Interest: YES
Self-Harm: NO
Eating Disorder: NO
Low Self-Esteem: NO
Concentration Problem: NO
Sleeping Disorder: NO"
TE-115.jpg,UNIVERSAL_HUMAN,"[1,0,0,0,0,0,0]","[1,1,0,0,0,0,0]","Feeling Down: YES
Lack of Interest: YES
Self-Harm: NO
Eating Disorder: NO
Low Self-Esteem: NO
Concentration Problem: NO
Sleeping Disorder: NO"
TE-116.jpg,UNIVERSAL_HUMAN,"[0,0,1,0,1,0,0]","[0,0,1,1,0,1,1]","Feeling Down: YES/NO
Lack of Interest: YES/NO
Self-Harm: NO/YES
Eating Disorder: NO/YES
Low Self-Esteem: YES/NO
Concentration Problem: NO/YES
Sleeping Disorder: NO/YES"
TE-117.jpg,UNIVERSAL_HUMAN,"[0,0,0,0,0,0,0]","[0,0,0,0,0,0,0]","Feeling Down: NO
Lack of Interest: NO
Self-Harm: NO
Eating Disorder: NO
Low Self-Esteem: NO
Concentration Problem: NO
Sleeping Disorder: NO"
TE-118.jpg,UNIVERSAL_HUMAN,"[1,0,0,0,0,0,0]","[0,0,0,0,0,0,0]","Feeling Down: NO
Lack of Interest: NO
Self-Harm: NO
Eating Disorder: NO
Low Self-Esteem: NO
Concentration Problem: NO
Sleeping Disorder: NO"
TE-120.jpg,UNIVERSAL_HUMAN,"[1,0,0,0,1,0,0]","[1,0,0,0,1,0,0]","Feeling Down: YES
Lack of Interest: NO
Self-Harm: NO
Eating Disorder: NO
Low Self-Esteem: YES
Concentration Problem: NO
Sleeping Disorder: NO"
TE-121.jpg,UNIVERSAL_HUMAN,"[0,0,0,0,0,0,0]","[0,0,0,0,0,0,0]","Feeling Down: NO
Lack of Interest: NO
Self-Harm: NO
Eating Disorder: NO
Low Self-Esteem: NO
Concentration Problem: NO
Sleeping Disorder: NO"
TE-122.jpg,UNIVERSAL_HUMAN,"[0,0,0,0,0,0,0]","[0,0,0,0,0,0,0]","Feeling Down: NO
Lack of Interest: NO
Self-Harm: NO
Eating Disorder: NO
Low Self-Esteem: NO
Concentration Problem: NO
Sleeping Disorder: NO"
TE-123.jpg,UNIVERSAL_HUMAN,"[1,0,1,0,0,0,0]","[0,0,0,0,0,0,0]","Feeling Down: YES/NO
Lack of Interest: YES/NO
Self-Harm: NO
Eating Disorder: NO
Low Self-Esteem: NO
Concentration Problem: NO
Sleeping Disorder: NO"
TE-125.jpg,UNIVERSAL_HUMAN,"[1,0,0,0,0,0,0]","[0,1,0,0,0,1,0]","Feeling Down: NO
Lack of Interest: YES
Self-Harm: NO
Eating Disorder: NO
Low Self-Esteem: NO
Concentration Problem: YES
Sleeping Disorder: NO"
TE-126.jpg,UNIVERSAL_HUMAN,"[0,0,0,0,1,0,0]","[0,0,0,0,0,0,0]","Feeling Down: NO
Lack of Interest: NO
Self-Harm: NO
Eating Disorder: NO
Low Self-Esteem: NO
Concentration Problem: NO
Sleeping Disorder: NO"
TE-127.jpg,UNIVERSAL_HUMAN,"[0,0,0,0,0,1,0]","[0,0,0,0,0,0,0]","Feeling Down: NO
Lack of Interest: NO
Self-Harm: NO
Eating Disorder: NO
Low Self-Esteem: NO
Concentration Problem: NO
Sleeping Disorder: NO"
TE-128.jpg,UNIVERSAL_HUMAN,"[0,0,1,0,0,0,0]","[0,0,0,0,0,0,0]","Feeling Down: NO
Lack of Interest: NO
Self-Harm: NO
Eating Disorder: NO
Low Self-Esteem: NO
Concentration Problem: NO
Sleeping Disorder: NO"
TE-129.jpg,UNIVERSAL_HUMAN,"[1,0,0,0,0,0,0]","[0,0,0,0,0,0,0]","Feeling Down: NO
Lack of Interest: NO
Self-Harm: NO
Eating Disorder: NO
Low Self-Esteem: NO
Concentration Problem: NO
Sleeping Disorder: NO"
TE-13.jpg,UNIVERSAL_HUMAN,"[0,0,0,1,0,0,0]","[0,0,0,0,0,0,0]","Feeling Down: NO
Lack of Interest: NO
Self-Harm: NO
Eating Disorder: NO
Low Self-Esteem: NO
Concentration Problem: NO
Sleeping Disorder: NO"
TE-130.jpg,UNIVERSAL_HUMAN,"[1,0,0,0,0,0,0]","[0,0,0,0,0,0,0]","Feeling Down: NO
Lack of Interest: NO
Self-Harm: NO
Eating Disorder: NO
Low Self-Esteem: NO
Concentration Problem: NO
Sleeping Disorder: NO"
TE-131.jpg,UNIVERSAL_HUMAN,"[0,0,0,0,0,0,0]","[0,0,0,0,0,0,0]","Feeling Down: NO
Lack of Interest: NO
Self-Harm: NO
Eating Disorder: NO
Low Self-Esteem: NO
Concentration Problem: NO
Sleeping Disorder: NO"
TE-132.jpg,UNIVERSAL_HUMAN,"[0,0,0,0,0,0,0]","[0,0,0,0,0,0,0]","Feeling Down: NO
Lack of Interest: NO
Self-Harm: NO
Eating Disorder: NO
Low Self-Esteem: NO
Concentration Problem: NO
Sleeping Disorder: NO"
TE-133.jpg,UNIVERSAL_HUMAN,"[0,0,0,0,0,0,0]","[0,0,0,0,0,0,0]","Feeling Down: NO
Lack of Interest: NO
Self-Harm: NO
Eating Disorder: NO
Low Self-Esteem: NO
Concentration Problem: NO
Sleeping Disorder: NO"
TE-134.jpg,UNIVERSAL_HUMAN,"[1,0,0,0,0,0,0]","[0,0,0,0,0,0,0]","Feeling Down: NO
Lack of Interest: NO
Self-Harm: NO
Eating Disorder: NO
Low Self-Esteem: NO
Concentration Problem: NO
Sleeping Disorder: NO"
TE-135.jpg,UNIVERSAL_HUMAN,"[1,0,0,0,1,0,0]","[0,1,0,0,1,0,0]","Feeling Down: NO
Lack of Interest: YES
Self-Harm: NO
Eating Disorder: NO
Low Self-Esteem: YES
Concentration Problem: NO
Sleeping Disorder: NO"
TE-136.jpg,UNIVERSAL_HUMAN,"[0,1,0,0,0,0,0]","[0,1,0,0,0,0,0]","Feeling Down: NO
Lack of Interest: YES
Self-Harm: NO
Eating Disorder: NO
Low Self-Esteem: NO
Concentration Problem: NO
Sleeping Disorder: NO"
TE-137.jpg,UNIVERSAL_HUMAN,"[0,0,0,0,0,0,1]","[0,0,0,0,0,0,1]","Feeling Down: NO
Lack of Interest: NO
Self-Harm: NO
Eating Disorder: NO
Low Self-Esteem: NO
Concentration Problem: NO
Sleeping Disorder: YES"
TE-138.jpg,UNIVERSAL_HUMAN,"[0,0,0,0,0,0,0]","[0,0,0,0,1,0,0]","Feeling Down: NO
Lack of Interest: NO
Self-Harm: NO
Eating Disorder: NO
Low Self-Esteem: YES
Concentration Problem: NO
Sleeping Disorder: NO"
TE-139.jpg,UNIVERSAL_HUMAN,"[1,0,0,0,0,0,0]","[0,0,0,0,0,0,0]","Feeling Down: NO
Lack of Interest: NO
Self-Harm: NO
Eating Disorder: NO
Low Self-Esteem: NO
Concentration Problem: NO
Sleeping Disorder: NO"
TE-142.jpg,UNIVERSAL_HUMAN,"[1,0,0,0,0,0,0]","[0,0,0,0,0,0,0]","Feeling Down: NO
Lack of Interest: NO
Self-Harm: NO
Eating Disorder: NO
Low Self-Esteem: NO
Concentration Problem: NO
Sleeping Disorder: NO"
TE-143.jpg,UNIVERSAL_HUMAN,"[0,0,1,0,1,0,0]","[0,0,1,0,0,0,0]","Feeling Down: NO
Lack of Interest: NO
Self-Harm: YES
Eating Disorder: NO
Low Self-Esteem: NO
Concentration Problem: NO
Sleeping Disorder: NO"
TE-144.jpg,UNIVERSAL_HUMAN,"[0,0,0,1,0,0,0]","[0,0,0,0,0,0,0]","Feeling Down: NO
Lack of Interest: NO
Self-Harm: NO
Eating Disorder: NO
Low Self-Esteem: NO
Concentration Problem: NO
Sleeping Disorder: NO"
TE-145.jpg,UNIVERSAL_HUMAN,"[0,0,0,0,1,0,0]","[0,0,0,0,0,0,0]","Feeling Down: NO
Lack of Interest: NO
Self-Harm: NO
Eating Disorder: NO
Low Self-Esteem: NO
Concentration Problem: NO
Sleeping Disorder: NO"
TE-146.jpg,UNIVERSAL_HUMAN,"[0,1,0,0,0,0,0]","[0,0,0,0,0,0,0]","Feeling Down: NO
Lack of Interest: NO
Self-Harm: NO
Eating Disorder: NO
Low Self-Esteem: NO
Concentration Problem: NO
Sleeping Disorder: NO"
TE-148.jpg,UNIVERSAL_HUMAN,"[0,0,0,0,1,0,0]","[0,0,0,0,0,0,0]","Feeling Down: NO
Lack of Interest: NO
Self-Harm: NO
Eating Disorder: NO
Low Self-Esteem: NO
Concentration Problem: NO
Sleeping Disorder: NO"
TE-15.jpg,UNIVERSAL_HUMAN,"[0,0,0,0,0,0,0]","[0,0,0,0,0,0,0]","Feeling Down: NO
Lack of Interest: NO
Self-Harm: NO
Eating Disorder: NO
Low Self-Esteem: NO
Concentration Problem: NO
Sleeping Disorder: NO"
TE-150.jpg,UNIVERSAL_HUMAN,"[0,0,0,1,1,0,0]","[0,0,0,0,0,0,0]","Feeling Down: NO
Lack of Interest: NO
Self-Harm: NO
Eating Disorder: NO
Low Self-Esteem: NO
Concentration Problem: NO
Sleeping Disorder: NO"
TE-151.jpg,UNIVERSAL_HUMAN,"[0,0,1,0,0,0,0]","[0,0,1,0,0,0,0]","Feeling Down: NO
Lack of Interest: NO
Self-Harm: YES
Eating Disorder: NO
Low Self-Esteem: NO
Concentration Problem: NO
Sleeping Disorder: NO"
TE-152.jpg,UNIVERSAL_HUMAN,"[0,0,0,0,0,0,0]","[0,0,1,1,1,1,1]","Feeling Down: YES/NO
Lack of Interest: YES/NO
Self-Harm: NO/YES
Eating Disorder: NO/YES
Low Self-Esteem: NO/YES
Concentration Problem: NO/YES
Sleeping Disorder: NO/YES"
TE-154.jpg,UNIVERSAL_HUMAN,"[1,0,0,0,0,0,0]","[0,0,0,0,0,0,0]","Feeling Down: NO
Lack of Interest: NO
Self-Harm: NO
Eating Disorder: NO
Low Self-Esteem: NO
Concentration Problem: NO
Sleeping Disorder: NO"
TE-155.jpg,UNIVERSAL_HUMAN,"[0,0,1,0,0,0,0]","[0,0,0,0,0,0,0]","Feeling Down: NO
Lack of Interest: NO
Self-Harm: NO
Eating Disorder: NO
Low Self-Esteem: NO
Concentration Problem: NO
Sleeping Disorder: NO"
TE-157.jpg,UNIVERSAL_HUMAN,"[0,0,0,0,0,0,0]","[0,0,0,0,0,0,0]","Feeling Down: NO
Lack of Interest: NO
Self-Harm: NO
Eating Disorder: NO
Low Self-Esteem: NO
Concentration Problem: NO
Sleeping Disorder: NO"
TE-16.jpg,UNIVERSAL_HUMAN,"[0,0,0,0,0,0,0]","[0,0,0,0,0,0,0]","Feeling Down: NO
Lack of Interest: NO
Self-Harm: NO
Eating Disorder: NO
Low Self-Esteem: NO
Concentration Problem: NO
Sleeping Disorder: NO"
TE-161.jpg,UNIVERSAL_HUMAN,"[0,0,1,0,0,0,0]","[0,0,0,0,0,0,0]","Feeling Down: YES/NO
Lack of Interest: YES/NO
Self-Harm: YES/NO
Eating Disorder: NO
Low Self-Esteem: YES/NO
Concentration Problem: NO
Sleeping Disorder: NO"
TE-162.jpg,UNIVERSAL_HUMAN,"[0,0,0,0,0,0,0]","[0,0,0,0,0,0,0]","Feeling Down: NO
Lack of Interest: NO
Self-Harm: NO
Eating Disorder: NO
Low Self-Esteem: NO
Concentration Problem: NO
Sleeping Disorder: NO"
TE-163.jpg,UNIVERSAL_HUMAN,"[1,0,0,0,1,0,0]","[0,0,0,0,0,0,0]","Feeling Down: NO
Lack of Interest: NO
Self-Harm: NO
Eating Disorder: NO
Low Self-Esteem: NO
Concentration Problem: NO
Sleeping Disorder: NO"
TE-164.jpg,UNIVERSAL_HUMAN,"[0,0,0,1,0,0,0]","[0,0,0,0,0,0,0]","Feeling Down: NO
Lack of Interest: NO
Self-Harm: NO
Eating Disorder: NO
Low Self-Esteem: NO
Concentration Problem: NO
Sleeping Disorder: NO"
TE-167.jpg,UNIVERSAL_HUMAN,"[1,0,0,0,1,0,0]","[0,0,0,0,0,0,0]","Feeling Down: NO
Lack of Interest: NO
Self-Harm: NO
Eating Disorder: NO
Low Self-Esteem: NO
Concentration Problem: NO
Sleeping Disorder: NO"
TE-169.jpg,UNIVERSAL_HUMAN,"[0,0,0,0,1,0,0]","[0,0,0,0,0,0,0]","Feeling Down: NO
Lack of Interest: NO
Self-Harm: NO
Eating Disorder: NO
Low Self-Esteem: NO
Concentration Problem: NO
Sleeping Disorder: NO"
TE-17.jpg,UNIVERSAL_HUMAN,"[1,0,0,0,0,0,0]","[0,0,0,0,0,0,0]","Feeling Down: NO
Lack of Interest: NO
Self-Harm: NO
Eating Disorder: NO
Low Self-Esteem: NO
Concentration Problem: NO
Sleeping Disorder: NO"
TE-171.jpg,UNIVERSAL_HUMAN,"[0,0,0,0,0,1,0]","[0,0,0,0,0,0,0]","Feeling Down: NO
Lack of Interest: NO
Self-Harm: NO
Eating Disorder: NO
Low Self-Esteem: NO
Concentration Problem: NO
Sleeping Disorder: NO"
TE-173.jpg,UNIVERSAL_HUMAN,"[0,0,0,0,0,0,0]","[0,0,0,0,0,0,0]","Feeling Down: NO
Lack of Interest: NO
Self-Harm: NO
Eating Disorder: NO
Low Self-Esteem: NO
Concentration Problem: NO
Sleeping Disorder: NO"
TE-176.jpg,UNIVERSAL_HUMAN,"[0,0,0,1,0,0,0]","[0,0,0,0,0,0,0]","Feeling Down: NO
Lack of Interest: NO
Self-Harm: NO
Eating Disorder: NO
Low Self-Esteem: NO
Concentration Problem: NO
Sleeping Disorder: NO"
TE-18.jpg,UNIVERSAL_HUMAN,"[0,0,0,1,0,0,0]","[1,0,0,0,1,0,0]","Feeling Down: YES
Lack of Interest: NO
Self-Harm: NO
Eating Disorder: NO
Low Self-Esteem: YES
Concentration Problem: NO
Sleeping Disorder: NO"
TE-180.jpg,UNIVERSAL_HUMAN,"[0,0,0,0,0,0,0]","[0,0,0,0,0,0,0]","Feeling Down: NO
Lack of Interest: NO
Self-Harm: NO
Eating Disorder: NO
Low Self-Esteem: NO
Concentration Problem: NO
Sleeping Disorder: NO"
TE-181.jpg,UNIVERSAL_HUMAN,"[1,0,0,0,1,0,0]","[0,0,0,0,0,0,0]","Feeling Down: NO
Lack of Interest: NO
Self-Harm: NO
Eating Disorder: NO
Low Self-Esteem: NO
Concentration Problem: NO
Sleeping Disorder: NO"
TE-182.jpg,UNIVERSAL_HUMAN,"[0,0,0,0,0,0,1]","[0,0,0,0,0,0,0]","Feeling Down: NO
Lack of Interest: NO
Self-Harm: NO
Eating Disorder: NO
Low Self-Esteem: NO
Concentration Problem: NO
Sleeping Disorder: NO"
TE-183.jpg,UNIVERSAL_HUMAN,"[1,0,0,0,0,0,0]","[0,0,0,0,0,0,0]","Feeling Down: NO
Lack of Interest: NO
Self-Harm: NO
Eating Disorder: NO
Low Self-Esteem: NO
Concentration Problem: NO
Sleeping Disorder: NO"
TE-187.jpg,UNIVERSAL_HUMAN,"[0,1,0,0,0,0,0]","[0,1,0,0,0,0,0]","Feeling Down: NO
Lack of Interest: YES
Self-Harm: NO
Eating Disorder: NO
Low Self-Esteem: NO
Concentration Problem: NO
Sleeping Disorder: NO"
TE-189.jpg,UNIVERSAL_HUMAN,"[0,0,0,0,0,0,0]","[0,0,0,0,0,0,0]","Feeling Down: NO
Lack of Interest: NO
Self-Harm: NO
Eating Disorder: NO
Low Self-Esteem: NO
Concentration Problem: NO
Sleeping Disorder: NO"
TE-19.jpg,UNIVERSAL_HUMAN,"[1,0,0,0,0,0,0]","[0,0,0,0,0,0,0]","Feeling Down: NO
Lack of Interest: NO
Self-Harm: NO
Eating Disorder: NO
Low Self-Esteem: NO
Concentration Problem: NO
Sleeping Disorder: NO"
TE-190.jpg,UNIVERSAL_HUMAN,"[1,0,0,0,1,0,0]","[1,1,0,0,1,0,0]","Feeling Down: YES
Lack of Interest: YES
Self-Harm: NO
Eating Disorder: NO
Low Self-Esteem: YES
Concentration Problem: NO
Sleeping Disorder: NO"
TE-191.jpg,UNIVERSAL_HUMAN,"[1,0,0,0,1,0,0]","[1,1,0,0,1,0,0]","Feeling Down: YES
Lack of Interest: YES
Self-Harm: NO
Eating Disorder: NO
Low Self-Esteem: YES
Concentration Problem: NO
Sleeping Disorder: NO"
TE-192.jpg,UNIVERSAL_HUMAN,"[0,0,0,0,0,0,0]","[0,0,1,1,1,1,1]","Feeling Down: YES/NO
Lack of Interest: YES/NO
Self-Harm: NO/YES
Eating Disorder: NO/YES
Low Self-Esteem: NO/YES
Concentration Problem: NO/YES
Sleeping Disorder: NO/YES"
TE-194.jpg,UNIVERSAL_HUMAN,"[0,0,0,0,0,0,0]","[0,0,0,0,0,0,0]","Feeling Down: NO
Lack of Interest: NO
Self-Harm: NO
Eating Disorder: NO
Low Self-Esteem: NO
Concentration Problem: NO
Sleeping Disorder: NO"
TE-198.jpg,UNIVERSAL_HUMAN,"[0,0,1,0,0,0,0]","[0,0,0,0,0,0,0]","Feeling Down: YES/NO
Lack of Interest: YES/NO
Self-Harm: YES/NO
Eating Disorder: NO
Low Self-Esteem: NO
Concentration Problem: NO
Sleeping Disorder: NO"
TE-199.jpg,UNIVERSAL_HUMAN,"[0,0,0,0,0,0,0]","[0,0,0,0,0,0,1]","Feeling Down: NO
Lack of Interest: NO
Self-Harm: NO
Eating Disorder: NO
Low Self-Esteem: NO
Concentration Problem: NO
Sleeping Disorder: YES"
TE-2.jpg,UNIVERSAL_HUMAN,"[1,0,0,0,1,0,0]","[1,1,0,0,1,1,0]","Feeling Down: YES
Lack of Interest: YES
Self-Harm: NO
Eating Disorder: NO
Low Self-Esteem: YES
Concentration Problem: YES
Sleeping Disorder: NO"
TE-20.jpg,UNIVERSAL_HUMAN,"[0,0,1,0,0,0,0]","[0,0,0,0,0,0,0]","Feeling Down: NO
Lack of Interest: NO
Self-Harm: NO
Eating Disorder: NO
Low Self-Esteem: NO
Concentration Problem: NO
Sleeping Disorder: NO"
TE-203.jpg,UNIVERSAL_HUMAN,"[0,0,0,0,0,0,1]","[0,0,0,0,0,0,1]","Feeling Down: NO
Lack of Interest: NO
Self-Harm: NO
Eating Disorder: NO
Low Self-Esteem: NO
Concentration Problem: NO
Sleeping Disorder: YES"
TE-204.jpg,UNIVERSAL_HUMAN,"[0,0,0,0,0,0,0]","[0,0,0,0,0,0,0]","Feeling Down: NO
Lack of Interest: NO
Self-Harm: NO
Eating Disorder: NO
Low Self-Esteem: NO
Concentration Problem: NO
Sleeping Disorder: NO"
TE-206.jpg,UNIVERSAL_HUMAN,"[1,1,0,0,0,0,0]","[0,1,0,0,0,0,0]","Feeling Down: NO
Lack of Interest: YES
Self-Harm: NO
Eating Disorder: NO
Low Self-Esteem: NO
Concentration Problem: NO
Sleeping Disorder: NO"
TE-207.jpg,UNIVERSAL_HUMAN,"[1,0,0,0,1,0,0]","[0,0,1,1,1,1,1]","Feeling Down: YES/NO
Lack of Interest: YES/NO
Self-Harm: NO/YES
Eating Disorder: NO/YES
Low Self-Esteem: NO/YES
Concentration Problem: NO/YES
Sleeping Disorder: NO/YES"
TE-208.jpg,UNIVERSAL_HUMAN,"[0,0,0,0,0,1,0]","[0,0,0,0,0,1,0]","Feeling Down: NO
Lack of Interest: NO
Self-Harm: NO
Eating Disorder: NO
Low Self-Esteem: NO
Concentration Problem: YES
Sleeping Disorder: NO"
TE-209.jpg,UNIVERSAL_HUMAN,"[0,0,0,0,0,0,0]","[0,0,0,0,0,0,0]","Feeling Down: NO
Lack of Interest: NO
Self-Harm: NO
Eating Disorder: NO
Low Self-Esteem: NO
Concentration Problem: NO
Sleeping Disorder: NO"
TE-210.jpg,UNIVERSAL_HUMAN,"[1,0,0,0,1,0,0]","[0,0,0,0,0,0,0]","Feeling Down: NO
Lack of Interest: NO
Self-Harm: NO
Eating Disorder: NO
Low Self-Esteem: NO
Concentration Problem: NO
Sleeping Disorder: NO"
TE-211.jpg,UNIVERSAL_HUMAN,"[0,0,0,0,0,0,0]","[0,0,1,0,0,0,0]","Feeling Down: NO
Lack of Interest: NO
Self-Harm: YES
Eating Disorder: NO
Low Self-Esteem: NO
Concentration Problem: NO
Sleeping Disorder: NO"
TE-212.jpg,UNIVERSAL_HUMAN,"[0,0,0,0,0,0,0]","[0,0,1,1,1,1,1]","Feeling Down: YES/NO
Lack of Interest: YES/NO
Self-Harm: NO/YES
Eating Disorder: NO/YES
Low Self-Esteem: NO/YES
Concentration Problem: NO/YES
Sleeping Disorder: NO/YES"
TE-215.jpg,UNIVERSAL_HUMAN,"[0,0,0,0,1,0,0]","[0,0,0,0,1,0,0]","Feeling Down: NO
Lack of Interest: NO
Self-Harm: NO
Eating Disorder: NO
Low Self-Esteem: YES
Concentration Problem: NO
Sleeping Disorder: NO"
TE-216.jpg,UNIVERSAL_HUMAN,"[1,0,0,1,0,0,0]","[0,0,0,0,0,0,0]","Feeling Down: NO
Lack of Interest: NO
Self-Harm: NO
Eating Disorder: NO
Low Self-Esteem: NO
Concentration Problem: NO
Sleeping Disorder: NO"
TE-217.jpg,UNIVERSAL_HUMAN,"[0,0,0,0,0,1,0]","[0,0,0,0,0,0,0]","Feeling Down: NO
Lack of Interest: NO
Self-Harm: NO
Eating Disorder: NO
Low Self-Esteem: NO
Concentration Problem: NO
Sleeping Disorder: NO"
TE-218.jpg,UNIVERSAL_HUMAN,"[0,0,0,0,0,0,0]","[0,0,0,0,0,0,0]","Feeling Down: NO
Lack of Interest: NO
Self-Harm: NO
Eating Disorder: NO
Low Self-Esteem: NO
Concentration Problem: NO
Sleeping Disorder: NO"
TE-220.jpg,UNIVERSAL_HUMAN,"[1,0,0,0,0,0,0]","[0,0,0,0,0,0,0]","Feeling Down: NO
Lack of Interest: NO
Self-Harm: NO
Eating Disorder: NO
Low Self-Esteem: NO
Concentration Problem: NO
Sleeping Disorder: NO"
TE-221.jpg,UNIVERSAL_HUMAN,"[0,0,0,0,1,0,0]","[0,0,0,0,0,0,0]","Feeling Down: NO
Lack of Interest: NO
Self-Harm: NO
Eating Disorder: NO
Low Self-Esteem: NO
Concentration Problem: NO
Sleeping Disorder: NO"
TE-223.jpg,UNIVERSAL_HUMAN,"[0,0,0,0,0,0,0]","[0,0,0,0,0,0,0]","Feeling Down: NO
Lack of Interest: NO
Self-Harm: NO
Eating Disorder: NO
Low Self-Esteem: NO
Concentration Problem: NO
Sleeping Disorder: NO"
TE-225.jpg,UNIVERSAL_HUMAN,"[1,0,0,0,0,0,0]","[0,0,0,0,0,0,0]","Feeling Down: NO
Lack of Interest: NO
Self-Harm: NO
Eating Disorder: NO
Low Self-Esteem: NO
Concentration Problem: NO
Sleeping Disorder: NO"
TE-227.jpg,UNIVERSAL_HUMAN,"[0,0,0,0,1,0,0]","[0,0,0,0,0,0,0]","Feeling Down: NO
Lack of Interest: NO
Self-Harm: NO
Eating Disorder: NO
Low Self-Esteem: NO
Concentration Problem: NO
Sleeping Disorder: NO"
TE-228.jpg,UNIVERSAL_HUMAN,"[1,0,0,0,1,0,0]","[0,0,0,0,1,0,0]","Feeling Down: NO
Lack of Interest: NO
Self-Harm: NO
Eating Disorder: NO
Low Self-Esteem: YES
Concentration Problem: NO
Sleeping Disorder: NO"
TE-229.jpg,UNIVERSAL_HUMAN,"[1,0,0,0,0,0,0]","[0,0,0,0,0,0,0]","Feeling Down: NO
Lack of Interest: NO
Self-Harm: NO
Eating Disorder: NO
Low Self-Esteem: NO
Concentration Problem: NO
Sleeping Disorder: NO"
TE-23.jpg,UNIVERSAL_HUMAN,"[1,0,0,0,1,0,0]","[0,0,0,0,0,0,0]","Feeling Down: NO
Lack of Interest: NO
Self-Harm: NO
Eating Disorder: NO
Low Self-Esteem: NO
Concentration Problem: NO
Sleeping Disorder: NO"
TE-230.jpg,UNIVERSAL_HUMAN,"[1,0,1,0,0,0,0]","[0,0,0,0,0,0,0]","Feeling Down: NO
Lack of Interest: NO
Self-Harm: NO
Eating Disorder: NO
Low Self-Esteem: NO
Concentration Problem: NO
Sleeping Disorder: NO"
TE-231.jpg,UNIVERSAL_HUMAN,"[0,1,0,0,0,0,0]","[0,1,0,0,0,1,0]","Feeling Down: NO
Lack of Interest: YES
Self-Harm: NO
Eating Disorder: NO
Low Self-Esteem: NO
Concentration Problem: YES
Sleeping Disorder: NO"
TE-233.jpg,UNIVERSAL_HUMAN,"[0,0,0,0,0,0,0]","[0,0,0,0,0,0,0]","Feeling Down: NO
Lack of Interest: NO
Self-Harm: NO
Eating Disorder: NO
Low Self-Esteem: NO
Concentration Problem: NO
Sleeping Disorder: NO"
TE-234.jpg,UNIVERSAL_HUMAN,"[0,0,0,0,0,0,0]","[0,0,0,0,1,0,0]","Feeling Down: NO
Lack of Interest: NO
Self-Harm: NO
Eating Disorder: NO
Low Self-Esteem: YES
Concentration Problem: NO
Sleeping Disorder: NO"
TE-235.jpg,UNIVERSAL_HUMAN,"[0,0,0,0,0,0,0]","[0,0,0,0,0,0,0]","Feeling Down: YES/NO
Lack of Interest: YES/NO
Self-Harm: YES/NO
Eating Disorder: NO
Low Self-Esteem: NO
Concentration Problem: NO
Sleeping Disorder: NO"
TE-237.jpg,UNIVERSAL_HUMAN,"[0,0,0,0,1,0,0]","[0,0,0,0,0,0,0]","Feeling Down: NO
Lack of Interest: NO
Self-Harm: NO
Eating Disorder: NO
Low Self-Esteem: NO
Concentration Problem: NO
Sleeping Disorder: NO"
TE-239.jpg,UNIVERSAL_HUMAN,"[0,0,0,0,1,0,0]","[0,0,0,0,1,0,0]","Feeling Down: NO
Lack of Interest: NO
Self-Harm: NO
Eating Disorder: NO
Low Self-Esteem: YES
Concentration Problem: NO
Sleeping Disorder: NO"
TE-24.jpg,UNIVERSAL_HUMAN,"[1,0,0,0,0,0,1]","[0,0,0,0,0,0,1]","Feeling Down: NO
Lack of Interest: NO
Self-Harm: NO
Eating Disorder: NO
Low Self-Esteem: NO
Concentration Problem: NO
Sleeping Disorder: YES"
TE-240.jpg,UNIVERSAL_HUMAN,"[0,1,0,1,0,0,0]","[0,0,0,0,0,0,0]","Feeling Down: NO
Lack of Interest: NO
Self-Harm: NO
Eating Disorder: NO
Low Self-Esteem: NO
Concentration Problem: NO
Sleeping Disorder: NO"
TE-241.jpg,UNIVERSAL_HUMAN,"[1,0,0,0,1,0,0]","[0,0,0,0,0,0,0]","Feeling Down: NO
Lack of Interest: NO
Self-Harm: NO
Eating Disorder: NO
Low Self-Esteem: NO
Concentration Problem: NO
Sleeping Disorder: NO"
TE-242.jpg,UNIVERSAL_HUMAN,"[1,0,0,0,0,0,0]","[0,0,0,0,0,0,0]","Feeling Down: NO
Lack of Interest: NO
Self-Harm: NO
Eating Disorder: NO
Low Self-Esteem: NO
Concentration Problem: NO
Sleeping Disorder: NO"
TE-243.jpg,UNIVERSAL_HUMAN,"[1,0,0,0,0,0,0]","[0,0,0,0,0,0,0]","Feeling Down: NO
Lack of Interest: NO
Self-Harm: NO
Eating Disorder: NO
Low Self-Esteem: NO
Concentration Problem: NO
Sleeping Disorder: NO"
TE-245.jpg,UNIVERSAL_HUMAN,"[0,0,1,0,0,0,1]","[0,0,0,0,0,0,0]","Feeling Down: NO
Lack of Interest: NO
Self-Harm: NO
Eating Disorder: NO
Low Self-Esteem: NO
Concentration Problem: NO
Sleeping Disorder: NO"
TE-246.jpg,UNIVERSAL_HUMAN,"[0,0,0,0,0,0,0]","[0,0,0,0,0,0,0]","Feeling Down: YES/NO
Lack of Interest: YES/NO
Self-Harm: YES/NO
Eating Disorder: NO
Low Self-Esteem: NO
Concentration Problem: NO
Sleeping Disorder: NO"
TE-247.jpg,UNIVERSAL_HUMAN,"[0,0,0,1,0,0,0]","[0,0,0,0,0,0,0]","Feeling Down: NO
Lack of Interest: NO
Self-Harm: NO
Eating Disorder: NO
Low Self-Esteem: NO
Concentration Problem: NO
Sleeping Disorder: NO"
TE-248.jpg,UNIVERSAL_HUMAN,"[0,0,0,0,0,1,0]","[0,0,0,0,0,1,0]","Feeling Down: NO
Lack of Interest: NO
Self-Harm: NO
Eating Disorder: NO
Low Self-Esteem: NO
Concentration Problem: YES
Sleeping Disorder: NO"
TE-25.jpg,UNIVERSAL_HUMAN,"[1,0,0,0,0,0,0]","[0,0,0,0,0,0,0]","Feeling Down: NO
Lack of Interest: NO
Self-Harm: NO
Eating Disorder: NO
Low Self-Esteem: NO
Concentration Problem: NO
Sleeping Disorder: NO"
TE-253.jpg,UNIVERSAL_HUMAN,"[0,0,0,1,1,0,0]","[0,0,0,0,0,0,0]","Feeling Down: NO
Lack of Interest: NO
Self-Harm: NO
Eating Disorder: NO
Low Self-Esteem: NO
Concentration Problem: NO
Sleeping Disorder: NO"
TE-254.jpg,UNIVERSAL_HUMAN,"[0,0,0,0,0,0,0]","[0,0,0,0,0,0,0]","Feeling Down: NO
Lack of Interest: NO
Self-Harm: NO
Eating Disorder: NO
Low Self-Esteem: NO
Concentration Problem: NO
Sleeping Disorder: NO"
TE-257.jpg,UNIVERSAL_HUMAN,"[0,0,0,0,0,0,0]","[0,0,0,0,0,0,0]","Feeling Down: NO
Lack of Interest: NO
Self-Harm: NO
Eating Disorder: NO
Low Self-Esteem: NO
Concentration Problem: NO
Sleeping Disorder: NO"
TE-258.jpg,UNIVERSAL_HUMAN,"[0,0,0,0,0,0,1]","[0,0,0,0,0,0,1]","Feeling Down: NO
Lack of Interest: NO
Self-Harm: NO
Eating Disorder: NO
Low Self-Esteem: NO
Concentration Problem: NO
Sleeping Disorder: YES"
TE-260.jpg,UNIVERSAL_HUMAN,"[0,0,0,0,1,0,0]","[0,0,0,0,0,0,0]","Feeling Down: NO
Lack of Interest: NO
Self-Harm: NO
Eating Disorder: NO
Low Self-Esteem: NO
Concentration Problem: NO
Sleeping Disorder: NO"
TE-261.jpg,UNIVERSAL_HUMAN,"[1,1,0,0,1,1,0]","[0,0,0,0,0,0,0]","Feeling Down: NO
Lack of Interest: NO
Self-Harm: NO
Eating Disorder: NO
Low Self-Esteem: NO
Concentration Problem: NO
Sleeping Disorder: NO"
TE-262.jpg,UNIVERSAL_HUMAN,"[0,0,0,0,0,1,0]","[0,0,0,0,0,0,0]","Feeling Down: NO
Lack of Interest: NO
Self-Harm: NO
Eating Disorder: NO
Low Self-Esteem: NO
Concentration Problem: NO
Sleeping Disorder: NO"
TE-264.jpg,UNIVERSAL_HUMAN,"[0,0,0,0,0,0,0]","[0,0,0,0,0,0,0]","Feeling Down: NO
Lack of Interest: NO
Self-Harm: NO
Eating Disorder: NO
Low Self-Esteem: NO
Concentration Problem: NO
Sleeping Disorder: NO"
TE-265.jpg,UNIVERSAL_HUMAN,"[0,0,0,0,1,0,0]","[0,0,0,0,0,0,0]","Feeling Down: NO
Lack of Interest: NO
Self-Harm: NO
Eating Disorder: NO
Low Self-Esteem: NO
Concentration Problem: NO
Sleeping Disorder: NO"
TE-266.jpg,UNIVERSAL_HUMAN,"[0,0,0,0,1,0,0]","[0,0,0,0,1,0,0]","Feeling Down: NO
Lack of Interest: NO
Self-Harm: NO
Eating Disorder: NO
Low Self-Esteem: YES
Concentration Problem: NO
Sleeping Disorder: NO"
TE-267.jpg,UNIVERSAL_HUMAN,"[0,1,0,0,0,0,0]","[0,1,0,0,0,0,0]","Feeling Down: NO
Lack of Interest: YES
Self-Harm: NO
Eating Disorder: NO
Low Self-Esteem: NO
Concentration Problem: NO
Sleeping Disorder: NO"
TE-269.jpg,UNIVERSAL_HUMAN,"[1,0,1,0,0,0,0]","[0,0,0,0,0,0,0]","Feeling Down: NO
Lack of Interest: NO
Self-Harm: NO
Eating Disorder: NO
Low Self-Esteem: NO
Concentration Problem: NO
Sleeping Disorder: NO"
TE-27.jpg,UNIVERSAL_HUMAN,"[1,0,0,0,0,0,0]","[0,0,0,0,0,0,0]","Feeling Down: NO
Lack of Interest: NO
Self-Harm: NO
Eating Disorder: NO
Low Self-Esteem: NO
Concentration Problem: NO
Sleeping Disorder: NO"
TE-270.jpg,UNIVERSAL_HUMAN,"[0,0,0,0,0,1,0]","[0,0,0,0,0,1,0]","Feeling Down: NO
Lack of Interest: NO
Self-Harm: NO
Eating Disorder: NO
Low Self-Esteem: NO
Concentration Problem: YES
Sleeping Disorder: NO"
TE-271.jpg,UNIVERSAL_HUMAN,"[0,0,1,0,0,0,0]","[0,0,0,0,0,0,0]","Feeling Down: NO
Lack of Interest: NO
Self-Harm: NO
Eating Disorder: NO
Low Self-Esteem: NO
Concentration Problem: NO
Sleeping Disorder: NO"
TE-272.jpg,UNIVERSAL_HUMAN,"[0,0,0,0,0,0,1]","[0,0,1,1,1,1,1]","Feeling Down: YES/NO
Lack of Interest: YES/NO
Self-Harm: NO/YES
Eating Disorder: NO/YES
Low Self-Esteem: NO/YES
Concentration Problem: NO/YES
Sleeping Disorder: NO/YES"
TE-274.jpg,UNIVERSAL_HUMAN,"[0,0,0,0,0,0,0]","[0,0,0,0,0,0,0]","Feeling Down: NO
Lack of Interest: NO
Self-Harm: NO
Eating Disorder: NO
Low Self-Esteem: NO
Concentration Problem: NO
Sleeping Disorder: NO"
TE-277.jpg,UNIVERSAL_HUMAN,"[0,0,0,1,0,0,0]","[0,0,0,1,1,0,0]","Feeling Down: NO
Lack of Interest: NO
Self-Harm: NO
Eating Disorder: YES
Low Self-Esteem: YES
Concentration Problem: NO
Sleeping Disorder: NO"
TE-278.jpg,UNIVERSAL_HUMAN,"[1,0,0,0,0,1,0]","[0,0,0,0,0,0,0]","Feeling Down: NO
Lack of Interest: NO
Self-Harm: NO
Eating Disorder: NO
Low Self-Esteem: NO
Concentration Problem: NO
Sleeping Disorder: NO"
TE-28.jpg,UNIVERSAL_HUMAN,"[0,0,0,0,0,0,0]","[0,0,0,0,0,0,0]","Feeling Down: NO
Lack of Interest: NO
Self-Harm: NO
Eating Disorder: NO
Low Self-Esteem: NO
Concentration Problem: NO
Sleeping Disorder: NO"
TE-280.jpg,UNIVERSAL_HUMAN,"[0,0,0,0,0,0,0]","[0,0,0,0,0,0,0]","Feeling Down: NO
Lack of Interest: NO
Self-Harm: NO
Eating Disorder: NO
Low Self-Esteem: NO
Concentration Problem: NO
Sleeping Disorder: NO"
TE-281.jpg,UNIVERSAL_HUMAN,"[1,0,0,0,1,0,0]","[0,0,0,0,0,0,0]","Feeling Down: NO
Lack of Interest: NO
Self-Harm: NO
Eating Disorder: NO
Low Self-Esteem: NO
Concentration Problem: NO
Sleeping Disorder: NO"
TE-282.jpg,UNIVERSAL_HUMAN,"[1,1,0,0,0,0,0]","[0,0,0,0,0,0,0]","Feeling Down: NO
Lack of Interest: NO
Self-Harm: NO
Eating Disorder: NO
Low Self-Esteem: NO
Concentration Problem: NO
Sleeping Disorder: NO"
TE-283.jpg,UNIVERSAL_HUMAN,"[0,0,0,0,0,0,1]","[0,0,0,0,0,1,1]","Feeling Down: NO
Lack of Interest: NO
Self-Harm: NO
Eating Disorder: NO
Low Self-Esteem: NO
Concentration Problem: YES
Sleeping Disorder: YES"
TE-284.jpg,UNIVERSAL_HUMAN,"[0,0,0,0,0,0,1]","[0,0,0,0,0,0,0]","Feeling Down: NO
Lack of Interest: NO
Self-Harm: NO
Eating Disorder: NO
Low Self-Esteem: NO
Concentration Problem: NO
Sleeping Disorder: NO"
TE-286.jpg,UNIVERSAL_HUMAN,"[0,0,0,0,1,0,0]","[0,0,1,1,0,1,1]","Feeling Down: YES/NO
Lack of Interest: YES/NO
Self-Harm: NO/YES
Eating Disorder: NO/YES
Low Self-Esteem: YES/NO
Concentration Problem: NO/YES
Sleeping Disorder: NO/YES"
TE-288.jpg,UNIVERSAL_HUMAN,"[0,0,0,0,0,0,0]","[0,0,0,0,0,0,0]","Feeling Down: NO
Lack of Interest: NO
Self-Harm: NO
Eating Disorder: NO
Low Self-Esteem: NO
Concentration Problem: NO
Sleeping Disorder: NO"
TE-289.jpg,UNIVERSAL_HUMAN,"[0,0,0,0,1,0,0]","[0,0,0,0,0,0,0]","Feeling Down: NO
Lack of Interest: NO
Self-Harm: NO
Eating Disorder: NO
Low Self-Esteem: NO
Concentration Problem: NO
Sleeping Disorder: NO"
TE-29.jpg,UNIVERSAL_HUMAN,"[1,0,0,0,1,0,0]","[0,0,0,0,0,0,0]","Feeling Down: NO
Lack of Interest: NO
Self-Harm: NO
Eating Disorder: NO
Low Self-Esteem: NO
Concentration Problem: NO
Sleeping Disorder: NO"
TE-290.jpg,UNIVERSAL_HUMAN,"[1,0,1,0,0,0,0]","[0,0,0,0,0,0,0]","Feeling Down: NO
Lack of Interest: NO
Self-Harm: NO
Eating Disorder: NO
Low Self-Esteem: NO
Concentration Problem: NO
Sleeping Disorder: NO"
TE-292.jpg,UNIVERSAL_HUMAN,"[0,1,0,0,0,1,0]","[0,1,0,0,0,0,0]","Feeling Down: NO
Lack of Interest: YES
Self-Harm: NO
Eating Disorder: NO
Low Self-Esteem: NO
Concentration Problem: NO
Sleeping Disorder: NO"
TE-293.jpg,UNIVERSAL_HUMAN,"[0,0,0,0,0,1,0]","[1,1,0,0,0,1,0]","Feeling Down: YES
Lack of Interest: YES
Self-Harm: NO
Eating Disorder: NO
Low Self-Esteem: NO
Concentration Problem: YES
Sleeping Disorder: NO"
TE-295.jpg,UNIVERSAL_HUMAN,"[1,0,0,0,1,0,1]","[0,1,0,0,0,1,0]","Feeling Down: NO
Lack of Interest: YES
Self-Harm: NO
Eating Disorder: NO
Low Self-Esteem: NO
Concentration Problem: YES
Sleeping Disorder: NO"
TE-297.jpg,UNIVERSAL_HUMAN,"[0,0,0,0,1,0,0]","[0,0,0,0,0,0,0]","Feeling Down: NO
Lack of Interest: NO
Self-Harm: NO
Eating Disorder: NO
Low Self-Esteem: NO
Concentration Problem: NO
Sleeping Disorder: NO"
TE-298.jpg,UNIVERSAL_HUMAN,"[0,0,0,0,0,0,1]","[0,0,0,0,0,0,1]","Feeling Down: NO
Lack of Interest: NO
Self-Harm: NO
Eating Disorder: NO
Low Self-Esteem: NO
Concentration Problem: NO
Sleeping Disorder: YES"
TE-3.jpg,UNIVERSAL_HUMAN,"[0,0,0,0,0,0,0]","[0,0,0,0,0,1,0]","Feeling Down: NO
Lack of Interest: NO
Self-Harm: NO
Eating Disorder: NO
Low Self-Esteem: NO
Concentration Problem: YES
Sleeping Disorder: NO"
TE-300.jpg,UNIVERSAL_HUMAN,"[1,0,0,0,0,0,0]","[0,0,0,0,0,0,0]","Feeling Down: NO
Lack of Interest: NO
Self-Harm: NO
Eating Disorder: NO
Low Self-Esteem: NO
Concentration Problem: NO
Sleeping Disorder: NO"
TE-301.jpg,UNIVERSAL_HUMAN,"[0,0,1,0,0,0,0]","[0,0,0,0,0,0,0]","Feeling Down: NO
Lack of Interest: NO
Self-Harm: NO
Eating Disorder: NO
Low Self-Esteem: NO
Concentration Problem: NO
Sleeping Disorder: NO"
TE-302.jpg,UNIVERSAL_HUMAN,"[0,0,0,0,0,0,0]","[0,0,0,0,1,1,1]","Feeling Down: YES/NO
Lack of Interest: YES/NO
Self-Harm: YES/NO
Eating Disorder: NO
Low Self-Esteem: NO/YES
Concentration Problem: NO/YES
Sleeping Disorder: NO/YES"
TE-304.jpg,UNIVERSAL_HUMAN,"[0,0,0,0,0,0,0]","[0,0,0,0,0,0,0]","Feeling Down: NO
Lack of Interest: NO
Self-Harm: NO
Eating Disorder: NO
Low Self-Esteem: NO
Concentration Problem: NO
Sleeping Disorder: NO"
TE-305.jpg,UNIVERSAL_HUMAN,"[1,0,0,0,1,0,0]","[0,0,0,0,0,0,0]","Feeling Down: NO
Lack of Interest: NO
Self-Harm: NO
Eating Disorder: NO
Low Self-Esteem: NO
Concentration Problem: NO
Sleeping Disorder: NO"
TE-307.jpg,UNIVERSAL_HUMAN,"[1,0,0,0,1,0,0]","[0,0,0,0,0,0,0]","Feeling Down: NO
Lack of Interest: NO
Self-Harm: NO
Eating Disorder: NO
Low Self-Esteem: NO
Concentration Problem: NO
Sleeping Disorder: NO"
TE-31.jpg,UNIVERSAL_HUMAN,"[1,0,0,0,0,0,0]","[0,0,0,0,0,0,0]","Feeling Down: NO
Lack of Interest: NO
Self-Harm: NO
Eating Disorder: NO
Low Self-Esteem: NO
Concentration Problem: NO
Sleeping Disorder: NO"
TE-310.jpg,UNIVERSAL_HUMAN,"[0,1,0,1,0,0,0]","[0,0,0,0,0,0,0]","Feeling Down: NO
Lack of Interest: NO
Self-Harm: NO
Eating Disorder: NO
Low Self-Esteem: NO
Concentration Problem: NO
Sleeping Disorder: NO"
TE-312.jpg,UNIVERSAL_HUMAN,"[0,0,0,0,0,0,0]","[0,0,0,0,0,0,0]","Feeling Down: NO
Lack of Interest: NO
Self-Harm: NO
Eating Disorder: NO
Low Self-Esteem: NO
Concentration Problem: NO
Sleeping Disorder: NO"
TE-314.jpg,UNIVERSAL_HUMAN,"[0,0,0,0,0,0,1]","[0,0,0,0,0,0,0]","Feeling Down: NO
Lack of Interest: NO
Self-Harm: NO
Eating Disorder: NO
Low Self-Esteem: NO
Concentration Problem: NO
Sleeping Disorder: NO"
TE-315.jpg,UNIVERSAL_HUMAN,"[0,0,0,0,0,0,0]","[0,0,0,0,0,0,0]","Feeling Down: YES/NO
Lack of Interest: YES/NO
Self-Harm: NO
Eating Disorder: NO
Low Self-Esteem: NO
Concentration Problem: NO
Sleeping Disorder: YES/NO"
TE-317.jpg,UNIVERSAL_HUMAN,"[0,1,0,0,0,0,0]","[0,0,0,0,0,0,0]","Feeling Down: NO
Lack of Interest: NO
Self-Harm: NO
Eating Disorder: NO
Low Self-Esteem: NO
Concentration Problem: NO
Sleeping Disorder: NO"
TE-318.jpg,UNIVERSAL_HUMAN,"[0,0,0,1,0,0,0]","[0,0,0,0,0,0,0]","Feeling Down: NO
Lack of Interest: NO
Self-Harm: NO
Eating Disorder: NO
Low Self-Esteem: NO
Concentration Problem: NO
Sleeping Disorder: NO"
TE-319.jpg,UNIVERSAL_HUMAN,"[0,0,0,0,0,1,0]","[0,0,0,0,0,1,0]","Feeling Down: NO
Lack of Interest: NO
Self-Harm: NO
Eating Disorder: NO
Low Self-Esteem: NO
Concentration Problem: YES
Sleeping Disorder: NO"
TE-320.jpg,UNIVERSAL_HUMAN,"[0,0,0,0,0,0,0]","[0,0,0,0,0,0,0]","Feeling Down: NO
Lack of Interest: NO
Self-Harm: NO
Eating Disorder: NO
Low Self-Esteem: NO
Concentration Problem: NO
Sleeping Disorder: NO"
TE-321.jpg,UNIVERSAL_HUMAN,"[1,0,1,0,1,0,0]","[0,0,0,0,0,0,0]","Feeling Down: YES/NO
Lack of Interest: YES/NO
Self-Harm: YES/NO
Eating Disorder: NO
Low Self-Esteem: YES/NO
Concentration Problem: NO
Sleeping Disorder: NO"
TE-322.jpg,UNIVERSAL_HUMAN,"[0,0,1,0,0,0,0]","[0,0,1,1,1,1,1]","Feeling Down: YES/NO
Lack of Interest: YES/NO
Self-Harm: NO/YES
Eating Disorder: NO/YES
Low Self-Esteem: NO/YES
Concentration Problem: NO/YES
Sleeping Disorder: NO/YES"
TE-324.jpg,UNIVERSAL_HUMAN,"[1,0,1,0,0,0,0]","[0,0,0,0,0,0,0]","Feeling Down: NO
Lack of Interest: NO
Self-Harm: NO
Eating Disorder: NO
Low Self-Esteem: NO
Concentration Problem: NO
Sleeping Disorder: NO"
TE-325.jpg,UNIVERSAL_HUMAN,"[0,0,0,1,0,0,0]","[0,0,0,0,0,0,0]","Feeling Down: NO
Lack of Interest: NO
Self-Harm: NO
Eating Disorder: NO
Low Self-Esteem: NO
Concentration Problem: NO
Sleeping Disorder: NO"
TE-327.jpg,UNIVERSAL_HUMAN,"[0,0,0,0,0,0,1]","[0,0,0,0,0,0,0]","Feeling Down: NO
Lack of Interest: NO
Self-Harm: NO
Eating Disorder: NO
Low Self-Esteem: NO
Concentration Problem: NO
Sleeping Disorder: NO"
TE-330.jpg,UNIVERSAL_HUMAN,"[0,0,1,0,0,0,0]","[0,0,0,0,0,0,0]","Feeling Down: NO
Lack of Interest: NO
Self-Harm: NO
Eating Disorder: NO
Low Self-Esteem: NO
Concentration Problem: NO
Sleeping Disorder: NO"
TE-332.jpg,UNIVERSAL_HUMAN,"[0,0,0,0,0,0,1]","[0,0,0,0,0,0,1]","Feeling Down: NO
Lack of Interest: NO
Self-Harm: NO
Eating Disorder: NO
Low Self-Esteem: NO
Concentration Problem: NO
Sleeping Disorder: YES"
TE-334.jpg,UNIVERSAL_HUMAN,"[0,0,0,0,0,1,0]","[0,0,0,0,0,0,0]","Feeling Down: NO
Lack of Interest: NO
Self-Harm: NO
Eating Disorder: NO
Low Self-Esteem: NO
Concentration Problem: NO
Sleeping Disorder: NO"
TE-335.jpg,UNIVERSAL_HUMAN,"[0,0,0,0,0,0,1]","[0,0,0,0,0,0,1]","Feeling Down: NO
Lack of Interest: NO
Self-Harm: NO
Eating Disorder: NO
Low Self-Esteem: NO
Concentration Problem: NO
Sleeping Disorder: YES"
TE-337.jpg,UNIVERSAL_HUMAN,"[1,0,1,0,0,0,0]","[0,0,0,0,0,0,0]","Feeling Down: NO
Lack of Interest: NO
Self-Harm: NO
Eating Disorder: NO
Low Self-Esteem: NO
Concentration Problem: NO
Sleeping Disorder: NO"
TE-338.jpg,UNIVERSAL_HUMAN,"[1,0,1,0,0,0,1]","[0,0,0,0,0,0,0]","Feeling Down: NO
Lack of Interest: NO
Self-Harm: NO
Eating Disorder: NO
Low Self-Esteem: NO
Concentration Problem: NO
Sleeping Disorder: NO"
TE-339.jpg,UNIVERSAL_HUMAN,"[1,0,0,0,0,0,0]","[0,0,0,0,0,0,0]","Feeling Down: NO
Lack of Interest: NO
Self-Harm: NO
Eating Disorder: NO
Low Self-Esteem: NO
Concentration Problem: NO
Sleeping Disorder: NO"
TE-340.jpg,UNIVERSAL_HUMAN,"[0,0,0,0,0,0,0]","[0,0,0,0,0,0,0]","Feeling Down: NO
Lack of Interest: NO
Self-Harm: NO
Eating Disorder: NO
Low Self-Esteem: NO
Concentration Problem: NO
Sleeping Disorder: NO"
TE-341.jpg,UNIVERSAL_HUMAN,"[0,0,1,0,0,0,0]","[1,1,1,0,0,0,0]","Feeling Down: YES
Lack of Interest: YES
Self-Harm: YES
Eating Disorder: NO
Low Self-Esteem: NO
Concentration Problem: NO
Sleeping Disorder: NO"
TE-344.jpg,UNIVERSAL_HUMAN,"[0,0,0,1,0,0,0]","[0,0,0,0,0,0,0]","Feeling Down: NO
Lack of Interest: NO
Self-Harm: NO
Eating Disorder: NO
Low Self-Esteem: NO
Concentration Problem: NO
Sleeping Disorder: NO"
TE-345.jpg,UNIVERSAL_HUMAN,"[1,0,1,0,0,1,0]","[0,0,0,0,0,0,0]","Feeling Down: NO
Lack of Interest: NO
Self-Harm: NO
Eating Disorder: NO
Low Self-Esteem: NO
Concentration Problem: NO
Sleeping Disorder: NO"
TE-347.jpg,UNIVERSAL_HUMAN,"[1,0,0,0,0,0,0]","[0,0,0,0,0,0,0]","Feeling Down: NO
Lack of Interest: NO
Self-Harm: NO
Eating Disorder: NO
Low Self-Esteem: NO
Concentration Problem: NO
Sleeping Disorder: NO"
TE-348.jpg,UNIVERSAL_HUMAN,"[1,0,1,0,0,0,0]","[0,0,1,0,0,0,0]","Feeling Down: NO
Lack of Interest: NO
Self-Harm: YES
Eating Disorder: NO
Low Self-Esteem: NO
Concentration Problem: NO
Sleeping Disorder: NO"
TE-35.jpg,UNIVERSAL_HUMAN,"[0,0,0,0,1,0,0]","[0,0,0,0,0,0,0]","Feeling Down: NO
Lack of Interest: NO
Self-Harm: NO
Eating Disorder: NO
Low Self-Esteem: NO
Concentration Problem: NO
Sleeping Disorder: NO"
TE-350.jpg,UNIVERSAL_HUMAN,"[0,0,0,0,0,0,1]","[0,0,0,0,0,0,0]","Feeling Down: NO
Lack of Interest: NO
Self-Harm: NO
Eating Disorder: NO
Low Self-Esteem: NO
Concentration Problem: NO
Sleeping Disorder: NO"
TE-351.jpg,UNIVERSAL_HUMAN,"[0,0,1,0,0,0,0]","[0,0,0,0,0,0,1]","Feeling Down: YES/NO
Lack of Interest: YES/NO
Self-Harm: YES/NO
Eating Disorder: NO
Low Self-Esteem: YES/NO
Concentration Problem: YES/NO
Sleeping Disorder: NO/YES"
TE-352.jpg,UNIVERSAL_HUMAN,"[0,0,0,0,0,0,1]","[0,0,0,0,0,0,1]","Feeling Down: NO
Lack of Interest: NO
Self-Harm: NO
Eating Disorder: NO
Low Self-Esteem: NO
Concentration Problem: NO
Sleeping Disorder: YES"
TE-355.jpg,UNIVERSAL_HUMAN,"[0,0,0,1,1,0,0]","[0,0,0,0,0,0,0]","Feeling Down: NO
Lack of Interest: NO
Self-Harm: NO
Eating Disorder: NO
Low Self-Esteem: NO
Concentration Problem: NO
Sleeping Disorder: NO"
TE-356.jpg,UNIVERSAL_HUMAN,"[0,0,0,0,0,0,0]","[1,1,1,0,1,0,0]","Feeling Down: YES
Lack of Interest: YES
Self-Harm: YES
Eating Disorder: NO
Low Self-Esteem: YES
Concentration Problem: NO
Sleeping Disorder: NO"
TE-357.jpg,UNIVERSAL_HUMAN,"[0,0,0,0,0,0,0]","[0,0,0,0,0,1,0]","Feeling Down: NO
Lack of Interest: NO
Self-Harm: NO
Eating Disorder: NO
Low Self-Esteem: NO
Concentration Problem: YES
Sleeping Disorder: NO"
TE-358.jpg,UNIVERSAL_HUMAN,"[0,1,0,0,0,0,0]","[0,0,0,0,0,0,0]","Feeling Down: NO
Lack of Interest: NO
Self-Harm: NO
Eating Disorder: NO
Low Self-Esteem: NO
Concentration Problem: NO
Sleeping Disorder: NO"
TE-359.jpg,UNIVERSAL_HUMAN,"[1,0,0,0,0,0,0]","[0,0,1,0,0,0,0]","Feeling Down: NO
Lack of Interest: NO
Self-Harm: YES
Eating Disorder: NO
Low Self-Esteem: NO
Concentration Problem: NO
Sleeping Disorder: NO"
TE-36.jpg,UNIVERSAL_HUMAN,"[0,0,0,0,0,0,0]","[0,0,0,0,0,0,0]","Feeling Down: NO
Lack of Interest: NO
Self-Harm: NO
Eating Disorder: NO
Low Self-Esteem: NO
Concentration Problem: NO
Sleeping Disorder: NO"
TE-360.jpg,UNIVERSAL_HUMAN,"[0,0,0,0,0,0,0]","[0,0,0,0,0,0,1]","Feeling Down: NO
Lack of Interest: NO
Self-Harm: NO
Eating Disorder: NO
Low Self-Esteem: NO
Concentration Problem: NO
Sleeping Disorder: YES"
TE-361.jpg,UNIVERSAL_HUMAN,"[0,0,1,0,0,0,0]","[0,0,0,0,0,0,0]","Feeling Down: NO
Lack of Interest: NO
Self-Harm: NO
Eating Disorder: NO
Low Self-Esteem: NO
Concentration Problem: NO
Sleeping Disorder: NO"
TE-363.jpg,UNIVERSAL_HUMAN,"[0,1,0,0,0,0,0]","[0,1,0,0,0,0,0]","Feeling Down: NO
Lack of Interest: YES
Self-Harm: NO
Eating Disorder: NO
Low Self-Esteem: NO
Concentration Problem: NO
Sleeping Disorder: NO"
TE-365.jpg,UNIVERSAL_HUMAN,"[1,1,1,0,0,0,0]","[0,0,0,0,0,0,0]","Feeling Down: NO
Lack of Interest: NO
Self-Harm: NO
Eating Disorder: NO
Low Self-Esteem: NO
Concentration Problem: NO
Sleeping Disorder: NO"
TE-366.jpg,UNIVERSAL_HUMAN,"[0,0,0,0,0,1,0]","[0,0,0,0,0,1,0]","Feeling Down: NO
Lack of Interest: NO
Self-Harm: NO
Eating Disorder: NO
Low Self-Esteem: NO
Concentration Problem: YES
Sleeping Disorder: NO"
TE-368.jpg,UNIVERSAL_HUMAN,"[0,0,1,0,0,0,0]","[0,0,1,0,0,0,0]","Feeling Down: NO
Lack of Interest: NO
Self-Harm: YES
Eating Disorder: NO
Low Self-Esteem: NO
Concentration Problem: NO
Sleeping Disorder: NO"
TE-371.jpg,UNIVERSAL_HUMAN,"[0,0,0,0,0,0,0]","[0,0,0,0,0,0,0]","Feeling Down: NO
Lack of Interest: NO
Self-Harm: NO
Eating Disorder: NO
Low Self-Esteem: NO
Concentration Problem: NO
Sleeping Disorder: NO"
TE-376.jpg,UNIVERSAL_HUMAN,"[0,0,1,0,0,0,0]","[0,0,0,0,0,0,0]","Feeling Down: NO
Lack of Interest: NO
Self-Harm: NO
Eating Disorder: NO
Low Self-Esteem: NO
Concentration Problem: NO
Sleeping Disorder: NO"
TE-377.jpg,UNIVERSAL_HUMAN,"[1,0,1,0,1,0,0]","[0,0,1,0,0,0,0]","Feeling Down: NO
Lack of Interest: NO
Self-Harm: YES
Eating Disorder: NO
Low Self-Esteem: NO
Concentration Problem: NO
Sleeping Disorder: NO"
TE-38.jpg,UNIVERSAL_HUMAN,"[1,0,0,0,0,0,0]","[0,0,0,0,0,0,0]","Feeling Down: NO
Lack of Interest: NO
Self-Harm: NO
Eating Disorder: NO
Low Self-Esteem: NO
Concentration Problem: NO
Sleeping Disorder: NO"
TE-380.jpg,UNIVERSAL_HUMAN,"[0,0,1,0,0,0,0]","[0,0,0,0,0,0,0]","Feeling Down: YES/NO
Lack of Interest: YES/NO
Self-Harm: YES/NO
Eating Disorder: NO
Low Self-Esteem: YES/NO
Concentration Problem: NO
Sleeping Disorder: NO"
TE-381.jpg,UNIVERSAL_HUMAN,"[0,0,0,0,0,1,1]","[0,0,0,0,0,0,0]","Feeling Down: NO
Lack of Interest: NO
Self-Harm: NO
Eating Disorder: NO
Low Self-Esteem: NO
Concentration Problem: NO
Sleeping Disorder: NO"
TE-382.jpg,UNIVERSAL_HUMAN,"[0,0,0,0,0,0,0]","[0,0,0,0,0,0,0]","Feeling Down: NO
Lack of Interest: NO
Self-Harm: NO
Eating Disorder: NO
Low Self-Esteem: NO
Concentration Problem: NO
Sleeping Disorder: NO"
TE-383.jpg,UNIVERSAL_HUMAN,"[0,0,1,0,1,0,0]","[0,0,0,0,0,0,0]","Feeling Down: NO
Lack of Interest: NO
Self-Harm: NO
Eating Disorder: NO
Low Self-Esteem: NO
Concentration Problem: NO
Sleeping Disorder: NO"
TE-386.jpg,UNIVERSAL_HUMAN,"[0,0,0,0,0,0,1]","[0,0,0,1,0,1,0]","Feeling Down: NO
Lack of Interest: NO
Self-Harm: NO
Eating Disorder: YES
Low Self-Esteem: NO
Concentration Problem: YES
Sleeping Disorder: NO"
TE-387.jpg,UNIVERSAL_HUMAN,"[1,0,1,0,0,0,0]","[0,0,0,0,0,0,0]","Feeling Down: NO
Lack of Interest: NO
Self-Harm: NO
Eating Disorder: NO
Low Self-Esteem: NO
Concentration Problem: NO
Sleeping Disorder: NO"
TE-388.jpg,UNIVERSAL_HUMAN,"[0,0,0,0,0,0,0]","[0,0,0,0,0,0,0]","Feeling Down: NO
Lack of Interest: NO
Self-Harm: NO
Eating Disorder: NO
Low Self-Esteem: NO
Concentration Problem: NO
Sleeping Disorder: NO"
TE-389.jpg,UNIVERSAL_HUMAN,"[0,1,0,0,0,0,0]","[0,0,0,0,0,0,0]","Feeling Down: NO
Lack of Interest: NO
Self-Harm: NO
Eating Disorder: NO
Low Self-Esteem: NO
Concentration Problem: NO
Sleeping Disorder: NO"
TE-39.jpg,UNIVERSAL_HUMAN,"[0,0,0,0,0,0,0]","[0,0,0,0,0,0,0]","Feeling Down: NO
Lack of Interest: NO
Self-Harm: NO
Eating Disorder: NO
Low Self-Esteem: NO
Concentration Problem: NO
Sleeping Disorder: NO"
TE-390.jpg,UNIVERSAL_HUMAN,"[0,0,0,0,0,1,0]","[0,0,0,0,0,0,0]","Feeling Down: NO
Lack of Interest: NO
Self-Harm: NO
Eating Disorder: NO
Low Self-Esteem: NO
Concentration Problem: NO
Sleeping Disorder: NO"
TE-391.jpg,UNIVERSAL_HUMAN,"[0,0,0,0,0,0,0]","[1,1,0,0,0,0,0]","Feeling Down: YES
Lack of Interest: YES
Self-Harm: NO
Eating Disorder: NO
Low Self-Esteem: NO
Concentration Problem: NO
Sleeping Disorder: NO"
TE-392.jpg,UNIVERSAL_HUMAN,"[0,0,0,0,0,1,0]","[0,0,0,0,0,0,0]","Feeling Down: NO
Lack of Interest: NO
Self-Harm: NO
Eating Disorder: NO
Low Self-Esteem: NO
Concentration Problem: NO
Sleeping Disorder: NO"
TE-393.jpg,UNIVERSAL_HUMAN,"[1,0,0,0,0,0,0]","[0,0,0,0,0,0,0]","Feeling Down: NO
Lack of Interest: NO
Self-Harm: NO
Eating Disorder: NO
Low Self-Esteem: NO
Concentration Problem: NO
Sleeping Disorder: NO"
TE-394.jpg,UNIVERSAL_HUMAN,"[0,1,0,0,0,0,0]","[0,0,0,0,0,0,0]","Feeling Down: NO
Lack of Interest: NO
Self-Harm: NO
Eating Disorder: NO
Low Self-Esteem: NO
Concentration Problem: NO
Sleeping Disorder: NO"
TE-395.jpg,UNIVERSAL_HUMAN,"[0,0,0,0,0,0,0]","[0,0,0,0,0,0,0]","Feeling Down: NO
Lack of Interest: NO
Self-Harm: NO
Eating Disorder: NO
Low Self-Esteem: NO
Concentration Problem: NO
Sleeping Disorder: NO"
TE-396.jpg,UNIVERSAL_HUMAN,"[0,0,0,0,0,0,0]","[0,0,0,0,0,0,0]","Feeling Down: NO
Lack of Interest: NO
Self-Harm: NO
Eating Disorder: NO
Low Self-Esteem: NO
Concentration Problem: NO
Sleeping Disorder: NO"
TE-397.jpg,UNIVERSAL_HUMAN,"[0,0,0,0,0,0,0]","[0,0,0,0,0,0,0]","Feeling Down: NO
Lack of Interest: NO
Self-Harm: NO
Eating Disorder: NO
Low Self-Esteem: NO
Concentration Problem: NO
Sleeping Disorder: NO"
TE-398.jpg,UNIVERSAL_HUMAN,"[0,0,1,0,0,0,0]","[0,0,0,0,0,0,0]","Feeling Down: NO
Lack of Interest: NO
Self-Harm: NO
Eating Disorder: NO
Low Self-Esteem: NO
Concentration Problem: NO
Sleeping Disorder: NO"
TE-399.jpg,UNIVERSAL_HUMAN,"[0,0,0,0,0,0,0]","[0,0,0,0,0,0,0]","Feeling Down: NO
Lack of Interest: NO
Self-Harm: NO
Eating Disorder: NO
Low Self-Esteem: NO
Concentration Problem: NO
Sleeping Disorder: NO"
TE-4.jpg,UNIVERSAL_HUMAN,"[1,0,0,0,1,1,1]","[0,0,0,0,0,0,0]","Feeling Down: NO
Lack of Interest: NO
Self-Harm: NO
Eating Disorder: NO
Low Self-Esteem: NO
Concentration Problem: NO
Sleeping Disorder: NO"
TE-401.jpg,UNIVERSAL_HUMAN,"[0,0,1,0,0,0,0]","[0,0,0,0,0,0,0]","Feeling Down: NO
Lack of Interest: NO
Self-Harm: NO
Eating Disorder: NO
Low Self-Esteem: NO
Concentration Problem: NO
Sleeping Disorder: NO"
TE-402.jpg,UNIVERSAL_HUMAN,"[1,0,1,0,0,0,0]","[0,0,1,0,0,0,0]","Feeling Down: NO
Lack of Interest: NO
Self-Harm: YES
Eating Disorder: NO
Low Self-Esteem: NO
Concentration Problem: NO
Sleeping Disorder: NO"
TE-403.jpg,UNIVERSAL_HUMAN,"[0,0,0,0,0,0,1]","[0,0,0,0,0,0,0]","Feeling Down: NO
Lack of Interest: NO
Self-Harm: NO
Eating Disorder: NO
Low Self-Esteem: NO
Concentration Problem: NO
Sleeping Disorder: NO"
TE-404.jpg,UNIVERSAL_HUMAN,"[0,0,0,0,0,1,1]","[0,0,0,0,0,1,0]","Feeling Down: NO
Lack of Interest: NO
Self-Harm: NO
Eating Disorder: NO
Low Self-Esteem: NO
Concentration Problem: YES
Sleeping Disorder: NO"
TE-405.jpg,UNIVERSAL_HUMAN,"[0,0,1,0,0,0,0]","[0,0,0,0,0,0,0]","Feeling Down: YES/NO
Lack of Interest: YES/NO
Self-Harm: YES/NO
Eating Disorder: NO
Low Self-Esteem: NO
Concentration Problem: NO
Sleeping Disorder: NO"
TE-406.jpg,UNIVERSAL_HUMAN,"[0,0,0,0,0,0,1]","[0,0,0,0,0,0,0]","Feeling Down: NO
Lack of Interest: NO
Self-Harm: NO
Eating Disorder: NO
Low Self-Esteem: NO
Concentration Problem: NO
Sleeping Disorder: NO"
TE-407.jpg,UNIVERSAL_HUMAN,"[0,0,0,0,0,1,0]","[0,0,0,0,0,1,0]","Feeling Down: NO
Lack of Interest: NO
Self-Harm: NO
Eating Disorder: NO
Low Self-Esteem: NO
Concentration Problem: YES
Sleeping Disorder: NO"
TE-408.jpg,UNIVERSAL_HUMAN,"[1,0,0,0,0,0,0]","[0,0,0,0,0,0,0]","Feeling Down: NO
Lack of Interest: NO
Self-Harm: NO
Eating Disorder: NO
Low Self-Esteem: NO
Concentration Problem: NO
Sleeping Disorder: NO"
TE-409.jpg,UNIVERSAL_HUMAN,"[1,0,0,0,0,0,0]","[0,0,0,0,0,0,0]","Feeling Down: NO
Lack of Interest: NO
Self-Harm: NO
Eating Disorder: NO
Low Self-Esteem: NO
Concentration Problem: NO
Sleeping Disorder: NO"
TE-41.jpg,UNIVERSAL_HUMAN,"[0,0,1,0,0,0,0]","[0,0,1,0,0,0,0]","Feeling Down: NO
Lack of Interest: NO
Self-Harm: YES
Eating Disorder: NO
Low Self-Esteem: NO
Concentration Problem: NO
Sleeping Disorder: NO"
TE-410.jpg,UNIVERSAL_HUMAN,"[0,0,0,0,0,0,1]","[0,0,0,0,0,0,1]","Feeling Down: NO
Lack of Interest: NO
Self-Harm: NO
Eating Disorder: NO
Low Self-Esteem: NO
Concentration Problem: NO
Sleeping Disorder: YES"
TE-412.jpg,UNIVERSAL_HUMAN,"[0,0,0,0,0,0,0]","[0,0,0,0,0,0,0]","Feeling Down: NO
Lack of Interest: NO
Self-Harm: NO
Eating Disorder: NO
Low Self-Esteem: NO
Concentration Problem: NO
Sleeping Disorder: NO"
TE-414.jpg,UNIVERSAL_HUMAN,"[0,0,0,0,0,0,0]","[0,0,0,0,0,0,0]","Feeling Down: NO
Lack of Interest: NO
Self-Harm: NO
Eating Disorder: NO
Low Self-Esteem: NO
Concentration Problem: NO
Sleeping Disorder: NO"
TE-415.jpg,UNIVERSAL_HUMAN,"[0,0,0,1,0,0,0]","[0,0,0,0,0,0,0]","Feeling Down: NO
Lack of Interest: NO
Self-Harm: NO
Eating Disorder: NO
Low Self-Esteem: NO
Concentration Problem: NO
Sleeping Disorder: NO"
TE-416.jpg,UNIVERSAL_HUMAN,"[1,0,0,1,0,0,0]","[0,0,0,0,0,0,0]","Feeling Down: NO
Lack of Interest: NO
Self-Harm: NO
Eating Disorder: NO
Low Self-Esteem: NO
Concentration Problem: NO
Sleeping Disorder: NO"
TE-417.jpg,UNIVERSAL_HUMAN,"[0,0,0,1,0,1,0]","[0,0,0,0,0,0,0]","Feeling Down: NO
Lack of Interest: NO
Self-Harm: NO
Eating Disorder: NO
Low Self-Esteem: NO
Concentration Problem: NO
Sleeping Disorder: NO"
TE-419.jpg,UNIVERSAL_HUMAN,"[1,0,0,0,0,0,1]","[0,0,0,0,0,0,0]","Feeling Down: NO
Lack of Interest: NO
Self-Harm: NO
Eating Disorder: NO
Low Self-Esteem: NO
Concentration Problem: NO
Sleeping Disorder: NO"
TE-42.jpg,UNIVERSAL_HUMAN,"[1,0,1,0,0,0,0]","[0,0,0,0,0,0,0]","Feeling Down: NO
Lack of Interest: NO
Self-Harm: NO
Eating Disorder: NO
Low Self-Esteem: NO
Concentration Problem: NO
Sleeping Disorder: NO"
TE-420.jpg,UNIVERSAL_HUMAN,"[0,0,0,0,0,0,0]","[0,0,0,0,0,0,0]","Feeling Down: NO
Lack of Interest: NO
Self-Harm: NO
Eating Disorder: NO
Low Self-Esteem: NO
Concentration Problem: NO
Sleeping Disorder: NO"
TE-421.jpg,UNIVERSAL_HUMAN,"[0,0,0,0,0,0,1]","[0,0,0,0,0,0,0]","Feeling Down: NO
Lack of Interest: NO
Self-Harm: NO
Eating Disorder: NO
Low Self-Esteem: NO
Concentration Problem: NO
Sleeping Disorder: NO"
TE-423.jpg,UNIVERSAL_HUMAN,"[0,0,0,0,0,0,0]","[0,0,0,0,0,1,0]","Feeling Down: NO
Lack of Interest: NO
Self-Harm: NO
Eating Disorder: NO
Low Self-Esteem: NO
Concentration Problem: YES
Sleeping Disorder: NO"
TE-424.jpg,UNIVERSAL_HUMAN,"[0,0,0,1,0,0,0]","[0,0,0,0,0,0,0]","Feeling Down: NO
Lack of Interest: NO
Self-Harm: NO
Eating Disorder: NO
Low Self-Esteem: NO
Concentration Problem: NO
Sleeping Disorder: NO"
TE-426.jpg,UNIVERSAL_HUMAN,"[0,0,0,0,0,0,1]","[0,1,0,0,0,0,0]","Feeling Down: NO
Lack of Interest: YES
Self-Harm: NO
Eating Disorder: NO
Low Self-Esteem: NO
Concentration Problem: NO
Sleeping Disorder: NO"
TE-427.jpg,UNIVERSAL_HUMAN,"[0,0,0,0,0,0,1]","[0,0,0,0,0,0,1]","Feeling Down: NO
Lack of Interest: NO
Self-Harm: NO
Eating Disorder: NO
Low Self-Esteem: NO
Concentration Problem: NO
Sleeping Disorder: YES"
TE-428.jpg,UNIVERSAL_HUMAN,"[0,0,0,1,0,0,0]","[0,0,0,1,0,0,0]","Feeling Down: NO
Lack of Interest: NO
Self-Harm: NO
Eating Disorder: YES
Low Self-Esteem: NO
Concentration Problem: NO
Sleeping Disorder: NO"
TE-429.jpg,UNIVERSAL_HUMAN,"[0,0,0,1,0,0,0]","[0,0,0,0,0,0,0]","Feeling Down: NO
Lack of Interest: NO
Self-Harm: NO
Eating Disorder: NO
Low Self-Esteem: NO
Concentration Problem: NO
Sleeping Disorder: NO"
TE-43.jpg,UNIVERSAL_HUMAN,"[1,0,0,0,0,0,0]","[0,0,1,0,0,0,0]","Feeling Down: NO
Lack of Interest: NO
Self-Harm: YES
Eating Disorder: NO
Low Self-Esteem: NO
Concentration Problem: NO
Sleeping Disorder: NO"
TE-430.jpg,UNIVERSAL_HUMAN,"[0,0,0,0,0,0,1]","[0,0,0,0,0,0,0]","Feeling Down: NO
Lack of Interest: NO
Self-Harm: NO
Eating Disorder: NO
Low Self-Esteem: NO
Concentration Problem: NO
Sleeping Disorder: NO"
TE-432.jpg,UNIVERSAL_HUMAN,"[1,0,0,0,0,0,0]","[0,0,0,0,0,0,1]","Feeling Down: NO
Lack of Interest: NO
Self-Harm: NO
Eating Disorder: NO
Low Self-Esteem: NO
Concentration Problem: NO
Sleeping Disorder: YES"
TE-433.jpg,UNIVERSAL_HUMAN,"[1,1,0,0,0,0,0]","[0,0,0,0,0,0,0]","Feeling Down: NO
Lack of Interest: NO
Self-Harm: NO
Eating Disorder: NO
Low Self-Esteem: NO
Concentration Problem: NO
Sleeping Disorder: NO"
TE-435.jpg,UNIVERSAL_HUMAN,"[0,0,0,0,0,0,0]","[0,0,0,0,0,0,0]","Feeling Down: NO
Lack of Interest: NO
Self-Harm: NO
Eating Disorder: NO
Low Self-Esteem: NO
Concentration Problem: NO
Sleeping Disorder: NO"
TE-436.jpg,UNIVERSAL_HUMAN,"[0,0,0,0,0,1,0]","[0,0,0,0,0,0,0]","Feeling Down: NO
Lack of Interest: NO
Self-Harm: NO
Eating Disorder: NO
Low Self-Esteem: NO
Concentration Problem: NO
Sleeping Disorder: NO"
TE-437.jpg,UNIVERSAL_HUMAN,"[1,0,0,0,0,0,0]","[0,0,1,1,1,1,1]","Feeling Down: YES/NO
Lack of Interest: YES/NO
Self-Harm: NO/YES
Eating Disorder: NO/YES
Low Self-Esteem: NO/YES
Concentration Problem: NO/YES
Sleeping Disorder: NO/YES"
TE-438.jpg,UNIVERSAL_HUMAN,"[0,0,0,0,0,0,0]","[0,0,0,0,0,0,0]","Feeling Down: NO
Lack of Interest: NO
Self-Harm: NO
Eating Disorder: NO
Low Self-Esteem: NO
Concentration Problem: NO
Sleeping Disorder: NO"
TE-439.jpg,UNIVERSAL_HUMAN,"[0,1,0,0,0,0,0]","[0,0,0,0,0,0,0]","Feeling Down: NO
Lack of Interest: NO
Self-Harm: NO
Eating Disorder: NO
Low Self-Esteem: NO
Concentration Problem: NO
Sleeping Disorder: NO"
TE-440.jpg,UNIVERSAL_HUMAN,"[0,1,0,0,0,0,0]","[0,1,0,0,0,0,0]","Feeling Down: NO
Lack of Interest: YES
Self-Harm: NO
Eating Disorder: NO
Low Self-Esteem: NO
Concentration Problem: NO
Sleeping Disorder: NO"
TE-441.jpg,UNIVERSAL_HUMAN,"[0,1,0,0,0,1,0]","[0,1,0,0,0,0,0]","Feeling Down: NO
Lack of Interest: YES
Self-Harm: NO
Eating Disorder: NO
Low Self-Esteem: NO
Concentration Problem: NO
Sleeping Disorder: NO"
TE-443.jpg,UNIVERSAL_HUMAN,"[0,0,0,0,0,0,1]","[0,0,0,0,0,0,0]","Feeling Down: NO
Lack of Interest: NO
Self-Harm: NO
Eating Disorder: NO
Low Self-Esteem: NO
Concentration Problem: NO
Sleeping Disorder: NO"
TE-444.jpg,UNIVERSAL_HUMAN,"[0,0,0,0,0,0,1]","[0,0,0,0,0,0,1]","Feeling Down: NO
Lack of Interest: NO
Self-Harm: NO
Eating Disorder: NO
Low Self-Esteem: NO
Concentration Problem: NO
Sleeping Disorder: YES"
TE-445.jpg,UNIVERSAL_HUMAN,"[0,0,0,1,0,0,0]","[0,0,0,0,0,0,0]","Feeling Down: NO
Lack of Interest: NO
Self-Harm: NO
Eating Disorder: NO
Low Self-Esteem: NO
Concentration Problem: NO
Sleeping Disorder: NO"
TE-447.jpg,UNIVERSAL_HUMAN,"[1,0,0,0,0,0,0]","[0,0,0,0,0,0,0]","Feeling Down: NO
Lack of Interest: NO
Self-Harm: NO
Eating Disorder: NO
Low Self-Esteem: NO
Concentration Problem: NO
Sleeping Disorder: NO"
TE-448.jpg,UNIVERSAL_HUMAN,"[1,0,0,0,0,0,0]","[0,0,0,0,0,0,0]","Feeling Down: NO
Lack of Interest: NO
Self-Harm: NO
Eating Disorder: NO
Low Self-Esteem: NO
Concentration Problem: NO
Sleeping Disorder: NO"
TE-449.jpg,UNIVERSAL_HUMAN,"[1,0,1,0,0,0,0]","[0,0,0,0,0,0,0]","Feeling Down: NO
Lack of Interest: NO
Self-Harm: NO
Eating Disorder: NO
Low Self-Esteem: NO
Concentration Problem: NO
Sleeping Disorder: NO"
TE-45.jpg,UNIVERSAL_HUMAN,"[1,0,0,0,0,0,0]","[0,0,0,0,0,0,0]","Feeling Down: NO
Lack of Interest: NO
Self-Harm: NO
Eating Disorder: NO
Low Self-Esteem: NO
Concentration Problem: NO
Sleeping Disorder: NO"
TE-451.jpg,UNIVERSAL_HUMAN,"[0,0,0,0,0,1,0]","[0,0,0,0,0,1,0]","Feeling Down: NO
Lack of Interest: NO
Self-Harm: NO
Eating Disorder: NO
Low Self-Esteem: NO
Concentration Problem: YES
Sleeping Disorder: NO"
TE-452.jpg,UNIVERSAL_HUMAN,"[0,0,0,0,0,1,0]","[0,0,0,0,0,1,0]","Feeling Down: NO
Lack of Interest: NO
Self-Harm: NO
Eating Disorder: NO
Low Self-Esteem: NO
Concentration Problem: YES
Sleeping Disorder: NO"
TE-454.jpg,UNIVERSAL_HUMAN,"[0,0,0,0,0,1,0]","[0,0,0,0,0,0,0]","Feeling Down: NO
Lack of Interest: NO
Self-Harm: NO
Eating Disorder: NO
Low Self-Esteem: NO
Concentration Problem: NO
Sleeping Disorder: NO"
TE-455.jpg,UNIVERSAL_HUMAN,"[0,0,0,0,0,0,0]","[0,0,0,0,0,0,0]","Feeling Down: NO
Lack of Interest: NO
Self-Harm: NO
Eating Disorder: NO
Low Self-Esteem: NO
Concentration Problem: NO
Sleeping Disorder: NO"
TE-456.jpg,UNIVERSAL_HUMAN,"[0,0,0,1,1,1,0]","[0,0,1,1,0,1,1]","Feeling Down: YES/NO
Lack of Interest: YES/NO
Self-Harm: NO/YES
Eating Disorder: NO/YES
Low Self-Esteem: YES/NO
Concentration Problem: NO/YES
Sleeping Disorder: NO/YES"
TE-458.jpg,UNIVERSAL_HUMAN,"[0,0,0,0,0,0,0]","[0,0,0,0,0,0,0]","Feeling Down: NO
Lack of Interest: NO
Self-Harm: NO
Eating Disorder: NO
Low Self-Esteem: NO
Concentration Problem: NO
Sleeping Disorder: NO"
TE-459.jpg,UNIVERSAL_HUMAN,"[1,0,0,0,1,0,0]","[0,0,0,0,0,0,0]","Feeling Down: NO
Lack of Interest: NO
Self-Harm: NO
Eating Disorder: NO
Low Self-Esteem: NO
Concentration Problem: NO
Sleeping Disorder: NO"
TE-462.jpg,UNIVERSAL_HUMAN,"[1,1,0,0,0,0,0]","[0,0,0,0,0,0,0]","Feeling Down: NO
Lack of Interest: NO
Self-Harm: NO
Eating Disorder: NO
Low Self-Esteem: NO
Concentration Problem: NO
Sleeping Disorder: NO"
TE-463.jpg,UNIVERSAL_HUMAN,"[1,0,0,0,0,0,0]","[0,0,0,0,0,0,0]","Feeling Down: NO
Lack of Interest: NO
Self-Harm: NO
Eating Disorder: NO
Low Self-Esteem: NO
Concentration Problem: NO
Sleeping Disorder: NO"
TE-464.jpg,UNIVERSAL_HUMAN,"[0,1,0,0,0,0,0]","[0,1,0,0,0,0,0]","Feeling Down: NO
Lack of Interest: YES
Self-Harm: NO
Eating Disorder: NO
Low Self-Esteem: NO
Concentration Problem: NO
Sleeping Disorder: NO"
TE-465.jpg,UNIVERSAL_HUMAN,"[0,0,0,0,0,0,0]","[0,0,0,0,0,1,0]","Feeling Down: NO
Lack of Interest: NO
Self-Harm: NO
Eating Disorder: NO
Low Self-Esteem: NO
Concentration Problem: YES
Sleeping Disorder: NO"
TE-466.jpg,UNIVERSAL_HUMAN,"[1,0,0,0,0,0,1]","[1,0,0,0,0,0,1]","Feeling Down: YES
Lack of Interest: NO
Self-Harm: NO
Eating Disorder: NO
Low Self-Esteem: NO
Concentration Problem: NO
Sleeping Disorder: YES"
TE-469.jpg,UNIVERSAL_HUMAN,"[0,0,0,0,0,1,0]","[0,0,0,0,0,0,0]","Feeling Down: NO
Lack of Interest: NO
Self-Harm: NO
Eating Disorder: NO
Low Self-Esteem: NO
Concentration Problem: NO
Sleeping Disorder: NO"
TE-472.jpg,UNIVERSAL_HUMAN,"[0,0,0,0,0,0,0]","[0,0,0,0,0,0,1]","Feeling Down: NO
Lack of Interest: NO
Self-Harm: NO
Eating Disorder: NO
Low Self-Esteem: NO
Concentration Problem: NO
Sleeping Disorder: YES"
TE-473.jpg,UNIVERSAL_HUMAN,"[1,0,0,0,0,0,0]","[0,0,0,0,0,0,0]","Feeling Down: NO
Lack of Interest: NO
Self-Harm: NO
Eating Disorder: NO
Low Self-Esteem: NO
Concentration Problem: NO
Sleeping Disorder: NO"
TE-474.jpg,UNIVERSAL_HUMAN,"[1,0,0,0,0,0,1]","[0,0,0,0,0,0,0]","Feeling Down: NO
Lack of Interest: NO
Self-Harm: NO
Eating Disorder: NO
Low Self-Esteem: NO
Concentration Problem: NO
Sleeping Disorder: NO"
TE-476.jpg,UNIVERSAL_HUMAN,"[0,0,0,0,0,0,0]","[0,0,0,0,0,0,1]","Feeling Down: NO
Lack of Interest: NO
Self-Harm: NO
Eating Disorder: NO
Low Self-Esteem: NO
Concentration Problem: NO
Sleeping Disorder: YES"
TE-477.jpg,UNIVERSAL_HUMAN,"[0,0,0,1,0,0,0]","[0,0,0,0,0,0,0]","Feeling Down: NO
Lack of Interest: NO
Self-Harm: NO
Eating Disorder: NO
Low Self-Esteem: NO
Concentration Problem: NO
Sleeping Disorder: NO"
TE-478.jpg,UNIVERSAL_HUMAN,"[0,0,0,0,0,0,0]","[0,0,0,0,0,1,0]","Feeling Down: NO
Lack of Interest: NO
Self-Harm: NO
Eating Disorder: NO
Low Self-Esteem: NO
Concentration Problem: YES
Sleeping Disorder: NO"
TE-48.jpg,UNIVERSAL_HUMAN,"[1,0,1,0,1,0,0]","[0,0,0,0,0,0,0]","Feeling Down: NO
Lack of Interest: NO
Self-Harm: NO
Eating Disorder: NO
Low Self-Esteem: NO
Concentration Problem: NO
Sleeping Disorder: NO"
TE-481.jpg,UNIVERSAL_HUMAN,"[0,0,0,0,0,1,0]","[0,0,0,0,0,1,0]","Feeling Down: NO
Lack of Interest: NO
Self-Harm: NO
Eating Disorder: NO
Low Self-Esteem: NO
Concentration Problem: YES
Sleeping Disorder: NO"
TE-482.jpg,UNIVERSAL_HUMAN,"[0,1,0,0,0,0,0]","[0,1,0,0,0,1,0]","Feeling Down: NO
Lack of Interest: YES
Self-Harm: NO
Eating Disorder: NO
Low Self-Esteem: NO
Concentration Problem: YES
Sleeping Disorder: NO"
TE-485.jpg,UNIVERSAL_HUMAN,"[0,0,0,0,0,1,0]","[0,0,0,0,0,1,0]","Feeling Down: NO
Lack of Interest: NO
Self-Harm: NO
Eating Disorder: NO
Low Self-Esteem: NO
Concentration Problem: YES
Sleeping Disorder: NO"
TE-486.jpg,UNIVERSAL_HUMAN,"[0,1,0,0,0,0,0]","[0,1,0,0,0,0,0]","Feeling Down: NO
Lack of Interest: YES
Self-Harm: NO
Eating Disorder: NO
Low Self-Esteem: NO
Concentration Problem: NO
Sleeping Disorder: NO"
TE-487.jpg,UNIVERSAL_HUMAN,"[0,0,0,0,0,0,0]","[0,0,0,0,0,0,0]","Feeling Down: NO
Lack of Interest: NO
Self-Harm: NO
Eating Disorder: NO
Low Self-Esteem: NO
Concentration Problem: NO
Sleeping Disorder: NO"
TE-488.jpg,UNIVERSAL_HUMAN,"[0,0,0,0,0,0,1]","[0,0,0,0,0,0,1]","Feeling Down: NO
Lack of Interest: NO
Self-Harm: NO
Eating Disorder: NO
Low Self-Esteem: NO
Concentration Problem: NO
Sleeping Disorder: YES"
TE-489.jpg,UNIVERSAL_HUMAN,"[0,1,0,0,0,0,0]","[0,0,0,0,0,0,0]","Feeling Down: NO
Lack of Interest: NO
Self-Harm: NO
Eating Disorder: NO
Low Self-Esteem: NO
Concentration Problem: NO
Sleeping Disorder: NO"
TE-49.jpg,UNIVERSAL_HUMAN,"[1,0,0,0,0,0,0]","[0,0,0,0,0,0,0]","Feeling Down: NO
Lack of Interest: NO
Self-Harm: NO
Eating Disorder: NO
Low Self-Esteem: NO
Concentration Problem: NO
Sleeping Disorder: NO"
TE-490.jpg,UNIVERSAL_HUMAN,"[0,0,0,0,1,0,0]","[0,0,0,0,0,0,0]","Feeling Down: NO
Lack of Interest: NO
Self-Harm: NO
Eating Disorder: NO
Low Self-Esteem: NO
Concentration Problem: NO
Sleeping Disorder: NO"
TE-494.jpg,UNIVERSAL_HUMAN,"[0,0,0,0,1,0,0]","[0,0,0,0,0,0,0]","Feeling Down: NO
Lack of Interest: NO
Self-Harm: NO
Eating Disorder: NO
Low Self-Esteem: NO
Concentration Problem: NO
Sleeping Disorder: NO"
TE-495.jpg,UNIVERSAL_HUMAN,"[0,0,0,0,0,1,0]","[0,0,0,0,0,1,0]","Feeling Down: NO
Lack of Interest: NO
Self-Harm: NO
Eating Disorder: NO
Low Self-Esteem: NO
Concentration Problem: YES
Sleeping Disorder: NO"
TE-498.jpg,UNIVERSAL_HUMAN,"[1,1,0,0,1,0,0]","[0,0,0,0,0,0,0]","Feeling Down: NO
Lack of Interest: NO
Self-Harm: NO
Eating Disorder: NO
Low Self-Esteem: NO
Concentration Problem: NO
Sleeping Disorder: NO"
TE-499.jpg,UNIVERSAL_HUMAN,"[1,0,0,0,0,0,0]","[0,0,0,0,0,0,0]","Feeling Down: NO
Lack of Interest: NO
Self-Harm: NO
Eating Disorder: NO
Low Self-Esteem: NO
Concentration Problem: NO
Sleeping Disorder: NO"
TE-5.jpg,UNIVERSAL_HUMAN,"[0,0,0,0,0,0,0]","[0,0,0,0,0,0,0]","Feeling Down: NO
Lack of Interest: NO
Self-Harm: NO
Eating Disorder: NO
Low Self-Esteem: NO
Concentration Problem: NO
Sleeping Disorder: NO"
TE-500.jpg,UNIVERSAL_HUMAN,"[1,0,0,0,1,0,0]","[0,0,0,0,0,0,0]","Feeling Down: NO
Lack of Interest: NO
Self-Harm: NO
Eating Disorder: NO
Low Self-Esteem: NO
Concentration Problem: NO
Sleeping Disorder: NO"
TE-501.jpg,UNIVERSAL_HUMAN,"[1,0,1,0,0,0,0]","[0,0,0,0,0,0,0]","Feeling Down: NO
Lack of Interest: NO
Self-Harm: NO
Eating Disorder: NO
Low Self-Esteem: NO
Concentration Problem: NO
Sleeping Disorder: NO"
TE-503.jpg,UNIVERSAL_HUMAN,"[1,0,0,1,0,0,0]","[0,0,1,1,1,1,1]","Feeling Down: YES/NO
Lack of Interest: YES/NO
Self-Harm: NO/YES
Eating Disorder: NO/YES
Low Self-Esteem: NO/YES
Concentration Problem: NO/YES
Sleeping Disorder: NO/YES"
TE-504.jpg,UNIVERSAL_HUMAN,"[0,0,0,0,0,0,0]","[0,0,0,0,0,0,0]","Feeling Down: NO
Lack of Interest: NO
Self-Harm: NO
Eating Disorder: NO
Low Self-Esteem: NO
Concentration Problem: NO
Sleeping Disorder: NO"
TE-507.jpg,UNIVERSAL_HUMAN,"[0,0,0,1,1,0,0]","[0,0,0,0,0,0,0]","Feeling Down: NO
Lack of Interest: NO
Self-Harm: NO
Eating Disorder: NO
Low Self-Esteem: NO
Concentration Problem: NO
Sleeping Disorder: NO"
TE-508.jpg,UNIVERSAL_HUMAN,"[1,0,0,0,0,1,0]","[0,0,0,0,0,0,0]","Feeling Down: NO
Lack of Interest: NO
Self-Harm: NO
Eating Disorder: NO
Low Self-Esteem: NO
Concentration Problem: NO
Sleeping Disorder: NO"
TE-51.jpg,UNIVERSAL_HUMAN,"[1,0,0,0,0,0,0]","[0,0,1,1,1,1,1]","Feeling Down: YES/NO
Lack of Interest: YES/NO
Self-Harm: NO/YES
Eating Disorder: NO/YES
Low Self-Esteem: NO/YES
Concentration Problem: NO/YES
Sleeping Disorder: NO/YES"
TE-510.jpg,UNIVERSAL_HUMAN,"[1,1,0,0,0,0,0]","[0,0,0,0,0,0,0]","Feeling Down: NO
Lack of Interest: NO
Self-Harm: NO
Eating Disorder: NO
Low Self-Esteem: NO
Concentration Problem: NO
Sleeping Disorder: NO"
TE-511.jpg,UNIVERSAL_HUMAN,"[1,0,0,0,0,0,1]","[0,0,0,0,0,0,0]","Feeling Down: NO
Lack of Interest: NO
Self-Harm: NO
Eating Disorder: NO
Low Self-Esteem: NO
Concentration Problem: NO
Sleeping Disorder: NO"
TE-513.jpg,UNIVERSAL_HUMAN,"[0,0,0,0,0,0,0]","[0,1,0,0,0,0,0]","Feeling Down: NO
Lack of Interest: YES
Self-Harm: NO
Eating Disorder: NO
Low Self-Esteem: NO
Concentration Problem: NO
Sleeping Disorder: NO"
TE-514.jpg,UNIVERSAL_HUMAN,"[1,0,0,1,0,1,1]","[0,0,1,0,0,0,0]","Feeling Down: NO
Lack of Interest: NO
Self-Harm: YES
Eating Disorder: NO
Low Self-Esteem: NO
Concentration Problem: NO
Sleeping Disorder: NO"
TE-515.jpg,UNIVERSAL_HUMAN,"[0,0,0,0,0,0,0]","[0,0,0,0,0,0,0]","Feeling Down: NO
Lack of Interest: NO
Self-Harm: NO
Eating Disorder: NO
Low Self-Esteem: NO
Concentration Problem: NO
Sleeping Disorder: NO"
TE-516.jpg,UNIVERSAL_HUMAN,"[0,1,0,0,0,0,0]","[0,0,0,0,0,0,0]","Feeling Down: NO
Lack of Interest: NO
Self-Harm: NO
Eating Disorder: NO
Low Self-Esteem: NO
Concentration Problem: NO
Sleeping Disorder: NO"
TE-518.jpg,UNIVERSAL_HUMAN,"[0,0,0,0,0,0,1]","[0,0,0,0,0,0,1]","Feeling Down: NO
Lack of Interest: NO
Self-Harm: NO
Eating Disorder: NO
Low Self-Esteem: NO
Concentration Problem: NO
Sleeping Disorder: YES"
TE-52.jpg,UNIVERSAL_HUMAN,"[1,0,0,0,0,0,0]","[0,0,0,0,0,0,0]","Feeling Down: NO
Lack of Interest: NO
Self-Harm: NO
Eating Disorder: NO
Low Self-Esteem: NO
Concentration Problem: NO
Sleeping Disorder: NO"
TE-520.jpg,UNIVERSAL_HUMAN,"[0,0,0,0,0,1,1]","[0,0,0,0,0,0,0]","Feeling Down: NO
Lack of Interest: NO
Self-Harm: NO
Eating Disorder: NO
Low Self-Esteem: NO
Concentration Problem: NO
Sleeping Disorder: NO"
TE-522.jpg,UNIVERSAL_HUMAN,"[0,1,0,0,0,0,0]","[0,1,0,0,0,0,0]","Feeling Down: NO
Lack of Interest: YES
Self-Harm: NO
Eating Disorder: NO
Low Self-Esteem: NO
Concentration Problem: NO
Sleeping Disorder: NO"
TE-523.jpg,UNIVERSAL_HUMAN,"[0,0,0,0,0,0,0]","[0,0,0,0,0,0,0]","Feeling Down: NO
Lack of Interest: NO
Self-Harm: NO
Eating Disorder: NO
Low Self-Esteem: NO
Concentration Problem: NO
Sleeping Disorder: NO"
TE-524.jpg,UNIVERSAL_HUMAN,"[0,0,0,0,0,0,1]","[0,0,0,0,0,0,0]","Feeling Down: NO
Lack of Interest: NO
Self-Harm: NO
Eating Disorder: NO
Low Self-Esteem: NO
Concentration Problem: NO
Sleeping Disorder: NO"
TE-527.jpg,UNIVERSAL_HUMAN,"[0,0,0,1,0,0,0]","[0,0,0,1,0,0,0]","Feeling Down: NO
Lack of Interest: NO
Self-Harm: NO
Eating Disorder: YES
Low Self-Esteem: NO
Concentration Problem: NO
Sleeping Disorder: NO"
TE-528.jpg,UNIVERSAL_HUMAN,"[0,0,0,1,0,0,0]","[0,0,0,0,0,0,0]","Feeling Down: NO
Lack of Interest: NO
Self-Harm: NO
Eating Disorder: NO
Low Self-Esteem: NO
Concentration Problem: NO
Sleeping Disorder: NO"
TE-529.jpg,UNIVERSAL_HUMAN,"[1,1,0,0,0,0,0]","[0,1,0,0,0,0,0]","Feeling Down: NO
Lack of Interest: YES
Self-Harm: NO
Eating Disorder: NO
Low Self-Esteem: NO
Concentration Problem: NO
Sleeping Disorder: NO"
TE-530.jpg,UNIVERSAL_HUMAN,"[0,0,0,0,0,0,1]","[0,0,0,0,0,0,1]","Feeling Down: NO
Lack of Interest: NO
Self-Harm: NO
Eating Disorder: NO
Low Self-Esteem: NO
Concentration Problem: NO
Sleeping Disorder: YES"
TE-531.jpg,UNIVERSAL_HUMAN,"[0,0,0,1,0,0,0]","[0,0,0,0,0,0,0]","Feeling Down: NO
Lack of Interest: NO
Self-Harm: NO
Eating Disorder: NO
Low Self-Esteem: NO
Concentration Problem: NO
Sleeping Disorder: NO"
TE-534.jpg,UNIVERSAL_HUMAN,"[0,1,0,0,0,0,0]","[0,0,0,0,0,0,0]","Feeling Down: NO
Lack of Interest: NO
Self-Harm: NO
Eating Disorder: NO
Low Self-Esteem: NO
Concentration Problem: NO
Sleeping Disorder: NO"
TE-535.jpg,UNIVERSAL_HUMAN,"[0,0,0,0,0,0,1]","[0,0,0,0,0,0,0]","Feeling Down: NO
Lack of Interest: NO
Self-Harm: NO
Eating Disorder: NO
Low Self-Esteem: NO
Concentration Problem: NO
Sleeping Disorder: NO"
TE-536.jpg,UNIVERSAL_HUMAN,"[0,0,0,0,0,0,0]","[0,0,0,0,0,1,0]","Feeling Down: NO
Lack of Interest: NO
Self-Harm: NO
Eating Disorder: NO
Low Self-Esteem: NO
Concentration Problem: YES
Sleeping Disorder: NO"
TE-537.jpg,UNIVERSAL_HUMAN,"[1,0,0,0,1,0,0]","[0,0,0,0,0,0,0]","Feeling Down: NO
Lack of Interest: NO
Self-Harm: NO
Eating Disorder: NO
Low Self-Esteem: NO
Concentration Problem: NO
Sleeping Disorder: NO"
TE-538.jpg,UNIVERSAL_HUMAN,"[1,0,0,0,0,0,1]","[0,0,0,0,0,0,0]","Feeling Down: NO
Lack of Interest: NO
Self-Harm: NO
Eating Disorder: NO
Low Self-Esteem: NO
Concentration Problem: NO
Sleeping Disorder: NO"
TE-539.jpg,UNIVERSAL_HUMAN,"[1,0,0,0,1,0,0]","[0,0,0,0,0,0,0]","Feeling Down: NO
Lack of Interest: NO
Self-Harm: NO
Eating Disorder: NO
Low Self-Esteem: NO
Concentration Problem: NO
Sleeping Disorder: NO"
TE-54.jpg,UNIVERSAL_HUMAN,"[0,0,0,0,0,0,0]","[0,0,0,0,0,1,0]","Feeling Down: NO
Lack of Interest: NO
Self-Harm: NO
Eating Disorder: NO
Low Self-Esteem: NO
Concentration Problem: YES
Sleeping Disorder: NO"
TE-541.jpg,UNIVERSAL_HUMAN,"[0,0,0,0,1,0,0]","[0,0,0,0,0,0,0]","Feeling Down: NO
Lack of Interest: NO
Self-Harm: NO
Eating Disorder: NO
Low Self-Esteem: NO
Concentration Problem: NO
Sleeping Disorder: NO"
TE-542.jpg,UNIVERSAL_HUMAN,"[0,1,0,0,0,0,0]","[0,0,0,0,0,0,0]","Feeling Down: NO
Lack of Interest: NO
Self-Harm: NO
Eating Disorder: NO
Low Self-Esteem: NO
Concentration Problem: NO
Sleeping Disorder: NO"
TE-543.jpg,UNIVERSAL_HUMAN,"[0,0,0,0,0,0,0]","[0,0,0,0,0,0,0]","Feeling Down: NO
Lack of Interest: NO
Self-Harm: NO
Eating Disorder: NO
Low Self-Esteem: NO
Concentration Problem: NO
Sleeping Disorder: NO"
TE-547.jpg,UNIVERSAL_HUMAN,"[1,0,0,0,0,0,0]","[0,0,0,0,0,0,0]","Feeling Down: NO
Lack of Interest: NO
Self-Harm: NO
Eating Disorder: NO
Low Self-Esteem: NO
Concentration Problem: NO
Sleeping Disorder: NO"
TE-548.jpg,UNIVERSAL_HUMAN,"[1,0,0,0,1,0,1]","[0,0,0,0,0,0,1]","Feeling Down: NO
Lack of Interest: NO
Self-Harm: NO
Eating Disorder: NO
Low Self-Esteem: NO
Concentration Problem: NO
Sleeping Disorder: YES"
TE-55.jpg,UNIVERSAL_HUMAN,"[0,0,0,1,1,0,0]","[0,0,0,0,0,0,0]","Feeling Down: NO
Lack of Interest: NO
Self-Harm: NO
Eating Disorder: NO
Low Self-Esteem: NO
Concentration Problem: NO
Sleeping Disorder: NO"
TE-552.jpg,UNIVERSAL_HUMAN,"[0,0,0,0,0,1,0]","[0,0,0,0,0,1,0]","Feeling Down: NO
Lack of Interest: NO
Self-Harm: NO
Eating Disorder: NO
Low Self-Esteem: NO
Concentration Problem: YES
Sleeping Disorder: NO"
TE-553.jpg,UNIVERSAL_HUMAN,"[0,1,0,0,0,0,0]","[0,1,0,0,0,0,0]","Feeling Down: NO
Lack of Interest: YES
Self-Harm: NO
Eating Disorder: NO
Low Self-Esteem: NO
Concentration Problem: NO
Sleeping Disorder: NO"
TE-554.jpg,UNIVERSAL_HUMAN,"[0,0,0,0,0,0,1]","[0,0,0,0,0,0,0]","Feeling Down: NO
Lack of Interest: NO
Self-Harm: NO
Eating Disorder: NO
Low Self-Esteem: NO
Concentration Problem: NO
Sleeping Disorder: NO"
TE-555.jpg,UNIVERSAL_HUMAN,"[0,0,0,1,1,0,0]","[0,0,0,0,0,0,0]","Feeling Down: NO
Lack of Interest: NO
Self-Harm: NO
Eating Disorder: NO
Low Self-Esteem: NO
Concentration Problem: NO
Sleeping Disorder: NO"
TE-556.jpg,UNIVERSAL_HUMAN,"[0,0,0,0,0,1,0]","[0,0,0,0,0,1,0]","Feeling Down: NO
Lack of Interest: NO
Self-Harm: NO
Eating Disorder: NO
Low Self-Esteem: NO
Concentration Problem: YES
Sleeping Disorder: NO"
TE-557.jpg,UNIVERSAL_HUMAN,"[1,0,0,0,0,0,0]","[0,0,0,0,0,0,0]","Feeling Down: NO
Lack of Interest: NO
Self-Harm: NO
Eating Disorder: NO
Low Self-Esteem: NO
Concentration Problem: NO
Sleeping Disorder: NO"
TE-559.jpg,UNIVERSAL_HUMAN,"[0,1,0,0,0,0,0]","[0,1,0,0,0,0,0]","Feeling Down: NO
Lack of Interest: YES
Self-Harm: NO
Eating Disorder: NO
Low Self-Esteem: NO
Concentration Problem: NO
Sleeping Disorder: NO"
TE-56.jpg,UNIVERSAL_HUMAN,"[1,0,0,0,0,0,0]","[0,0,0,0,0,0,0]","Feeling Down: NO
Lack of Interest: NO
Self-Harm: NO
Eating Disorder: NO
Low Self-Esteem: NO
Concentration Problem: NO
Sleeping Disorder: NO"
TE-560.jpg,UNIVERSAL_HUMAN,"[0,1,0,0,0,0,0]","[0,1,0,0,0,1,0]","Feeling Down: NO
Lack of Interest: YES
Self-Harm: NO
Eating Disorder: NO
Low Self-Esteem: NO
Concentration Problem: YES
Sleeping Disorder: NO"
TE-561.jpg,UNIVERSAL_HUMAN,"[1,0,0,0,0,0,0]","[0,0,0,0,0,0,0]","Feeling Down: NO
Lack of Interest: NO
Self-Harm: NO
Eating Disorder: NO
Low Self-Esteem: NO
Concentration Problem: NO
Sleeping Disorder: NO"
TE-562.jpg,UNIVERSAL_HUMAN,"[0,0,0,0,0,0,0]","[0,0,0,0,0,1,0]","Feeling Down: NO
Lack of Interest: NO
Self-Harm: NO
Eating Disorder: NO
Low Self-Esteem: NO
Concentration Problem: YES
Sleeping Disorder: NO"
TE-563.jpg,UNIVERSAL_HUMAN,"[1,1,0,0,0,0,0]","[0,0,0,0,0,0,0]","Feeling Down: NO
Lack of Interest: NO
Self-Harm: NO
Eating Disorder: NO
Low Self-Esteem: NO
Concentration Problem: NO
Sleeping Disorder: NO"
TE-564.jpg,UNIVERSAL_HUMAN,"[0,0,0,0,0,0,0]","[0,0,0,0,0,0,0]","Feeling Down: NO
Lack of Interest: NO
Self-Harm: NO
Eating Disorder: NO
Low Self-Esteem: NO
Concentration Problem: NO
Sleeping Disorder: NO"
TE-565.jpg,UNIVERSAL_HUMAN,"[0,0,0,0,0,0,1]","[0,0,0,0,0,0,1]","Feeling Down: NO
Lack of Interest: NO
Self-Harm: NO
Eating Disorder: NO
Low Self-Esteem: NO
Concentration Problem: NO
Sleeping Disorder: YES"
TE-566.jpg,UNIVERSAL_HUMAN,"[0,0,0,0,0,0,0]","[0,0,0,0,0,0,0]","Feeling Down: NO
Lack of Interest: NO
Self-Harm: NO
Eating Disorder: NO
Low Self-Esteem: NO
Concentration Problem: NO
Sleeping Disorder: NO"
TE-567.jpg,UNIVERSAL_HUMAN,"[1,0,0,0,0,0,1]","[0,0,0,0,0,0,0]","Feeling Down: NO
Lack of Interest: NO
Self-Harm: NO
Eating Disorder: NO
Low Self-Esteem: NO
Concentration Problem: NO
Sleeping Disorder: NO"
TE-568.jpg,UNIVERSAL_HUMAN,"[0,0,0,0,0,0,0]","[0,0,0,0,0,0,0]","Feeling Down: NO
Lack of Interest: NO
Self-Harm: NO
Eating Disorder: NO
Low Self-Esteem: NO
Concentration Problem: NO
Sleeping Disorder: NO"
TE-57.jpg,UNIVERSAL_HUMAN,"[1,0,0,0,0,0,0]","[1,1,0,0,1,0,0]","Feeling Down: YES
Lack of Interest: YES
Self-Harm: NO
Eating Disorder: NO
Low Self-Esteem: YES
Concentration Problem: NO
Sleeping Disorder: NO"
TE-570.jpg,UNIVERSAL_HUMAN,"[1,0,0,0,0,0,0]","[0,0,0,0,0,0,0]","Feeling Down: NO
Lack of Interest: NO
Self-Harm: NO
Eating Disorder: NO
Low Self-Esteem: NO
Concentration Problem: NO
Sleeping Disorder: NO"
TE-572.jpg,UNIVERSAL_HUMAN,"[1,0,0,0,0,0,1]","[0,0,0,0,0,0,0]","Feeling Down: NO
Lack of Interest: NO
Self-Harm: NO
Eating Disorder: NO
Low Self-Esteem: NO
Concentration Problem: NO
Sleeping Disorder: NO"
TE-573.jpg,UNIVERSAL_HUMAN,"[0,0,0,1,0,0,0]","[0,0,0,1,0,0,0]","Feeling Down: NO
Lack of Interest: NO
Self-Harm: NO
Eating Disorder: YES
Low Self-Esteem: NO
Concentration Problem: NO
Sleeping Disorder: NO"
TE-574.jpg,UNIVERSAL_HUMAN,"[0,0,0,0,0,1,0]","[0,0,0,0,0,0,0]","Feeling Down: NO
Lack of Interest: NO
Self-Harm: NO
Eating Disorder: NO
Low Self-Esteem: NO
Concentration Problem: NO
Sleeping Disorder: NO"
TE-575.jpg,UNIVERSAL_HUMAN,"[0,0,0,0,0,0,0]","[0,0,0,0,0,0,0]","Feeling Down: NO
Lack of Interest: NO
Self-Harm: NO
Eating Disorder: NO
Low Self-Esteem: NO
Concentration Problem: NO
Sleeping Disorder: NO"
TE-577.jpg,UNIVERSAL_HUMAN,"[1,1,1,0,0,0,0]","[0,0,0,0,0,0,0]","Feeling Down: NO
Lack of Interest: NO
Self-Harm: NO
Eating Disorder: NO
Low Self-Esteem: NO
Concentration Problem: NO
Sleeping Disorder: NO"
TE-578.jpg,UNIVERSAL_HUMAN,"[0,0,0,1,0,0,0]","[0,0,0,1,0,0,0]","Feeling Down: NO
Lack of Interest: NO
Self-Harm: NO
Eating Disorder: YES
Low Self-Esteem: NO
Concentration Problem: NO
Sleeping Disorder: NO"
TE-579.jpg,UNIVERSAL_HUMAN,"[1,1,0,0,0,0,0]","[0,1,0,0,0,0,0]","Feeling Down: NO
Lack of Interest: YES
Self-Harm: NO
Eating Disorder: NO
Low Self-Esteem: NO
Concentration Problem: NO
Sleeping Disorder: NO"
TE-580.jpg,UNIVERSAL_HUMAN,"[0,0,0,1,0,0,0]","[0,0,0,0,0,0,0]","Feeling Down: NO
Lack of Interest: NO
Self-Harm: NO
Eating Disorder: NO
Low Self-Esteem: NO
Concentration Problem: NO
Sleeping Disorder: NO"
TE-581.jpg,UNIVERSAL_HUMAN,"[0,0,0,0,0,1,0]","[0,0,0,0,0,1,0]","Feeling Down: NO
Lack of Interest: NO
Self-Harm: NO
Eating Disorder: NO
Low Self-Esteem: NO
Concentration Problem: YES
Sleeping Disorder: NO"
TE-582.jpg,UNIVERSAL_HUMAN,"[0,0,0,0,0,0,0]","[0,0,0,0,0,0,0]","Feeling Down: NO
Lack of Interest: NO
Self-Harm: NO
Eating Disorder: NO
Low Self-Esteem: NO
Concentration Problem: NO
Sleeping Disorder: NO"
TE-584.jpg,UNIVERSAL_HUMAN,"[0,0,0,0,0,0,1]","[0,0,0,0,0,0,0]","Feeling Down: NO
Lack of Interest: NO
Self-Harm: NO
Eating Disorder: NO
Low Self-Esteem: NO
Concentration Problem: NO
Sleeping Disorder: NO"
TE-585.jpg,UNIVERSAL_HUMAN,"[1,0,0,0,0,1,0]","[0,1,0,0,0,1,0]","Feeling Down: NO
Lack of Interest: YES
Self-Harm: NO
Eating Disorder: NO
Low Self-Esteem: NO
Concentration Problem: YES
Sleeping Disorder: NO"
TE-587.jpg,UNIVERSAL_HUMAN,"[1,1,0,0,0,0,0]","[0,0,0,0,0,0,0]","Feeling Down: NO
Lack of Interest: NO
Self-Harm: NO
Eating Disorder: NO
Low Self-Esteem: NO
Concentration Problem: NO
Sleeping Disorder: NO"
TE-59.jpg,UNIVERSAL_HUMAN,"[0,0,0,0,0,0,0]","[0,1,0,0,0,0,0]","Feeling Down: NO
Lack of Interest: YES
Self-Harm: NO
Eating Disorder: NO
Low Self-Esteem: NO
Concentration Problem: NO
Sleeping Disorder: NO"
TE-590.jpg,UNIVERSAL_HUMAN,"[0,0,0,0,0,0,0]","[0,0,0,0,0,0,1]","Feeling Down: NO
Lack of Interest: NO
Self-Harm: NO
Eating Disorder: NO
Low Self-Esteem: NO
Concentration Problem: NO
Sleeping Disorder: YES"
TE-592.jpg,UNIVERSAL_HUMAN,"[0,1,0,0,0,0,0]","[0,1,0,0,0,1,0]","Feeling Down: NO
Lack of Interest: YES
Self-Harm: NO
Eating Disorder: NO
Low Self-Esteem: NO
Concentration Problem: YES
Sleeping Disorder: NO"
TE-594.jpg,UNIVERSAL_HUMAN,"[0,0,0,0,0,0,0]","[0,0,0,0,0,1,0]","Feeling Down: NO
Lack of Interest: NO
Self-Harm: NO
Eating Disorder: NO
Low Self-Esteem: NO
Concentration Problem: YES
Sleeping Disorder: NO"
TE-596.jpg,UNIVERSAL_HUMAN,"[0,0,0,0,0,0,1]","[0,0,0,0,0,0,1]","Feeling Down: NO
Lack of Interest: NO
Self-Harm: NO
Eating Disorder: NO
Low Self-Esteem: NO
Concentration Problem: NO
Sleeping Disorder: YES"
TE-597.jpg,UNIVERSAL_HUMAN,"[0,0,0,0,0,0,0]","[0,0,0,0,0,0,0]","Feeling Down: NO
Lack of Interest: NO
Self-Harm: NO
Eating Disorder: NO
Low Self-Esteem: NO
Concentration Problem: NO
Sleeping Disorder: NO"
TE-598.jpg,UNIVERSAL_HUMAN,"[0,0,0,0,0,0,0]","[0,0,0,0,0,0,1]","Feeling Down: NO
Lack of Interest: NO
Self-Harm: NO
Eating Disorder: NO
Low Self-Esteem: NO
Concentration Problem: NO
Sleeping Disorder: YES"
TE-599.jpg,UNIVERSAL_HUMAN,"[0,0,0,0,0,0,0]","[0,0,0,0,0,0,0]","Feeling Down: NO
Lack of Interest: NO
Self-Harm: NO
Eating Disorder: NO
Low Self-Esteem: NO
Concentration Problem: NO
Sleeping Disorder: NO"
TE-6.jpg,UNIVERSAL_HUMAN,"[0,0,0,0,0,0,1]","[0,0,0,0,0,0,0]","Feeling Down: NO
Lack of Interest: NO
Self-Harm: NO
Eating Disorder: NO
Low Self-Esteem: NO
Concentration Problem: NO
Sleeping Disorder: NO"
TE-60.jpg,UNIVERSAL_HUMAN,"[0,0,1,0,0,0,0]","[1,0,1,0,1,0,0]","Feeling Down: YES
Lack of Interest: NO
Self-Harm: YES
Eating Disorder: NO
Low Self-Esteem: YES
Concentration Problem: NO
Sleeping Disorder: NO"
TE-600.jpg,UNIVERSAL_HUMAN,"[1,0,0,0,0,0,1]","[0,0,0,0,0,0,0]","Feeling Down: NO
Lack of Interest: NO
Self-Harm: NO
Eating Disorder: NO
Low Self-Esteem: NO
Concentration Problem: NO
Sleeping Disorder: NO"
TE-601.jpg,UNIVERSAL_HUMAN,"[0,0,0,1,1,0,0]","[0,0,0,0,0,0,0]","Feeling Down: NO
Lack of Interest: NO
Self-Harm: NO
Eating Disorder: NO
Low Self-Esteem: NO
Concentration Problem: NO
Sleeping Disorder: NO"
TE-603.jpg,UNIVERSAL_HUMAN,"[0,0,0,0,0,0,0]","[0,0,0,0,0,0,0]","Feeling Down: NO
Lack of Interest: NO
Self-Harm: NO
Eating Disorder: NO
Low Self-Esteem: NO
Concentration Problem: NO
Sleeping Disorder: NO"
TE-604.jpg,UNIVERSAL_HUMAN,"[1,0,0,0,0,0,1]","[0,0,0,0,0,0,1]","Feeling Down: NO
Lack of Interest: NO
Self-Harm: NO
Eating Disorder: NO
Low Self-Esteem: NO
Concentration Problem: NO
Sleeping Disorder: YES"
TE-605.jpg,UNIVERSAL_HUMAN,"[1,1,0,0,0,0,0]","[0,0,0,0,0,0,0]","Feeling Down: NO
Lack of Interest: NO
Self-Harm: NO
Eating Disorder: NO
Low Self-Esteem: NO
Concentration Problem: NO
Sleeping Disorder: NO"
TE-606.jpg,UNIVERSAL_HUMAN,"[0,0,0,1,0,0,0]","[0,0,0,0,0,0,0]","Feeling Down: NO
Lack of Interest: NO
Self-Harm: NO
Eating Disorder: NO
Low Self-Esteem: NO
Concentration Problem: NO
Sleeping Disorder: NO"
TE-608.jpg,UNIVERSAL_HUMAN,"[0,0,0,0,0,0,1]","[0,0,0,0,0,0,1]","Feeling Down: NO
Lack of Interest: NO
Self-Harm: NO
Eating Disorder: NO
Low Self-Esteem: NO
Concentration Problem: NO
Sleeping Disorder: YES"
TE-609.jpg,UNIVERSAL_HUMAN,"[0,0,0,0,1,1,0]","[0,0,0,0,0,0,0]","Feeling Down: NO
Lack of Interest: NO
Self-Harm: NO
Eating Disorder: NO
Low Self-Esteem: NO
Concentration Problem: NO
Sleeping Disorder: NO"
TE-61.jpg,UNIVERSAL_HUMAN,"[0,0,0,0,1,0,0]","[0,0,0,0,0,0,0]","Feeling Down: NO
Lack of Interest: NO
Self-Harm: NO
Eating Disorder: NO
Low Self-Esteem: NO
Concentration Problem: NO
Sleeping Disorder: NO"
TE-610.jpg,UNIVERSAL_HUMAN,"[0,0,0,0,0,0,0]","[0,0,0,0,0,1,0]","Feeling Down: NO
Lack of Interest: NO
Self-Harm: NO
Eating Disorder: NO
Low Self-Esteem: NO
Concentration Problem: YES
Sleeping Disorder: NO"
TE-612.jpg,UNIVERSAL_HUMAN,"[0,0,0,1,1,0,0]","[0,0,0,0,0,0,0]","Feeling Down: NO
Lack of Interest: NO
Self-Harm: NO
Eating Disorder: NO
Low Self-Esteem: NO
Concentration Problem: NO
Sleeping Disorder: NO"
TE-613.jpg,UNIVERSAL_HUMAN,"[1,1,0,0,0,0,0]","[0,0,0,0,0,0,0]","Feeling Down: NO
Lack of Interest: NO
Self-Harm: NO
Eating Disorder: NO
Low Self-Esteem: NO
Concentration Problem: NO
Sleeping Disorder: NO"
TE-616.jpg,UNIVERSAL_HUMAN,"[1,0,1,0,0,0,1]","[0,0,0,0,0,0,0]","Feeling Down: NO
Lack of Interest: NO
Self-Harm: NO
Eating Disorder: NO
Low Self-Esteem: NO
Concentration Problem: NO
Sleeping Disorder: NO"
TE-617.jpg,UNIVERSAL_HUMAN,"[0,0,0,0,0,1,0]","[0,0,0,0,0,0,0]","Feeling Down: NO
Lack of Interest: NO
Self-Harm: NO
Eating Disorder: NO
Low Self-Esteem: NO
Concentration Problem: NO
Sleeping Disorder: NO"
TE-618.jpg,UNIVERSAL_HUMAN,"[0,0,0,0,0,0,1]","[0,0,0,0,0,0,1]","Feeling Down: NO
Lack of Interest: NO
Self-Harm: NO
Eating Disorder: NO
Low Self-Esteem: NO
Concentration Problem: NO
Sleeping Disorder: YES"
TE-62.jpg,UNIVERSAL_HUMAN,"[0,0,0,0,0,0,0]","[0,0,0,0,0,0,1]","Feeling Down: NO
Lack of Interest: NO
Self-Harm: NO
Eating Disorder: NO
Low Self-Esteem: NO
Concentration Problem: NO
Sleeping Disorder: YES"
TE-620.jpg,UNIVERSAL_HUMAN,"[0,0,0,1,0,0,0]","[0,0,0,0,0,0,0]","Feeling Down: NO
Lack of Interest: NO
Self-Harm: NO
Eating Disorder: NO
Low Self-Esteem: NO
Concentration Problem: NO
Sleeping Disorder: NO"
TE-621.jpg,UNIVERSAL_HUMAN,"[1,1,0,0,0,0,0]","[0,1,0,0,0,0,0]","Feeling Down: NO
Lack of Interest: YES
Self-Harm: NO
Eating Disorder: NO
Low Self-Esteem: NO
Concentration Problem: NO
Sleeping Disorder: NO"
TE-622.jpg,UNIVERSAL_HUMAN,"[0,0,0,0,0,1,0]","[0,0,0,0,0,1,0]","Feeling Down: NO
Lack of Interest: NO
Self-Harm: NO
Eating Disorder: NO
Low Self-Esteem: NO
Concentration Problem: YES
Sleeping Disorder: NO"
TE-623.jpg,UNIVERSAL_HUMAN,"[0,0,0,1,0,0,0]","[0,0,0,0,0,0,0]","Feeling Down: NO
Lack of Interest: NO
Self-Harm: NO
Eating Disorder: NO
Low Self-Esteem: NO
Concentration Problem: NO
Sleeping Disorder: NO"
TE-624.jpg,UNIVERSAL_HUMAN,"[0,0,0,0,0,1,0]","[0,0,0,0,0,1,0]","Feeling Down: NO
Lack of Interest: NO
Self-Harm: NO
Eating Disorder: NO
Low Self-Esteem: NO
Concentration Problem: YES
Sleeping Disorder: NO"
TE-625.jpg,UNIVERSAL_HUMAN,"[0,0,0,1,0,0,0]","[1,0,0,1,1,0,0]","Feeling Down: YES
Lack of Interest: NO
Self-Harm: NO
Eating Disorder: YES
Low Self-Esteem: YES
Concentration Problem: NO
Sleeping Disorder: NO"
TE-626.jpg,UNIVERSAL_HUMAN,"[0,0,0,1,0,0,0]","[0,0,0,0,0,0,0]","Feeling Down: NO
Lack of Interest: NO
Self-Harm: NO
Eating Disorder: NO
Low Self-Esteem: NO
Concentration Problem: NO
Sleeping Disorder: NO"
TE-627.jpg,UNIVERSAL_HUMAN,"[1,1,0,0,0,0,0]","[0,0,0,0,0,0,0]","Feeling Down: NO
Lack of Interest: NO
Self-Harm: NO
Eating Disorder: NO
Low Self-Esteem: NO
Concentration Problem: NO
Sleeping Disorder: NO"
TE-628.jpg,UNIVERSAL_HUMAN,"[0,0,0,1,0,0,0]","[0,0,0,0,0,0,0]","Feeling Down: NO
Lack of Interest: NO
Self-Harm: NO
Eating Disorder: NO
Low Self-Esteem: NO
Concentration Problem: NO
Sleeping Disorder: NO"
TE-63.jpg,UNIVERSAL_HUMAN,"[0,0,0,0,0,1,0]","[0,0,0,0,0,1,0]","Feeling Down: NO
Lack of Interest: NO
Self-Harm: NO
Eating Disorder: NO
Low Self-Esteem: NO
Concentration Problem: YES
Sleeping Disorder: NO"
TE-631.jpg,UNIVERSAL_HUMAN,"[0,0,0,1,0,0,0]","[0,0,0,0,0,0,0]","Feeling Down: NO
Lack of Interest: NO
Self-Harm: NO
Eating Disorder: NO
Low Self-Esteem: NO
Concentration Problem: NO
Sleeping Disorder: NO"
TE-633.jpg,UNIVERSAL_HUMAN,"[0,0,0,0,0,0,0]","[0,0,0,0,0,0,0]","Feeling Down: NO
Lack of Interest: NO
Self-Harm: NO
Eating Disorder: NO
Low Self-Esteem: NO
Concentration Problem: NO
Sleeping Disorder: NO"
TE-634.jpg,UNIVERSAL_HUMAN,"[0,0,0,0,0,1,0]","[0,0,0,0,0,1,0]","Feeling Down: NO
Lack of Interest: NO
Self-Harm: NO
Eating Disorder: NO
Low Self-Esteem: NO
Concentration Problem: YES
Sleeping Disorder: NO"
TE-635.jpg,UNIVERSAL_HUMAN,"[0,0,0,0,0,1,0]","[0,0,0,0,0,1,0]","Feeling Down: NO
Lack of Interest: NO
Self-Harm: NO
Eating Disorder: NO
Low Self-Esteem: NO
Concentration Problem: YES
Sleeping Disorder: NO"
TE-636.jpg,UNIVERSAL_HUMAN,"[1,1,0,0,0,0,0]","[0,0,0,0,0,0,0]","Feeling Down: NO
Lack of Interest: NO
Self-Harm: NO
Eating Disorder: NO
Low Self-Esteem: NO
Concentration Problem: NO
Sleeping Disorder: NO"
TE-637.jpg,UNIVERSAL_HUMAN,"[0,0,0,0,0,1,0]","[0,0,0,0,0,0,0]","Feeling Down: NO
Lack of Interest: NO
Self-Harm: NO
Eating Disorder: NO
Low Self-Esteem: NO
Concentration Problem: NO
Sleeping Disorder: NO"
TE-638.jpg,UNIVERSAL_HUMAN,"[0,0,0,0,0,0,0]","[0,0,0,0,0,0,0]","Feeling Down: NO
Lack of Interest: NO
Self-Harm: NO
Eating Disorder: NO
Low Self-Esteem: NO
Concentration Problem: NO
Sleeping Disorder: NO"
TE-639.jpg,UNIVERSAL_HUMAN,"[0,0,0,0,1,0,1]","[0,0,0,0,0,0,0]","Feeling Down: NO
Lack of Interest: NO
Self-Harm: NO
Eating Disorder: NO
Low Self-Esteem: NO
Concentration Problem: NO
Sleeping Disorder: NO"
TE-64.jpg,UNIVERSAL_HUMAN,"[1,0,0,0,0,0,0]","[0,0,0,0,0,0,0]","Feeling Down: NO
Lack of Interest: NO
Self-Harm: NO
Eating Disorder: NO
Low Self-Esteem: NO
Concentration Problem: NO
Sleeping Disorder: NO"
TE-640.jpg,UNIVERSAL_HUMAN,"[0,1,0,0,0,0,0]","[0,1,0,0,0,0,0]","Feeling Down: NO
Lack of Interest: YES
Self-Harm: NO
Eating Disorder: NO
Low Self-Esteem: NO
Concentration Problem: NO
Sleeping Disorder: NO"
TE-641.jpg,UNIVERSAL_HUMAN,"[0,0,0,0,0,0,0]","[0,0,0,0,0,0,0]","Feeling Down: NO
Lack of Interest: NO
Self-Harm: NO
Eating Disorder: NO
Low Self-Esteem: NO
Concentration Problem: NO
Sleeping Disorder: NO"
TE-643.jpg,UNIVERSAL_HUMAN,"[0,0,0,0,0,0,0]","[0,0,0,0,0,0,0]","Feeling Down: NO
Lack of Interest: NO
Self-Harm: NO
Eating Disorder: NO
Low Self-Esteem: NO
Concentration Problem: NO
Sleeping Disorder: NO"
TE-645.jpg,UNIVERSAL_HUMAN,"[1,1,0,0,0,0,0]","[0,0,0,0,0,0,0]","Feeling Down: NO
Lack of Interest: NO
Self-Harm: NO
Eating Disorder: NO
Low Self-Esteem: NO
Concentration Problem: NO
Sleeping Disorder: NO"
TE-646.jpg,UNIVERSAL_HUMAN,"[0,0,0,0,0,1,0]","[0,0,0,0,0,0,0]","Feeling Down: NO
Lack of Interest: NO
Self-Harm: NO
Eating Disorder: NO
Low Self-Esteem: NO
Concentration Problem: NO
Sleeping Disorder: NO"
TE-647.jpg,UNIVERSAL_HUMAN,"[0,0,0,0,0,1,0]","[0,0,0,0,0,1,0]","Feeling Down: NO
Lack of Interest: NO
Self-Harm: NO
Eating Disorder: NO
Low Self-Esteem: NO
Concentration Problem: YES
Sleeping Disorder: NO"
TE-648.jpg,UNIVERSAL_HUMAN,"[0,0,0,0,0,0,0]","[0,0,0,0,0,0,0]","Feeling Down: NO
Lack of Interest: NO
Self-Harm: NO
Eating Disorder: NO
Low Self-Esteem: NO
Concentration Problem: NO
Sleeping Disorder: NO"
TE-649.jpg,UNIVERSAL_HUMAN,"[1,1,0,0,0,0,0]","[0,0,0,0,0,0,0]","Feeling Down: NO
Lack of Interest: NO
Self-Harm: NO
Eating Disorder: NO
Low Self-Esteem: NO
Concentration Problem: NO
Sleeping Disorder: NO"
TE-65.jpg,UNIVERSAL_HUMAN,"[0,0,0,0,0,1,0]","[0,0,1,1,0,1,1]","Feeling Down: YES/NO
Lack of Interest: YES/NO
Self-Harm: NO/YES
Eating Disorder: NO/YES
Low Self-Esteem: YES/NO
Concentration Problem: NO/YES
Sleeping Disorder: NO/YES"
TE-651.jpg,UNIVERSAL_HUMAN,"[0,0,0,0,0,1,1]","[0,0,0,0,0,0,0]","Feeling Down: NO
Lack of Interest: NO
Self-Harm: NO
Eating Disorder: NO
Low Self-Esteem: NO
Concentration Problem: NO
Sleeping Disorder: NO"
TE-652.jpg,UNIVERSAL_HUMAN,"[0,0,0,0,0,0,0]","[0,0,0,0,0,1,0]","Feeling Down: NO
Lack of Interest: NO
Self-Harm: NO
Eating Disorder: NO
Low Self-Esteem: NO
Concentration Problem: YES
Sleeping Disorder: NO"
TE-653.jpg,UNIVERSAL_HUMAN,"[0,0,0,0,0,1,0]","[0,0,0,0,0,1,0]","Feeling Down: NO
Lack of Interest: NO
Self-Harm: NO
Eating Disorder: NO
Low Self-Esteem: NO
Concentration Problem: YES
Sleeping Disorder: NO"
TE-654.jpg,UNIVERSAL_HUMAN,"[0,0,0,0,0,0,0]","[0,1,0,0,0,1,0]","Feeling Down: NO
Lack of Interest: YES
Self-Harm: NO
Eating Disorder: NO
Low Self-Esteem: NO
Concentration Problem: YES
Sleeping Disorder: NO"
TE-655.jpg,UNIVERSAL_HUMAN,"[0,0,0,0,0,1,0]","[0,0,0,0,0,0,0]","Feeling Down: NO
Lack of Interest: NO
Self-Harm: NO
Eating Disorder: NO
Low Self-Esteem: NO
Concentration Problem: NO
Sleeping Disorder: NO"
TE-656.jpg,UNIVERSAL_HUMAN,"[1,1,0,0,0,1,1]","[0,0,0,0,0,0,0]","Feeling Down: NO
Lack of Interest: NO
Self-Harm: NO
Eating Disorder: NO
Low Self-Esteem: NO
Concentration Problem: NO
Sleeping Disorder: NO"
TE-657.jpg,UNIVERSAL_HUMAN,"[0,0,0,0,0,0,0]","[0,0,0,0,0,0,0]","Feeling Down: NO
Lack of Interest: NO
Self-Harm: NO
Eating Disorder: NO
Low Self-Esteem: NO
Concentration Problem: NO
Sleeping Disorder: NO"
TE-658.jpg,UNIVERSAL_HUMAN,"[0,0,0,0,0,1,0]","[0,0,0,0,0,0,0]","Feeling Down: NO
Lack of Interest: NO
Self-Harm: NO
Eating Disorder: NO
Low Self-Esteem: NO
Concentration Problem: NO
Sleeping Disorder: NO"
TE-659.jpg,UNIVERSAL_HUMAN,"[0,0,0,0,0,1,0]","[0,0,0,0,0,1,0]","Feeling Down: NO
Lack of Interest: NO
Self-Harm: NO
Eating Disorder: NO
Low Self-Esteem: NO
Concentration Problem: YES
Sleeping Disorder: NO"
TE-66.jpg,UNIVERSAL_HUMAN,"[0,0,0,0,0,0,0]","[0,0,0,0,0,0,0]","Feeling Down: NO
Lack of Interest: NO
Self-Harm: NO
Eating Disorder: NO
Low Self-Esteem: NO
Concentration Problem: NO
Sleeping Disorder: NO"
TE-660.jpg,UNIVERSAL_HUMAN,"[0,0,0,0,0,1,0]","[0,0,0,0,0,1,0]","Feeling Down: NO
Lack of Interest: NO
Self-Harm: NO
Eating Disorder: NO
Low Self-Esteem: NO
Concentration Problem: YES
Sleeping Disorder: NO"
TE-661.jpg,UNIVERSAL_HUMAN,"[0,0,0,0,0,1,0]","[0,0,0,0,0,1,0]","Feeling Down: NO
Lack of Interest: NO
Self-Harm: NO
Eating Disorder: NO
Low Self-Esteem: NO
Concentration Problem: YES
Sleeping Disorder: NO"
TE-662.jpg,UNIVERSAL_HUMAN,"[0,0,0,0,0,0,0]","[0,0,0,0,0,0,0]","Feeling Down: NO
Lack of Interest: NO
Self-Harm: NO
Eating Disorder: NO
Low Self-Esteem: NO
Concentration Problem: NO
Sleeping Disorder: NO"
TE-67.jpg,UNIVERSAL_HUMAN,"[0,0,1,0,0,0,0]","[0,0,1,0,0,0,0]","Feeling Down: NO
Lack of Interest: NO
Self-Harm: YES
Eating Disorder: NO
Low Self-Esteem: NO
Concentration Problem: NO
Sleeping Disorder: NO"
TE-68.jpg,UNIVERSAL_HUMAN,"[0,0,0,0,0,0,0]","[0,0,0,0,0,0,0]","Feeling Down: NO
Lack of Interest: NO
Self-Harm: NO
Eating Disorder: NO
Low Self-Esteem: NO
Concentration Problem: NO
Sleeping Disorder: NO"
TE-69.jpg,UNIVERSAL_HUMAN,"[1,0,0,0,0,0,0]","[0,0,0,0,0,0,0]","Feeling Down: NO
Lack of Interest: NO
Self-Harm: NO
Eating Disorder: NO
Low Self-Esteem: NO
Concentration Problem: NO
Sleeping Disorder: NO"
TE-7.jpg,UNIVERSAL_HUMAN,"[0,0,1,0,0,0,0]","[0,0,0,0,0,0,0]","Feeling Down: NO
Lack of Interest: NO
Self-Harm: NO
Eating Disorder: NO
Low Self-Esteem: NO
Concentration Problem: NO
Sleeping Disorder: NO"
TE-71.jpg,UNIVERSAL_HUMAN,"[1,0,0,0,0,0,0]","[0,0,0,0,0,0,0]","Feeling Down: YES/NO
Lack of Interest: YES/NO
Self-Harm: NO
Eating Disorder: NO
Low Self-Esteem: NO
Concentration Problem: NO
Sleeping Disorder: NO"
TE-72.jpg,UNIVERSAL_HUMAN,"[0,1,0,0,1,0,0]","[0,0,0,0,0,0,0]","Feeling Down: NO
Lack of Interest: NO
Self-Harm: NO
Eating Disorder: NO
Low Self-Esteem: NO
Concentration Problem: NO
Sleeping Disorder: NO"
TE-73.jpg,UNIVERSAL_HUMAN,"[0,1,0,0,0,0,0]","[0,0,0,0,0,0,0]","Feeling Down: NO
Lack of Interest: NO
Self-Harm: NO
Eating Disorder: NO
Low Self-Esteem: NO
Concentration Problem: NO
Sleeping Disorder: NO"
TE-75.jpg,UNIVERSAL_HUMAN,"[0,0,0,0,1,0,1]","[0,0,0,0,0,0,0]","Feeling Down: NO
Lack of Interest: NO
Self-Harm: NO
Eating Disorder: NO
Low Self-Esteem: NO
Concentration Problem: NO
Sleeping Disorder: NO"
TE-76.jpg,UNIVERSAL_HUMAN,"[0,0,0,0,0,0,0]","[0,0,0,0,0,0,1]","Feeling Down: NO
Lack of Interest: NO
Self-Harm: NO
Eating Disorder: NO
Low Self-Esteem: NO
Concentration Problem: NO
Sleeping Disorder: YES"
TE-77.jpg,UNIVERSAL_HUMAN,"[0,0,0,0,0,0,0]","[1,1,0,0,0,0,0]","Feeling Down: YES
Lack of Interest: YES
Self-Harm: NO
Eating Disorder: NO
Low Self-Esteem: NO
Concentration Problem: NO
Sleeping Disorder: NO"
TE-79.jpg,UNIVERSAL_HUMAN,"[1,0,0,0,0,0,0]","[0,0,0,0,0,0,0]","Feeling Down: NO
Lack of Interest: NO
Self-Harm: NO
Eating Disorder: NO
Low Self-Esteem: NO
Concentration Problem: NO
Sleeping Disorder: NO"
TE-80.jpg,UNIVERSAL_HUMAN,"[0,0,0,0,0,0,0]","[0,0,1,0,1,0,0]","Feeling Down: NO
Lack of Interest: NO
Self-Harm: YES
Eating Disorder: NO
Low Self-Esteem: YES
Concentration Problem: NO
Sleeping Disorder: NO"
TE-81.jpg,UNIVERSAL_HUMAN,"[1,0,0,0,0,0,0]","[0,0,0,0,0,0,0]","Feeling Down: NO
Lack of Interest: NO
Self-Harm: NO
Eating Disorder: NO
Low Self-Esteem: NO
Concentration Problem: NO
Sleeping Disorder: NO"
TE-82.jpg,UNIVERSAL_HUMAN,"[0,0,0,0,0,0,0]","[0,0,0,0,0,0,0]","Feeling Down: NO
Lack of Interest: NO
Self-Harm: NO
Eating Disorder: NO
Low Self-Esteem: NO
Concentration Problem: NO
Sleeping Disorder: NO"
TE-83.jpg,UNIVERSAL_HUMAN,"[1,1,0,0,0,0,0]","[0,1,0,0,0,0,0]","Feeling Down: NO
Lack of Interest: YES
Self-Harm: NO
Eating Disorder: NO
Low Self-Esteem: NO
Concentration Problem: NO
Sleeping Disorder: NO"
TE-84.jpg,UNIVERSAL_HUMAN,"[0,0,0,0,0,0,1]","[0,0,0,0,0,1,1]","Feeling Down: NO
Lack of Interest: NO
Self-Harm: NO
Eating Disorder: NO
Low Self-Esteem: NO
Concentration Problem: YES
Sleeping Disorder: YES"
TE-85.jpg,UNIVERSAL_HUMAN,"[1,0,0,0,0,0,0]","[0,0,0,0,0,0,0]","Feeling Down: NO
Lack of Interest: NO
Self-Harm: NO
Eating Disorder: NO
Low Self-Esteem: NO
Concentration Problem: NO
Sleeping Disorder: NO"
TE-86.jpg,UNIVERSAL_HUMAN,"[0,0,0,0,0,0,0]","[0,0,0,0,0,0,0]","Feeling Down: NO
Lack of Interest: NO
Self-Harm: NO
Eating Disorder: NO
Low Self-Esteem: NO
Concentration Problem: NO
Sleeping Disorder: NO"
TE-89.jpg,UNIVERSAL_HUMAN,"[0,0,0,0,0,0,0]","[0,0,0,0,0,0,0]","Feeling Down: NO
Lack of Interest: NO
Self-Harm: NO
Eating Disorder: NO
Low Self-Esteem: NO
Concentration Problem: NO
Sleeping Disorder: NO"
TE-92.jpg,UNIVERSAL_HUMAN,"[1,0,0,0,0,0,0]","[0,0,0,0,0,0,0]","Feeling Down: NO
Lack of Interest: NO
Self-Harm: NO
Eating Disorder: NO
Low Self-Esteem: NO
Concentration Problem: NO
Sleeping Disorder: NO"
TE-93.jpg,UNIVERSAL_HUMAN,"[1,0,0,0,0,0,0]","[0,0,0,0,0,0,0]","Feeling Down: NO
Lack of Interest: NO
Self-Harm: NO
Eating Disorder: NO
Low Self-Esteem: NO
Concentration Problem: NO
Sleeping Disorder: NO"
TE-94.jpg,UNIVERSAL_HUMAN,"[0,0,0,0,0,0,0]","[0,0,1,1,0,1,1]","Feeling Down: YES/NO
Lack of Interest: YES/NO
Self-Harm: NO/YES
Eating Disorder: NO/YES
Low Self-Esteem: YES/NO
Concentration Problem: NO/YES
Sleeping Disorder: NO/YES"
TE-95.jpg,UNIVERSAL_HUMAN,"[0,1,0,0,0,0,0]","[0,1,0,0,0,0,0]","Feeling Down: NO
Lack of Interest: YES
Self-Harm: NO
Eating Disorder: NO
Low Self-Esteem: NO
Concentration Problem: NO
Sleeping Disorder: NO"
TE-96.jpg,UNIVERSAL_HUMAN,"[0,0,0,0,0,0,0]","[0,0,0,0,0,0,0]","Feeling Down: NO
Lack of Interest: NO
Self-Harm: NO
Eating Disorder: NO
Low Self-Esteem: NO
Concentration Problem: NO
Sleeping Disorder: NO"
TE-97.jpg,UNIVERSAL_HUMAN,"[0,0,0,0,0,0,1]","[0,0,0,0,0,0,0]","Feeling Down: NO
Lack of Interest: NO
Self-Harm: NO
Eating Disorder: NO
Low Self-Esteem: NO
Concentration Problem: NO
Sleeping Disorder: NO"
TE-205.jpg,VISUAL_SYMBOL_DEPENDENT,"[0,0,0,0,0,0,1]","[0,0,0,0,0,0,0]","Feeling Down: NO
Lack of Interest: NO
Self-Harm: NO
Eating Disorder: NO
Low Self-Esteem: NO
Concentration Problem: NO
Sleeping Disorder: NO"
TE-276.jpg,VISUAL_SYMBOL_DEPENDENT,"[0,0,0,0,0,0,0]","[0,0,0,0,0,0,0]","Feeling Down: NO
Lack of Interest: NO
Self-Harm: NO
Eating Disorder: NO
Low Self-Esteem: NO
Concentration Problem: NO
Sleeping Disorder: NO"
TE-461.jpg,VISUAL_SYMBOL_DEPENDENT,"[1,0,0,0,0,0,0]","[0,0,0,0,0,0,0]","Feeling Down: NO
Lack of Interest: NO
Self-Harm: NO
Eating Disorder: NO
Low Self-Esteem: NO
Concentration Problem: NO
Sleeping Disorder: NO"
TE-512.jpg,VISUAL_SYMBOL_DEPENDENT,"[1,0,0,0,1,0,1]","[0,0,0,0,0,0,0]","Feeling Down: NO
Lack of Interest: NO
Self-Harm: NO
Eating Disorder: NO
Low Self-Esteem: NO
Concentration Problem: NO
Sleeping Disorder: NO"
TE-87.jpg,VISUAL_SYMBOL_DEPENDENT,"[1,0,1,0,0,0,0]","[0,0,0,0,0,0,0]","Feeling Down: NO
Lack of Interest: NO
Self-Harm: NO
Eating Disorder: NO
Low Self-Esteem: NO
Concentration Problem: NO
Sleeping Disorder: NO"
