image_id,category,gold_labels,explanation
TE-104.jpg,BRAND_DEPENDENT,"[1,0,0,0,0,0,0]","CONTEXT: This is a bilingual (Hindi/English) Indian meme using a simple cartoon template to express the feeling that even comforting activities, like eating favorite foods, cannot fix underlying emotional distress.

1. MOOD/EMOTIONAL STATE: The character displays sadness and a flat affect through their downturned mouth and expressionless eyes. The text ""heal my feelings"" explicitly indicates emotional pain or emptiness that persists despite external comfort.

2. MOTIVATION/INTEREST: The image depicts an inability to derive pleasure from normally enjoyable things, as"
TE-177.jpg,BRAND_DEPENDENT,"[1,0,0,0,1,0,0]","1. MOOD/EMOTIONAL STATE: The text uses a mocking and insulting tone (""साले ठरकी"" - you pervert). The implied excessive behavior could suggest loneliness or emptiness.

2. MOTIVATION/INTEREST: The image implies an obsessive consumption of content, and the text suggests a lack of real-world social interest by telling the user to ""go find a girl"".

3. SELF-HARM/DEATH THOUGHTS: not shown

4. APPETITE/EATING: not shown

5. SELF-WORTH/GUILT: The text directly insults the user, calling them a ""pervert,"" which could imply shame or low self-worth.

6. CONCENTRATION/THINKING: not shown

7. SLEEP"
TE-184.jpg,BRAND_DEPENDENT,"[1,0,1,0,0,0,0]","1. MOOD/EMOTIONAL STATE: The text ""अंदर से ख़त्म"" (finished from inside) in the bottom panel expresses a feeling of emptiness, hopelessness, or being emotionally drained.

2. MOTIVATION/INTEREST: The state of"
TE-195.jpg,BRAND_DEPENDENT,"[0,0,0,1,1,0,0]","1. MOOD/EMOTIONAL STATE: The image expresses a feeling of being completely overwhelmed, stressed, or anguished by daily life responsibilities, collectively labeling them as ""Hell"" (नरक).

2. MOTIVATION/INTEREST: The person indicates a severe lack of motivation or enjoyment for standard life activities like studying, exercising, or socializing"
TE-285.jpg,BRAND_DEPENDENT,"[1,0,1,0,0,0,0]","**CONTEXT:** This is a Hindi infographic using a comparative format to highlight age-related biases in perceiving depression, urging early treatment to prevent suicide.

1.  **MO"
TE-303.jpg,BRAND_DEPENDENT,"[1,0,0,0,0,0,0]","1. MOOD/EMOTIONAL STATE: The text explicitly mentions ""anxiety,"" and the man's expression shows shock, fear, and paranoia.

2. MOTIVATION/INTEREST: not shown

3. SELF-HARM/DEATH THOUGHTS: not shown

4. APPETITE/EATING: not shown

5. SELF-WORTH/GUILT: not shown

6. CONCENTRATION/THINKING: The text implies a state of hyper-alertness and catastrophic thinking, where a simple sound triggers the fearful question, ""What kind of trouble is this?"".

7. SLEEP: The text specifies the time as ""2:30 AM,"" indicating the person is awake at an unusual hour, which suggests sleep disruption.

CONTEXT: This is a meme using a popular Bollywood comedy still to humorously depict the relatable experience of late-night anxiety and paranoia."
TE-343.jpg,BRAND_DEPENDENT,"[0,0,0,1,0,0,0]","1. MOOD/EMOTIONAL STATE: The top panel shows sadness and crying, while the bottom panel shows happiness and smiling.
2. MOTIVATION/INTEREST: Not shown.
3. EXISTENTIAL/EMOTIONAL INTENSITY: Not shown.
4. APPETITE/EATING: The text mentions eating a ""samosa"" at an ""untimely"" hour and the distress of having to log it on a health app.
5. SELF-WORTH/GUILT: The top panel implies guilt or distress related to eating an unhealthy food item and having to track it.
6. CONCENTRATION/THINKING: Not shown.
7. SLEEP: Not shown.

CONTEXT: This is a meme using a two-panel reaction format to humorously contrast the negative feeling of logging bad food with the positive feeling of a dark mode UI update."
TE-378.jpg,BRAND_DEPENDENT,"[0,0,0,1,0,0,0]","CONTEXT: This image shows a novelty wooden plaque featuring folk art of a bear paired with humorous, hyperbolic Hindi text threatening violence if masala chai is not provided.

1. MOOD/EMOTIONAL STATE: The text expresses a demanding and threatening mood, hyperbolically conveying an intense, almost desperate need for masala chai.

2. MOTIVATION/INTER"
TE-425.jpg,BRAND_DEPENDENT,"[1,0,0,0,1,0,0]","1. **MOOD/EMOTIONAL STATE:** The image explicitly labels notifications from ""Anxiety"" and ""Depression,"" conveying feelings of inadequacy (""what if you are not enough"") and being disliked by everyone.

2. **MOTIVATION/INTEREST:** not shown

3. **EXISTENTIAL/EMOTIONAL INTENSITY:** The content depicts intense negative self-perception through messages like ""Everyone hates you"" and questioning if one is ""enough.""

4. **APPETITE/EATING:** A notification from Zomato, a food delivery app, refers to the food as ""garbage"" and calls the recipient ""fatty,"" suggesting a negative or self-deprecating relationship with eating.

5. **SELF-WORTH/GUILT:** The messages directly attack self-worth by questioning adequacy (""what if you are not enough"") and claiming universal hatred (""Everyone hates you"").

6. **CONCENTRATION/THINKING:** not shown

7. **SLEEP:** not shown

**CONTEXT:** This image uses the format of smartphone notifications to personify mental health conditions and combine them with a dark, self-deprecating joke about food delivery."
TE-549.jpg,BRAND_DEPENDENT,"[0,0,0,0,0,1,0]","1. MOOD/EMOTIONAL STATE: Not shown.
2. MOTIVATION/INTEREST: Not shown.
3. SELF-HARM/DEATH THOUGHTS: Not shown.
4. APPETITE/EATING: Not shown.
5. SELF-WORTH/GUILT: Not shown.
6. CONCENTRATION/THINKING: Not shown.
7. SLEEP: Not shown.

CONTEXT: This image is promotional artwork for a musical track, featuring the song titles and artist names in Hindi."
TE-583.jpg,BRAND_DEPENDENT,"[0,0,0,1,0,0,0]","1. MOOD/EMOTIONAL STATE: The meme shows a progression from confidence and excitement to shock and disappointment.

2. MOTIVATION/INTEREST: The person is motivated to accurately track the calories of their cold coffee, showing an interest in diet and health monitoring.

3. SELF-HARM/DEATH THOUGHTS: not shown

4. APPETITE/EATING: The text explicitly mentions tracking calories for ""cold coffee"" and knowing ingredients, indicating a focus on dietary intake.

5. SELF-WORTH/GUILT: not shown

6. CONCENTRATION/THINKING: The person is engaged in a multi-step process to calculate calories, which leads to an unexpected and confusing result.

7. SLEEP: not shown

CONTEXT: This uses the popular ""Gru's Plan"" meme format to depict a plan that goes unexpectedly wrong at the final step."
TE-586.jpg,BRAND_DEPENDENT,"[0,0,0,1,0,0,0]","**CONTEXT:** This image uses the popular ""Is this a pigeon?"" anime meme template, modified with Hindi text and specific items to humorously present vices as a lifestyle.

1.  **MOOD/EMOTIONAL STATE:** The image uses self-deprecating humor to highlight unhealthy habits, suggesting a cynical or resigned attitude rather than overt distress."
TE-629.jpg,BRAND_DEPENDENT,"[0,0,0,0,0,0,0]","1. MOOD/EMOTIONAL STATE: The blurry background suggests a distressed or sad expression, and the late-night check-in implies worry about the recipient's well-being.
2. MOTIVATION/INTEREST: not shown
3. SELF-HARM/DEATH THOUGHTS: not shown
4. APPETITE/EATING: The message from ""Mummy"" directly asks ""खाना खाया कि नहीं?"" which translates to ""Did you eat food or not?"", indicating concern about the person's eating.
5. SELF-WORTH/GUILT: not shown
6. CONCENTRATION/THINKING: not shown
7. SLEEP: The time ""2:19"" is visible at the top, indicating the person is awake at a very late hour, suggesting sleep disruption.

CONTEXT: This is a phone notification screenshot meme depicting a mother's late-night concern for her child's basic care, often used to imply the child is struggling."
TE-8.jpg,BRAND_DEPENDENT,"[1,0,0,0,0,0,0]","1. MOOD/EMOTIONAL STATE: The text explicitly mentions ""depression"" as the state the subjects wish to cure. The visual of people yelling into megaphones suggests a feeling of desperation or urgent frustration in seeking relief.

2. MOTIVATION/INTEREST: not shown

3. SELF-HARM/DEATH THOUGHTS: not shown

4. APPETITE/EATING: not shown

5. SELF-WORTH/GUILT: not shown

6. CONCENTRATION/THINKING: not shown

7. SLEEP: not shown

CONTEXT: This is a surreal meme using stock photos and mixed Hindi/English text to humorously illustrate the desperate, unrealistic desire for technology to instantly solve complex mental health problems."
TE-149.jpg,CELEBRITY_DEPENDENT,"[0,0,0,1,0,0,0]","1. MOOD/EMOTIONAL STATE: The image shows a man crying with a pained expression, and the text describes a distressing situation, indicating sadness, anguish, and hopelessness.
2. MOTIVATION/INTEREST: not shown
3. SELF-HARM/DEATH THOUGHTS: not shown
4. APPETITE/EATING: The text explicitly mentions ""binge streak"", ""restricting"", and ""खाने की बीमारी (ED)"" (eating disorder), describing a cycle of disordered eating behaviors.
5. SELF-WORTH/GUILT: not shown
6. CONCENTRATION/THINKING: not shown
7. SLEEP: not shown

CONTEXT: This meme uses a crying Bollywood actor as a reaction image to express the frustration and pain of being trapped in an eating disorder cycle."
TE-158.jpg,CELEBRITY_DEPENDENT,"[0,0,0,0,0,1,0]","CONTEXT: This image uses a standard quote-meme format featuring a portrait of famous Indian singer Kishore Kumar alongside a Hindi quote attributed to him.

1. MOOD/EMOTIONAL STATE: The quote expresses a melancholic or self-deprecating sense of loss regarding one's sanity. The subject in the photo has a contemplative, neutral expression.

2. MOTIVATION/INTEREST: not shown

3. SELF-HARM/DEATH THOUGHTS: not shown

4. APPETITE/EATING: not shown

5. SELF-WORTH/GUILT: not shown

6. CONCENTRATION/THINKING: The text explicitly states, ""Of all the things I have lost, I miss my mind the most,"" directly"
TE-185.jpg,CELEBRITY_DEPENDENT,"[0,0,0,0,1,0,0]","1. MOOD/EMOTIONAL STATE: The meme expresses intense anger, aggression, and severe distress directed inwardly. The man's facial expression is furious, and the text conveys extreme self-hatred.

2. MOTIVATION/INTEREST: not shown

3. SELF-HARM/DEATH THOUGHTS: The Hindi text explicitly states ""मैं तुझे मार डालूँगा"" which translates to ""I will kill you,"" representing a clear thought of self-harm or death in the context of the internal monologue.

4. APPETITE/EATING: not shown

5. SELF-WORTH/GUILT: The text attacks self-worth with highly derogatory terms, calling the person ""बदसूरत"" (ugly) and ""घिनौना"" (disgusting), indicating profound feelings of worthlessness.

6. CONCENTRATION/THINKING: not shown

7. SLEEP: not shown

CONTEXT: This is a meme using a reaction image of an angry man (likely from an Indian reality show) to personify the aggressive and abusive internal voice of body dysmorphia."
TE-21.jpg,CELEBRITY_DEPENDENT,"[1,0,0,0,0,0,0]","1. MOOD/EMOTIONAL STATE: The man's slumped posture and downward gaze suggest sadness or dejection. The text describes facing ""death repeatedly,"" implying significant distress, yet also mentions maintaining ""hope.""

2. MOTIVATION/INTEREST: Not shown.

3. EXISTENTIAL/EMOTIONAL INTENSITY: The text explicitly mentions ""death"" coming into life ""repeatedly,"" indicating a high level of existential challenge or distress. However, it also states that ""hope remains,"" suggesting resilience rather than a wish to withdraw.

4. APPETITE/EATING: Not shown.

5. SELF-WORTH/GUILT: Not shown"
TE-238.jpg,CELEBRITY_DEPENDENT,"[0,0,0,1,1,0,0]","1. MOOD/EMOTIONAL STATE: The subject's expression is somber, serious, and weary. The text suggests a mood of resignation or disappointment regarding a significant failure.

2. MOTIVATION/INTEREST: not shown

3. SELF-HARM/DEATH THOUGHTS: not shown

4. APPETITE/EATING: not shown

5. SELF-WORTH/GUILT: The text translates to ""You've messed up big time, brother?"", implying a confrontation with failure and"
TE-26.jpg,CELEBRITY_DEPENDENT,"[1,0,0,0,0,0,0]","1. MOOD/EMOTIONAL STATE: The left panel shows intense sadness and anguish, while the right panel depicts exhaustion, flatness, and a lack of energy. The meme contrasts dramatic sorrow with a more numbing, fatigued state.

2. MOTIVATION/INTEREST: The man in the right panel is sleeping passively on a train, suggesting a lack of energy or motivation to engage with his surroundings. This contrasts with the active, albeit sad, guitar playing in the left panel.

3. SELF-HARM/DEATH THOUGHTS: not shown

4. APPETITE/EATING: not shown

5. SELF-WORTH/GUILT: not shown

6. CONCENTRATION/THINKING: not shown

7. SLEEP: The right panel explicitly shows a man sleeping deeply with his mouth open on a public train, indicating excessive sleepiness, fatigue, or a need to catch up on sleep at odd times.

CONTEXT:"
TE-40.jpg,CELEBRITY_DEPENDENT,"[0,0,0,0,0,0,1]","CONTEXT: This is a meme format using a moody still of Bollywood actress Deepika Padukone, overlaid with Hindi text to express emotional distress.

1. MOOD/EMOTIONAL STATE: The woman's expression is somber and sad, with a downward gaze indicating distress or melancholy.

2. MOTIVATION/INTEREST: not shown

3. SELF-HARM/DEATH THOUGHTS: not shown

4. APPETITE/EATING: not shown

5. SELF-WORTH/GUILT: not shown

6. CONCENTRATION/THINKING: not shown

7. SLEEP: The Hindi text ""नींद उड़ गई है"
TE-470.jpg,CELEBRITY_DEPENDENT,"[1,0,0,0,0,0,1]",
TE-141.jpg,CULTURAL_REFERENCE_DEPENDENT,"[0,0,0,0,0,0,1]","CONTEXT: This is an Indian meme using a still from a movie or TV show to humorously exaggerate the common adult experience of chronic sleep deprivation.

1. MOOD/EMOTIONAL STATE: The woman's expression and gesture convey a sense of resignation or dramatic exasperation regarding a long-standing issue.

2. MOTIVATION/INTEREST: not shown

3. SELF-HARM/DEATH THOUGHTS: not shown

4. APPETITE/EATING: not shown

5. SELF-WORTH/GUILT: not shown

6. CONCENTRATION/THINKING: not shown

7. SLEEP: The text"
TE-147.jpg,CULTURAL_REFERENCE_DEPENDENT,"[1,1,0,0,0,0,0]","1. MOOD/EMOTIONAL STATE: The image is humorous and self-deprecating, with no expression of sadness or distress.

2. MOTIVATION/INTEREST: not shown

3. SELF-HARM/DEATH THOUGHTS: not shown

4. APPETITE/EATING: not shown

5. SELF-WORTH/GUILT: The text is self-deprecating about an embarrassing internet search, but it is presented as a joke rather than a serious expression of guilt or worthlessness.

6. CONCENTRATION/THINKING: not shown

7. SLEEP: not shown

CONTEXT: This is a meme using a historical photo with superimposed text to humorously depict various authorities and neighbors watching the user's embarrassing internet activity."
TE-160.jpg,CULTURAL_REFERENCE_DEPENDENT,"[1,1,0,0,0,0,0]",
TE-197.jpg,CULTURAL_REFERENCE_DEPENDENT,"[1,0,1,0,0,0,0]","1. MOOD/EMOTIONAL STATE: The top panel shows sadness and crying in response to a video game event, while the bottom panel shows a smiling, positive affect"
TE-214.jpg,CULTURAL_REFERENCE_DEPENDENT,"[1,0,0,0,1,0,0]",
TE-232.jpg,CULTURAL_REFERENCE_DEPENDENT,"[1,0,0,0,1,0,0]","1. MOOD/EMOTIONAL STATE: The character initially appears neutral, then expresses sadness and a flat affect after being rejected. The final panel with static suggests a feeling of emptiness or numbness.

2. MOTIVATION/INTEREST: The character is shown actively seeking connection, but after being rejected, they become passive and withdrawn, suggesting a loss of interest or motivation.

3. SELF-HARM/DEATH THOUGHTS: not shown

4. APPETITE/EATING: not shown

5. SELF-WORTH/GUILT: The character's reaction to being repeatedly told they are not a friend suggests feelings of rejection and potentially low self-worth.

6. CONCENTRATION/THINKING: The character's simple ""ओह..."" and subsequent silence might indicate difficulty processing the rejection or a state of mental numbness.

7. SLEEP: not shown

CONTEXT: This is a four-panel comic strip meme, likely translated into Hindi, using a simple art style to depict a relatable situation of social rejection and isolation."
TE-299.jpg,CULTURAL_REFERENCE_DEPENDENT,"[0,0,1,0,0,0,0]","1. MOOD/EMOTIONAL STATE: The top panel shows affection and a playful request, while the bottom panel depicts distress and helplessness related to a historical execution scene.

2. MOTIVATION/INTEREST: not shown

3. EXISTENTIAL/EMOTIONAL INTENSITY: The bottom panel visually depicts a person being bricked up alive, which is a representation of extreme harm and a life-threatening situation, used here for dark humor.

4. APPETITE/EATING: not shown

5. SELF-WORTH/GUILT: not shown

6. CONCENTRATION/THINKING: not shown

7. SLEEP: The top panel shows a couple in bed, but there is no specific reference to sleep habits or disorders.

CONTEXT: This is a two-panel meme using a scene from the Indian movie *Mughal-e-Azam* to create a dark humor joke based on a literal interpretation of a romantic request."
TE-309.jpg,CULTURAL_REFERENCE_DEPENDENT,"[0,0,0,1,1,0,0]","1. MOOD/EMOTIONAL STATE: not shown
2. MOTIVATION/INTEREST: not shown
3. SELF-HARM/DEATH THOUGHTS: not shown
4. APPETITE/EATING: The image mentions ""Nikocado,"" a YouTuber known for mukbang videos, and shows a ""4XL"" size, indirectly referencing themes of eating and body size.
5. SELF-WORTH/GUILT: not shown
6. CONCENTRATION/THINKING: not shown
7. SLEEP: not shown

CONTEXT: This is a screenshot of an online product page for a hoodie, likely from a meme or parody store associated with internet personality Nikocado Avocado."
TE-33.jpg,CULTURAL_REFERENCE_DEPENDENT,"[0,0,0,0,0,0,0]","1. MOOD/EMOTIONAL STATE: The image is humorous and satirical, not expressing any negative emotions like sadness or hopelessness.

2. MOTIVATION/INTEREST: not shown

3. EXISTENTIAL/EMOTIONAL INTENSITY: not shown

4. APPETITE/EATING: not shown

5. SELF-WORTH/GUILT: not shown

6. CONCENTRATION/THINKING: not shown

7. SLEEP: not shown

CONTEXT: This is a humorous meme satirizing the 2020 pandemic by exaggerating the importance and danger of delivering onions, which are sometimes scarce and valuable in India."
TE-333.jpg,CULTURAL_REFERENCE_DEPENDENT,"[0,0,1,0,0,0,0]","1. MOOD/EMOTIONAL STATE: The image is humorous and intended to be funny, not expressing sadness or distress.
2. MOTIVATION/INTEREST: not shown
3. SELF-HARM/DEATH THOUGHTS: not shown
4. APPETITE/EATING: The image refers to abstaining from alcohol, but does not mention eating habits.
5. SELF-WORTH/GUILT: not shown
6. CONCENTRATION/THINKING: not shown
7. SLEEP: not shown

CONTEXT: This is a humorous Indian meme that proposes an impossible ""3-day no alcohol challenge"" on non-existent dates in February."
TE-342.jpg,CULTURAL_REFERENCE_DEPENDENT,"[1,0,1,0,0,0,0]","1. MOOD/EMOTIONAL STATE: The image expresses extreme distress, anguish, and hopelessness, indicated by the explicit search for ways to die.

2. MOTIVATION/INTEREST: The search query indicates a complete loss of interest in continuing to live.

3. SELF-HARM/DEATH THOUGHTS: The Google search bar contains a direct reference to wanting to die and seeking information on suicide (""How to die..."").

4. APPETITE/EATING: not shown

5."
TE-374.jpg,CULTURAL_REFERENCE_DEPENDENT,"[0,1,0,0,0,1,0]","1. MOOD/EMOTIONAL STATE: The text explicitly states the person gets ""bored"" (""बोर हो जाता हूँ""). The overall tone is one of dark humor and absurdity.
2. MOTIVATION/INTEREST: The creator mentions being bored at the office, suggesting a lack of interest in their work. They are motivated to create this scene as a distraction.
3. SELF-HARM/DEATH THOUGHTS: not shown
4. APPETITE/EATING: not shown
5. SELF-WORTH/GUILT: not shown
6. CONCENTRATION/THINKING: not shown
7. SLEEP: not shown

CONTEXT: This is a meme where the creator uses dead flies to stage a humorous scene, referencing a popular song, to combat office boredom."
TE-385.jpg,CULTURAL_REFERENCE_DEPENDENT,"[0,0,0,0,0,0,0]","1. MOOD/EMOTIONAL STATE: The image does not depict a person, so no specific emotional state is expressed. The tone of the poster itself is critical and alarming regarding health"
TE-411.jpg,CULTURAL_REFERENCE_DEPENDENT,"[0,0,0,0,0,0,0]",
TE-506.jpg,CULTURAL_REFERENCE_DEPENDENT,"[0,0,0,0,0,0,0]","1. MOOD/EMOTIONAL STATE: The tweet explicitly mentions ""depression"" and expresses a sense of collective disappointment and sadness about the state of the 2020s.
2. MOTIVATION/INTEREST: The text suggests a lack of positive experiences or enjoyment, stating that the ""roaring"" part was missed and they went straight to depression.
3. SELF-HARM/DEATH THOUGHTS: not shown
4. APPETITE/EATING: not shown
5. SELF-WORTH/GUILT: not shown
6. CONCENTRATION/THINKING: not shown
7. SLEEP: not shown

CONTEXT: This is a screenshot of a tweet from August 2020, reflecting on the collective negative experience of the decade, likely influenced by the COVID-19 pandemic."
TE-619.jpg,CULTURAL_REFERENCE_DEPENDENT,"[0,0,0,1,0,0,0]","1. MOOD/EMOTIONAL STATE: The text describes an obsessive behavior, while the image shows a pained expression of exasperation.

2. MOTIVATION/INTEREST: not shown

3. EXISTENTIAL/EMOTIONAL INTENSITY: The text describes a highly repetitive and obsessive"
TE-70.jpg,CULTURAL_REFERENCE_DEPENDENT,"[1,0,0,0,0,0,0]","1. MOOD/EMOTIONAL STATE: The text explicitly states the person is battling ""severe depression and anxiety."" The character's facial expression is flat, blank, and appears emotionless.

2. MOTIVATION/INTEREST: The character shows a distinct lack of energy or enthusiasm in response to highly energetic ""Punjabi wedding music,"" offering only a listless hand gesture.

3. SELF-HARM/DEATH THOUGHTS: not shown

4. APPETITE/EATING:"
TE-74.jpg,CULTURAL_REFERENCE_DEPENDENT,"[1,0,1,0,0,0,0]","1. MOOD/EMOTIONAL STATE: The person in the chair appears sedated and disengaged with a flat affect, while the other characters express confusion and distress (""OMG, let me live"").

2. MOTIVATION/INTEREST: The person in the chair is pursuing extreme passive gratification through artificial means (drugs, porn, technology), suggesting a loss of interest in normal activities.

3. EXISTENTIAL/EMOTIONAL INTENSITY: One character's plea, ""OMG, let me live, man,"" indicates significant distress and a desire for relief. The main character is depicted in a state of extreme withdrawal from reality.

4. APPETITE/EATING: Not shown.

5. SELF-WORTH/GUILT: Not shown.

6. CONCENTRATION"
TE-256.jpg,INTERNET_CULTURE_DEPENDENT,"[0,0,0,0,0,0,0]","1. MOOD/EMOTIONAL STATE: The image expresses determination, ambition, and motivation. The characters are shown in dynamic, action-oriented poses, and the text encourages hard work.

2. MOTIVATION/INTEREST: The meme is explicitly about motivation, identifying specific life goals (government job, wealth, marriage, house) as the reason to work hard.

3. SELF-HARM/DEATH THOUGHTS: not shown

4. APPETITE/EATING: not shown

5. SELF-WORTH/GUILT: not shown

6. CONCENTRATION/THINKING: not shown

7. SLEEP: not shown

CONTEXT: This is a motivational meme using historical imagery to inspire hard work towards achieving traditional Indian societal goals like a government job, wealth, marriage, and a house."
TE-611.jpg,INTERNET_CULTURE_DEPENDENT,"[0,0,0,1,0,0,0]","1. MOOD/EMOTIONAL STATE: The left panel shows happiness and excitement, while the right panel shows a character smiling but sweating and being held back, suggesting anxiety or a struggle against an inevitable ""tragedy"".
2. MOTIVATION/INTEREST: The character is motivated to reach the balloons representing different parts of a film's plot, but is actively hindered in the second panel.
3. SELF-HARM/DEATH THOUGHTS: not shown
4. APPETITE/EATING: not shown
5. SELF-WORTH/GUILT: not shown
6. CONCENTRATION/THINKING: not shown
7. SLEEP: not shown

CONTEXT: This meme uses the ""Running Away Balloon"" format to humorously depict the common plot structure of Bollywood films, which often shift from a perfect first half to a tragic second half after the intermission."
TE-90.jpg,INTERNET_CULTURE_DEPENDENT,"[1,0,0,0,0,0,0]","1. MOOD/EMOTIONAL STATE: The text explicitly states the person has ""a lot of depression"" and ends with a plea for help, indicating distress and a depressed mood. The bottom text also refers to ""sad"" memes.

2. MOTIVATION/INTEREST: not shown

3. SELF-HARM/DEATH THOUGHTS: not shown

4. APPETITE/EATING: not shown

5. SELF-WORTH/GUILT: not shown

6. CONCENTRATION/THINKING: not shown

7. SLEEP: not shown

CONTEXT: This is a meme using a stock photo and Hindi text to comment on the ""bitter truth"" of ""sad memes,"" suggesting that genuine cries for help regarding depression are sometimes dismissed as mere performance or ""acting."""
TE-107.jpg,LANGUAGE_DEPENDENT,"[0,0,0,0,1,0,0]",
TE-14.jpg,LANGUAGE_DEPENDENT,"[0,0,0,0,0,0,0]","1. MOOD/EMOTIONAL STATE: The text ""मैं बिखरा"" translates to ""I am scattered"" or ""I am broken,"" expressing a state of being emotionally shattered, overwhelmed, or falling apart.

2. MOTIVATION/INTEREST: not shown

3. SELF-HARM/DEATH THOUGHTS: not shown

4. APPETITE/EATING: not shown

5. SELF-WORTH/GUILT: not shown

6. CONCENTRATION/THINKING: The term ""scattered"" can imply a state of mental confusion, lack of focus, or chaotic thinking.

7. SLEEP: not shown

CONTEXT: This is a minimalist text-based image, likely used as a meme or social media post to convey a feeling of emotional distress or brokenness."
TE-170.jpg,LANGUAGE_DEPENDENT,"[1,0,0,0,1,0,0]","CONTEXT: This is an Indian meme using Hindi text and a photo of actor Matthew Perry to humorously describe sudden mood swings.

1. MOOD/EMOTIONAL STATE: The text explicitly describes a sudden shift from happiness to sadness (""खुश से एकदम उदास"") in a very short time. The bottom text labels this shift as a ""depressed flip"" (""डिप्रेस्ड पलटी"").

2. MOTIVATION/INTEREST: not shown

3. SELF-HARM/DEATH THOUGHTS: not shown

4. APPETITE/EATING: not shown

5. SELF-WORTH/GUILT: not shown

6. CONCENTRATION/THINKING: not shown

7. SLEEP: not shown"
TE-175.jpg,LANGUAGE_DEPENDENT,"[0,0,0,0,0,0,0]","CONTEXT: This image is a screenshot of a tweet where the user recounts an awkward real-life interaction involving dark internet humor about depression/suicide.

1. MOOD/EM"
TE-251.jpg,LANGUAGE_DEPENDENT,"[1,1,0,0,0,0,0]","1. MOOD/EMOTIONAL STATE: The text in the bottom panel explicitly states ""डिप्रेशन में हूँ"" which translates to ""I am in depression.""

2. MOTIVATION/INTEREST: The meme suggests an activity is being done as a way to cope with depression (""fixing the chemical imbalance"") rather than for pleasure or genuine interest.

3. SELF-HARM/DEATH THOUGHTS: not shown

4. APPETITE/EATING: not shown

5. SELF-WORTH/GUILT: not shown

6. CONCENTRATION/THINKING: not shown

7. SLEEP: not shown

CONTEXT: This is a ""Myth"
TE-259.jpg,LANGUAGE_DEPENDENT,"[0,0,1,0,0,0,0]","1. MOOD/EMOTIONAL STATE: The image expresses deep hopelessness and resignation, as the character ""Me"" accepts impending death with gratitude. Visually, the character Jerry appears sad, defeated, and has a flat affect in the final panel.

2. MOTIVATION/INTEREST: The character shows a complete lack of interest in continuing to live, to the point where they thank their killer for ending their life.

3. SELF-HARM/DE"
TE-268.jpg,LANGUAGE_DEPENDENT,"[0,0,0,1,0,0,0]","1. MOOD/EMOTIONAL STATE: The character is depicted as stressed, anxious, and sweating profusely due to the difficulty of making a choice.

2. MOTIVATION/INTEREST: not shown

3. SELF-HARM/DEATH THOUGHTS: not shown

4. APPETITE/EATING: The text mentions eating yogurt (""दही""), but the focus is on the grammatical gender of the word, not actual eating habits.

5. SELF-WORTH/GUILT: not shown

6. CONCENTRATION/THINKING: The character is shown struggling to make a decision between two options, indicating a momentary difficulty in choosing.

7. SLEEP: not shown

CONTEXT: This is the ""Daily Struggle"" or ""Two Buttons"" meme format, humorously illustrating the common grammatical dilemma in Hindi of whether the word for yogurt (""दही"") is masculine or feminine."
TE-306.jpg,LANGUAGE_DEPENDENT,"[0,0,0,1,0,0,0]","1. MOOD/EMOTIONAL STATE: The meme expresses a humorous sense of pride or accomplishment related to weight loss.

2. MOTIVATION/INTEREST: The text implies a motivation to lose weight and achieve a ""thin vibe"".

3. SELF-HARM/DEATH THOUGHTS: not shown

4. APPETITE/EATING: The meme indirectly references eating habits through the theme of weight loss and ""being thin"".

5. SELF-WORTH/GUILT: The meme suggests a positive change in self-perception or body image due to weight loss.

6. CONCENTRATION/THINKING: not shown

7. SLEEP: not shown

CONTEXT: This is an Indian meme using the ""Dekh raha hai Vinod"" format and a picture of a bulldog to make a humorous observation about losing weight."
TE-362.jpg,LANGUAGE_DEPENDENT,"[1,0,1,0,0,0,0]",CONTEXT: This is a dark humor meme using an anime character and mixed Hindi/English text to juxtapose a
TE-370.jpg,LANGUAGE_DEPENDENT,"[0,0,0,1,0,0,0]","1. MOOD/EMOTIONAL STATE: The girl in the illustration has a sad or somber expression. The text conveys a message about the inability of food to reciprocate emotions, suggesting loneliness or emotional need.

2. MOTIVATION/INTEREST: The girl is shown having knitted a scarf for a cake, which is a misplaced effort at connection, indicating a potential lack of appropriate social outlets or interests.

3"
TE-384.jpg,LANGUAGE_DEPENDENT,"[0,0,0,0,0,0,0]",
TE-418.jpg,LANGUAGE_DEPENDENT,"[0,0,0,0,0,1,0]","1. MOOD/EMOTIONAL STATE: The Hindi text ""ख्यालों का बवंडर"" translates to ""a whirlwind of thoughts,"" suggesting an overwhelmed or chaotic state of mind. The small, tear-like drops falling from the flowers indicate sadness or emotional distress.

2. MOTIVATION/INTEREST: not shown

3. EXISTENTIAL/EMOTIONAL INTENSITY: The phrase ""whirlwind of thoughts"" depicts an intense internal mental experience.

4. APPETITE/EATING: not shown

5. SELF-WORTH/GUILT: not shown

6. CONCENTRATION/THINKING: The text ""ख्यालों का बवंडर"" (whirlwind of thoughts) explicitly describes a chaotic"
TE-431.jpg,LANGUAGE_DEPENDENT,"[0,0,0,0,0,0,1]","1. MOOD/EMOTIONAL STATE: The character labeled ""मैं"" (Me) appears calm and slightly amused, while the character labeled ""वो भूत जो मुझे डराने आया था"" (The ghost who came to scare me) looks shocked and terrified.

2. MOTIVATION/INTEREST: not shown

3. SELF-HARM/DEATH THOUGHTS: not shown

4. APPETITE/EATING: not shown

5. SELF-WORTH/GUILT: not shown

6. CONCENTRATION/THINKING: not shown

7. SLEEP: The scene is set in a bedroom at night, suggesting it is bedtime, but there is no specific reference to sleep quality or problems.

CONTEXT: This is a humorous meme using an anime-style illustration to depict a person's ""Incognito Tab History"" as being more frightening than a ghost."
TE-434.jpg,LANGUAGE_DEPENDENT,"[0,0,0,0,0,0,0]","1. MOOD/EMOTIONAL STATE: The Hindi idiom expresses frustration, irritation, or mental exhaustion at a situation or person.

2. MOTIVATION/INTEREST: not shown

3. SELF-HARM/DEATH THOUGHTS: not shown

4. APPETITE/EATING: not shown

5. SELF-WORTH/GUILT: not shown

6. CONCENTRATION/THINKING: The phrase literally translates to ""yogurt of the brain,"" metaphorically implying mental confusion, being overwhelmed, or an inability to think clearly.

7. SLEEP: not shown

CONTEXT: This image uses a common Hindi idiom in a graphic format to humorously or relatably express a state of mental frustration or being overwhelmed."
TE-446.jpg,LANGUAGE_DEPENDENT,"[1,0,0,0,0,0,0]","1. MOOD/EMOTIONAL STATE: The image contrasts a public facade of ""Everything is fine"" with a private admission that ""Life is a mess,"" suggesting hidden distress or sadness.

2. MOTIVATION/INTEREST: not shown

3. EXISTENTIAL/EMOTIONAL INTENSITY: The phrase ""जिंदगी झंड"" (Life is a mess/ruined) on the spam account side expresses a feeling of hopelessness or a negative outlook on one's life situation.

4. APPETITE/EATING: not shown

5. SELF-WORTH/GUILT: not shown

6. CONCENTRATION/THINKING: not shown

7. SLEEP: not shown

CONTEXT: This is a meme using the ""Main Account vs Spam Account"" format to compare a curated public image with a more authentic, and in this case negatively perceived, private reality using Hindi text."
TE-457.jpg,LANGUAGE_DEPENDENT,"[0,0,0,0,0,0,0]","1. MOOD/EMOTIONAL STATE: The text expresses anxiety, panic (""सत्यानाश!"" which translates to ""Disaster!""), and fear of rejection.

2. MOTIVATION/INTEREST: not shown

3. EXISTENTIAL/EMOTIONAL INTENSITY: The content depicts a hyperbolic fear of being ""disowned"" (*बेदखलाल*) by family due to a perceived failure in dieting.

4. APPETITE/EATING: The meme explicitly mentions the act of eating (""*खाता हूँ*"" meaning ""*eats*"") and the immediate negative internal reaction related to failing at ""dieting"".

5. SELF-WORTH/GUILT: The person expresses intense guilt and a sense of failure (""'डाइटिंग' के पेपर में *सप्ली* आ गई"" meaning ""Got a *supplementary* in the 'dieting' paper""), leading to a fear of being cast out.

6. CONCENTRATION/THINKING: not shown

7. SLEEP: not shown

CONTEXT: This is a Twitter-style meme using a ""Me vs. My conscience"" format to humorously exaggerate the guilt and consequences of breaking a diet."
TE-471.jpg,LANGUAGE_DEPENDENT,"[0,0,0,0,0,1,0]","1. MOOD/EMOTIONAL STATE: The image shows a goldfish jumping out of a bowl, which can be interpreted as a desire for freedom or escape from confinement.

2. MOTIVATION/INTEREST: The goldfish's action of jumping suggests a strong motivation to change its situation and seek something outside of its current environment.

3. SELF-HARM/DEATH THOUGHTS: Not shown.

4. APPETITE/EATING: Not shown.

5. SELF-WORTH/GUILT: Not shown.

6. CONCENTRATION/THINKING: Not shown.

7. SLEEP: Not shown.

CONTEXT: This is the book cover for the Hindi translation of the novel ""Out of My Mind"" by Sharon M. Draper."
TE-479.jpg,LANGUAGE_DEPENDENT,"[1,0,0,0,0,0,0]","1. MOOD/EMOTIONAL STATE: The meme expresses anxiety about being judged by a new therapist and the struggle of dealing with a ""binge-purge"" cycle. There's a sense of reluctance to genuinely commit to stopping the behavior long-term.

2. MOTIVATION/INTEREST: The motivation to control eating is shown as temporary and external (to look good for a therapist), rather than a genuine intrinsic desire to stop the ""drama"" forever.

3. SELF-HARM/DEATH THOUGHTS: The text explicitly mentions ""binge-purge,"" which is a form of self-harm associated with eating disorders.

4. APPETITE/EATING: The meme directly describes disordered eating patterns, specifically a ""binge-purge"" cycle and a period of ""forced control"" over eating.

5. SELF-WORTH/GUILT: The concern about having a ""swollen face"" in front of a therapist suggests shame or self-consciousness regarding the physical effects of the eating disorder.

6. CONCENTRATION/THINKING: not shown

7. SLEEP: not shown

CONTEXT: This is a Drake meme format used to illustrate the conflict between the difficult long-term goal of recovery and the short-term, performative goal of appearing ""well"" for a therapist."
TE-492.jpg,LANGUAGE_DEPENDENT,"[0,0,0,1,0,0,0]","1. MOOD/EMOTIONAL STATE: The meme shows a progression from a neutral state to extreme surprise and shock, represented by the increasingly intense reactions of Bernie Sanders.
2. MOTIVATION/INTEREST: The person is engaged in the activity of scrolling through Instagram and noticing a meme, indicating normal interest.
3. SELF-HARM/DEATH THOUGHTS: not shown
4. APPETITE/EATING: not shown
5. SELF-WORTH/GUILT: not shown
6. CONCENTRATION/THINKING: not shown
7. SLEEP: not shown

CONTEXT: This is a four-panel meme using the Bernie Sanders reaction template to depict the escalating surprise of finding one's own meme reposted on a random Instagram page."
TE-509.jpg,LANGUAGE_DEPENDENT,"[0,0,0,0,0,0,0]","1. MOOD/EMOTIONAL STATE: The phrase ""दिमाग खाली"" (Mind empty) expresses a feeling of emptiness or a flat emotional state.
2. MOTIVATION/INTEREST: The statement implies a lack of mental activity, which could suggest a lack of motivation or interest.
3. SELF-HARM/DEATH THOUGHTS: not shown
4. APPETITE/EATING: not shown
5. SELF-WORTH/GUILT: not shown
6. CONCENTRATION/THINKING: The text directly states the mind is ""empty,"" indicating a complete absence of thought or an inability to think.
7. SLEEP: not shown

CONTEXT: This is a minimalist text-based meme in Hindi used to convey a state of having no thoughts or being mentally blank."
TE-519.jpg,LANGUAGE_DEPENDENT,"[0,0,0,1,0,0,0]","1. MOOD/EMOTIONAL STATE: The text ""बस सांसें चल रही हैं"" (Just breathing is happening) conveys a feeling of emptiness, flat affect, and a sense of merely existing rather than living.

2. MOTIVATION/INTEREST: The figure is lying on the floor surrounded by work or study materials, indicating a complete lack of motivation or energy to engage with tasks.

3. EXISTENTIAL/EMOTIONAL INTENSITY: The statement ""बस सांसें चल रही हैं"" reflects a passive withdrawal from life, reducing existence to a bare biological function, which suggests a deep sense of hopelessness or existential emptiness.

4. APPETITE/EATING: Not shown.

5. SELF-WORTH/GUILT: Not shown.

6. CONCENTRATION/THINKING: Not shown.

7. SLEEP: Not shown.

CONTEXT: This is a Hindi variation of the ""Are ya winning, son?"" meme, used here to express severe burnout or depression."
TE-526.jpg,LANGUAGE_DEPENDENT,"[0,0,0,0,0,0,0]","CONTEXT: This is a text-based meme using a dialogue format to make a dark humor pun where a literal request is met with a metaphorical statement about emotional distress.

1. MOOD/EMOTIONAL STATE: The text explicitly states the person feels ""broken from inside"" (अंदर से टूट चुका हूँ), expressing deep sadness, hopelessness, or anguish.

2. MOTIVATION/INTEREST: Not shown.

3. SELF-HARM/DEATH THOUGHTS: Not shown.

4. APPETITE/EATING: Not shown.

5. SELF-WORTH/GUILT: Not shown.

6. CONCENTRATION/THINKING: Not shown.

7. SLEEP: Not shown."
TE-615.jpg,LANGUAGE_DEPENDENT,"[0,0,0,1,0,0,0]","1. MOOD/EMOTIONAL STATE: The cartoon dinosaur has a neutral, slightly surprised, or perhaps speaking expression, but no strong emotion like sadness or anguish is shown.
2. MOTIVATION/INTEREST: not shown
3. SELF-HARM/DEATH THOUGHTS: not shown
4. APPETITE/EATING: not shown
5. SELF-WORTH/GUILT: not shown
6. CONCENTRATION/THINKING: not shown
7. SLEEP: not shown

CONTEXT: This is an Indian meme that puns on the name of politician Shashi Tharoor, known for his eloquent and complex English, by combining his name with ""saurus"" to create a ""Tharoor-saurus"" dinosaur."
TE-632.jpg,LANGUAGE_DEPENDENT,"[0,0,0,0,0,0,0]","1. MOOD/EMOTIONAL STATE: The image describes feelings of social awkwardness, nervousness, and discomfort when receiving a compliment.

2. MOTIVATION/"
TE-9.jpg,LANGUAGE_DEPENDENT,"[1,0,1,0,0,0,0]","1. MOOD/EMOTIONAL STATE: The comic starts with a character expressing a ""heavy burden on the heart,"" indicating sadness or distress. It ends with the character feeling ""much lighter"" and appearing happy.
2. MOTIVATION/INTEREST: not shown
3. SELF-HARM/DEATH THOUGHTS: The characters are coffins, and one ejects a body to feel ""lighter,"" which is a dark humor metaphor but not a direct reference to self-harm or wanting to die.
4. APPETITE/EATING: not shown
5. SELF-WORTH/GUILT: The mention of a ""burden"" could imply emotional weight, but specific feelings of worthlessness or guilt are not explicitly expressed.
6. CONCENTRATION/THINKING: not shown
7. SLEEP: not shown

CONTEXT: This is a dark humor webcomic that interprets the metaphorical advice of ""lightening one's burden"" in a literal and morbid way."
TE-201.jpg,LIFESTYLE_CONTEXT_DEPENDENT,"[0,0,0,1,0,0,0]","1. MOOD/EMOTIONAL STATE: The text explicitly mentions listening to ""Arijit Singh के sad गाने"" (Arijit Singh's sad songs), indicating a sad or melancholic emotional state.

2. MOTIVATION/INTEREST: not shown

3. SELF-HARM/DEATH THOUGHTS: not shown

4. APPETITE/EATING: The image describes eating ""एक बड़ा bowl ठंडा Maggi"" (a big bowl of cold Maggi) at 3 AM, which suggests late-night eating, possibly for comfort.

5. SELF-WORTH/GUILT: not shown

6. CONCENTRATION/THINKING: not shown

7. SLEEP: The text ""रात 3 बजे"" (at 3 AM) clearly indicates being awake at an unusual hour, implying disrupted sleep or insomnia.

CONTEXT: This is a relatable Indian meme using a stock photo template to humorously depict a common, somewhat melancholic, late-night routine."
TE-296.jpg,LIFESTYLE_CONTEXT_DEPENDENT,"[1,0,0,0,0,0,1]","1. MOOD/EMOTIONAL STATE: The meme explicitly states ""आज तो हम सब sad हैं"" (Today we are all sad) and uses reaction images of crying men to express sadness and distress over minor inconveniences.

2. MOTIVATION/INTEREST: not shown

3. SELF-HARM/DEATH THOUGHTS: not shown

4. APPETITE/EATING: The text mentions a burnt paratha and tea missing ginger, which are complaints about food quality rather than appetite itself.

5. SELF-WORTH/GUILT: not shown

6. CONCENTRATION/THINKING: not shown

7. SLEEP: The text mentions being bitten by mosquitoes ""पूरी रात"" (all night), implying disrupted or lack of sleep.

CONTEXT: This is a meme using a Discord chat format and popular reaction images to humorously exaggerate the collective sadness caused by a series of minor, relatable daily annoyances."
TE-521.jpg,LIFESTYLE_CONTEXT_DEPENDENT,"[0,0,0,0,0,1,0]",
TE-226.jpg,MEDIA_CONTEXT_DEPENDENT,"[1,0,0,0,0,0,0]","1. MOOD/EMOTIONAL STATE: The image explicitly identifies the emotional state as ""Anxiety."" The man's expression in the bottom panel appears worried or distressed.

2. MOTIVATION/INTEREST: not shown

3. EXISTENTIAL/EMOTIONAL INTENSITY: The meme depicts the intense mental state of anxiety, characterizing it as a futile search for problems that do not exist.

4. APPETITE/EATING: not shown

5. SELF-WORTH/GUILT: not shown

6. CONCENTRATION/THINKING: The text ""Searching for something that doesn't exist"" implies a cognitive distortion where the mind is preoccupied with worry and imaginary threats.

7. SLEEP: not shown

CONTEXT: This is a meme using a scene from an Indian movie to illustrate the feeling of anxiety."
TE-294.jpg,MEDIA_CONTEXT_DEPENDENT,"[0,0,0,0,1,0,0]",
TE-323.jpg,MEDIA_CONTEXT_DEPENDENT,"[0,1,0,0,0,0,0]","1. MOOD/EMOTIONAL STATE: The text implies a state of hopelessness or emptiness, suggesting a lack of a current reason to exist.
2. MOTIVATION/INTEREST: The instruction to ""find a reason to live"" indicates a severe lack of motivation and interest in life itself.
3. SELF-HARM/DEATH THOUGHTS: The phrase ""find one reason to live"" directly relates to the struggle for existence and implies a potential lack of the will to live.
4. APPETITE/EATING: not shown
5. SELF-WORTH/GUILT: not shown
6. CONCENTRATION/THINKING: not shown
7. SLEEP: not shown

CONTEXT: This meme uses the authoritative voice of the ""Bigg Boss"" reality show to deliver a dark message about finding a reason for existence."
TE-336.jpg,MEDIA_CONTEXT_DEPENDENT,"[1,0,1,0,0,0,0]","Based on the meme image provided, here is the analysis for each area:

1.  **MOOD/EMOTIONAL STATE:** The image explicitly labels different moods: ""खुश"" (happy), ""उदास"" (sad), and ""तनावग्रस्त"" (stressed). The final panel expresses a state of extreme distress, translated as ""wanting to die"".
2.  **MOTIVATION/INTEREST:** not shown
3.  **SELF-HARM/DEATH THOUGHTS:** The fourth panel includes the text ""मरने का मन"", which translates to ""wanting to die"". This is a direct reference to death thoughts, used hyperbolically to express dislike for the movie.
4.  **APPETITE/EATING:** not shown
5.  **SELF-WORTH/GUILT:** not shown
6.  **CONCENTRATION/THINKING:** not shown
7.  **SLEEP:** not shown

**CONTEXT:** This is an Indian meme that uses a four-panel reaction format to humorously exaggerate the negative experience of watching the movie ""Race 3""."
TE-354.jpg,MEDIA_CONTEXT_DEPENDENT,"[1,0,0,0,0,0,0]","1. MOOD/EMOTIONAL STATE: The man's expressions across the panels convey weariness, sadness, and pensive frustration. He appears tired of waiting and contemplating his situation.

2. MOTIVATION/INTEREST: Not shown.

3. SELF-HARM/DEATH THOUGHTS: Not shown.

4. APPETITE/EATING: Not shown.

5. SELF-WORTH"
TE-47.jpg,MEDIA_CONTEXT_DEPENDENT,"[1,0,0,0,1,0,0]",1. MOOD/EMOTIONAL STATE
TE-497.jpg,MEDIA_CONTEXT_DEPENDENT,"[0,0,0,0,0,0,1]","**CONTEXT:** This is a humorous meme, likely aimed at mothers, using hyperbole to exaggerate the feeling of chronic sleep deprivation.

1.  **MOOD/EMOTIONAL STATE:** The meme expresses a feeling of long-term exhaustion and weariness, presented in a humorous, exaggerated way.
2.  **MOTIVATION/INTEREST:** not shown
3.  **SELF-HARM/DEATH THOUGHTS:** not shown
4.  **APPETITE/EATING:** not shown
5.  **SELF-WORTH/GUILT:** not shown
6.  **CONCENTRATION/THINKING:** not shown
7.  **SLEEP:** The meme directly addresses a lack of peaceful sleep, humorously claiming the last time the person slept well was during the British rule of India."
TE-505.jpg,MEDIA_CONTEXT_DEPENDENT,"[0,0,0,1,0,0,0]","Here is the analysis of the meme image based on the requested categories:

1.  **MOOD/EMOTIONAL STATE:** The young woman revealed in the second panel appears sad, anxious, and distressed, with a worried facial expression.
2.  **MOTIVATION/INTEREST:** not shown
3.  **SELF-HARM/DEATH THOUGHTS:** not shown
4.  **APPETITE/EATING:** The text explicitly mentions ""मेरी कम खाने की बीमारी (ED)"" which translates to ""My eating disorder,"" indicating a problem with eating, likely restriction. The meme suggests this was hidden behind a ""sudden decision to become vegetarian.""
5.  **SELF-WORTH/GUILT:** not shown
6."
TE-525.jpg,MEDIA_CONTEXT_DEPENDENT,"[1,0,0,0,0,0,0]",1. MOOD/EMOTIONAL STATE
TE-98.jpg,MEDIA_CONTEXT_DEPENDENT,"[1,0,0,0,0,0,0]","1. MOOD/EMOTIONAL STATE: The meme explicitly discusses ""DEPRESSION"" and uses a smiling emoji to represent a hidden or masked emotional state, suggesting that outward happiness can conceal inner depression.

2. MOTIVATION/INTEREST: not shown

3. SELF-HARM/DEATH THOUGHTS: not shown

4. APPETITE/EATING: not shown

5. SELF-WORTH/GUILT: not shown

6. CONCENTRATION/THINKING: not shown

7. SLEEP: not shown

CONTEXT: This meme uses a scene from the Indian movie ""Baahubali 2"" to comment on the concept of ""smiling depression,"" where an individual hides their mental health struggles behind a happy facade."
TE-140.jpg,MEME_FORMAT_DEPENDENT,"[0,0,0,0,1,0,0]","1. MOOD/EMOTIONAL STATE: The character in the manga panel is blushing, which typically signifies shyness, embarrassment, or being flustered.

2. MOTIVATION/INTEREST: The text expresses an interest in the ""person"" rather than physical attributes, indicating a shift in perspective towards personality.

3. SELF-HARM/DEATH THOUGHTS: not shown

4. APPETITE/EATING: not shown

5. SELF-WORTH/GUILT: not shown

6. CONCENTRATION/THINKING: not shown

7. SLEEP: not shown

CONTEXT: This is a meme that combines a manga panel with the ""Skyrim Skill"" reaction format and Hindi text to make a joke about a ""smooth"" or wholesome statement."
TE-196.jpg,MEME_FORMAT_DEPENDENT,"[1,0,1,0,0,0,0]","1. MOOD/EMOTIONAL STATE: The text explicitly states that the person is ""Depressed"" and has ""always been"" that way.

2. MOTIVATION/INTEREST: Not shown.

3. EXISTENTIAL/EMOTIONAL INTENSITY: The image visually depicts one astronaut pointing a handgun at the back of another astronaut's head.

4. APPETITE/EATING: Not shown.

5. SELF-WORTH/GUILT: Not shown.

6. CONCENTRATION/THINKING: Not shown.

7. SLEEP: Not shown.

CONTEXT: This is a variation of the ""Always Has Been"" meme format, adapted with Hindi text to convey a realization about long-term depression."
TE-484.jpg,MEME_FORMAT_DEPENDENT,"[0,0,0,0,0,0,0]","1. MOOD/EMOTIONAL STATE: Not shown.

2. MOTIVATION/INTEREST: The image suggests an excessive interest or fixation on food"
TE-550.jpg,MEME_FORMAT_DEPENDENT,"[0,0,0,1,0,0,0]","1. MOOD/EMOTIONAL STATE: The text explicitly states the person is ""unhappy"" (नाखुश) in both their eating disorder and recovery states.

2. MOTIVATION/INTEREST: The text indicates a"
TE-589.jpg,MEME_FORMAT_DEPENDENT,"[0,0,0,1,0,0,0]","1. MOOD/EMOTIONAL STATE: The image conveys a surreal and menacing mood through the distorted, bat-wielding figure, which is humorously contrasted with the mundane text about tea. It does not express sadness or hopelessness.

2. MOTIVATION/INTEREST: The text explicitly states an interest in having tea (""Time for tea"").

3. SELF-HARM/DEATH THOUGHTS: Not shown.

4. APPETITE/EATING: The text ""चाय का समय"" (Time for tea) indicates a desire or routine related to drinking tea.

5. SELF-WORTH/GUILT: Not shown.

6. CONCENTRATION/THINKING: Not shown.

7. SLEEP: Not shown.

CONTEXT: This is a ""deep-fried"" meme using a distorted character and Hindi text to create an absurd and humorous contrast between a threatening image and a simple statement."
TE-591.jpg,MEME_FORMAT_DEPENDENT,"[0,0,0,0,0,1,0]","1. MOOD/EMOTIONAL STATE: The central character is depicted crying and distressed, expressing anxiety and anguish over the complexity of decision-making.

2. MOTIVATION/INTEREST: The central character appears paralyzed by overanalysis, suggesting a struggle to take action, while the outer characters show a simple, direct motivation to ""just do it.""

3. EXISTENTIAL/EMOTIONAL INTENSITY: The central character shows intense distress and frustration related to the perceived need for complex frameworks to make rational decisions.

4. APPETITE/EATING: not shown

5. SELF-WORTH/GUILT: not shown

6. CONCENTRATION/THINKING: The meme illustrates the central character's difficulty in making decisions due to overthinking and reliance on complex ""mental models,"" contrasting with the simple, decisive thinking of the others.

7. SLEEP: not shown

CONTEXT: This is a ""Bell Curve"" or ""Midwit"" meme using Wojak characters to satirize the tendency of average people to overcomplicate tasks compared to the simplicity of those at the IQ extremes."
TE-112.jpg,NICHE_SUBCULTURE_DEPENDENT,"[1,0,1,0,0,0,0]","1. MOOD/EMOTIONAL STATE: The text expresses a desire to ""escape from our lives,"" suggesting dissatisfaction, weariness, or unhappiness with one's current reality.

2. MOTIVATION/INTEREST: The meme implies that the interest in Bollywood is driven by a need to cope with a lack of satisfaction or interest in real life.

3. SELF-HARM/DEATH THOUGHTS: not shown

4. APPETITE/EATING: not shown

5. SELF-WORTH/GUILT: not shown

6. CONCENTRATION/THINKING: not shown

7. SLEEP: not shown

CONTEXT: This is a Bollywood meme using a comparison format to deliver a relatable punchline about using movies as a form of escapism."
TE-172.jpg,NICHE_SUBCULTURE_DEPENDENT,"[0,0,0,0,1,0,0]","1. MOOD/EMOTIONAL STATE: The overall tone is humorous and self-deprecating, with the characters showing mild surprise or realization in the second panel rather than sadness or anguish.

2. MOTIVATION/INTEREST: not shown

3. SELF-HARM/DEATH THOUGHTS: not shown

4. APPETITE/EATING: not shown

5. SELF-WORTH/GUILT: The meme humorously accepts the label of being ""single and nalla"" ("
TE-249.jpg,NICHE_SUBCULTURE_DEPENDENT,"[0,0,0,0,1,0,0]","1. MOOD/EMOTIONAL STATE: The text expresses a sense of worthlessness and resignation, with the person describing themselves as ""useless"" (""nalla""). The overall tone is one of self-deprecating humor about a perceived lack of purpose.

2. MOTIVATION/INTEREST: The self-labeling as ""useless"" (""nalla"") implies a lack of productive activity or ambition, suggesting a potential lack of motivation or interest in meaningful pursuits.

3. EXISTENTIAL/EMOTIONAL INTENSITY: The meme touches on an existential theme of being born in an era lacking grand purpose, leading to a feeling of being ""useless,"" but does not depict extreme hopelessness or self-harm.

4. APPETITE/EATING: not shown

5. SELF-WORTH/GUILT: The person explicitly expresses low self-worth by stating they were born at the right time to become ""useless"" (""nalla"").

6. CONCENTRATION/THINKING"
TE-279.jpg,NICHE_SUBCULTURE_DEPENDENT,"[0,0,0,1,0,0,0]",
TE-346.jpg,NICHE_SUBCULTURE_DEPENDENT,"[0,0,1,0,0,0,0]","1. MOOD/EMOTIONAL STATE: The text expresses a sense of disillusionment and resignation, using romantic movies as an escape from a perceived harsh reality.

2. MOTIVATION/INTEREST: The motivation described is to ""escape reality"" through movies, implying a lack of interest in or avoidance of the real-world prospect of arranged marriage.

3. SELF-HARM/DEATH THOUGHTS: not shown

4. APPETITE/EATING: not shown

5. SELF-WORTH/GUILT: not shown

6. CONCENTRATION/THINKING: not shown

7. SLEEP: not shown

CONTEXT: This is an Indian meme using Bollywood actresses to comment on the cultural contrast between idealized movie romance and the reality of arranged marriages."
TE-37.jpg,NICHE_SUBCULTURE_DEPENDENT,"[0,1,0,0,0,0,0]",1. MOOD/EMOTIONAL STATE: The image expresses a shift from calm acceptance regarding studies to excitement and happiness regarding web series.
TE-595.jpg,NICHE_SUBCULTURE_DEPENDENT,"[0,0,0,1,1,0,0]","1. MOOD/EMOTIONAL STATE: The image shows expressions of disgust and disappointment in response to one food item, and pleasure or interest in response to another.

2. MOTIVATION/INTEREST: The person shows a strong lack of interest or dislike for ""टिंडा/लौकी"" (gourd vegetables) and a clear interest in the paneer dish.

3. SELF-HARM/DEATH THOUGHTS: not shown

4. APPETITE/EATING: The meme is centered around food preferences, showing a strong aversion to one type of food (spitting it out) and a desire for another.

5. SELF-WORTH/GUILT: not shown

6. CONCENTRATION/THINKING: not shown

7. SLEEP: not shown

CONTEXT: This is a four-panel meme using a popular reaction template to humorously depict a common food preference, specifically attributed to boys."
TE-78.jpg,NICHE_SUBCULTURE_DEPENDENT,"[0,0,0,0,1,0,0]","1. MOOD/EMOTIONAL STATE: The bottom panel shows intense sadness and crying, with text stating, ""It hurts so much that I feel like crying.""

2. MOTIVATION/INTEREST: not shown

3. SELF-HARM/DEATH THOUGHTS: not shown

4. APPETITE/EATING: not shown

5. SELF-WORTH/GUILT: The bottom panel implies a blow to self-worth, as the text suggests the person would be rejected as ""weird"" and a ""creep"" by their idealized heroine.

6. CONCENTRATION/THINKING: not shown

7. SLEEP: not shown

CONTEXT: This is a two-panel anime reaction meme illustrating a shift from dismissal to deep emotional pain upon facing a harsh hypothetical reality about fandom."
TE-88.jpg,NICHE_SUBCULTURE_DEPENDENT,"[0,0,0,0,1,0,0]","CONTEXT: This is an Indian meme using a ""big brain"" or ""life hack"" format"
TE-166.jpg,POP_CULTURE_DEPENDENT,"[1,0,1,0,1,0,0]",
TE-168.jpg,POP_CULTURE_DEPENDENT,"[0,0,1,0,0,0,0]",
TE-174.jpg,POP_CULTURE_DEPENDENT,"[0,0,0,0,1,0,0]","1. MOOD/EMOTIONAL STATE: The text expresses an exaggerated sense of self-importance and confidence, used for comedic effect. The image shows a confident, ""cool"" persona.
2. MOTIVATION/INTEREST: not shown
3. SELF-HARM/DEATH THOUGHTS: not shown
4. APPETITE/EATING: not shown
5. SELF-WORTH/GUILT: The text implies an inflated sense of self-worth, presented ironically, with no expression of guilt or worthlessness.
6. CONCENTRATION/THINKING: not shown
7. SLEEP: not shown

CONTEXT: This is an Indian meme using a popular South Indian actor to make a sarcastic point about the perceived lack of realism in South Indian cinema by presenting an equally unrealistic real-life scenario."
TE-178.jpg,POP_CULTURE_DEPENDENT,"[1,0,1,0,0,0,0]","1. MOOD/EMOTIONAL STATE: The meme depicts a range of emotions including grandiosity (""I am God""), extreme sadness and despair (""I want to die""), hope/longing (""My Karan Arjun will come""), and weariness/frustration (""here we go again"").

2. MOTIVATION/INTEREST: The statement ""I want to die"" suggests a complete loss of interest in continuing life, while the final panel's ""here we go again"" implies a lack of motivation to face repetitive challenges.

3. EXISTENTIAL/EMOTIONAL INTENSITY: The top-right panel explicitly states ""मुझे मरना है"" (I want to die), which is a clear expression of extreme hopelessness and a wish to end one's life.

4. APPETITE/EATING: not shown.

5. SELF-WORTH/GUILT: The top-left panel shows an inflated sense of self-worth with the line ""कभी कभी लगता है अपुन ही भगवान है"" (Sometimes I feel like I am God).

6. CONCENTRATION/THINKING: not shown.

7. SLEEP: not shown.

CONTEXT: This is a four-panel meme"
TE-188.jpg,POP_CULTURE_DEPENDENT,"[0,0,0,0,1,0,0]","1. MOOD/EMOTIONAL STATE: The text expresses distress and a negative self-perception regarding body image (""I have become so fat""). The reaction implies skepticism and disbelief towards reassurance from others.
2. MOTIVATION/INTEREST: not shown
3. SELF-HARM/DEATH THOUGHTS: not shown
4. APPETITE/EATING: The mention of becoming ""fat"" suggests a concern with body weight, which is often linked to eating, but specific eating habits are not mentioned.
5. SELF-WORTH/GUILT: The person expresses a negative view of their own body (""I have become so fat""), indicating an issue with self-worth related to physical appearance.
6. CONCENTRATION/THINKING: not shown
7. SLEEP: not shown

CONTEXT: This meme uses a common social scenario about body image and a famous Hindi idiom from a vintage Bollywood movie poster to humorously express disbelief at reassurance."
TE-200.jpg,POP_CULTURE_DEPENDENT,"[0,0,0,0,0,0,0]","1. MOOD/EMOTIONAL STATE: The subject's facial expression is serious, intense, and somber. The text conveys a harsh, discouraging, and reality-checking sentiment.

2. MOTIVATION/INTEREST: The text explicitly discourages ambition and motivation by instructing the reader to ""stop dreaming.""

3. SELF-HARM/DEATH THOUGHTS: not shown

4. APPETITE/EATING: not shown

5. SELF-WORTH/GUILT: The text targets self-worth by"
TE-213.jpg,POP_CULTURE_DEPENDENT,"[0,0,0,0,0,0,0]","CONTEXT: This image is a culturally specific meme formatted as a humorous ""survival tip"" addressing the demanding work culture of the Indian IT sector.

1. MOOD/EMOTIONAL STATE: The text implies a state of chronic stress or exhaustion inherent to the IT sector, rather than explicit emotions like sadness or"
TE-222.jpg,POP_CULTURE_DEPENDENT,"[1,0,0,0,0,0,0]","1. MOOD/EMOTIONAL STATE: The image explicitly labels the leaning building as ""Anxiety और depression"" (Anxiety and depression), indicating these are the dominant emotional states being depicted.

2. MOTIVATION/INTEREST: The beams holding up the building are labeled with uplifting Bollywood movies (""3 Idiots,"" ""Yeh Jawaani Hai Deewani,"" ""Zindagi Na Milegi Dobara""), suggesting these films are being used as coping mechanisms or sources of comfort and motivation.

3. SELF-HARM/DEATH THOUGHTS: not shown

4. APPETITE/EATING: The text ""बिरयानी में इलायची"" (Cardamom in biryani) mentions food, but it is used as a metaphor for a small annoyance rather than indicating actual eating habits.

5. SELF-WORTH/GUILT: not shown

6. CONCENTRATION/THINKING: not shown

7. SLEEP: not shown

CONTEXT: This is an object-labeling meme using a photo of a precarious building to illustrate a person (""मैं"") using popular Bollywood movies to cope with their anxiety and depression."
TE-236.jpg,POP_CULTURE_DEPENDENT,"[0,0,0,0,1,0,0]","1. MOOD/EMOTIONAL STATE: The highlighted comment expresses sadness and loneliness by asking, ""Why does no one love me?"".
2. MOTIVATION/INTEREST: not shown
3. SELF-HARM/DEATH THOUGHTS: not shown
4. APPETITE/EATING: not shown
5. SELF-WORTH/GUILT: The commenter questions their own lovability, suggesting feelings of low self-worth or unworthiness.
6. CONCENTRATION/THINKING: not shown
7. SLEEP: not"
TE-244.jpg,POP_CULTURE_DEPENDENT,"[1,0,0,0,0,0,0]","1. MOOD/EMOTIONAL STATE: Sadness is explicitly stated in the text (""sad playlist,"" ""sad me""). The man in the reaction image expresses distress, weariness, and frustration about re-entering this negative emotional state.

2. MOTIVATION/INTEREST: Not shown.

3. SELF-HARM/DEATH THOUGHTS: Not shown.

4. APPETITE/EATING: Not shown.

5. SELF-WORTH/GUILT: Not shown.

6."
TE-255.jpg,POP_CULTURE_DEPENDENT,"[1,0,0,0,0,0,0]","CONTEXT: This is a meme featuring Jethalal, a popular character from the Indian sitcom *Taarak Mehta Ka Ooltah Chashmah*, using his stressed expression to convey a relatable social frustration.

1. MOOD/EMOTIONAL STATE: The image expresses intense frustration, annoyance, and stress. The subject is grimacing with clenched teeth and holding his head, indicating being overwhelmed"
TE-275.jpg,POP_CULTURE_DEPENDENT,"[1,0,0,0,0,0,0]","1. MOOD/EMOTIONAL STATE: The image personifies ""Depression"" and ""Anxiety"" as constant companions through the use of Hindi song lyrics about unbreakable friendship and loyalty, suggesting a feeling of being stuck with these conditions.
2. MOTIVATION/INTEREST: not shown
3. SELF-HARM/DEATH THOUGHTS: The lyric associated with Anxiety, ""तोड़ेंगे दम मगर तेरा साथ न छोड़ेंगे"" (We will break our breath but won't leave your side), contains a metaphorical reference to death (""break our breath""), though it's used to emphasize the persistence of anxiety.
4. APPETITE/EATING: not shown
5. SELF-WORTH/GUILT: not shown
6. CONCENTRATION/THINKING: not shown
7. SLEEP: not shown

CONTEXT: This meme uses iconic Bollywood actors and lyrics from the film ""Sholay"" to humorously depict depression and anxiety as loyal, inescapable friends."
TE-291.jpg,POP_CULTURE_DEPENDENT,"[1,0,0,0,0,0,0]","1. MOOD/EMOTIONAL STATE: The text explicitly mentions ""depression"". The drawing shows a man with a shocked, distressed, or anguished expression, while the woman holding it has a flat affect.
2. MOTIVATION/INTEREST: not shown
3. SELF-HARM/DEATH THOUGHTS: not shown
4. APPETITE/EATING: not shown
5. SELF-WORTH/GUILT: not shown
6. CONCENTRATION/THINKING: not shown
7. SLEEP: not shown

CONTEXT: This is a meme format where someone is asked to draw a concept, and the resulting ""drawing"" is a reaction image used for humorous or relatable effect."
TE-34.jpg,POP_CULTURE_DEPENDENT,"[0,0,0,0,1,0,0]","1. MOOD/EMOTIONAL STATE: The meme expresses frustration and a sense of being belittled or judged due to contradictory parental expectations. The image shows a stern, disapproving facial expression attributed to the parents.

2. MOTIVATION/INTEREST: The"
TE-364.jpg,POP_CULTURE_DEPENDENT,"[1,0,1,0,0,0,0]",
TE-379.jpg,POP_CULTURE_DEPENDENT,"[1,0,1,0,1,0,0]","1. MOOD/EMOTIONAL STATE: The character in the final panel has a sad, dejected expression. The text implies a feeling of hopelessness and emptiness about his future.

2. MOTIVATION/INTEREST: The statement that his future is ""already dead"" suggests a complete lack of motivation or hope for anything to come.

3. EXISTENTIAL/EMOTIONAL INTENSITY: The comic expresses extreme hopelessness, with the character attempting to end his ""future"" by writing it in a death book, only to be told it's already dead.

4. APPETITE/EATING: not shown

5. SELF-WORTH/GUILT: The concept of his future being ""already dead"" implies a feeling of worthlessness or futility regarding his life's trajectory.

6. CONCENTRATION/THINKING: not shown

7. SLEEP: not shown

CONTEXT: This is a four-panel meme using a parody of the ""Death Note"" anime to express a darkly pessimistic view of one's own future."
TE-467.jpg,POP_CULTURE_DEPENDENT,"[1,0,0,0,0,0,0]","Based on the image provided, here is the observation for each area:

1.  **MOOD/EMOTIONAL STATE:** The image depicts sadness and hopelessness. The singer on the left has a pained expression, and the man on the right looks deeply dejected and despairing.
2.  **MOTIVATION/INTEREST:** The man on the right is sitting passively with a slumped posture, which may suggest a lack of motivation or energy, though it's primarily an expression of sadness.
3.  **EXISTENTIAL/EMOTIONAL INTENSITY:** The man on the right conveys a sense of hopelessness and despair about his reality, emphasized by the text ""In reality, it looks like this"".
4."
TE-50.jpg,POP_CULTURE_DEPENDENT,"[0,0,0,1,1,0,0]",1. MOOD/
TE-540.jpg,POP_CULTURE_DEPENDENT,"[0,1,0,0,0,0,0]","1. MOOD/EMOTIONAL STATE: The image explicitly expresses a state of boredom (""बोरियत""). The character's stern expression announces this impending feeling.

2. MOTIVATION/INTEREST: The anticipation of boredom implies a lack of interesting or engaging activities, suggesting a temporary loss of interest or motivation.

3. SELF-HARM/DEATH THOUGHTS: not shown

4. APPETITE/EATING: not shown

5. SELF-WORTH/GUILT: not shown

6. CONCENTRATION/THINKING: not shown

7. SLEEP: not shown

CONTEXT: This meme uses the iconic Bollywood villain Mogambo to humorously announce the arrival of boredom."
TE-546.jpg,POP_CULTURE_DEPENDENT,"[0,0,0,0,1,0,0]","CONTEXT: This is an Indian meme using a reaction image to humorously highlight the painful reality of body-shaming comments from a mother comparing siblings.

1. MOOD/EMOTIONAL STATE: The woman's expression is one of wide-eyed shock or horror. The text describes the emotional weight of receiving a ""lifelong taunt"" about her physical appearance.

2. MOTIVATION/INTEREST: not shown

3. SELF-HARM/DEATH TH"
TE-650.jpg,POP_CULTURE_DEPENDENT,"[0,1,0,0,0,0,0]","1. MOOD/EMOTIONAL STATE: The text explicitly states the person is fighting because they are ""bored"" and ""hormonally charged,"" indicating irritability or mood swings. The characters"
TE-99.jpg,POP_CULTURE_DEPENDENT,"[1,0,0,0,0,0,0]",1. MOOD/EMOTIONAL STATE: The image
TE-32.jpg,REFERENCE_DEPENDENT,"[1,0,0,0,0,0,0]","1. MOOD/EMOTIONAL STATE: The text explicitly mentions ""too much stress"" and states ""life is ruined,"" accompanied by a crying emoji, indicating sadness, distress, and a sense of hopelessness.

2. MOTIVATION/INTEREST: The declaration that ""life is ruined"" suggests a general negative outlook and potential loss of interest in life's activities.

3. SELF-HARM/DEATH THOUGHTS: Not shown.

4. APPETITE/EATING: Not shown.

5. SELF-WORTH/GUILT: Not shown.

6. CONCENTRATION/THINKING: Not shown.

7. SLEEP: Not shown.

CONTEXT: This is an Indian meme using the ""Epic Handshake"" template to illustrate the shared burden of immense stress faced by both engineering and medical students."
TE-44.jpg,REFERENCE_DEPENDENT,"[0,0,0,0,0,0,0]","1. MOOD/EMOTIONAL STATE: The image depicts aggression and retaliation, with one character shooting another and the other responding with destructive force.
2. MOTIVATION/INTEREST: not shown
3. SELF-HARM/DEATH THOUGHTS: The image shows one character shooting another, which is an act of violence, but there is no reference to self-harm or suicide.
4. APPETITE/EATING: not shown
5. SELF-WORTH/GUILT: not shown
6. CONCENTRATION/THINKING: not shown
7. SLEEP: not shown

CONTEXT: This is a meme using the ""Who Killed Hannibal?"" template from The Eric Andre Show, modified with Hindi text and special effects to humorously depict a conflict between an ""Englishman"" and an ""Indian mosquito."""
TE-442.jpg,REFERENCE_DEPENDENT,"[0,0,0,0,0,0,0]",1. MOOD/EMOTIONAL STATE: The text explicitly mentions
TE-602.jpg,REFERENCE_DEPENDENT,"[0,0,0,0,0,0,1]",CONTEXT: This is a culturally specific meme relating to the high stress and workload experienced by Indian Chartered Accountants (CAs
TE-644.jpg,REFERENCE_DEPENDENT,"[0,0,1,0,0,1,0]",1. MOOD/EMOTIONAL STATE: The image expresses
TE-1.jpg,UNIVERSAL_HUMAN,"[1,0,0,0,0,0,0]","1. MOOD/EMOTIONAL STATE: The person's huddled posture and the text ""I don't know how much more I can take"" express deep anguish, despair, and hopelessness.
2. MOTIVATION/INTEREST: The text suggests being overwhelmed by suffering, implying a lack of ability to cope, but does not explicitly mention a loss of interest in activities.
3. SELF-HARM/DEATH THOUGHTS: The statement ""I don't know how much more I can take"" indicates reaching a breaking point and an inability to continue enduring current suffering, which can be a precursor to thoughts of escape or ending pain.
4. APPETITE/EATING: not shown
5. SELF-WORTH/GUILT: not shown
6. CONCENTRATION/THINKING: not shown
7. SLEEP: not shown

CONTEXT: This is a ""sadboi"" or ""doomer"" style meme, using a dark aesthetic and text to express feelings of depression and existential dread."
TE-10.jpg,UNIVERSAL_HUMAN,"[0,0,0,1,0,0,0]","1. MOOD/EMOTIONAL STATE: The text and image combination express a sense of relief or liberation, depicting a temporary break from the struggles of anorexia.

2. MOTIVATION/INTEREST: not shown

3. EXISTENTIAL/EMOTIONAL INTENSITY: The visual depicts an intense out-of-body experience, which is used metaphorically to represent the significant feeling of the eating disorder temporarily ""leaving"" the person.

4. APPETITE/EATING: The text explicitly mentions ""anorexia,"" an eating disorder, and describes a cyclical pattern where its effects temporarily subside for a few days.

5. SELF-WORTH/GUILT: not shown

6. CONCENTRATION/THINKING: not shown

7. SLEEP: not shown

CONTEXT: This is a meme using an ""out-of-body experience"" template to humorously describe the temporary relief from anorexia symptoms."
TE-100.jpg,UNIVERSAL_HUMAN,"[1,0,0,0,0,0,0]","1. MOOD/EMOTIONAL STATE: The text explicitly states the person was ""so sad"" (""इतनी उदास थी""), and the visual shows a person lying down with a despondent expression, indicating deep sadness and hopelessness.

2. MOTIVATION/INTEREST: The text describes a severe lack of motivation, stating the person was unable to ""even get out of the room"" due to their sadness.

3. SELF-HARM/DEATH THOUGHTS: not shown

4. APPETITE/EATING: not shown

5. SELF-WORTH/GUILT: not shown

6. CONCENTRATION/THINKING: not shown

7. SLEEP: not shown

CONTEXT: This is a ""sad posting"" image macro, a common meme format used to express feelings of depression and isolation on social media."
TE-101.jpg,UNIVERSAL_HUMAN,"[1,0,1,0,0,0,0]",1. MOOD/EMOTIONAL STATE: The character standing at the cliff edge has a hunched posture
TE-102.jpg,UNIVERSAL_HUMAN,"[1,0,1,0,0,0,0]","1. MOOD/EMOTIONAL STATE: The text indicates a state of severe hopelessness or anguish, as the character was contemplating ending his life.

2. MOTIVATION/INTEREST: not shown

3. SELF-HARM/DEATH THOUGHTS: The image explicitly mentions suicidal ideation, stating the character ""was thinking of"
TE-103.jpg,UNIVERSAL_HUMAN,"[0,0,0,0,0,0,0]","Based on the handwritten Hindi text in the image, here is the analysis for each area:

1.  **MOOD/EMOTIONAL STATE:** The writer explicitly states that they are ""sad"" (""उदास"") and that others tell them they look sad.

2.  **MOTIVATION/INTEREST:** not shown

3.  **EXISTENTIAL/EMOTIONAL INTENSITY:** not shown

4.  **APPETITE/EATING:** not shown

5.  **SELF-WORTH/GUILT:** not shown

6.  **CONCENTRATION/THINKING:** not shown

7.  **SLEEP:** The writer repeatedly mentions being ""tired"" (""थका हुआ""), indicating a state of fatigue.

**CONTEXT:** The image contains a handwritten personal note or reflection in Hindi."
TE-105.jpg,UNIVERSAL_HUMAN,"[0,0,0,0,1,0,0]","1. **MOOD/EMOTIONAL STATE:** The text expresses anguish, hopelessness, and a deeply negative self-view.

2. **MOTIVATION/INTEREST:** Describing oneself as ""useless"" and ""untalented"" suggests a lack of motivation or belief in one's capabilities.

3. **SELF-HARM/DEATH THOUGHTS:** Not shown.

4. **APPETITE/EATING:** Not shown.

5. **SELF-WORTH/GUILT:** The person expresses extreme worthlessness (""useless, ugly, untalented"") and immense guilt, feeling like an infinite ""burden"" on their parents.

6. **CONCENTRATION/THINKING:** Not shown.

7. **SLEEP:** Not shown.

**CONTEXT:** This is a self-deprecating meme using a comparison chart format to exaggerate the user's perceived flaws and the burden they place on their family."
TE-106.jpg,UNIVERSAL_HUMAN,"[0,0,0,0,1,1,0]",1. MOOD/EMOTIONAL STATE: The
TE-108.jpg,UNIVERSAL_HUMAN,"[0,0,0,1,0,0,0]","1. MOOD/EMOTIONAL STATE: The text explicitly mentions ""fear,"" indicating anxiety or distress related to specific foods. The"
TE-109.jpg,UNIVERSAL_HUMAN,"[1,0,0,0,1,0,1]","1. MOOD/EMOTIONAL STATE: The character under the table expresses distress, anxiety, and shock, indicated by her wide, blank eyes and the blue lines on her face.
2. MOTIVATION/INTEREST: not shown
3. SELF-HARM/DEATH THOUGHTS: not shown
4. APPETITE/EATING: not shown
5. SELF-WORTH/GUILT: The text refers to an ""embarrassing moment,"" implying a feeling of shame or self-consciousness about a past action.
6. CONCENTRATION/THINKING: The meme shows an intrusive memory disrupting the character's mind, indicating difficulty in controlling thoughts.
7. SLEEP: The text explicitly mentions ""trying to sleep"" (""सोने की कोशिश में"") and shows this being disrupted by an embarrassing memory, indicating difficulty falling asleep.

CONTEXT: This is a relatable anime meme depicting the common experience of embarrassing memories keeping a person awake at night."
TE-11.jpg,UNIVERSAL_HUMAN,"[1,0,0,0,0,0,0]","Based on the image provided, here is the analysis for each area:

1.  **MOOD/EMOTIONAL STATE:** The text explicitly states ""भयंकर डिप्रेशन"" (terrible depression). The smiling Lego head worn by the person suggests a masking of true emotions or a disconnect between one's internal state and outward appearance.
2.  **MOTIVATION/INTEREST:** Not shown.
3.  **EXISTENTIAL/EMOTIONAL INTENSITY:** The use of the word ""भयंकर"" (terrible/severe) to describe the depression indicates a high intensity of emotional distress.
4.  **APPETITE/EATING:** Not shown.
5.  **SELF-WORTH/GUILT:** Not shown.
6.  **CONCENTRATION/THINKING:** Not shown.
7.  **SLEEP:** Not shown.

**CONTEXT:** This is a meme format where an image is labeled with ""मैं"" (Me) and a description of a mental state, using humor and contrast to express personal feelings of severe depression."
TE-110.jpg,UNIVERSAL_HUMAN,"[1,0,0,0,0,0,0]",1. MOOD/EMOTIONAL STATE: The woman character explicitly
TE-111.jpg,UNIVERSAL_HUMAN,"[1,0,0,0,0,0,0]","1. MOOD/EMOTIONAL STATE: The text explicitly states the emotion is ""loneliness"" and describes it as a ""terrible feeling"" of being isolated. The visual of a person lying alone reinforces this feeling of isolation and sadness.

2. MOTIVATION/INTEREST: not shown

3. SELF-HARM/DEATH THOUGHTS: not shown

4. APPETITE/EATING: not shown

5. SELF-WORTH/GUILT: not shown

6. CONCENTRATION/THINKING: not shown

7. SLEEP: not shown

CONTEXT: This is an informational graphic from a mental health organization's social media, defining and illustrating the concept of loneliness."
TE-113.jpg,UNIVERSAL_HUMAN,"[1,0,0,0,0,0,0]","CONTEXT: This is an internet meme using Hindi text and a cheerful logo to create an ironic, pessimistic joke about the future.

1. MOOD/EMOTIONAL STATE: The image expresses cynicism and hopelessness through dark humor, juxtaposing a smiley face with the text ""Smile... tomorrow will be even worse.""

2. MOTIVATION/INTEREST: The text implies a complete lack of hope or positive expectation for the future, suggesting that efforts to improve things are futile because they will inevitably get worse.

3. SELF-HARM/DEATH THOUGHTS: not shown

4. APPETITE/EATING: not shown

5. SELF-WORTH/GUILT: not shown

6. CONCENTRATION/THINKING: not shown

7. SLEEP: not shown"
TE-114.jpg,UNIVERSAL_HUMAN,"[1,1,0,0,1,0,0]","1. MOOD/EMOTIONAL STATE: The character appears happy, content, and peaceful in their comfort zone.
2. MOTIVATION/INTEREST: The person explicitly states a lack of interest in going out and making new friends, preferring to stay inside.
3. SELF-HARM/DEATH THOUGHTS: not shown
4. APPETITE/EATING: not shown
5. SELF-WORTH/GUILT: not shown
6. CONCENTRATION/THINKING: not shown
7. SLEEP: not shown

CONTEXT: This is a relatable meme using anime characters to express a preference for solitude and comfort over social interaction, often in response to parental expectations."
TE-115.jpg,UNIVERSAL_HUMAN,"[1,0,0,0,0,0,0]","1. MOOD/EMOTIONAL STATE: The subtitles explicitly mention being ""broken"" and ""falling apart,"" indicating sadness, resignation, or internal anguish. The person's facial expression appears strained and somber.

2. MOTIVATION/INTEREST: Not shown.

3. SELF-HARM/DEATH THOUGHTS: Not shown.

4. APPETITE/EATING"
TE-116.jpg,UNIVERSAL_HUMAN,"[0,0,1,0,1,0,0]","1. MOOD/EMOTIONAL STATE: The caption expresses hopelessness and emptiness (""no purpose left""), while the dark, solitary visual suggests despair or anguish.

2. MOTIVATION/INTEREST: The statement ""no purpose left"" indicates a complete lack of motivation and loss of interest in life.

3. EXISTENTIAL/EMOTIONAL INTENSITY: The image depicts extreme hopelessness through the text and the visual of a person on a high ledge, strongly suggesting a wish to withdraw from life.

4. APPETITE/EATING: Not shown.

5. SELF-WORTH/GUILT: The declaration of having ""no purpose"" implies a feeling of worthlessness or lack of value.

6. CONCENTRATION/THINKING: Not shown.

7. SLEEP: Not shown.

CONTEXT: This is a meme-style image using a dramatic visual and a Hindi caption to express a feeling of existential despair."
TE-117.jpg,UNIVERSAL_HUMAN,"[0,0,0,0,0,0,0]","1. MOOD/EMOTIONAL STATE: The image shows a figure walking under a dark, heavy rain cloud, suggesting sadness, gloom, or a feeling of being burdened, especially in contrast to the sun shining nearby.

2. MOTIVATION/INTEREST: The figure is walking, indicating some level of activity, but the overall gloomy atmosphere suggests a lack of joy or enthusiasm.

3. SELF-HARM/DEATH THOUGHTS: Not shown.

4. APPETITE/EATING: Not shown.

5. SELF-WORTH/GUILT: The figure is isolated under the cloud while the sun shines elsewhere, which could be interpreted as a feeling of being singled out or undeserving.

6. CONCENTRATION/THINKING: Not shown.

7. SLEEP: Not shown.

CONTEXT: This is a simple, hand-drawn cartoon using the visual metaphor of a personal rain cloud to represent a persistent negative mood or depression."
TE-118.jpg,UNIVERSAL_HUMAN,"[1,0,0,0,0,0,0]","1. MOOD/EMOTIONAL STATE: The image expresses a state of struggle and vulnerability, explicitly labeling mental health as ""fragile"" (नाज़ुक). The visual conveys immense strain in trying to manage external negativity.

2. MOTIVATION/INTEREST: Not shown.

3. SELF-HARM/DEATH THOUGHTS: Not shown.

4. APPETITE/EATING: Not shown.

5. SELF-WORTH/GUILT: The person describes their mental health as ""fragile,"" indicating vulnerability, but does not explicitly express worthlessness or guilt.

6. CONCENTR"
TE-119.jpg,UNIVERSAL_HUMAN,"[1,0,0,0,0,0,1]",
TE-12.jpg,UNIVERSAL_HUMAN,"[0,0,0,0,0,0,0]",
TE-120.jpg,UNIVERSAL_HUMAN,"[1,0,0,0,1,0,0]","1. MOOD/EMOTIONAL STATE: The image shows a crying, downcast character, and the text describes ""sounds full of wretchedness,"" indicating sadness, regret, and distress.
2. MOTIVATION/INTEREST: not shown
3. EXISTENTIAL/EMOTIONAL INTENSITY: The content depicts significant emotional distress and rumination over past ""stupid trashy mistakes,"" leading to a feeling of wretchedness.
4. APPETITE/EATING: not shown
5. SELF-WORTH/GUILT: The text explicitly mentions reminding oneself of ""useless deeds"" and ""stupid trashy mistakes,"" clearly expressing guilt and negative self-evaluation.
6. CONCENTRATION/THINKING: not shown
7. SLEEP: not shown

CONTEXT: This is a meme using a sad Snorlax reaction image and mixed Hindi/English text to humorously express the painful feeling of ruminating on past mistakes."
TE-121.jpg,UNIVERSAL_HUMAN,"[0,0,0,0,0,0,0]","1. MOOD/EMOTIONAL STATE: The text explicitly mentions ""mental health,"" and the visual of climbing in a dark place suggests a difficult struggle. The meme implies frustration or a sense of being overwhelmed when efforts to improve are hindered by a ""small problem.""

2. MOTIVATION/INTEREST: The text shows an initial motivation (""trying to fix my mental health""). The meme's structure suggests this motivation is fragile and easily derailed by minor setbacks.

3. SELF-HARM/DEATH THOUGHTS: not shown

4. APPETITE/EATING: not shown

5. SELF-WORTH/GUILT: not shown

6. CONCENTRATION/THINKING: not shown

7. SLEEP: not shown

CONTEXT: This is a meme using a visual metaphor to humorously depict the difficulty and fragility of the process of trying to improve one's mental health."
TE-122.jpg,UNIVERSAL_HUMAN,"[0,0,0,0,0,0,0]","1. MOOD/EMOTIONAL STATE: The text expresses a longing for a time before existence, suggesting a weariness with current life, sadness, or a sense of hopelessness about the present.

2. MOTIVATION/INTEREST: Not shown.

3. SELF-HARM/DEATH THOUGHTS: The statement ""when I didn"
TE-123.jpg,UNIVERSAL_HUMAN,"[1,0,1,0,0,0,0]","1. MOOD/EMOTIONAL STATE: The man is depicted with a slumped posture and a sad, dejected facial expression. The colored version adds elements indicating deep anguish, hopelessness, and despair.

2. MOTIVATION/INTEREST: The person ignored the prompt's instruction to"
TE-125.jpg,UNIVERSAL_HUMAN,"[1,0,0,0,0,0,0]","1. MOOD/EMOTIONAL STATE: The character's expressions and posture convey boredom, apathy, and a sense of listlessness or emptiness.
2. MOTIVATION/INTEREST: The text mentions having ""thousands of things to do,"" but the images show the person doing nothing, indicating a lack of motivation or procrastination.
3. SELF-HARM/DEATH THOUGHTS: not shown
4. APPETITE/EATING: not shown
5. SELF-WORTH/GUILT: not shown
6. CONCENTRATION/THINKING: The blank staring in the images could suggest brain fog or an inability to focus on the tasks at hand.
7. SLEEP: not shown

CONTEXT: This meme uses the well-known ""Sad Pablo Escobar"" template to humorously illustrate the feeling of being overwhelmed by tasks and procrastinating instead of acting."
TE-126.jpg,UNIVERSAL_HUMAN,"[0,0,0,0,1,0,0]",1.
TE-127.jpg,UNIVERSAL_HUMAN,"[0,0,0,0,0,1,0]",1. MOOD/EMOTIONAL STATE: The text describes a state of anxiety and
TE-128.jpg,UNIVERSAL_HUMAN,"[0,0,1,0,0,0,0]","1. MOOD/EMOTIONAL STATE: The text expresses a reflective and philosophical mood, showing a shift from ambitious cleverness to a wiser, more introspective state of acceptance.

2. MOTIVATION/INTEREST: The motivation has shifted from an external desire to ""change the world"" to an internal focus on ""changing myself,"" indicating a redirection rather than a loss of interest.

3. SELF-HARM/DEATH THOUGHTS: not shown

4. APPETITE/EATING: not shown

5. SELF-WORTH/GUILT: The speaker views their present self as ""wise"" compared to their past ""clever"" self, suggesting a positive development in self-perception rather than worthlessness or guilt.

6. CONCENTRATION/THINKING: The text reflects clear, philosophical thinking and a conscious decision-making process based on personal realization.

7. SLEEP: not shown

CONTEXT: This is an inspirational meme format using a portrait of the poet Rumi overlaid with a quote attributed to him about personal growth and wisdom."
TE-129.jpg,UNIVERSAL_HUMAN,"[1,0,0,0,0,0,0]","1. MOOD/EMOTIONAL STATE: The text explicitly states the person is ""depressed."" The image shows an expression of weariness, annoyance, or disbelief in response to unhelpful advice.

2. MOTIVATION/INTEREST: Not shown.

3. SELF-HARM/DEATH THOUGHTS:"
TE-13.jpg,UNIVERSAL_HUMAN,"[0,0,0,1,0,0,0]","CONTEXT: This is a reaction meme using a blurry cartoon image and Hindi text to express social anxiety and planned avoidance behavior regarding food at a family gathering.

1. MOOD/EMOTIONAL STATE: The text implies anxiety or reluctance about attending"
TE-130.jpg,UNIVERSAL_HUMAN,"[1,0,0,0,0,0,0]","1. MOOD/EMOTIONAL STATE: The meme humorously expresses frustration or disappointment regarding a specific side effect of medication.

2. MOTIVATION/INTEREST: The image depicts the inability to achieve or enjoy orgasms, indicating a loss of normal sexual function and pleasure due to antidepressants.

3. SELF-HARM/DEATH THOUGHTS: not shown

4. APPETITE/EATING: not shown

5. SELF-WORTH/GUILT: not shown

6. CONCENTRATION/THINKING: not shown

7. SLEEP: not shown

CONTEXT: This is a meme using a soccer match photo to illustrate the common side effect of antidepressants hindering sexual climax."
TE-131.jpg,UNIVERSAL_HUMAN,"[0,0,0,0,0,0,0]","1. MOOD/EMOTIONAL STATE: The text expresses a reflective and aspirational mood, focusing on longing for connection, completeness, and eternal love.

2. MOTIVATION/INTEREST: The text shows a strong interest in aspiration and the desire to understand oneself through a life partner.

3. SELF-HARM/DEATH THOUGHTS: not shown

4. APPETITE/EATING: not shown

5. SELF-WORTH/GUILT: not shown

6. CONCENTRATION/THINKING: not shown

7. SLEEP: not shown

CONTEXT: This is an inspirational quote image in Hindi featuring a philosophical statement about life partners, likely intended for social media sharing."
TE-132.jpg,UNIVERSAL_HUMAN,"[0,0,0,0,0,0,0]","1. MOOD/EMOTIONAL STATE: The text uses sarcasm to express a state of extreme exhaustion or misery related to a lack of rest.

2. MOTIVATION/INTEREST: not shown

3. SELF-HARM/DEATH THOUGHTS: not shown

4. APPETITE/EATING: not shown

5. SELF-WORTH/GUILT: not"
TE-133.jpg,UNIVERSAL_HUMAN,"[0,0,0,0,0,0,0]","CONTEXT: This is a common stock photo frequently used in memes to express the dread or reluctance of waking up early.

1. MOOD/EMOTIONAL STATE: The man's facial expression shows a grimace of discomfort, reluctance, or annoyance.

2. MOTIVATION/INTEREST: The man appears unwilling to get out of bed, suggesting a lack of motivation to start the day.

3. SELF-HARM/DEATH THOUGHTS: not shown

4. APPETITE/EATING: not shown

5. SELF-WORTH/GUILT: not shown

6. CONCENTRATION/THINKING: not shown

7. SLEEP: The image depicts the"
TE-134.jpg,UNIVERSAL_HUMAN,"[1,0,0,0,0,0,0]","CONTEXT: This is a variation of the ""Arthur's sister D.W. ignores sign"" meme template, used here to depict a family ignoring a member's plea about their depression.

1. MOOD/EMOTIONAL STATE: The text explicitly states the person has ""depression"" and expresses frustration that their condition is being treated as ""drama.""

2. MOTIVATION/INTEREST: not shown

3. SELF-HARM/DEATH THOUGHTS: not shown

4"
TE-135.jpg,UNIVERSAL_HUMAN,"[1,0,0,0,1,0,0]","1. MOOD/EMOTIONAL STATE: The text explicitly mentions ""Deep depression"" and ""Anxiety,"" describing a state of being unable to do anything and feeling like a ""piece of shit.""

2. MOTIVATION/INTEREST: The phrase ""मुझसे कुछ नहीं हो रहा"" (I am unable to do anything) indicates a complete lack of motivation or ability to function.

3. EXISTENTIAL/EMOTIONAL INTENSITY: The text depicts intense emotional distress through the internal conflict between depression's inaction and anxiety's pressure, leading to the feeling of being a ""piece of shit.""

4. APPETITE/EATING: not shown

5. SELF-WORTH/GUILT: The person expresses extreme worthlessness, stating their anxiety tells them they are a ""piece of shit"" if they don't do anything.

6"
TE-136.jpg,UNIVERSAL_HUMAN,"[0,1,0,0,0,0,0]","1. MOOD/EMOTIONAL STATE: The image expresses sadness and boredom through the cat's dejected facial expression and the Hindi text which translates to ""I am getting bored.""

2. MOTIVATION/INTEREST: The text explicitly states boredom, indicating a lack of interest or engagement in the current situation.

3. SELF-HARM/DEATH THOUGHTS: not shown

4. APPETITE/EATING: not shown

5. SELF-WORTH/GUILT: not shown

6. CONCENTRATION/THINKING: not shown

7. SLEEP: not shown

CONTEXT: This is a standard internet meme format using a sad animal reaction image with Hindi text to express a relatable feeling."
TE-137.jpg,UNIVERSAL_HUMAN,"[0,0,0,0,0,0,1]","1. MOOD/EMOTIONAL STATE: The text describes the frustrating and repetitive mental state associated with insomnia.

2. MOTIVATION/INTEREST: Not shown.

3. SELF-HARM/DEATH THOUGHTS: Not shown.

4. APPETITE/EATING: Not shown.

5. SELF-WORTH/GUILT: Not shown.

6. CONCENTRATION/THINKING: The text describes a repetitive, obsessive thought process of calculating potential sleep time, which prevents falling asleep.

7. SLEEP: The text explicitly mentions ""Insomnia"" and the inability to sleep ""all night.""

CONTEXT: This is a ""someecards"" meme, which typically uses vintage illustrations paired with sarcastic or relatable captions about daily life struggles."
TE-138.jpg,UNIVERSAL_HUMAN,"[0,0,0,0,0,0,0]","1. MOOD/EMOTIONAL STATE: The text explicitly states the person is feeling ""bahut zyada guilt"" (very much guilt), indicating an intense feeling of guilt.

2. MOTIVATION/INTEREST: not shown

3. EXISTENTIAL/EMOTIONAL INTENSITY: The tweet describes a sudden and intense wave of guilt (""achanak bahut zyada guilt feel hona"").

4. APPETITE/EATING: not shown

5. SELF-WORTH/GUILT: The user directly expresses experiencing ""bahut zyada guilt"" (very much guilt).

6. CONCENTRATION/THINKING: not shown

7. SLEEP: The tweet was posted at 5:51 AM, which may indicate being awake at an unusual hour.

CONTEXT: This is a screenshot of a tweet using the ""No one: / Me:"" meme format to describe a sudden feeling of intense guilt."
TE-139.jpg,UNIVERSAL_HUMAN,"[1,0,0,0,0,0,0]","1. MOOD/EMOTIONAL STATE: The image depicts a character labeled ""मैं"" (Me) being approached by a flying character labeled ""अचानक आया डिप्रेशन"" (Suddenly came depression), visually representing the sudden onset of a depressive state.

2. MOTIVATION/INTEREST: not shown

3. SELF-HARM/DEATH THOUGHTS: not shown

4. APPETITE/EATING: not shown

5. SELF-WORTH/GUILT: not shown

6. CONCENTRATION/THINKING: not shown

7. SLEEP: not shown

CONTEXT: This is an anime-style meme using a scene from *Re:Zero* to depict the sudden arrival of depression."
TE-142.jpg,UNIVERSAL_HUMAN,"[1,0,0,0,0,0,0]","1. MOOD/EMOTIONAL STATE: The Hindi text ""पक गए क्या?"" translates to ""Are you fed up?"" or ""Got bored?"", expressing extreme boredom, weariness, or exasperation, likely from waiting too long.

2. MOTIVATION/INTEREST: Being ""fed up"" implies a loss of interest or motivation to continue with the current situation, which appears to be waiting at a computer.

3. SELF-HARM/DEATH THOUGHTS: Not shown. The skeleton is a common meme convention for indicating a very long wait,"
TE-143.jpg,UNIVERSAL_HUMAN,"[0,0,1,0,1,0,0]","1. MOOD/EMOTIONAL STATE: The image depicts a rapid switch between two extreme states: one of being ""horny"" and another of wanting to die, suggesting significant emotional instability and distress. The use of ""lol"" and ""it will be fun"" in relation to death indicates a dark, coping humor.

2. MOTIVATION/INTEREST: The desire to die (""Maybe I'll die tomorrow"") implies a complete loss of interest in life and future activities.

3. SELF-HARM/DEATH THOUGHTS: The text explicitly states ""शायद कल मर जाऊँ, मज़ा आ जाएगा"" (Maybe I'll die tomorrow, it will be fun), which is a direct reference to suicidal ideation and finding the prospect of death appealing.

4. APPETITE/EATING: not shown

5. SELF-WORTH/GUILT: not shown

6. CONCENTRATION/THINKING: The light switch analogy suggests a binary, all-or-nothing cognitive pattern where the brain flips between two extreme fixations rather than having nuanced thoughts.

7. SLEEP: not shown

CONTEXT: This is a meme using a light switch template to illustrate extreme mood swings, a common format in internet culture for expressing mental health struggles with dark humor."
TE-144.jpg,UNIVERSAL_HUMAN,"[0,0,0,1,0,0,0]","1. MOOD/EMOTIONAL STATE: The image expresses significant anguish and distress, visually represented by the act of vomiting and textually linked to negative body image.

2. MOTIVATION/INTEREST: not shown

3. SELF-"
TE-145.jpg,UNIVERSAL_HUMAN,"[0,0,0,0,1,0,0]","1. MOOD/EMOTIONAL STATE: The meme expresses self-deprecation and a cynical, humorous take on one's own perceived inadequacy.
2. MOTIVATION/INTEREST: not shown
3. SELF-HARM/DEATH THOUGHTS: not shown
4. APPETITE/EATING: not shown
5. SELF-WORTH/GUILT: The text ""Because you are a joke"" directly expresses a feeling of worthlessness or being laughable.
6. CONCENTRATION/THINKING: not shown
7. SLEEP: not shown

CONTEXT: This is a meme using a ""bait-and-switch"" format where an initially inspirational message is subverted by a self-deprecating punchline."
TE-146.jpg,UNIVERSAL_HUMAN,"[0,1,0,0,0,0,0]","1. MOOD/EMOTIONAL STATE: The text expresses relief and contentment at avoiding social obligations. Lisa's expression is calm and relaxed.
2. MOTIVATION/INTEREST: The person shows a specific lack of interest in attending relatives' weddings, viewing them as an obligation they are happy to avoid.
3. SELF-HARM/DEATH THOUGHTS: Not shown.
4. APPETITE/EATING: The character is drinking from a juice box, but no specific eating habits are mentioned.
5. SELF-WORTH/GUILT: Not shown.
6. CONCENTRATION/THINKING: Not shown.
7. SLEEP: Not shown.

CONTEXT: This is a humorous meme using a Simpsons character and Hindi text to joke about the positive side of pandemic social distancing in avoiding cultural obligations like weddings."
TE-148.jpg,UNIVERSAL_HUMAN,"[0,0,0,0,1,0,0]","1. MOOD/EMOTIONAL STATE: The top panel shows a man crying, expressing sadness or distress, while the bottom panel shows a man smiling, indicating a shift to a positive or humorous state.

2. MOTIVATION/INTEREST: not shown

3. EXISTENTIAL/EMOTIONAL INTENSITY: not shown

4. APPETITE/EATING: not shown

5. SELF-WORTH/GUILT: The meme humorously addresses self-worth by reframing a perceived social inadequacy (being a virgin past the ""average"" age) as a positive achievement of being ""above average.""

6. CONCENTRATION/THINKING: not shown

7. SLEEP: not shown

CONTEXT: This is a two-panel internet meme using Hindi text and popular reaction images to make a self-deprecating joke."
TE-15.jpg,UNIVERSAL_HUMAN,"[0,0,0,0,0,0,0]",1. MOOD/
TE-150.jpg,UNIVERSAL_HUMAN,"[0,0,0,1,1,0,0]","CONTEXT: This is a self-deprecating internet meme that uses a visual pun to mock generic motivational advice about finding one's purpose by looking inward.

1. MOOD/EMOTIONAL STATE: The meme expresses"
TE-151.jpg,UNIVERSAL_HUMAN,"[0,0,1,0,0,0,0]","1. MOOD/EMOTIONAL STATE: The text describes severe distress leading to planning and attempting suicide, while the reaction image shows shock or surprise.

2. MOTIVATION/INTEREST: not shown

3. SELF-HARM/DEATH THOUGHTS: The text explicitly states that the speaker and their friends ""make a plan to die"" and the speaker then ""tries to die.""

4. APPETITE/EATING: not shown

5. SELF-WORTH/GUILT: not"
TE-152.jpg,UNIVERSAL_HUMAN,"[0,0,0,0,0,0,0]","1. MOOD/EMOTIONAL STATE: The person in the image has a profoundly sad, empty, and flat expression, conveying a sense of hopelessness or deep anguish.
2. MOTIVATION/INTEREST: Despite the text saying they are watching their ""fav comedy show,"" their dejected demeanor suggests a complete inability to enjoy it, indicating a loss of interest or pleasure.
3. SELF-HARM/DEATH THOUGHTS: not shown
4. APPETITE/EATING: not shown
5. SELF-WORTH/GUILT: not shown
6. CONCENTRATION/THINKING: not shown
7. SLEEP: not shown

CONTEXT: This meme uses a reaction image of the Joker to relate to the feeling of being deeply depressed even when doing something that is supposed to be entertaining."
TE-153.jpg,UNIVERSAL_HUMAN,"[1,0,0,0,1,0,0]",
TE-154.jpg,UNIVERSAL_HUMAN,"[1,0,0,0,0,0,0]","1. MOOD/EMOTIONAL STATE: The meme expresses embarrassment, regret, or self-consciousness upon realizing one has overshared or dominated a conversation. The character on the right appears bored or unimpressed.

2. MOTIVATION/INTEREST: not shown

3. SELF-HARM/DEATH THOUGHTS: not shown

4. APPETITE/EATING: not shown

5. SELF-WORTH/GUILT: The text implies a sense of guilt or self-blame for talking too much about one's own life (""अपनी ही राम कहानी""), suggesting a momentary feeling of social inadequacy.

6. CONCENTRATION/THINKING: not shown

7. SLEEP: not shown

CONTEXT: This is a relatable internet meme using SpongeBob SquarePants characters and Hindi text to humorously depict the awkward realization of having been self-absorbed in a conversation."
TE-155.jpg,UNIVERSAL_HUMAN,"[0,0,1,0,0,0,0]","**CONTEXT:** This is a self-deprecating meme using a Hindi question-and-answer format to humorously exaggerate the user's extremely bad luck.

1.  **MOOD/EMOTIONAL STATE:** The image depicts a knight suffering a catastrophic and painful injury, symbolizing a state of extreme misfortune or anguish.
2.  **MOTIVATION/INTEREST:** not shown
3.  **SELF-HARM/DEATH THOUGHTS:** The image shows a knight with an arrow through their head, a depiction of a likely fatal injury used metaphorically to represent bad luck.
4.  **APPETITE/EATING:** not shown
5.  **SELF-WORTH/GUILT:** not shown
6.  **CONCENTRATION/THINKING:** not shown
7.  **SLEEP:** not shown"
TE-156.jpg,UNIVERSAL_HUMAN,"[0,0,0,0,0,0,0]",
TE-157.jpg,UNIVERSAL_HUMAN,"[0,0,0,0,0,0,0]","CONTEXT: This is a self-deprecating meme using Hinglish text and the Wii Fit Trainer character to humorously frame chronic anxiety as a permanent way of life.

1. MOOD/EMOTIONAL STATE: The text explicitly identifies the person's state as being constantly ""nervous/anxious"" (घबराए हुए). It describes ""Anxiety"" not as a passing phase but as an ingrained ""lifestyle.""

2. MOTIVATION/INTEREST: not shown

3. SELF-HARM/DEATH THOUGHTS: not shown

4. APPETITE/EATING: not shown

5. SELF-WORTH/GU"
TE-159.jpg,UNIVERSAL_HUMAN,"[0,0,0,1,0,0,0]",
TE-16.jpg,UNIVERSAL_HUMAN,"[0,0,0,0,0,0,0]","1. MOOD/EMOTIONAL STATE: The user states they were recently ""dumped,"" implying sadness or distress. The situation described conveys a sense of continued bad luck and irony, as the attempt to cheer them up is failing.

2. MOTIVATION/INTEREST: The user is participating in a"
TE-161.jpg,UNIVERSAL_HUMAN,"[0,0,1,0,0,0,0]","1. MOOD/EMOTIONAL STATE: The meme expresses deep hopelessness, despair, and a weary resignation, indicated by the man's expression, the text ""उठा ले रे बाबा"" (Take me away, oh God), and watermarks like ""ABORTED DREAMS"" and ""VOIDPOSTER"".

2. MOTIVATION/INTEREST: The watermarks ""ABORTED DREAMS"" suggest a complete loss of hope for the future and a feeling that pursuing goals is futile.

3. SELF-HARM/DEATH THOUGHTS: The phrase ""उठा ले रे बाबा"" (Take me away, oh God) is a direct, albeit humorous, expression of a desire to escape existence or die through divine intervention.

4. APPETITE/EATING: not shown

5. SELF-WORTH/GUILT: The depiction of the ""inner child"
TE-162.jpg,UNIVERSAL_HUMAN,"[0,0,0,0,0,0,0]","CONTEXT: This is a text-based social media image in Hindi, presenting an emotional quote about hidden depression and suicidal thoughts"
TE-163.jpg,UNIVERSAL_HUMAN,"[1,0,0,0,1,0,0]","1. MOOD/EMOTIONAL STATE: The text explicitly mentions ""anger,"" while the image depicts sadness, regret, and a longing for connection.
2. MOTIVATION/INTEREST: not shown
3. SELF-HARM/DEATH THOUGHTS: not shown
4. APPETITE/EATING: not shown
5. SELF-WORTH/GUILT: The sequence of pushing people away in anger followed by the sad, reaching image implies a sense of guilt or regret for the action.
6. CONCENTRATION/THINKING: not shown
7. SLEEP: not shown

CONTEXT: This is a reaction meme using a popular culture character to humorously express the immediate regret felt after pushing others away in a fit of anger."
TE-164.jpg,UNIVERSAL_HUMAN,"[0,0,0,1,0,0,0]","CONTEXT: This is a meme using the ""clown"" visual format to self-deprecatingly"
TE-165.jpg,UNIVERSAL_HUMAN,"[0,0,0,0,0,0,0]",
TE-167.jpg,UNIVERSAL_HUMAN,"[1,0,0,0,1,0,0]","1. MOOD/EMOTIONAL STATE: The text explicitly mentions ""falling mental health"" and the image shows a sad character with a subtitle indicating a ""[Sad sound]"", expressing sadness and dejection.
2. MOTIVATION/INTEREST: not shown
3. SELF-HARM/DEATH THOUGHTS"
TE-169.jpg,UNIVERSAL_HUMAN,"[0,0,0,0,1,0,0]","1. MOOD/EMOTIONAL STATE: The character appears focused on the task at hand, with a somewhat serious or dismissive attitude as she delivers an insult. There are no visible signs of sadness, anguish, or flat affect.

2. MOTIVATION/INTEREST: The character is showing enough motivation to perform a chore (taking out the trash).

3."
TE-17.jpg,UNIVERSAL_HUMAN,"[1,0,0,0,0,0,0]","1. MOOD/EMOTIONAL STATE: The image refers broadly to ""mental illness symptoms"" but does not depict specific emotions like sadness or anguish.

2. MOTIVATION/INTEREST: The text explicitly mentions ""laziness,"" indicating that a lack of motivation or activity is being observed but misinterpreted.

3. SELF-HARM/DEATH THOUGHTS: not shown

4. APPETITE/EATING: not shown

5. SELF-WORTH/GUILT: not shown

6. CONCENTRATION/THINKING: not shown

7. SLEEP: not shown

CONTEXT: This is the ""Is this a pigeon?"" meme format used with Hindi text to satirize parents misidentifying obvious mental illness symptoms as mere laziness."
TE-171.jpg,UNIVERSAL_HUMAN,"[0,0,0,0,0,1,0]","1. MOOD/EMOTIONAL STATE: The text expresses distress, a feeling of being overwhelmed, and mental turmoil, indicated by the repeated phrase ""मेरा दिमाग खराब हो रहा है"" (my mind is getting messed up).

2. MOTIVATION/INTEREST: Not shown.

3. EXISTENTIAL/EMOTIONAL INTENSITY: The phrase ""खोने को कुछ"
TE-173.jpg,UNIVERSAL_HUMAN,"[0,0,0,0,0,0,0]",1. MOOD/EMOTIONAL STATE
TE-176.jpg,UNIVERSAL_HUMAN,"[0,0,0,1,0,0,0]","CONTEXT: This is a meme using a distorted cartoon image and Hindi text to describe an intensely distressing personal situation.

1. MOOD/EMOTIONAL STATE: The image expresses intense distress, panic, or anguish, depicted by the hunched, blurry figure reacting to a personal secret being revealed.

2"
TE-179.jpg,UNIVERSAL_HUMAN,"[0,0,0,0,1,0,0]",
TE-18.jpg,UNIVERSAL_HUMAN,"[0,0,0,1,0,0,0]","1. MOOD/EMOTIONAL STATE: The person's curled, fetal posture with their face hidden suggests intense anguish, shame, or deep sadness.

2. MOTIVATION/INTEREST: not shown

3. EXIST"
TE-180.jpg,UNIVERSAL_HUMAN,"[0,0,0,0,0,0,0]","1. MOOD/EMOTIONAL STATE: The image describes a state of intense distress or anguish resulting from excessive thinking.

2. MOTIVATION/INTEREST: not shown

3. SELF-HARM/DEATH THOUGHTS: The Hindi phrase translates to ""it will take your life,"" explicitly referencing death as a consequence of the mental state described.

4. APPETITE/EATING: not shown

5. SELF-WORTH/GUILT: not shown

6. CONCENTRATION/THINKING: The text explicitly identifies ""overthinking"" as the central issue, indicating difficulty controlling thoughts or excessive rumination."
TE-181.jpg,UNIVERSAL_HUMAN,"[1,0,0,0,1,0,0]","1. MOOD/EMOTIONAL STATE: The image expresses frustration,"
TE-182.jpg,UNIVERSAL_HUMAN,"[0,0,0,0,0,0,1]","1. MOOD/EMOTIONAL STATE: The text expresses a state of being ""tired"" and feeling ""ugly,"" indicating fatigue and a negative self-perception.

2. MOTIVATION/INTEREST: The explicit request to just be let to ""sleep"" suggests a lack of motivation or interest in any other activity.

3. SELF-HARM/DEATH THOUGHTS: The text clarifies ""I am not dead,"" which is a direct reference to death, but it is a denial of being dead rather than an expression of wanting to die.

4. APPETITE/EATING: not shown

5. SELF-WORTH/GUILT: The text explicitly mentions feeling ""ugly,"" which is a clear expression of low self-worth or negative self-image.

6. CONCENTRATION/THINKING: not shown

7. SLEEP: The text explicitly states a strong desire to ""sleep"" and asks to be left alone to do so, indicating a significant need for rest or fatigue.

CONTEXT: This is a meme format where an animal's unusual posture is humorously explained with a relatable, often self-deprecating, caption."
TE-183.jpg,UNIVERSAL_HUMAN,"[1,0,0,0,0,0,0]","1. MOOD/EMOTIONAL STATE: The meme expresses pessimism and a sense of hopelessness, humorously suggesting that the user's situation can continue to get worse even after hitting ""rock bottom.""

2. MOTIVATION/INTEREST: not shown

3. SELF-HARM/DEATH THOUGHTS: not shown

4. APPETITE/EATING: not shown

5. SELF-WORTH/GUILT: The meme"
TE-186.jpg,UNIVERSAL_HUMAN,"[0,0,0,0,0,1,0]",
TE-187.jpg,UNIVERSAL_HUMAN,"[0,1,0,0,0,0,0]","1. MOOD/EMOTIONAL STATE: The image explicitly expresses ""extreme boredom"" (घोर बोरियत) and irritation towards someone considered boring. The kitten's wide yawn visually reinforces the feeling of boredom or fatigue.

2. MOTIVATION/INTEREST: The text indicates a complete lack of interest in the person being addressed, labeling them as ""boring"" ('पकाऊ').

3. SELF-HARM/DEATH THOUGHTS: not shown

4. APPETITE/EATING: not shown

5. SELF-WORTH/GUILT: not shown

6. CONCENTRATION/THINKING: not shown

7. SLEEP: The kitten is shown yawning, and the text specifically mentions ""yawning"" (उबासी), which is a sign of sleepiness or weariness often caused by boredom.

CONTEXT: This is a demotivational poster-style meme from DIY.DESPAIR.COM, using a yawning kitten and Hindi text to humorously convey a feeling of intense boredom."
TE-189.jpg,UNIVERSAL_HUMAN,"[0,0,0,0,0,0,0]","1. MOOD/EMOTIONAL STATE: Sadness, dejection, and a flat affect are expressed through the character's downcast facial expression and the gloomy black and white aesthetic.
2. MOTIVATION/INTEREST: The character is shown passively sitting and waiting, indicating a temporary lack of engagement with anything else while anticipating food.
3. SELF-HARM/DEATH THOUGHTS: not shown.
4. APPETITE/EATING: The Hindi text ""खाना आने का इंतज़ार करते हुए..."" translates to ""Waiting for the food to arrive,"" directly relating to the anticipation of eating.
5. SELF-WORTH/GUILT: not shown.
6. CONCENTRATION/THINKING: The character appears to be zoning out or lost in thought, staring blankly while waiting.
7. SLEEP: not shown.

CONTEXT: This is a relatable meme format using a sad cartoon character to humorously depict the impatience and gloom of waiting for a meal."
TE-19.jpg,UNIVERSAL_HUMAN,"[1,0,0,0,0,0,0]","CONTEXT: This is a reaction meme using a Simpsons character to sarcastically mock simplistic advice given by family members regarding depression.

1. MOOD/EMOTIONAL STATE: The text explicitly states the person is feeling ""very sad and depressed."" The reaction image shows frustration and sarcasm in response to dismissive advice about this emotional state.

2. MOTIVATION/INTEREST: not shown

3. SELF-HARM/DEATH THOUGHTS: not shown

4. APPETITE/EATING: not shown

5. SELF-WORTH/GUILT: not shown

6. CONCENTRATION/THINKING: not shown

7. SLEEP: not shown"
TE-190.jpg,UNIVERSAL_HUMAN,"[1,0,0,0,1,0,0]","1. MOOD/EMOTIONAL STATE: The text describes feeling ""completely broken from inside,"" and the image shows a man who appears to be crying or in anguish in a shower.

2. MOTIVATION/INTEREST: not shown

3. SELF-HARM/DEATH THOUGHTS: not shown

4. APPETITE/EATING: not shown

5. SELF-WORTH/GUILT: The statement of being ""completely broken from inside"" suggests a deep sense of internal damage or worthlessness.

6. CONCENTRATION/THINKING: not shown

7. SLEEP: not shown

CONTEXT: This is a meme that uses a common household item's label to create an ironic contrast with the user's intense internal emotional pain."
TE-191.jpg,UNIVERSAL_HUMAN,"[1,0,0,0,1,0,0]","1. MOOD/EMOTIONAL STATE: The text explicitly states the person is ""depressed"" and feels they have never experienced the happiness shown in media. The image shows a character looking sad and dejected.

2. MOTIVATION/INTEREST: The person relies on ""romcom and feel-good shows"" to experience happiness they lack, suggesting an inability to find joy in their own reality.

3. EXISTENTIAL/EMOTIONAL INTENSITY: The content depicts a realization of deep-seated depression and a persistent absence of happiness in life.

4. APPETITE/EATING: not shown

5. SELF-WORTH/GUILT"
TE-192.jpg,UNIVERSAL_HUMAN,"[0,0,0,0,0,0,0]","Here is the analysis of the image based on the provided categories:

1.  **MOOD/EMOTIONAL STATE:** The text expresses sadness, hopelessness, and a sense of resignation about the speaker's inability to care for themselves. The phrase ""भूखा मरता रहता हूँ"" (keep starving/dying of hunger) conveys deep distress and self-neglect.
2.  **MOTIVATION/INTEREST:** The speaker shows a lack of motivation for basic self-care, specifically eating, stating they ""keep starving"" rather than addressing their hunger.
3.  **EXISTENTIAL/EMOTIONAL INTENSITY:** The statement ""मैं खुद भूखा मरता रहता हूँ"" (I myself keep dying of hunger) depicts extreme self-neglect and a hopeless approach to one's own survival and well-being.
4.  **APPETITE/EATING:** Eating"
TE-193.jpg,UNIVERSAL_HUMAN,"[1,0,0,0,1,1,0]",
TE-194.jpg,UNIVERSAL_HUMAN,"[0,0,0,0,0,0,0]","1. MOOD/EMOTIONAL STATE: The text expresses distress and a feeling of being overwhelmed by constant negative thoughts.

2. MOTIVATION/INTEREST: not shown

3. SELF-HARM/DEATH THOUGHTS: not shown

4. APPETITE/EATING: not shown

5. SELF-WORTH/GUILT: not shown

6."
TE-198.jpg,UNIVERSAL_HUMAN,"[0,0,1,0,0,0,0]","1. MOOD/EMOTIONAL STATE: The image and text express deep sadness, hopelessness, and anguish. The solitary figure and the explicit statement about dying convey a very low emotional state.

2. MOTIVATION/INTEREST: Not shown.

3. SELF-HARM/DEATH THOUGHTS: The Hindi text translates to ""I have thoughts of dying all the time,"" directly expressing suicidal ideation.

4. APPETITE/EATING: Not shown.

5. SELF-WORTH/GUILT: Not shown.

6. CONCENTRATION/THINKING: Not shown.

7. SLEEP: Not shown.

CONTEXT: This is a ""doomer"" or ""sadboi"" meme format, using a somber image and text to express feelings of depression or existential dread."
TE-199.jpg,UNIVERSAL_HUMAN,"[0,0,0,0,0,0,0]","1. MOOD/EMOTIONAL STATE: The text expresses a state of being ""very tired,"" indicating significant fatigue and potential distress from sleeplessness.

2. MOTIVATION/INTEREST: not shown

3. SELF-HARM/DEATH THOUGHTS: not shown

4. APPETITE/EATING: not shown

5. SELF-WORTH/GUILT: not shown

6. CONCENTRATION/THINKING: not shown

7. SLEEP: The image explicitly describes the experience of being ""very tired"" but unable to sleep, indicating insomnia or disrupted sleep.

CONTEXT: This is a text-based meme in Hindi, using a relatable scenario to express a common feeling of exhaustion coupled with sleeplessness."
TE-2.jpg,UNIVERSAL_HUMAN,"[1,0,0,0,1,0,0]","1. MOOD/EMOTIONAL STATE: The text explicitly states feeling ""completely depressed"" and ""alone."" The woman in the image appears sad and distressed.
2. MOTIVATION/INTEREST: Not shown.
3. SELF-HARM/DEATH THOUGHTS: Not shown.
4. APPETITE/EATING: Not shown.
5. SELF-WORTH/GUILT: The person questions how many people actually like them and feels alone with no one to talk to, indicating feelings of low self-worth and isolation.
6. CONCENTRATION/THINKING: The text describes having ""so many things"" in the mind that they cannot be expressed in words, suggesting being mentally overwhelmed.
7. SLEEP: Not shown.

CONTEXT: This is a ""sadposting"" meme format using a melancholic image and text to share feelings of depression and loneliness."
TE-20.jpg,UNIVERSAL_HUMAN,"[0,0,1,0,0,0,0]",1. MOOD/EMOTIONAL STATE: The image does not depict a person's emotional state. The text conveys
TE-202.jpg,UNIVERSAL_HUMAN,"[1,0,1,0,1,0,0]",
TE-203.jpg,UNIVERSAL_HUMAN,"[0,0,0,0,0,0,1]","1. MOOD/EMOTIONAL STATE: The character's wide, bloodshot eyes and the text ""बचाओ"" (Save me) express distress, anxiety, and desperation.
2. MOTIVATION/INTEREST: not shown
3. SELF-HARM/DEATH THOUGHTS: not shown
4. APPETITE/EATING: not shown
5. SELF-WORTH/GUILT: not shown
6. CONCENTRATION/THINKING: not shown
7. SLEEP: The Hindi text ""नींद नहीं आ रही"" translates to ""Can't sleep,"" and the visual shows the character lying awake in bed with bloodshot eyes, indicating insomnia.

CONTEXT: This is a reaction meme using a well-known cartoon character to dramatically express the relatable struggle of insomnia."
TE-204.jpg,UNIVERSAL_HUMAN,"[0,0,0,0,0,0,0]","1. MOOD/EMOTIONAL STATE: The text explicitly equates the energy from strong tea with ""happiness."" The character's expression is neutral, which is typical for this meme format.

2. MOTIVATION/INTEREST: The meme shows a strong appreciation for ""kadak chai"" (strong tea), suggesting it is a significant source of enjoyment or ""happiness"" for the person.

3. SELF-HARM/DEATH THOUGHTS: not shown.

4. APPETITE/EATING: The meme focuses on the consumption of a beverage, ""kadak chai"" (strong tea), and the positive feeling it provides.

5. SELF-WORTH/GUILT: not shown.

6. CONCENTRATION/THINKING: The meme illustrates a humorous"
TE-206.jpg,UNIVERSAL_HUMAN,"[1,1,0,0,0,0,0]","1. MOOD/EMOTIONAL STATE: The meme expresses avoidance and social anxiety, with the character's image showing a flat, weary, and disinterested affect.
2. MOTIVATION/INTEREST: The person shows a lack of motivation to engage in a verbal phone conversation, preferring to wait and text instead.
3. SELF-HARM/DEATH THOUGHTS: not shown
4. APPETITE/EATING: not shown
5. SELF-WORTH/GUILT: not shown
6. CONCENTRATION/THINKING: not shown
7. SLEEP: The character in the image appears fatigued with tired, swirly eyes in a dark setting, which may suggest tiredness, but sleep habits are not explicitly mentioned.

CONTEXT: This is a relatable internet meme using a Hindi caption and an anime reaction image to humorously express social anxiety or a preference for texting over calling."
TE-207.jpg,UNIVERSAL_HUMAN,"[1,0,0,0,1,0,0]","1. MOOD/EMOTIONAL STATE: The subject's expression is sad and dejected, looking downwards. The text expresses deep loneliness and"
TE-208.jpg,UNIVERSAL_HUMAN,"[0,0,0,0,0,1,0]","1. MOOD/EMOTIONAL STATE: The text and illustration express a state of being mentally overwhelmed, confused, or exhausted. The scribbled head suggests inner chaos.
2. MOTIVATION/INTEREST: not shown
3. SELF-HARM/DEATH THOUGHTS: not shown
4. APPETITE/EATING: not shown
5. SELF-WORTH/GUILT: not shown
6. CONCENTRATION/THINKING: The Hindi idiom ""दिमाग का दही हो गया है"" (My brain has become yogurt) indicates confusion, brain fog, or an inability to think clearly. The chaotic scribbles over the head visually reinforce this mental disarray.
7. SLEEP: not shown

CONTEXT: This is an illustration with a common Hindi idiom used as a meme to express mental exhaustion or confusion."
TE-209.jpg,UNIVERSAL_HUMAN,"[0,0,0,0,0,0,0]","CONTEXT: This is a Tumblr-style text post meme using a script format to satirize typical South Asian parenting dynamics regarding a child's interests over time.

1. MOOD/EMOTIONAL STATE: The adult is described as living a ""dull"" and ""boring"" life, suggesting a flat or empty emotional state. The teenager experiences hurt or"
TE-210.jpg,UNIVERSAL_HUMAN,"[1,0,0,0,1,0,0]","1. MOOD/EMOTIONAL STATE: The person commenting expresses a feeling of inadequacy or being disappointing through self-deprecating humor.

2. MOTIVATION/INTEREST: not shown

3. SELF-HARM/DEATH THOUGHTS: not shown

4. APPETITE/EATING: not shown

5"
TE-211.jpg,UNIVERSAL_HUMAN,"[0,0,0,0,0,0,0]","1. MOOD/EMOTIONAL STATE: The image expresses deep anguish and distress through the depiction of self-harm. The text ""ठीक हूँ।"" (I am fine) is a contradictory statement, suggesting a hidden struggle or a facade of wellness.
2. MOTIVATION/INTEREST: not shown
3. SELF-HARM/DEATH THOUGHTS: The image directly shows a wrist with multiple cuts, which is a clear depiction of self-harm.
4. APPETITE/EATING: not shown
5. SELF-WORTH/GUILT: not shown
6. CONCENTRATION/THINKING: not shown
7. SLEEP: not shown

CONTEXT: This is a black and white image with Hindi text, likely used on social media to express hidden pain or mental health struggles."
TE-212.jpg,UNIVERSAL_HUMAN,"[0,0,0,0,0,0,0]","1. MOOD/EMOTIONAL STATE: The text expresses sadness, loneliness, and regret (""We ruined our life, that's why we are alone""). The empty seats and early hour contribute to a melancholic atmosphere.
2. MOTIVATION/"
TE-215.jpg,UNIVERSAL_HUMAN,"[0,0,0,0,1,0,0]","1. MOOD/EMOTIONAL STATE: The meme expresses feelings of inadequacy, inferiority, and disappointment in one's own abilities compared to others. The visual of painting poop versus a portrait reinforces this feeling of being less than.

2. MOTIVATION/INTEREST: The meme implies a potential for loss of motivation or hopelessness, as the character's ""100%"" effort yields a poor result, which can be discouraging.

3. SELF-HARM/DEATH THOUGHTS: not shown

4. APPETITE/EATING: not shown

5. SELF-WORTH/GUILT: The central theme is low self-worth, with the text stating that one's absolute best effort (""100%"") is only a small fraction (""8%"") of someone else's capability, leading to feelings of worthlessness.

6. CONCENTRATION/THINKING: not shown

7. SLEEP: not shown

CONTEXT: This is a sketch-based meme with Hindi text that uses a humorous comparison to highlight the relatable feeling of inferiority and self-doubt."
TE-216.jpg,UNIVERSAL_HUMAN,"[1,0,0,1,0,0,0]","1. MOOD/EMOTIONAL STATE: The grey character initially shows a flat affect, which shifts to anger or annoyance in the final panel after receiving advice.

2. MOTIVATION/INTEREST: The character expresses a desire to be ""skinni,"" indicating a goal, but their angry reaction suggests a lack of motivation to change their behavior to achieve it.

3. SELF-HARM/DEATH THOUGHTS: not shown

4. APPETITE/EATING: Eating habits are central to the meme, with the second character implying the first character is ""stuffing"" themselves (""ठूसना"") and needs to stop to lose weight.

5. SELF-WORTH/GUILT: not shown

6. CONCENTRATION/THINKING: not shown

7. SLEEP: not shown

CONTEXT: This is a four-panel meme using the grey ""NPC"" character to depict a person getting angry when given a straightforward, albeit blunt, solution to their expressed problem."
TE-217.jpg,UNIVERSAL_HUMAN,"[0,0,0,0,0,1,0]","1. MOOD/EMOTIONAL STATE: The cat in the bottom panels is depicted with sad, teary eyes, indicating sadness or distress. The text mentions ""old bad habits,"" suggesting a negative emotional state associated with them.

2. MOTIVATION/INTEREST: The meme illustrates a struggle between clinging to ""old bad habits"" and applying ""things learned in therapy,"" implying a difficulty or lack of motivation to change behavior.

3. SELF-HARM/DEATH THOUGHTS: not shown

4. APPETITE/EATING: not shown

5. SELF-WORTH/GUILT: The reference to ""old bad habits"" and the sad reaction of the therapy cat could imply a sense of guilt or self-blame for not being able to let go of negative patterns.

6. CONCENTRATION/THINKING: not shown

7. SLEEP: not shown

CONTEXT: This is a meme using a popular template to humorously depict the internal conflict between comforting old habits and the difficult process of applying lessons learned in therapy."
TE-218.jpg,UNIVERSAL_HUMAN,"[0,0,0,0,0,0,0]","CONTEXT: This is an aesthetic photograph using text on clothing to convey a relatable mental state, often shared on social media platforms.

1. MOOD/EMOTIONAL STATE: The person's pose, with a hand running through their hair, combined with the text on the jacket, suggests a pensive, stressed, or contemplative mood.

2. MOTIVATION/INTEREST: not shown

3. SELF-HARM/DEATH THOUGHTS: not shown

4. APPETITE/EATING: not shown

5. SELF-WORTH/GUILT: not shown

6. CONCENTRATION/THINKING: The Hindi text on the jacket, ""ज़्यादा"
TE-22.jpg,UNIVERSAL_HUMAN,"[1,0,0,0,1,0,0]",
TE-220.jpg,UNIVERSAL_HUMAN,"[1,0,0,0,0,0,0]","1. MOOD/EMOTIONAL STATE: The image uses a grid of nine cat photos with varying expressions and postures (e.g., calm, chaotic, surprised, relaxed) to represent a spectrum of moods, asking the viewer to identify their own.

2. MOTIVATION/INTEREST: not shown

3. EXISTENTIAL/EMOTIONAL INTENSITY: not shown

4. APPETITE/EATING: not shown

5. SELF-WORTH/GUILT: not shown

6. CONCENTRATION/THINKING: not shown

7. SLEEP: not shown

CONTEXT: This is a ""mood scale"" meme format using numbered images, in this case, pictures of black cats, to humorously prompt the viewer to identify their current emotional state."
TE-221.jpg,UNIVERSAL_HUMAN,"[0,0,0,0,1,0,0]","CONTEXT: This is a meme using a screenshot from the video game Animal Crossing with Hindi text overlaid to project human anxieties onto a non-player character (a snowman).

1. MOOD/EMOTIONAL STATE: The character expresses misery and helplessness due to feeling cold, disliking its appearance, and being physically trapped.

2. MOTIVATION/INTEREST: not shown

3. SELF-HARM/DEATH THOUGHTS: not shown

4. APPETITE/EATING: not shown

5. SELF-WORTH/GU"
TE-223.jpg,UNIVERSAL_HUMAN,"[0,0,0,0,0,0,0]","1. MOOD/EMOTIONAL STATE: Not shown.
2. MOTIVATION/INTEREST: Not shown.
3. SELF-HARM/DEATH THOUGHTS: Not shown.
4. APPETITE/EATING: Not shown.
5. SELF-WORTH/GUILT: Not shown.
6. CONCENTRATION/THINKING: Not shown.
7. SLEEP: Not shown.

CONTEXT: This is a low-quality screenshot of a YouTube video player showing a blurry figure running in a room with a mirror."
TE-224.jpg,UNIVERSAL_HUMAN,"[0,0,0,1,0,0,0]",
TE-225.jpg,UNIVERSAL_HUMAN,"[1,0,0,0,0,0,0]","1. MOOD/EMOTIONAL STATE: The text expresses sadness and emotional pain from having one's ""heart hurt."" The alien figure's expression is flat and resigned, conveying a sense of patient, perhaps hopeless, waiting.

2. MOTIVATION/INTEREST: not shown

3. SELF-HARM/DEATH THOUGHTS: not shown

4. APPETITE/EATING: not shown

5. SELF-WORTH/GUILT: not shown

6. CONCENTRATION/THINKING: not shown

7. SLEEP: not shown

CONTEXT: This is a meme using a picture of a grey alien to express a relatable feeling of unrequited emotional expectation in a humorous, self-deprecating way."
TE-227.jpg,UNIVERSAL_HUMAN,"[0,0,0,0,1,0,0]","1. MOOD/EMOTIONAL STATE: The text implies a self-deprecating humor about being unbearable or annoying. The visual shows a chaotic moment used for comedic effect.

2. MOTIVATION/INTEREST: not shown

3. SELF-HARM/DEATH THOUGHTS: not shown

4. APPETITE/EATING: not shown

5. SELF-WORTH/GUILT: The meme expresses low self-worth by implying the person is so insufferable that even a kidnapper rejected them. It suggests a feeling of being a burden or unlikable.

6. CONCENTRATION/THINKING: not shown

7. SLEEP: not shown

CONTEXT: This is a self-deprecating meme using a cartoon character and Hindi text to humorously exaggerate one's own annoying qualities."
TE-228.jpg,UNIVERSAL_HUMAN,"[1,0,0,0,1,0,0]","CONTEXT: This is an image macro meme using a photo of a distressed student in a classroom overlaid with Hindi text to express emotional vulnerability regarding relationships.

1. MOOD/EMOTIONAL STATE: The person's posture of leaning their head against the whiteboard suggests sadness, defeat, or anguish. The text expresses deep insecurity and anxiety about being abandoned by others.

2. MOTIVATION/INTEREST: The text indicates that actions are motivated solely by a fear of abandonment and a desire to please others, rather than genuine personal interest.

3. SELF-HARM/DEATH THOUGHTS: not shown

4. APPETITE/EATING: not shown

5. SELF-WORTH/GUILT: The text suggests low self-worth, implying the person feels they are only valuable or acceptable if they constantly meet the perceived expectations of others.

6. CONCENTRATION/THINKING: not shown

7. SLEEP: not shown"
TE-229.jpg,UNIVERSAL_HUMAN,"[1,0,0,0,0,0,0]","1. MOOD/EMOTIONAL STATE: The image depicts sudden terror, high anxiety, and overwhelming dread, as indicated by the sweating, wide-eyed character on the right. The text implies a very brief period of happiness that is immediately crushed by the arrival of depression.

2. MOTIVATION/INTEREST: The text ""बस 5 मिनट खुश होने के बाद मैं:"" (Me after being happy for just 5 minutes:) suggests an inability to sustain joy or interest"
TE-23.jpg,UNIVERSAL_HUMAN,"[1,0,0,0,1,0,0]","1. MOOD/EMOTIONAL STATE: The image depicts a sad-eyed kitten, and the text expresses a desire to remain silent to avoid trouble, suggesting apprehension, hesitation, or fear of conflict.
2. MOTIVATION/INTEREST: The text indicates a lack of motivation to speak or express oneself due to the fear of negative consequences (""*चुप रहना चाहता हूँ ताकि कोई लफड़ा न हो*"").
3. EXISTENTIAL/EMOTIONAL INTENSITY: The content shows a wish to withdraw from communication to avoid ""trouble"" or conflict, indicating a level of social anxiety or avoidance.
4. APPETITE/EATING: Not shown.
5. SELF-WORTH/GUILT: The initial statement implies a feeling that one's words might cause problems, suggesting potential low self-worth or a fear of being burdensome, which is then countered by reassurance.
6. CONCENTRATION/THINKING: Not shown.
7. SLEEP: Not shown.

CONTEXT: This is a meme using a sad cat image and Hindi text to illustrate a common feeling of social hesitation or anxiety, followed by a supportive message."
TE-230.jpg,UNIVERSAL_HUMAN,"[1,0,1,0,0,0,0]","1. MOOD/EMOTIONAL STATE: The image expresses a state of constant suffering or pain, as the Hindi word for suffering (""कष्ट"") replaces all the numbers on the clock. The accompanying text ""Oh my god! Just look at the time"" humorously highlights this perpetual state of distress.
2. MOTIVATION/INTEREST: not shown
3. SELF-HARM/DEATH THOUGHTS: not shown
4. APPETITE/EATING: not shown
5. SELF-WORTH/GUILT: not shown
6. CONCENTRATION/THINKING: not shown
7. SLEEP: not shown

CONTEXT: This is an Indian meme using a common ""look at the time"" format to humorously exaggerate a feeling of constant suffering."
TE-231.jpg,UNIVERSAL_HUMAN,"[0,1,0,0,0,0,0]","1. MOOD/EMOTIONAL STATE: The meme expresses a feeling of mental resistance, frustration, or a lack of mental energy when faced with uninteresting tasks.

2. MOTIVATION/INTEREST: The text explicitly mentions trying to teach the brain something ""without interest,"" and the ""error"" represents the brain's refusal to cooperate due to this lack of motivation.

3. SELF-HARM/DEATH THOUGHTS: not shown

4. APPETITE/EATING: not shown

5. SELF-WORTH/GUILT: not shown

6. CONCENTRATION/THINKING: The meme describes a difficulty in focusing or processing information (""Files could not be copied"") specifically when the subject matter is not interesting to the person.

7. SLEEP: not shown

CONTEXT: This is a meme using a Hindi caption and a fake Windows error message to humorously illustrate the brain's refusal to learn uninteresting things."
TE-233.jpg,UNIVERSAL_HUMAN,"[0,0,0,0,0,0,0]","CONTEXT: This is a text-based ""relatable"" meme using a ""Me: / Then me:"" format to describe a paradoxical personal experience in Hindi.

1. MOOD/EMOTIONAL STATE: The text expresses a state of persistent lethargy and exhaustion, suggesting a drained or low mood despite rest.

2. MOTIVATION/INTEREST: The action of sleeping the entire day implies a significant lack of motivation or interest in engaging with daily activities.

3. SELF-HARM/DEATH THOUGHTS: not shown

4. APPETITE/EATING: not shown

5. SELF-WORTH/GUILT: not shown

6. CONCENTRATION/THINKING: not shown

7. SLEEP: The text explicitly describes excessive sleeping (""sleeps all day"")"
TE-234.jpg,UNIVERSAL_HUMAN,"[0,0,0,0,0,0,0]","1. MOOD/EMOTIONAL STATE: The text indicates rejection (""0 people like you"") and a resigned, self-deprecating acceptance of this fact (""But there is nothing surprising in this""), suggesting feelings of loneliness or hopelessness.
2. MOTIVATION/INTEREST: not shown
3. SELF-HARM/DEATH THOUGHTS: not shown
4. APPETITE/EATING: not shown
5. SELF-WORTH/GUILT: The parenthetical comment implies low self-worth, as the person believes it is unsurprising that no one likes them.
6. CONCENTRATION/THINKING: not shown
7. SLEEP: not shown

CONTEXT: This image mimics a Tinder notification to create a meme about the relatable struggle of facing rejection or having no matches on dating apps."
TE-235.jpg,UNIVERSAL_HUMAN,"[0,0,0,0,0,0,0]","CONTEXT: This image is a ""sadpost"" or depression meme using a dark, grainy aesthetic and Hindi text to express extreme distress.

1. MOOD/EMOTIONAL STATE: The text expresses extreme hopelessness and despair. The dark, obscured visual complements this sentiment of anguish.

2. MOTIVATION/INTEREST: The statement implies a complete loss of interest in continued existence.

3. SELF-HARM/DEATH THOUGHTS: The text explicitly states ""मर जाना ही बेहतर है"" which translates to ""It is better to die,"" indicating clear suicidal ideation.

4. APPET"
TE-237.jpg,UNIVERSAL_HUMAN,"[0,0,0,0,1,0,0]","1. MOOD/EMOTIONAL STATE: The image and text suggest a carefree and enjoyable mood, with the teddy bear blowing bubbles and the text explicitly mentioning ""enjoying my life"".

2. MOTIVATION/INTEREST: The person expresses an ability to enjoy life, as stated in the text ""enjoying my life"".

3. SELF-HARM/DEATH THOUGHTS: Not shown.

4. APPETITE/EATING: Not shown.

5. SELF-WORTH/GUILT: The text mentions becoming ""dumb"" as a way to enjoy life, which is a self-deprecating joke but does not express worthlessness or excessive guilt.

6. CONCENTRATION/THINKING: The text implies a conscious choice to avoid complex thinking or worries (""becoming a dumb""), rather than a difficulty with concentration or thinking clearly.

7. SLEEP: Not shown.

CONTEXT: This is a meme using a cute teddy bear character and Hindi/English text to express the sentiment that simplicity or ignorance can lead to happiness."
TE-239.jpg,UNIVERSAL_HUMAN,"[0,0,0,0,1,0,0]","1. MOOD/EMOTIONAL STATE: The text expresses a feeling of self-hatred. The person in the image appears sad or contemplative.

2. MOTIVATION/INTEREST: not shown

3. SELF-HARM/DEATH THOUGHTS: not shown

4. APPETITE/EATING: not shown

5. SELF-WORTH/GUILT: The Hindi text translates to ""Maybe I have a habit of hating myself,"" directly expressing low self-worth and self-blame.

6. CONCENTRATION/THINKING: not shown

7. SLEEP: not shown

CONTEXT: This is a meme using a black and white film still with superimposed Hindi text to express a feeling of self-loathing."
TE-24.jpg,UNIVERSAL_HUMAN,"[1,0,0,0,0,0,1]","CONTEXT: This is a reaction meme using a still of Michael Scott from *The Office* combined with Hindi text to humorously describe the experience of nighttime anxiety.

1. MOOD/EMOTIONAL STATE: The person in the image appears distressed and tearful, and the text explicitly states they experienced ""anxiety"" for several hours.

2. MOTIVATION/INTEREST: not shown

3. SELF-HARM/DEATH THOUGHTS: not shown

4. APPETITE/EATING: not shown

5. SELF-WORTH/GUILT: not shown

6. CONCENTRATION/THINKING: not shown

7. SLEEP: The text explicitly mentions that the person ""didn't get much sleep"" during the night due to anxiety"
TE-240.jpg,UNIVERSAL_HUMAN,"[0,1,0,1,0,0,0]",CONTEXT: This is a three-panel meme format using screenshots
TE-241.jpg,UNIVERSAL_HUMAN,"[1,0,0,0,1,0,0]",CONTEXT: This is a Twitter meme using a multiple-choice
TE-242.jpg,UNIVERSAL_HUMAN,"[1,0,0,0,0,0,0]","CONTEXT: This is an image macro meme using Hindi text and a celebrity photo to illustrate the experience of sudden mental health symptoms striking during a social event.

1. MOOD/EMOTIONAL STATE: The text explicitly states that ""depression and anxiety hit."" Visually, the man on the left appears detached, somber, and withdrawn from the social interaction around him.

2. MOTIVATION/INTEREST: The text describes getting ""cut off from the world"" while at a party,"
TE-243.jpg,UNIVERSAL_HUMAN,"[1,0,0,0,0,0,0]",1. MOOD/EMOTIONAL STATE: The text shows a conflict between wanting to express deep
TE-245.jpg,UNIVERSAL_HUMAN,"[0,0,1,0,0,0,1]","Based on the image provided, here is the analysis for each area:

1.  **MOOD/EMOTIONAL STATE:** The character in the image has a smug, mischievous, or self-satisfied grin. The text implies a feeling of getting a ""high"" or pleasure from the described act.
2.  **MOTIVATION/INTEREST:** The text describes a specific motivation to get a ""free high"" by scratching or pinching a child.
3.  **SELF-HARM/DEATH THOUGHTS:** Not shown.
4.  **APPETITE/EATING:** Not shown.
5.  **SELF-WORTH/GUILT:** There is no expression of guilt or worthlessness; the character appears pleased with their action.
6.  **CONCENTRATION/THINKING:** Not shown.
7.  **SLEEP:** Not shown.

**CONTEXT:** This is a dark humor meme using a cartoon reaction image and Hindi text to describe a mischievous and harmful act."
TE-246.jpg,UNIVERSAL_HUMAN,"[0,0,0,0,0,0,0]","1. MOOD/EMOTIONAL STATE: The text expresses extreme anguish and hopelessness, indicating a profound desire to end one's life.

2. MOTIVATION/INTEREST: While specific loss of interests isn't mentioned, the stated desire to die implies a total lack of motivation to continue living.

3. SELF-HARM/DEATH THOUGHTS: The image explicitly states a desire to commit suicide (""kill myself"") and that the person would do it instantly if it wouldn't hurt others."
TE-247.jpg,UNIVERSAL_HUMAN,"[0,0,0,1,0,0,0]","1. MOOD/EMOTIONAL STATE: The text explicitly states the person is ""sad"" (""दुखी""). The woman's expression in the photo is serious and somber.

2. MOTIVATION/INTEREST: not shown

3. SELF-HARM/DEATH THOUGHTS: not shown

4. APPETITE/EATING: The text contrasts being ""fat"" (""मोटा"") versus ""thin"" (""पतली""), implying a focus on body weight, but does not explicitly describe eating habits.

5. SELF-WORTH/GUILT: The text implies that being thin is preferable to being fat, even when sad, suggesting self-worth is tied to body image.

6. CONCENTRATION/THINKING: not shown

7. SLEEP: not shown

CONTEXT: This is a meme with a Hindi caption, likely from Indian social media, expressing a cynical view on body image and sadness."
TE-248.jpg,UNIVERSAL_HUMAN,"[0,0,0,0,0,1,0]","1. MOOD/EMOTIONAL STATE: The image expresses a state of mental confusion, chaos, or irritation, symbolized by the tangled mess where the head should be and the Hindi idiom for ""messing with the brain.""

2. MOTIVATION/INTEREST: not shown

3. SELF-HARM/DEATH THOUGHTS: not shown

4. APPETITE/EATING: not shown

5. SELF-WORTH/GUILT: not shown

6. CONCENTRATION/THINKING: The scribbled lines replacing the head and the text ""दिमाग का दही"" (making yogurt of the brain) strongly suggest confusion, brain fog, or difficulty thinking clearly.

7. SLEEP: not shown

CONTEXT: This is a meme using a minimalist illustration and a common Hindi idiom to humorously depict a feeling of mental overwhelm or confusion."
TE-25.jpg,UNIVERSAL_HUMAN,"[1,0,0,0,0,0,0]","1. MOOD/EMOTIONAL STATE: The person is shown with their face in their hands, indicating distress, sadness, or crying. The text explicitly states their ""condition is getting worse"" and expresses a feeling of isolation because ""no one even knows.""

2. MOTIVATION/INTEREST: not shown

3. SELF-HARM/DEATH THOUGHTS: not shown

4. APPETITE/EATING: not shown

5. SELF-WORTH/GUILT: The text ""and no one even knows"" suggests a feeling of being overlooked or unimportant in their suffering, which can relate to low self-worth or feeling isolated.

6. CONCENTRATION/THINKING: not shown

7. SLEEP: not shown

CONTEXT: This is a ""sad post"" meme format using a somber image and Hindi text to express feelings of hidden suffering and isolation."
TE-250.jpg,UNIVERSAL_HUMAN,"[0,0,0,0,0,1,0]",
TE-252.jpg,UNIVERSAL_HUMAN,"[1,0,1,0,0,0,0]",
TE-253.jpg,UNIVERSAL_HUMAN,"[0,0,0,1,1,0,0]","1. MOOD/EMOTIONAL STATE: The meme expresses a relatable anxiety or obsessive worry about body image and physical appearance.

2. MOTIVATION/INTEREST: The person is interested in trying on an outfit but becomes fixated on a specific aspect of their appearance rather than the task itself.

3. SELF-HARM/DEATH THOUGHTS: not shown

4. APPETITE/EATING: not shown

5. SELF-WORTH/GUILT: The text indicates a concern with self-image and how one's body is perceived, specifically worrying if legs look thin.

6. CONCENTRATION/THINKING: The meme describes a state of overthinking or rumination, where the person ""just keep[s] thinking"" about one specific worry.

7. SLEEP: not shown

CONTEXT: This is a ""Drake Hotline Bling"" meme, a popular format used to express preference for one thing over another, often for humorous or relatable effect."
TE-254.jpg,UNIVERSAL_HUMAN,"[0,0,0,0,0,0,0]","1. MOOD/EMOTIONAL STATE: The image expresses feelings of social awkwardness, discomfort, and the struggle to fit in.

2. MOTIVATION/INTEREST: The text indicates an active ""कोशिश"" (effort/trying) to avoid being awkward, showing motivation to navigate social situations despite the difficulty.

3. SELF-HARM/DEATH THOUGHTS: not shown

4. APPETITE/EATING: not shown

5. SELF-WORTH/GUILT: The meme implies a sense of social inadequacy or self-consciousness by labeling the attempt to not be awkward as a struggle.

6. CONCENTRATION/THINKING: not shown

7. SLEEP: not shown

CONTEXT: This is a relatable meme using a visual metaphor and Hindi/English text to humorously depict the struggle of dealing with social anxiety or awkwardness in public."
TE-257.jpg,UNIVERSAL_HUMAN,"[0,0,0,0,0,0,0]",1
TE-258.jpg,UNIVERSAL_HUMAN,"[0,0,0,0,0,0,1]","CONTEXT: This is a meme using a vintage photograph and Hindi text to make a humorous observation about the sleep deprivation associated with parenthood.

1. MOOD/EMOTIONAL STATE: The woman's facial expression in the vintage photo is neutral or slightly weary. The text implies exhaustion but is presented in a humorous manner rather than indicating deep distress.

2. MOTIVATION/INTEREST: not shown

3. SELF-HARM/DEATH THOUGHTS: not shown

4. APPETITE/EATING: not shown

5. SELF-WORTH/GUILT: not shown

6. CONCENTRATION/THINKING: not shown

7. SLEEP: The text explicitly states the person has a """
TE-260.jpg,UNIVERSAL_HUMAN,"[0,0,0,0,1,0,0]","1. MOOD/EMOTIONAL STATE: The meme expresses anxiety and fear of social rejection or negative evaluation.

2. MOTIVATION/INTEREST: The person shows an initial interest in posting a selfie, which is immediately countered by an anxious thought.

3. SELF-HARM/DEATH THOUGHTS: not shown

4. APPETITE/EATING: not shown

5. SELF-WORTH/GUILT: The anxiety stems from the fear that ""no one liked"" the selfie, suggesting self-worth is tied to external validation.

6. CONCENTRATION/THINKING: The anxiety is depicted as an intrusive, negative thought that interrupts the action of posting.

7. SLEEP: not shown

CONTEXT: This is a ""Me vs. My Anxiety"" meme format, using a video game dialogue box to represent an intrusive, anxious thought."
TE-261.jpg,UNIVERSAL_HUMAN,"[1,1,0,0,1,1,0]","**CONTEXT:** This is a meme using a visual metaphor to humorously depict a person barely coping with overwhelming life problems and negative emotions in response to a casual greeting.

1.  **MOOD/EMOTIONAL STATE:** The image explicitly labels feelings of ""anxiety"" (चि"
TE-262.jpg,UNIVERSAL_HUMAN,"[0,0,0,0,0,1,0]","1. MOOD/EMOTIONAL STATE: The figure clutching their head visually expresses anguish or distress. The text translates to ""My mind is getting messed up,"" indicating mental turmoil.
2. MOTIVATION/INTEREST: not shown
3. SELF-HARM/DEATH THOUGHTS: not shown
4. APPETITE/EATING: not shown
5. SELF-WORTH/GUILT: not shown
6. CONCENTRATION/THINKING: The Hindi text ""मेरा दिमाग खराब हो रहा है"" directly translates to ""My mind is getting messed up,"" suggesting confusion or cognitive difficulty.
7. SLEEP: not shown

CONTEXT: This is a meme using a stark, high-contrast graphic and text to express a feeling of mental overwhelm or distress."
TE-263.jpg,UNIVERSAL_HUMAN,"[1,0,0,0,1,0,0]",
TE-264.jpg,UNIVERSAL_HUMAN,"[0,0,0,0,0,0,0]","1. MOOD/EMOTIONAL STATE: The receiver expresses pity (""तरस""), suggesting the sender is perceived as being in a negative or pitiable state.

2. MOTIVATION/INTEREST: not shown

3. SELF-HARM/DEATH THOUGHTS: not shown

4. APPETITE/EATING: not shown

5. SELF-WORTH/GUILT: The receiver's statement of feeling pity implies the sender is in a lowly or unfortunate position, which could reflect on the sender's sense of self-worth.

6. CONCENTRATION/THINKING: not shown

7. SLEEP: not shown

CONTEXT: This is a screenshot of a text conversation, likely used as a meme to depict a brutal or unexpected rejection."
TE-265.jpg,UNIVERSAL_HUMAN,"[0,0,0,0,1,0,0]",1. MOOD/EMOTIONAL STATE: The woman character maintains a cheerful
TE-266.jpg,UNIVERSAL_HUMAN,"[0,0,0,0,1,0,0]","1. MOOD/EMOTIONAL STATE: The character labeled ""मैं"" (Me) appears angry and aggressive in the first panel, attempting to attack ""anxiety"". The outcome suggests frustration or self-defeat as the attack backfires.

2. MOTIVATION/INTEREST: not shown

3. EXISTENTIAL/EMOTIONAL INTENSITY: The image visually depicts a self-defeating scenario where the attempt to combat ""anxiety"" results in harming ""self esteem"", indicating an internal struggle with negative consequences for the self.

4. APPETITE/EATING: not shown

5. SELF-WORTH/GUILT: The character representing ""मेरा self esteem"" (My self esteem) is struck in the face by the object thrown by ""मैं"" (Me), visually representing a direct negative impact on or damage to self-worth.

6. CONCENTRATION/THINKING: not shown

7. SLEEP: not shown

CONTEXT: This is a meme using a Tintin comic strip template to illustrate the counterproductive nature of trying to fight anxiety, which inadvertently damages self-esteem."
TE-267.jpg,UNIVERSAL_HUMAN,"[0,1,0,0,0,0,0]","1. MOOD/EMOTIONAL STATE: The image expresses distress, panic, and dread, indicated by the character's wide-eyed, open-mouthed expression and clutching of the head, amplified by the motion blur.
2. MOTIVATION/INTEREST: The text indicates a strong lack of interest and motivation to engage in the specific social activity of meeting relatives.
3. SELF-HARM/DEATH THOUGHTS: not shown
4. APPETITE/EATING: not shown
5. SELF-WORTH/GUILT: not shown
6. CONCENTRATION/THINKING: not shown
7. SLEEP: not shown

CONTEXT: This is a reaction meme using an anime character to humorously express social anxiety or dread about an upcoming family gathering."
TE-269.jpg,UNIVERSAL_HUMAN,"[1,0,1,0,0,0,0]",1. MOOD/EMOTIONAL STATE: The text explicitly states the
TE-27.jpg,UNIVERSAL_HUMAN,"[1,0,0,0,0,0,0]",1. MOOD/EM
TE-270.jpg,UNIVERSAL_HUMAN,"[0,0,0,0,0,1,0]","1. MOOD/EMOTIONAL STATE: The person has a distressed and worried expression. The text expresses anxiety and a feeling of mental instability.

2. MOTIVATION/INTEREST: not shown

3. SELF-HARM/DEATH THOUGHTS: not shown

4. APPETITE/EATING: not shown

5. SELF-WORTH/GUILT: not shown

6. CONCENTRATION/THINKING: The text ""मुझे लग रहा है मेरा दिमाग खराब हो रहा है"" (I feel like my mind is going bad) directly suggests confusion or a loss of clear thinking.

7. SLEEP: not shown

CONTEXT: This is a black and white reaction image, likely from a TV drama, used to express a feeling of mental distress or cognitive decline."
TE-271.jpg,UNIVERSAL_HUMAN,"[0,0,1,0,0,0,0]","1. **MOOD/EMOTIONAL STATE:** The meme expresses a dark, cynical, or hopeless outlook, using humor to mask underlying distress or a desire for non-existence. The heart-eyes emoji adds a layer of irony to the morbid statement.
2. **MOTIVATION/INTEREST:** The meme suggests a complete lack of future-oriented motivation or interest, as the person envisions themselves dead rather than achieving anything.
3. **SELF-HARM/DEATH THOUGHTS:** The meme directly references death, with the text on the tombstone translating to ""Died 5 years ago,"" indicating thoughts about not being alive in the future.
4. **APPETITE/EATING:** not shown
5. **SELF-WORTH/GUILT:** While not explicitly stated, the desire to be dead could imply a sense of worthlessness or a feeling that one's life has no value.
6. **CONCENTRATION/THINKING:** not shown
7. **SLEEP:** not shown

**CONTEXT:** This is a dark humor meme that subverts the common interview question ""Where do you see yourself in 5 years?"" with a morbid and self-deprecating punchline."
TE-272.jpg,UNIVERSAL_HUMAN,"[0,0,0,0,0,0,1]","CONTEXT: This is a reaction meme using a screenshot from the animated series *Adventure Time* overlaid with Hindi text to express a relatable feeling of weariness.

1. MOOD/EMOTIONAL STATE: The characters display sadness and dejection through their downturned mouths and hunched posture. The overall atmosphere is one of weariness and low energy.

2. MOTIVATION/INTEREST: The text indicates a complete lack of motivation for activity, as the speaker states they ""just want to sleep"" to the exclusion of anything else.

3. SELF-HARM/DEATH THOUGHTS: not shown"
TE-273.jpg,UNIVERSAL_HUMAN,"[0,0,0,0,0,0,0]",
TE-274.jpg,UNIVERSAL_HUMAN,"[0,0,0,0,0,0,0]","1. MOOD/EMOTIONAL STATE: The text expresses dismay and disappointment upon realizing one is alive, indicating hopelessness or anguish.
2. MOTIVATION/INTEREST: The negative reaction to existence implies a complete lack of interest or motivation for life.
3. SELF-HARM/DEATH THOUGHTS: The statement ""I am alive. Shit."" indicates a preference for not existing, which is a passive form of death thought.
4. APPETITE/EATING: not shown
5. SELF-WORTH/GUILT: not shown
6. CONCENTRATION/THINKING: not shown
7. SLEEP: not shown

CONTEXT: This is a minimalist text meme using a dark background to convey a nihilistic or depressive sentiment, typical of ""doomer"" internet humor."
TE-277.jpg,UNIVERSAL_HUMAN,"[0,0,0,1,0,0,0]","1. MOOD/EMOTIONAL STATE: The text expresses a wish for supportive partners, implying vulnerability and potential distress related to food and body image. The tone is one of prayer or a heartfelt wish for understanding.
2. MOTIVATION/INTEREST: not shown
3. SELF-HARM/DEATH THOUGHTS: not shown
4. APPETITE/EATING: The meme explicitly mentions a ""relationship with food"" and ""safe foods,"" suggesting a complex or potentially disordered eating pattern where certain foods provide comfort or security.
5. SELF-WORTH/GUILT: The text mentions negative comments on the body, indicating that the person's self-worth may be impacted by body image and external criticism.
6. CONCENTRATION/THINKING: not shown
7. SLEEP: not shown

CONTEXT: This is a meme using a stock photo and text to express a specific wish for supportive relationships, particularly concerning issues with food and body image."
TE-278.jpg,UNIVERSAL_HUMAN,"[1,0,0,0,0,1,0]","CONTEXT: This image uses a classic Peanuts cartoon panel featuring the character Sally Brown, overlaid with"
TE-28.jpg,UNIVERSAL_HUMAN,"[0,0,0,0,0,0,0]","1. MOOD/EMOTIONAL STATE: The cat has edited, teary eyes, expressing sadness, crying, and distress.

2. MOTIVATION/INTEREST: not shown

3. SELF-HARM/DEATH THOUGHTS: not shown

4. APPETITE/EATING: The cat is on a scale and the display reads ""buffalo"" (implying overweight), indirectly referencing eating habits or weight issues.

5. SELF-WORTH/GUILT: The cat's sad expression upon being weighed and called a ""buffalo"" suggests feelings of shame or low self-worth related to its weight.

6. CONCENTRATION/THINKING: not shown

7. SLEEP: not shown

CONTEXT: This is a ""crying cat"" meme, a popular format using sad cat faces to express relatable distress, here humorously applied to the experience of being weighed."
TE-280.jpg,UNIVERSAL_HUMAN,"[0,0,0,0,0,0,0]","1. MOOD/EMOTIONAL STATE: The text explicitly mentions the emotion of ""sorrow"" or ""grief"" (ग़म).

2. MOTIVATION/INTEREST: not shown

3. SELF-HARM/DEATH THOUGHTS: The text mentions ""leaving the world"" (दुनिया छोड़ना), a reference to death, and expresses a desire not to die while feeling sorrow.

4. APPETITE/EATING: not shown

5. SELF-WORTH/GUILT: not shown

6. CONCENTRATION/THINKING: not shown

7. SLEEP: not shown

CONTEXT: This is a minimalist image macro with Hindi text, likely shared on social media to express a poignant thought about death and sadness."
TE-281.jpg,UNIVERSAL_HUMAN,"[1,0,0,0,1,0,0]","1. MOOD/EMOTIONAL STATE: The central character initially appears sad and contemplative upon seeing the message, while the other characters show dismissiveness and annoyance, leading to a chaotic ending.

2. MOTIVATION/INTEREST: The message on the cake, ""You are ruining your life,"" suggests a lack of progress or motivation, which the central"
TE-282.jpg,UNIVERSAL_HUMAN,"[1,1,0,0,0,0,0]","1. MOOD/EMOTIONAL STATE: The character appears outwardly enthusiastic about ""trying luck,"" but the inevitable negative outcome suggests an underlying feeling of hopelessness or resignation to"
TE-283.jpg,UNIVERSAL_HUMAN,"[0,0,0,0,0,0,1]","1. MOOD/EMOTIONAL STATE: The text expresses frustration and exhaustion (""Oh my brain!"", ""i need to sleep""), and the Minion character has a tired, weary expression.

2. MOTIVATION/INTEREST: not shown

3. SELF-HARM/DEATH THOUGHTS: not shown

4. APPETITE/EATING: not shown

5. SELF-WORTH/GUILT: not shown

6. CONCENTRATION/THINKING: The text explicitly mentions ""thinking so much,"" indicating an overactive mind or racing thoughts that are difficult to control.

7. SLEEP: The meme directly addresses sleep difficulties, stating the person is ""thinking so much at night"" and needs to sleep, suggesting insomnia or trouble falling asleep.

CONTEXT: This is a ""Minion meme,"" a common format used on social media to share relatable, often humorous, observations about daily life and struggles."
TE-284.jpg,UNIVERSAL_HUMAN,"[0,0,0,0,0,0,1]","1. MOOD/EMOTIONAL STATE: The person is asleep with a neutral, relaxed expression. No specific emotional state is actively expressed.

2. MOTIVATION/INTEREST: Not shown.

3. EXISTENTIAL/EMOTIONAL INTENSITY: Not shown.

4. APPETITE/EATING: Not shown.

5. SELF-WORTH/GUILT: Not shown.

6. CONCENTRATION/THINKING: Not shown.

7. SLEEP: The image directly"
TE-286.jpg,UNIVERSAL_HUMAN,"[0,0,0,0,1,0,0]","1. MOOD/EMOTIONAL STATE: The text expresses hopelessness and despair, stating that attempts to improve things only make them worse. The visual shows a person in a somber, contemplative pose.

2. MOTIVATION/INTEREST: The text indicates a desire to ""get better,"" but this motivation is met with failure, suggesting a sense of futility.

3. SELF-HARM/DEATH THOUGHTS: not shown

4. APPETITE/EATING: not shown

5. SELF-WORTH/GUILT: The text implies a feeling of personal failure or inability to improve one's situation despite trying.

6. CONCENTRATION/THINKING: not shown

7. SLEEP: not shown

CONTEXT: This is a ""sad meme"" format using a somber image and Hindi text to express feelings of hopelessness and the struggle with mental health."
TE-288.jpg,UNIVERSAL_HUMAN,"[0,0,0,0,0,0,0]","1. MOOD/EMOTIONAL STATE: The text explicitly states that ""tension"" has"
TE-289.jpg,UNIVERSAL_HUMAN,"[0,0,0,0,1,0,0]","1. MOOD/EMOTIONAL STATE: The text expresses intense hostility and anger (""Go to hell, you bastard""). Visually, this is contrasted with a calm, smiling expression"
TE-29.jpg,UNIVERSAL_HUMAN,"[1,0,0,0,1,0,0]","1. MOOD/EMOTIONAL STATE: The image shows a person in a posture of despair, and the text explicitly mentions being ""depressed,"" conveying sadness and a sense of inadequacy.

2. MOTIVATION/INTEREST: The text indicates a lack of ability or motivation to create ""good memes,"" suggesting a feeling of being uncreative or blocked.

3. SELF-HARM/DEATH THOUGHTS: not shown

4. APPETITE/EATING: not shown

5. SELF-WORTH/GUILT: The person expresses a feeling of worthlessness or inadequacy about their meme-making skills, labeling it a ""bitter truth.""

6. CONCENTRATION/THINKING: not shown

7. SLEEP: not shown

CONTEXT: This is a self-deprecating meme using a melancholic image to humorously comment on the perceived connection between depression and creativity."
TE-290.jpg,UNIVERSAL_HUMAN,"[1,0,1,0,0,0,0]","1. MOOD/EMOTIONAL STATE: The image expresses a morbid and grim emotional state through the juxtaposition of a pink background with a skeleton and text about death.

2. MOTIVATION/INTEREST: not shown

3. SELF-HARM/"
TE-292.jpg,UNIVERSAL_HUMAN,"[0,1,0,0,0,1,0]","1. MOOD/EMOTIONAL STATE: The person's expressions shift from neutral to a grimace of distaste or boredom.

2. MOTIVATION/INTEREST: The meme indicates a loss of interest or enjoyment in gaming, which has become tedious after being done for the ""10th time in a day.""

3. SELF-HARM/DEATH THOUGHTS: not shown

4. APPETITE/EATING: not shown

5. SELF-WORTH/GUILT: not shown

6. CONCENTRATION/THINKING: not shown

7. SLEEP: not shown

CONTEXT: This is a four-panel reaction meme using a K-pop idol's expressions to illustrate the boredom and repetition of activities during a lockdown."
TE-293.jpg,UNIVERSAL_HUMAN,"[0,0,0,0,0,1,0]","1. MOOD/EMOTIONAL STATE: The text ""मेरा दिमाग फट रहा है"" (My brain is exploding) and the fragmented, red-toned imagery express intense mental anguish, overwhelm, and distress. The skull head adds a morbid or deathly quality to the emotion.

2. MOTIVATION/INTEREST: The figure is slumped face-down over a book, suggesting an inability to engage with the activity due to being mentally overwhelmed.

3. SELF-HARM/DEATH THOUGHTS: The skull head is a symbol of death, which could imply morbid thoughts or a feeling of being mentally ""dead,"" though it's not a direct statement of self-harm.

4. APPETITE/EATING: not shown

5. SELF-WORTH/GUILT: not shown

6. CONCENTRATION/THINKING: The phrase ""My brain is exploding"" directly indicates extreme cognitive overload, an inability to think clearly, or severe mental pressure.

7. SLEEP: not shown

CONTEXT: This meme uses dark, surreal artwork and Hindi text to express a feeling of intense mental overwhelm or distress."
TE-295.jpg,UNIVERSAL_HUMAN,"[1,0,0,0,1,0,1]","1. MOOD/EMOTIONAL STATE: The person expresses a lack of enjoyment (""मज़ा ही नहीं आता"") and states they are tired (""मैं थक गया हूँ""), indicating sadness or flat affect.

2. MOTIVATION/INTEREST: There is a clear loss of interest in previously enjoyed activities, as the person says they no longer play games because they don't enjoy them.

3. EXISTENTIAL/EMOTIONAL INTENSITY: The statement ""मैं थक गया हूँ पापा"" (I am tired, Papa) conveys a sense of deep weariness with their current routine.

4. APPETITE/EATING: not shown

5. SELF-WORTH/GUILT: not shown

6. CONCENTRATION/THINKING: The person describes sitting for hours and scrolling through their phone ""बिना सोचे-समझे"" (without thinking), suggesting a lack of focus or mindless activity.

7. SLEEP: The mention of this behavior happening ""हर रात"" (every night) implies a disruption to the normal nighttime routine and likely sleep patterns.

CONTEXT: This is a variation of the popular ""Are ya winning, son?"" meme format, altered with Hindi text to depict a depressive state."
TE-297.jpg,UNIVERSAL_HUMAN,"[0,0,0,0,1,0,0]","1. MOOD/EMOTIONAL STATE: The image shows a dog with an extremely happy and excited expression. The overall tone of the meme is humorous and lighthearted.

2. MOTIVATION/INTEREST: The text mentions entering the new year ""without having achieved anything,"" which humorously implies a lack of past productivity or motivation.

3. SELF-HARM/DEATH THOUGHTS: not shown

4. APPETITE/EATING: not shown

5. SELF-WORTH/GUILT: The text humorously acknowledges a lack of accomplishment, but it does not express serious feelings of worthlessness or excessive guilt.

6. CONCENTRATION/THINKING: not shown

7. SLEEP: not shown

CONTEXT: This is a humorous meme using a cheerful dog photo and a Hindi caption to make a relatable, self-deprecating joke about underachievement upon entering a new year."
TE-298.jpg,UNIVERSAL_HUMAN,"[0,0,0,0,0,0,1]","CONTEXT: This is a Bitmoji-style meme using Hindi text to express a common struggle with daily fatigue and nighttime insomnia.

1. MOOD/EMOTIONAL STATE: The character's expression is sad and dejected, and they are sitting hunched in a corner, indicating low mood or weariness"
TE-3.jpg,UNIVERSAL_HUMAN,"[0,0,0,0,0,0,0]","1. MOOD/EMOTIONAL STATE: The meme expresses pessimism and a sense of hopelessness, where a positive outlook is immediately and mockingly dismissed by anxiety.

2. MOTIVATION/INTEREST: It implies a struggle to maintain motivation or expectation of a good day, as anxiety is depicted as preventing any positive experience.

3. SELF-HARM/DEATH THOUGHTS: not shown

4. APPETITE/EATING: not shown

5. SELF-WORTH/GUILT: not shown

6. CONCENTRATION/THINKING: The meme illustrates intrusive anxious thoughts that interrupt and override a person's attempt at positive thinking.

7. SLEEP: not shown

CONTEXT: This is a relatable internet meme using a dialogue format to humorously depict the common experience of anxiety sabotaging positive expectations."
TE-300.jpg,UNIVERSAL_HUMAN,"[1,0,0,0,0,0,0]","1. MOOD/EMOTIONAL STATE: The character in the image displays an expression of annoyance, displeasure, or being disgruntled. The text describes a reaction of discomfort or resistance to a therapist's observations.

2. MOTIVATION/INTEREST: not shown

3. SELF-HARM/DEATH THOUGHTS: not shown

4. APPETITE/EATING: not shown

5. SELF-WORTH/GUILT: The text mentions realizing the ""unhealthiness of my ways"" and being shown a ""mirror of my actions,"" which implies a confrontation with personal faults or negative behaviors.

6. CONCENTRATION/THINKING: not shown

7. SLEEP: not shown

CONTEXT: This is a bilingual (English and Hindi) meme using a reaction image of SpongeBob SquareP"
TE-301.jpg,UNIVERSAL_HUMAN,"[0,0,1,0,0,0,0]",1. MOOD
TE-302.jpg,UNIVERSAL_HUMAN,"[0,0,0,0,0,0,0]","1. MOOD/EMOTIONAL STATE: The text describes profound emptiness and hopelessness, stating the person felt they had ""died a long time ago"" internally before the physical act of suicide.

2. MOTIVATION/INTEREST: The"
TE-304.jpg,UNIVERSAL_HUMAN,"[0,0,0,0,0,0,0]","1. MOOD/EMOTIONAL STATE: The quote expresses optimism and a proactive mindset, encouraging resilience and hope regarding the future.

2. MOTIVATION/INTEREST: The text explicitly encourages motivation and action (""trying"") over passivity, suggesting that the unpredictability of the future makes effort worthwhile.

3. SELF-HARM/DEATH THOUGHTS: not shown

4. APPETITE/EATING: not shown

5. SELF-WORTH/GUILT: The quote"
TE-305.jpg,UNIVERSAL_HUMAN,"[1,0,0,0,1,0,0]","1. MOOD/EMOTIONAL STATE: The meme expresses a cynical or hopeless outlook, suggesting that even at ""rock bottom,"" the person's situation or mood will continue to worsen rather than improve.

2. MOTIVATION/INTEREST: The image of actively digging deeper into a mine implies a lack of motivation to ""go up"" or improve, and instead a resignation to or active participation in making things worse.

3. EXISTENTIAL/EMOTIONAL INTENSITY: The visual metaphor of digging deeper after hitting the bottom depicts a profound sense of hopelessness and a self-destructive trajectory, even if presented humorously.

4. APPETITE/EATING: not shown

5. SELF-WORTH/GUILT: The meme suggests a negative self-perception where the individual believes they are only capable of further decline, not recovery.

6. CONCENTRATION/THINKING: not shown

7. SLEEP: not shown

CONTEXT: This is a Hindi reaction meme that uses an image of a mine to humorously subvert a popular motivational quote about hitting rock bottom."
TE-307.jpg,UNIVERSAL_HUMAN,"[1,0,0,0,1,0,0]","1. MOOD/EMOTIONAL STATE: The text expresses loneliness and a sense of self-pity regarding the speaker's romantic status (""and then there's me..."").

2. MOTIVATION/INTEREST: not shown

3. SELF-HARM/DEATH THOUGHTS: not shown

4. APPETITE/EATING: not shown"
TE-308.jpg,UNIVERSAL_HUMAN,"[0,0,0,0,0,0,0]",
TE-31.jpg,UNIVERSAL_HUMAN,"[1,0,0,0,0,0,0]","1. MOOD/EMOTIONAL STATE: The text implies hidden sadness or distress, suggesting a disconnect where an outward smile masks inner turmoil. The somber, blurry visual reinforces a melancholic or unsettled atmosphere.

2. MOTIVATION/INTEREST: not shown

3. EXISTENTIAL/EMOTIONAL INTENSITY: The content highlights the painful emotional experience of feeling forced to hide one's true state"
TE-310.jpg,UNIVERSAL_HUMAN,"[0,1,0,1,0,0,0]","CONTEXT: This is a standard Minion meme format using Hindi text to humorously address the relatable habit of eating out of boredom.

1. MOOD/EMOTIONAL STATE: The Minion character displays an expression of annoyance or unimpressed boredom. The text expresses frustration directed at the stomach for signaling false hunger.

2. MOTIVATION/INTEREST: The text explicitly identifies boredom (""bore हो रहा है"") as the underlying state leading to the desire to eat.

3. SELF-HARM/DEATH THOUGHTS: Not shown.

4. APPETITE/EATING: The meme focuses entirely on eating habits, distinguishing between actual hunger (""भूखा नहीं है"") and eating as a response to boredom.

5. SELF-WORTH/GUILT: Not shown.

6. CONCENTRATION/THINKING: Not shown.

7. SLEEP: Not shown."
TE-312.jpg,UNIVERSAL_HUMAN,"[0,0,0,0,0,0,0]","1. MOOD/EMOTIONAL STATE: The image and text express annoyance, confusion, and disbelief at receiving a phone call. Ozzy Osbourne's facial expression is one of bewilderment and slight irritation.

2. MOTIVATION/INTEREST: not shown

3. SELF-HARM/DEATH THOUGHTS: not shown

4. APPETITE/EATING: not shown

5. SELF-WORTH/GUILT: not shown

6. CONCENTRATION/THINKING: not shown

7. SLEEP: not shown

CONTEXT: This is a reaction meme using a still of Ozzy Osbourne to humorously express the common modern preference for texting over phone calls."
TE-313.jpg,UNIVERSAL_HUMAN,"[0,0,0,0,0,1,0]",
TE-314.jpg,UNIVERSAL_HUMAN,"[0,0,0,0,0,0,1]","1. MOOD/EMOTIONAL STATE: The wide-eyed expression of the tarsier and the text convey a state of shock, surprise, or disbelief.

2. MOTIVATION/INTEREST: not shown

3. SELF-HARM/DEATH THOUGHTS: not shown

4. APPETITE/EATING: not shown

5. SELF-WORTH/GUILT: not shown

6. CONCENTRATION/THINKING: The intense, fixed stare suggests a moment of being stunned or unable to look away.

7. SLEEP: The text ""eyes remained wide open"" and the visual could imply wakefulness or an inability to close one's eyes.

CONTEXT: This is a reaction meme using an animal's exaggerated features to humorously express shock or disbelief."
TE-315.jpg,UNIVERSAL_HUMAN,"[0,0,0,0,0,0,0]","Based on the image provided, here is the analysis for each area:

1.  **MOOD/EMOTIONAL STATE:** The text explicitly mentions ""Depression"" and describes a feeling of being ""scared"" about having to live, indicating deep sadness, hopelessness, and dread.

2.  **MOTIVATION/INTEREST:** The fear of having to live suggests a profound loss of interest in life and a lack of motivation to face the day.

3.  **EXISTENTIAL/EMOTIONAL INTENSITY:** The phrase ""scared that you will have to live"" depicts extreme hopelessness and a strong wish to withdraw from life.

4.  **APPETITE/EATING:** not shown

5.  **SELF-WORTH/GUILT:** not shown

6.  **CONCENTRATION/THINKING:** not shown

7.  **SLEEP:** The text describes the dread felt upon waking up in the morning (""एक सुबह उठते हो""), connecting the negative emotional state to the start of the day.

**CONTEXT:** This is an image with Hindi text overlaid on a blurry background, likely used as a meme or social media post to articulate the experience of depression."
TE-317.jpg,UNIVERSAL_HUMAN,"[0,1,0,0,0,0,0]","1. MOOD/EMOTIONAL STATE: The image expresses intense longing, jealousy, and dramatic despair at missing out on something desirable. The cat's facial expression conveys a pained yearning while looking out a window.

2. MOTIVATION/INTEREST: The text indicates a strong desire to travel to popular destinations (Goa/Ladakh), showing a high interest in pleasurable activities, but an inability to participate in them currently.

3. SELF-HARM/DEATH THOUGHTS: not shown

4. APPETITE/EATING: not shown

5. SELF-WORTH/GUILT: not shown

6. CONCENTRATION/THINKING: not shown

7. SLEEP: not shown

CONTEXT: This is an Indian internet meme using a dramatic cat reaction image to humorously express FOMO (fear of missing out) when seeing others travel to popular vacation spots"
TE-318.jpg,UNIVERSAL_HUMAN,"[0,0,0,1,0,0,0]","1. MOOD/EMOTIONAL STATE: The meme format suggests humor or sarcasm, but the text implies frustration or resignation about cancelled appointments leading to a questioning of behavior.

2. MOTIVATION/INTEREST: not shown

3. EXISTENTIAL/EMOTIONAL INTENSITY: The text considers continuing to ""stay hungry"" as a sign, which touches on potentially harmful behavior, but doesn't express extreme hopelessness or a wish to die.

4. APPETITE/EATING: The text explicitly questions whether to ""continue to stay hungry"" (""भूखा रहना जारी रखूँ"") due to the dietician cancelling appointments, indicating a direct reference to restrictive eating or appetite.

5. SELF-WORTH/GUILT: not shown

6. CONCENTRATION/THINKING: The image depicts a questioning thought process interpreting an external event (cancelled appointments) as a ""sign.""

7. SLEEP: not shown

CONTEXT: This is a meme based on the ""Is this a pigeon?"" template, using Hindi text to humorously question if cancelled dietician appointments are a sign to keep starving."
TE-319.jpg,UNIVERSAL_HUMAN,"[0,0,0,0,0,1,0]","1. MOOD/EMOTIONAL STATE: The person is shown with their head in their hands, suggesting distress or frustration. The text explicitly mentions fear (""डर""), anxiety, and worry (""चिंता"").

2. MOTIVATION/INTEREST: The text discusses the feeling of ""low motivation"" and being hindered from ""moving forward"" (""आगे बढ़ने से रोक रही हो"").

3. SELF-HARM/DEATH THOUGHTS: not shown

4. APPETITE/EATING: not shown

5. SELF-WORTH/GUILT: not shown

6. CONCENTRATION/THINKING: The text explicitly identifies ""overthinking"" as a barrier to progress.

7. SLEEP: not shown

CONTEXT: This is an informational meme using a relatable image of stress to offer a"
TE-320.jpg,UNIVERSAL_HUMAN,"[0,0,0,0,0,0,0]","1. MOOD/EMOTIONAL STATE: The man's expression is one of distress, frustration, or reluctance as he reaches for the alarm clock.
2. MOTIVATION/INTEREST: not shown
3. SELF-HARM/DEATH THOUGHTS: not shown
4. APPETITE/EATING: not shown
5. SELF-WORTH/GUILT: not shown
6. CONCENTRATION/THINKING: not shown
7. SLEEP: The image shows a man waking up to an alarm clock set for just after 6:00 AM, suggesting an early wake-up call.

CONTEXT: This is a stock photo often used in memes to illustrate the difficulty of waking up early or the feeling of being tired."
TE-321.jpg,UNIVERSAL_HUMAN,"[1,0,1,0,1,0,0]","1. MOOD/EMOTIONAL STATE: The text explicitly states the person is ""depressed"" and that others are ""disappointed,"" while the visual shows a sad bear in a noose, indicating extreme sadness and hopelessness.

2. MOTIVATION/INTEREST: The text mentions the person ""cannot work"" due to their depression, indicating a significant loss of motivation and functional impairment.

3. EXISTENTIAL/EMOTIONAL INTENSITY: The image visually depicts a noose around the character's neck, a direct reference to suicide or self-harm, accompanied by text about disappointing everyone.

4. APPETITE/EATING: Not shown.

5. SELF-WORTH/GUILT: The text describes a fall from being a trusted ""topper"" to someone who has disappointed everyone, implying deep feelings of failure, worthlessness, and guilt.

6. CONCENTRATION/THINKING: Not shown.

7. SLEEP: Not shown.

CONTEXT: This is a meme using a cartoon character and Hindi text to express the severe mental health toll of high academic and familial expectations."
TE-322.jpg,UNIVERSAL_HUMAN,"[0,0,1,0,0,0,0]","1. MOOD/EMOTIONAL STATE: The text explicitly expresses deep hopelessness and emptiness by stating there is no point in living anymore. The somber black and white visual enhances this melancholic affect.

2. MOTIVATION/INTEREST: The statement that life has no meaning indicates a profound lack of motivation and a total loss of interest in continuing existence.

3. SELF-HARM/"
TE-324.jpg,UNIVERSAL_HUMAN,"[1,0,1,0,0,0,0]",1
TE-325.jpg,UNIVERSAL_HUMAN,"[0,0,0,1,0,0,0]",CONTEXT: This is a four
TE-326.jpg,UNIVERSAL_HUMAN,"[1,0,1,0,1,0,0]",
TE-327.jpg,UNIVERSAL_HUMAN,"[0,0,0,0,0,0,1]","1. MOOD/EMOTIONAL STATE: The text implies a longing for a lost sense of peace and suggests a current state of unrest or weariness.

2. MOTIVATION/INTEREST: not shown

3. SELF-HARM/DEATH THOUGHTS: not shown

4. APPETITE/EATING: not shown

5. SELF-WORTH/GUILT: not shown

6. CONCENTRATION/THINKING: not shown

7. SLEEP: The meme explicitly mentions sleep, stating that the last time the person had a ""peaceful sleep"" was before birth, implying current sleep is not peaceful.

CONTEXT: This is a relatable internet meme using hyperbole to express the common sentiment of adult exhaustion or stress."
TE-328.jpg,UNIVERSAL_HUMAN,"[0,0,0,0,0,0,0]",
TE-329.jpg,UNIVERSAL_HUMAN,"[0,0,0,1,1,0,0]",
TE-330.jpg,UNIVERSAL_HUMAN,"[0,0,1,0,0,0,0]","1. MOOD/EMOTIONAL STATE: The text implies underlying distress or hopelessness by presenting suicide as an alternative option to the current activity. The visual shows a smiling man, creating an ironic contrast to the dark subject matter of the text.

2. MOTIVATION/INTEREST: The text suggests that the person is engaging in passive entertainment (watching memes) as"
TE-331.jpg,UNIVERSAL_HUMAN,"[0,0,0,0,0,0,0]",
TE-332.jpg,UNIVERSAL_HUMAN,"[0,0,0,0,0,0,1]","1. MOOD/EMOTIONAL STATE: The visual illustration shows a person slumped over with their face buried in their arms, expressing deep exhaustion, despair, or crying.

2. MOTIVATION/INTEREST: Not shown.

3. SELF-HARM/DEATH THOUGHTS: Not shown.

4. APPETITE/EATING: Not shown.

5. SELF-WORTH/GUILT: Not shown.

6. CONCENTRATION/THINKING: Not shown.

7. SLEEP: The text explicitly states the person has a ""sleeping disorder"" caused by their children, indicating severe sleep disruption and fatigue.

CONTEXT: This is a ""someecards"" meme using vintage clip art and humorous Hindi text to relate the common parental experience of exhaustion due to children."
TE-334.jpg,UNIVERSAL_HUMAN,"[0,0,0,0,0,1,0]",CONTEXT: This is a Hinglish (Hindi mixed
TE-335.jpg,UNIVERSAL_HUMAN,"[0,0,0,0,0,0,1]","CONTEXT: This is a reaction meme using a still of Michael Scott from *The Office* combined with Hindi text to humorously express a relatable struggle with nighttime anxiety.

1. MOOD/EMOTIONAL STATE: The person's facial expression is weary and distressed with a flat affect. The text explicitly states they spent hours in ""anxiety.""

2. MOTIVATION/INTEREST: not shown

3. SELF-HARM/DEATH THOUGHTS: not shown

4. APPETITE/EATING: not shown

5. SELF-WORTH/GUILT: not shown

6. CONCENTRATION/THINKING: not shown

7. SLEEP: The text explicitly mentions disrupted sleep"
TE-337.jpg,UNIVERSAL_HUMAN,"[1,0,1,0,0,0,0]","1. MOOD/EMOTIONAL STATE: The text explicitly states the person is dealing with ""depression"
TE-338.jpg,UNIVERSAL_HUMAN,"[1,0,1,0,0,0,1]","1. MOOD/EMOTIONAL STATE: The image explicitly lists hidden states of ""Depression,"" ""Anxiety attacks,"" ""Uncontrollable crying,"" and ""Crying all night.""

2. MOTIVATION/INTEREST: not shown

3. EXISTENTIAL/EMOTIONAL INTENSITY: The content includes specific text labels for ""Suicidal thoughts"""
TE-339.jpg,UNIVERSAL_HUMAN,"[1,0,0,0,0,0,0]","1. MOOD/EMOTIONAL STATE: The character maintains a flat affect throughout all panels, and the repetitive thought of wanting to go home, ending with a wish to ""just be happy,"" suggests a persistent state of unhappiness, weariness, or discontent.

2. MOTIVATION/INTEREST: The constant desire to ""go home"" while engaged in various daily activities implies a lack of interest or engagement in the present moment and a general sense of dissatisfaction with life.

3. EXISTENTIAL/EMOTIONAL INTENSITY: The final panel's thought, ""मुझे बस खुश रहना है"" (I just want to be happy), expresses a deep-seated longing for happiness, highlighting a significant emotional void or weariness with the current state of being.

4. APPETITE/EATING: not shown

5. SELF-WORTH/GUILT: not shown

6. CONCENTRATION/THINKING: not shown

7. SLEEP: not shown

CONTEXT: This is a four-panel comic strip using a simple art style to convey a relatable feeling of persistent dissatisfaction and a longing for happiness."
TE-340.jpg,UNIVERSAL_HUMAN,"[0,0,0,0,0,0,0]","1. MOOD/EMOTIONAL STATE: The text expresses a stark contrast between happiness in a dream state and the implied disappointment or sadness of waking up to reality.

2. MOTIVATION/INTEREST: not shown

3. SELF-HARM/DEATH THOUGHTS: not shown

4. APPETITE/EATING: not shown

5. SELF-WORTH/GUILT: not shown

6. CONCENTRATION/THINKING: not shown

7. SLEEP: The meme explicitly mentions waking up from a happy state, implying that sleep or dreaming is preferable to being awake.

CONTEXT: This is a simple text-based meme using a common trope of contrasting a pleasant dream with the disappointment of waking up to reality."
TE-341.jpg,UNIVERSAL_HUMAN,"[0,0,1,0,0,0,0]","1. MOOD/EMOTIONAL STATE: The text describes the behavior as an ""addiction"" that doesn't require a ""reason,"" suggesting emptiness or hopelessness. The visual evidence of self-harm indicates anguish.

2. MOTIVATION/INTEREST: The statement ""I don't need any reason"" may imply a lack of motivation or interest in finding other coping mechanisms.

3. SELF-HARM/DEATH THOUGHTS: The image clearly shows numerous cuts and scars"
TE-344.jpg,UNIVERSAL_HUMAN,"[0,0,0,1,0,0,0]","1. MOOD/EMOTIONAL STATE: The meme depicts a sudden and violent shift from a hopeful state (""thinking that I am getting better"") to one of shock or distress, represented by the train crash.
2. MOTIVATION/INTEREST: not shown
3. SELF-HARM/DEATH THOUGHTS: not shown
4. APPETITE/EATING: The text explicitly mentions ""Gaining weight,"" which is a physical change.
5. SELF-WORTH/GUILT: not shown
6."
TE-345.jpg,UNIVERSAL_HUMAN,"[1,0,1,0,0,1,0]","1. MOOD/EMOTIONAL STATE: The person is shown in the act of jumping off a bridge, a high-intensity action. No specific facial emotion is clearly visible.

2. MOTIVATION/INTEREST: The text and image together suggest a motivation to follow friends, even into a dangerous situation (""jumping into a well"").

3. EXISTENTIAL/EMOTIONAL INTENSITY: The image visually depicts a person jumping from a bridge, and the text references ""jumping into a well,"" which are actions associated with significant danger or self-harm.

4. APPETITE/EATING: Not shown.

5. SELF-WORTH/GUILT: Not shown.

6. CONCENTRATION/THINKING: Not shown.

7. SLEEP: Not shown.

CONTEXT: This is a meme using a common Hindi phrase about peer pressure (""If your friends jump into a well..."") and a reaction image of someone jumping."
TE-347.jpg,UNIVERSAL_HUMAN,"[1,0,0,0,0,0,0]","1. MOOD/EMOTIONAL STATE: The anime girl is depicted crying and hiding, expressing fear, distress, and anguish.
2. MOTIVATION/INTEREST: not shown
3. SELF-HARM/DEATH THOUGHTS: not shown
4. APPETITE/EATING: The text mentions ""टिंडा"" (Tinda), a vegetable, implying a strong dislike or aversion to eating it.
5. SELF-WORTH/GUILT: not shown
6. CONCENTRATION/THINKING: not shown
7. SLEEP: not shown

CONTEXT: This is a humorous meme using a well-known template to express disbelief and fear towards people who enjoy eating the vegetable Tinda."
TE-348.jpg,UNIVERSAL_HUMAN,"[1,0,1,0,0,0,0]","1. MOOD/EMOTIONAL STATE: The image shows a smiling anime character, but the text on the mouth (""मरना है"" meaning ""want to die"") indicates a hidden, severe emotional distress and suicidal ideation.

2. MOTIVATION/INTEREST: not shown

3. EXISTENTIAL/EMOTIONAL INTENSITY: The text ""मरना है"" (want to die) is a direct reference to a wish to withdraw from life and harm oneself.

4. APPETITE/EATING: not shown

5. SELF-WORTH/GUILT: not shown

6. CONCENTRATION/THINKING: not shown

7. SLEEP: not shown

CONTEXT: This is a meme using an anime template and Hindi text to illustrate the phenomenon of hiding suicidal thoughts behind a cheerful exterior."
TE-349.jpg,UNIVERSAL_HUMAN,"[0,0,0,0,0,0,0]",
TE-35.jpg,UNIVERSAL_HUMAN,"[0,0,0,0,1,0,0]",1. MOOD/EMOTIONAL STATE: The stick figure maintains a flat
TE-350.jpg,UNIVERSAL_HUMAN,"[0,0,0,0,0,0,1]","CONTEXT: This is a humorous meme using the cartoon character Homer Simpson to celebrate ""World Sleep Day"" with Hindi text wishing for deep sleep.

1. MOOD/EMOTIONAL STATE: The character appears deeply relaxed, peaceful, and content while sleeping.

2. MOTIVATION/INTEREST: Not shown.

3. SELF-HARM/DEATH THOUGHTS: Not shown.

4. APPETITE/EATING: The character is depicted with"
TE-351.jpg,UNIVERSAL_HUMAN,"[0,0,1,0,0,0,0]","1. MOOD/EMOTIONAL STATE: The image expresses deep hopelessness and anguish through the desolate, foggy visual and text describing intrusive thoughts of death.

2. MOTIVATION/INTEREST: not shown

3. SELF-HARM/DEATH THOUGHTS: The text explicitly states that voices in the person's head are telling them they ""should die,"" indicating suicidal ideation.

4. APPETITE/EATING: not shown

5. SELF-WORTH/GUILT: The internal voices suggesting death imply a severe lack of self-worth or a feeling that the person does not deserve to live.

6. CONCENTRATION/THINKING: The reference to ""voices in my head"" indicates intrusive thoughts that likely disrupt normal thinking processes.

7. SLEEP: not shown

CONTEXT: This"
TE-352.jpg,UNIVERSAL_HUMAN,"[0,0,0,0,0,0,1]","CONTEXT: This is a humorous meme format using text and a vintage-style illustration to comment on the exhausting nature of parenting.

1. MOOD/EMOTIONAL STATE: The text and the illustration of a person lying face-down in a pillow express exhaustion and weariness.

2. MOTIVATION/INTEREST: Not shown.

3. SELF-HARM/DEATH THOUGHTS: Not shown.

4. APPETITE/EATING: Not shown.

5. SELF-WORTH/GUILT: Not shown.

6. CONCENTRATION/THINKING: Not shown.

7. SLEEP: The text explicitly states the person has a ""sleep disorder"" caused by children, indicating significant fatigue or disrupted sleep."
TE-353.jpg,UNIVERSAL_HUMAN,"[1,0,1,0,0,0,0]",
TE-355.jpg,UNIVERSAL_HUMAN,"[0,0,0,1,1,0,0]","1. MOOD/EMOTIONAL STATE: The meme shows a transition from happiness and relief to shock, disappointment, and dismay regarding body weight.
2. MOTIVATION/INTEREST: not shown
3. SELF-HARM/DEATH THOUGHTS: not shown
4. APPETITE/EATING: The meme implies significant weight gain (""बहुत फैल गए हो""), which suggests a change in eating habits, though specific behaviors aren't mentioned.
5. SELF-WORTH/GUILT: The app's critical comment about weight gain could imply feelings of guilt or negative self-image.
6. CONCENTRATION/THINKING: not shown
7. SLEEP: not shown

CONTEXT: This is a two-panel reaction meme using the ""Disappointed Black Guy"" format to depict a positive expectation about weight being crushed by a smart scale's app."
TE-356.jpg,UNIVERSAL_HUMAN,"[0,0,0,0,0,0,0]","1. **MOOD/EMOTIONAL STATE:** The dialogue expresses a sense of hopelessness, defeat, and resignation as the person (""मैं"") initially resists but ultimately gives in to the ""Blade's"" taunts. The overall tone is one of distress and inner conflict.

2. **MOTIVATION/INTEREST:** not shown

3. **EXISTENTIAL/EMOTIONAL INTENSITY:** The content depicts a high level of emotional intensity, with a clear reference to self-harm as the ""Blade"" personifies the urge to cut (""तुझे पता है तू मुझे इस्तेमाल करना चाहती है"", ""तो मुझे इस्तेमाल कर"") and the person eventually agrees (""...ठीक है।"").

4. **APPETITE/EATING:** not shown

5. **SELF-WORTH/GUILT:** The person expresses extremely low self-worth, accepting the ""Blade's"" insults of being ""बदसूरत"" (ugly), ""मोटी"" (fat), and a ""FAILURE"" (""मुझे पता है..."").

6. **CONCENTRATION/THINKING:** not shown

7. **SLEEP:** not shown

**CONTEXT:** This is a text-based dialogue, likely a meme or social media post, that personifies the urge for self-harm as a conversation with a ""Blade""."
TE-357.jpg,UNIVERSAL_HUMAN,"[0,0,0,0,0,0,0]","1. MOOD/EMOTIONAL STATE: The text states that the person's ""mind is becoming a little messed up,"" indicating distress or a deteriorating mental state. The visual of being submerged underwater contributes to a feeling of being overwhelmed or isolated.

2. MOTIVATION/INTEREST: not shown

3. SELF-HARM/DEATH THOUGHTS: not shown

4. APPETITE/EATING: not shown

5. SELF-WORTH/GUILT: not shown

6. CONCENTRATION/THINKING: The phrase ""mind is becoming a little messed up"" implies confusion, brain fog, or difficulty thinking clearly.

7. SLE"
TE-358.jpg,UNIVERSAL_HUMAN,"[0,1,0,0,0,0,0]","1. MOOD/EMOTIONAL STATE: The image is humorous and does not express sadness, distress, or negative emotions. The people in the background appear surprised or amused.
2. MOTIVATION/INTEREST: not shown
3. SELF-HARM/DEATH THOUGHTS: not shown
4. APPETITE/EATING: not shown
5. SELF-WORTH/GUILT: not shown
6. CONCENTRATION/THINKING: not shown
7. SLEEP: not shown

CONTEXT: This is a humorous meme using a ""WHO vs. Me"" format to poke fun at the extreme literal interpretation of COVID-19 social distancing guidelines."
TE-359.jpg,UNIVERSAL_HUMAN,"[1,0,0,0,0,0,0]","1. MOOD/EMOTIONAL STATE: The mustached character expresses anger and shock. The injured character's statement minimizes the severity of depression.

2. MOTIVATION/INTEREST: not shown

3. SELF-HARM/DEATH THOUGHTS: The comic shows a character being shot and another character ordering them to be shot again, which are clear references to violence and death.

4. APPETITE/EATING: not shown

5. SELF-WORTH/GUILT: not shown

6. CONCENTRATION/THINKING: not shown

7"
TE-36.jpg,UNIVERSAL_HUMAN,"[0,0,0,0,0,0,0]","1. MOOD/EMOTIONAL STATE: The text expresses a realization of profound isolation and loneliness. The tone is self-deprecating and reflects a flat acceptance of a solitary existence that pre-dated the pandemic.

2. MOTIVATION/INTEREST: The statement implies a pre-existing lifestyle lacking in social engagement or external activities, as the pandemic required ""almost zero changes"" to their routine.

3. SELF-HARM/DEATH THOUGHTS: not shown

4. APPETITE/EATING:"
TE-360.jpg,UNIVERSAL_HUMAN,"[0,0,0,0,0,0,0]","1. MOOD/EMOTIONAL STATE: The text expresses a sense of disbelief and longing for a state of normalcy and well-being, implying that the current emotional state is far from this ideal. It conveys a subtle feeling of hopelessness or resignation about achieving a consistently good mood.

2. MOTIVATION/INTEREST: By presenting a ""good day"" where things go well as something difficult to even imagine, the text suggests a current lack of motivation or a diminished capacity to experience pleasure and engagement in daily activities.

3. SELF-HARM/DEATH THOUGHTS: not shown

4. APPETITE/EATING: not shown

5. SELF-WORTH/GUILT: not shown

6. CONCENTRATION/THINKING: not shown

7. SLEEP: The tweet explicitly mentions sleep, describing the ability to fall asleep immediately and wake up feeling fresh as an unimaginable scenario, which strongly implies the person is currently experiencing sleep difficulties such as insomnia or unrefreshing sleep.

CONTEXT: This is a screenshot of a tweet, a common meme format used to share relatable thoughts and struggles, often with a dark or self-deprecating humor."
TE-361.jpg,UNIVERSAL_HUMAN,"[0,0,1,0,0,0,0]","1. MOOD/EMOTIONAL STATE: The woman in the image is smiling, and the text describes a humorous, albeit strange, situation, suggesting amusement or mischief.
2. MOTIVATION/INTEREST: The text describes a highly specific and elaborate activity, indicating a strong, if unusual, motivation.
3. SELF-HARM/DEATH THOUGHTS: not shown
4. APPETITE/EATING: not shown
5. SELF-WORTH/GUILT: not shown
6. CONCENTRATION/THINKING: The complex action described implies a focused and clear thought process.
7. SLEEP: not shown

CONTEXT: This is a meme that uses a fake, absurd news headline paired with a smiling reaction image for comedic effect."
TE-363.jpg,UNIVERSAL_HUMAN,"[0,1,0,0,0,0,0]","1. MOOD/EMOTIONAL STATE: The text explicitly states the person is feeling ""bored"" (बोर). The use of laughing emojis (😆, 😂) suggests a humorous and relatable take on this boredom.

2. MOTIVATION/INTEREST: The meme describes a lack of interest or engaging activity, leading to a cycle of locking and unlocking the phone due to persistent boredom.

3. SELF-HARM/DEATH THOUGHTS: not shown

4. APPETITE/EATING: not shown

5. SELF-WORTH/GUILT: not shown

6. CONCENTRATION/THINKING: The repetitive behavior of locking and unlocking the phone could imply a lack of focus or inability to find something stimulating, but it is not explicitly stated as a thinking difficulty.

7. SLEEP: not shown

CONTEXT: This is a relatable internet meme using Hindi text and emojis to humorously depict the common experience of boredom-induced phone checking."
TE-365.jpg,UNIVERSAL_HUMAN,"[1,1,1,0,0,0,0]","CONTEXT: This is a dark humor meme using Hindi text over a reaction image to describe a severe decline in mental health and failing coping mechanisms.

1. MOOD/EMOTIONAL STATE: The text describes a state of deep distress and hopelessness, mentioning the need to escape ""reality."" The man's facial expression is a pained grimace, suggesting anguish masked by a forced smile.

2. MOTIVATION/INTEREST:"
TE-366.jpg,UNIVERSAL_HUMAN,"[0,0,0,0,0,1,0]","1. MOOD/EMOTIONAL STATE: The drawing shows a face that is half-melting and crying, expressing anguish, distress, and a feeling of being overwhelmed or falling apart.

2. MOTIVATION/INTEREST: not shown

3. EXISTENTIAL/EMOTIONAL INTENSITY: The visual of a melting face and the text ""दिमाग का दही"" (curd of the brain) depict a state of extreme mental frustration, confusion, and feeling mentally overwhelmed.

4. APPETITE/EATING: not shown

5. SELF-WORTH/GUILT: not shown

6. CONCENTRATION/THINKING: The Hindi idiom ""दिमाग का दही"" (dimag ka dahi) literally translates to ""curd of the brain,"" which is used to describe a state of intense mental confusion, frustration, or inability to think clearly.

7. SLEEP: not shown

CONTEXT: This is a hand-drawn illustration using a common Hindi idiom to visually and textually represent mental distress and confusion."
TE-368.jpg,UNIVERSAL_HUMAN,"[0,0,1,0,0,0,0]","CONTEXT: This image is a black and white movie still with Hindi subtitles, used as a meme format to express dark emotions or suicidal ideation.

1. MOOD/EMOTIONAL STATE: The woman in the image has a somber, serious expression, and the text indicates extreme anguish or hopelessness.

2. MOTIVATION/INTEREST: not shown

3. SELF-HARM/DEATH THOUGHTS: The subtitles explicitly express suicidal ideation, with the character responding ""-बस खुद को।"" (Just myself) when asked if she wants to kill someone.

4. APPETITE/EATING"
TE-369.jpg,UNIVERSAL_HUMAN,"[1,0,1,0,0,0,0]",
TE-371.jpg,UNIVERSAL_HUMAN,"[0,0,0,0,0,0,0]","Based on the provided image, here is the analysis of the text:

1.  **MOOD/EMOTIONAL STATE:** The text expresses a deep yearning for inner peace, quietness of mind, and a centered sense of love. It reflects a contemplative and seeking emotional state.
2.  **MOTIVATION/INTEREST:** The speaker shows a clear motivation to ""quiet my mind"" and focus their thoughts on ""my own peace"" and ""the peace of my love.""
3.  **SELF-HARM/DEATH THOUGHTS:** Not shown.
4.  **APPETITE/EATING:** Not shown.
5.  **SELF-WORTH/GUILT:** Not shown.
6.  **CONCENTRATION/THINKING:** The speaker explicitly states a desire to quiet their mind so their thoughts can ""focus,"" indicating a wish to improve mental clarity and concentration on peace.
7.  **SLEEP:** Not shown.

**CONTEXT:** This is a quote card with a dark wood background, presenting a Hindi translation of a philosophical quote by author Caryll Houselander."
TE-372.jpg,UNIVERSAL_HUMAN,"[0,0,0,0,0,0,0]",
TE-375.jpg,UNIVERSAL_HUMAN,"[1,0,0,0,1,0,0]",
TE-376.jpg,UNIVERSAL_HUMAN,"[0,0,1,0,0,0,0]","1. MOOD/EMOTIONAL STATE: The text expresses a severe lack of ""will to live,"" indicating hopelessness or emptiness.
2. MOTIVATION/INTEREST: The comparison implies the person's ""will to live"" is extremely small, suggesting a significant loss of interest or motivation in life.
3. SELF-HARM/DEATH THOUGHTS: The text explicitly references a diminished ""will to live,"" which is a thought related to not wanting to exist.
4. APPETITE/EATING: not shown
5. SELF-WORTH/GUILT: The self-deprecating comparison implies a very low value placed on the person's own life or desire to live.
6. CONCENTRATION/THINKING: not shown
7. SLEEP: not shown

CONTEXT: This is a meme using dark humor and a self-deprecating comparison on a t-shirt to express a depressive sentiment."
TE-377.jpg,UNIVERSAL_HUMAN,"[1,0,1,0,1,0,0]","1. MOOD/EMOTIONAL STATE: The image expresses hopelessness and despair, as the creator's only stated desire is ""to die.""

2. MOTIVATION/INTEREST: The person shows a complete lack of interest in conventional career goals or life itself, contrasting their desire for death with others' aspirations.

3. SELF-HARM/DEATH THOUGHTS: The image explicitly states the desire ""मरना"" (to die), which is a direct reference to suicide or wanting to end one's life.

4. APPETITE/EATING: not shown

5. SELF-WORTH/GUILT: The contrast between the successful careers on the left and the desire to die on the right could imply feelings of inadequacy or worthlessness, though it's not explicitly stated.

6. CONCENTRATION/THINKING: not shown

7. SLEEP: not shown

CONTEXT: This is a dark humor meme using a ""what others want vs. what I want"" comparison format to express suicidal ideation, a common trope in internet ""depression memes."""
TE-38.jpg,UNIVERSAL_HUMAN,"[1,0,0,0,0,0,0]","1. MOOD/EMOTIONAL STATE: The text implies a struggle to function or stay ""alive,"" suggesting a low or depressed mood. The visual uses the ""Hide the Pain Harold"" meme, whose expression is known for masking distress with a forced smile.

2. MOTIVATION/INTEREST: The text suggests a severe lack of internal drive, indicating that the person is barely being kept going by an external biological factor (a single serotonin molecule).

3. EXISTENTIAL/EMOTIONAL INTENSITY: The phrase ""trying to keep me alive all day"" depicts a significant struggle to maintain daily functioning, suggesting a high degree of emotional weariness or a feeling of just barely holding on.

4. APPETITE/EATING: Not shown.

5. SELF-WORTH/GUILT: Not shown.

6. CONCENTRATION/THINKING: Not shown.

7. SLEEP: Not shown.

CONTEXT: This is a meme using the well-known ""Hide the Pain Harold"" image combined with Hindi text to humorously express the difficulty of daily functioning due to low serotonin."
TE-380.jpg,UNIVERSAL_HUMAN,"[0,0,1,0,0,0,0]","1. MOOD/EMOTIONAL STATE: The image and text express deep anguish, hopelessness, and a feeling of being ""already dead.""
2. MOTIVATION/INTEREST: The statement ""I am already dead"" suggests a complete lack of motivation or interest in life.
3. SELF-HARM/DEATH THOUGHTS: The image shows visible self-harm scars on an arm, and the text explicitly discusses something taking a life and the feeling of being already dead.
4. APPETITE/EATING: not shown
5. SELF-WORTH/GUILT: The phrase ""I am already dead"" implies a profound sense of worthlessness and hopelessness.
6. CONCENTRATION/THINKING: not shown
7. SLEEP: not shown
CONTEXT: This is a black and white image with Hindi text, likely a social media post or meme expressing severe emotional distress and self-harm."
TE-381.jpg,UNIVERSAL_HUMAN,"[0,0,0,0,0,1,1]","CONTEXT: This is a panel from ""The Awkward Yeti"" webcomic"
TE-382.jpg,UNIVERSAL_HUMAN,"[0,0,0,0,0,0,0]","1. MOOD/EMOTIONAL STATE: The text describes crying (""रो पड़ा"") and feeling drained and tired (""draining लग रहा है और मैं थक गया हूँ""). The background text expresses feelings of being trapped"
TE-383.jpg,UNIVERSAL_HUMAN,"[0,0,1,0,1,0,0]","1. MOOD/EMOTIONAL STATE: The text expresses profound anguish, hopelessness, and a feeling that life is draining away due"
TE-386.jpg,UNIVERSAL_HUMAN,"[0,0,0,0,0,0,1]","1. MOOD/EMOTIONAL STATE: The person's expression is flat and blank, suggesting a state of numbness, confusion, or delayed processing rather than active sadness.
2. MOTIVATION/INTEREST: not shown
3. SELF-HARM/DEATH THOUGHTS: The text mentions an ""eating disorder,"" which is a form of self-harm, but there is no explicit reference to suicide or wanting to die.
4. APPETITE/EATING: The text explicitly describes a long-term ""eating disorder"" leading to the complete loss of hunger (""भूख लगना बंद हो जाए"").
5. SELF-WORTH/GUILT: not shown
6. CONCENTRATION/THINKING: The loading symbol on the forehead and the text about realizing something ""after many days"" indicate a delay in cognitive processing or brain fog.
7. SLEEP: not shown

CONTEXT: This is a meme using a reaction image to express a dark, self-deprecating realization about the long-term effects of an eating disorder."
TE-387.jpg,UNIVERSAL_HUMAN,"[1,0,1,0,0,0,0]","1. MOOD/EMOTIONAL STATE: The visual shows severe physical distress and injury, while the text expresses a sarcastic and contradictory ""fantastic"" mood, suggesting a masking of deep anguish or hopelessness.

2. MOTIVATION/INTEREST: not shown

3. EXISTENTIAL/EMOTIONAL INTENSITY: The image depicts a character lying in a pool of blood, visually representing a life-threatening situation, while the text dismisses this reality with sarcasm.

4. APPETITE/EATING: not shown

5. SELF-WORTH/GUILT: not shown

6. CONCENTRATION/THINKING: not shown

7. SLEEP: not shown

CONTEXT: An anime meme format using a scene of graphic injury and Hindi text to create dark humor through irony."
TE-388.jpg,UNIVERSAL_HUMAN,"[0,0,0,0,0,0,0]","1. MOOD/EMOTIONAL STATE: The text expresses a feeling of being overwhelmed and stuck in a continuous cycle of difficulties. It suggests weariness and a sense of hopelessness about the situation improving.
2. MOTIVATION/INTEREST: The constant struggle described implies a lack of motivation or ability to enjoy the present, as the person is always waiting for a future ""set"" life.
3. SELF-HARM/DEATH THOUGHTS: not shown
4. APPETITE/EATING: not shown
5. SELF-WORTH/GUILT: not shown
6. CONCENTRATION/THINKING: not shown
7. SLEEP: not shown

CONTEXT: This is a screenshot of a tweet, a common meme format used to share relatable personal experiences or struggles."
TE-389.jpg,UNIVERSAL_HUMAN,"[0,1,0,0,0,0,0]","CONTEXT: This is a parenting meme using an image of cheetahs to humorously exaggerate a parent's frustration with their children constantly complaining about boredom.

1. MOOD/EMOTIONAL STATE: The image expresses intense frustration, annoyance, and anger, depicted by the adult cheetah roaring in response to repetitive complaints.

2. MOTIVATION/INTEREST: The text indicates that the ""children"" (represented by cubs) are complaining of being ""so bored,"" suggesting a lack of interest or motivation to occupy themselves.

3. SELF-HARM/DEATH THOUGHTS: not shown

4. APPETITE/EATING: not shown

5. SELF-WORTH/GUILT: not shown

6. CONCENTRATION/THINKING: not shown

7. SLEEP: not shown"
TE-39.jpg,UNIVERSAL_HUMAN,"[0,0,0,0,0,0,0]","1. MOOD/EMOTIONAL STATE: The text implies a need to improve mood (""increase dopamine"") and a desire for external approval (""validation""), suggesting an underlying feeling"
TE-390.jpg,UNIVERSAL_HUMAN,"[0,0,0,0,0,1,0]","1. MOOD/EMOTIONAL STATE: The central figure, labeled ""मैं"" (Me), is depicted in a fetal position with a sad, dejected expression, indicating sadness, vulnerability, and passivity.
2. MOTIVATION/INTEREST: The central figure is shown being passively tossed between two other figures, suggesting a lack of active engagement or motivation to do anything other than consume content.
3. SELF-HARM/DEATH THOUGHTS: not shown
4. APPETITE/EATING: not shown
5. SELF-WORTH/GUILT: The central figure's small, curled-up posture and sad expression could imply feelings of worthlessness or being overwhelmed, but there is no explicit text about guilt or being a burden.
6. CONCENTRATION/THINKING: not shown
7. SLEEP: not shown

CONTEXT: This is a two-panel cartoon meme format where a central character representing the self is being tossed between two other characters representing distractions or coping mechanisms, in this case, ""Memes"" and ""Porn."""
TE-391.jpg,UNIVERSAL_HUMAN,"[0,0,0,0,0,0,0]","1. MOOD/EMOTIONAL STATE: The text expresses a profound sense of emptiness, hopelessness, or sadness, leading to a desire to escape reality.

2. MOTIVATION/INTEREST: The stated desire to ""disappear"" suggests a complete lack of motivation or interest in engaging with life or current circumstances.

3. SELF-H"
TE-392.jpg,UNIVERSAL_HUMAN,"[0,0,0,0,0,1,0]","1. MOOD/EMOTIONAL STATE: The character is smiling and winking, and the text expresses a desire for a stressful situation (an exam) to end so she can engage in a comforting activity, indicating a coping mindset rather than distress.

2. MOTIVATION/INTEREST: The person shows a clear interest in and motivation for watching anime once the exam is over (""घर जाकर anime देखूँगी"").

3. SELF-HARM/DEATH THOUGHTS: not shown

4. APPETITE/EATING: not shown

5. SELF-WORTH/GUILT: not shown

6. CONCENTRATION/THINKING: The text mentions not knowing anything during an exam (""exam में मुझे कुछ भी नहीं आता""), which implies a lack of knowledge or recall at that moment.

7. SLEEP: not shown

CONTEXT: This is a relatable meme using an anime template to illustrate a student's coping mechanism of looking forward to a hobby during a difficult exam."
TE-393.jpg,UNIVERSAL_HUMAN,"[1,0,0,0,0,0,0]","1. MOOD/EMOTIONAL STATE: The character's slumped posture and the text ""thak gaya"" (got tired) express exhaustion, lethargy, and a feeling of being overwhelmed.

2. MOTIVATION/INTEREST: The text indicates that the mere act of thinking about the future is draining, suggesting a lack of energy or motivation to face what lies ahead.

3. SELF-HARM/DEATH THOUGHTS: not shown

4. APPETITE/EATING: not shown

5. SELF-WORTH/GUILT: not shown

6. CONCENTRATION/THINKING: The text explicitly mentions ""thinking about the future"" as the cause of exhaustion, but does not indicate difficulty focusing or confusion.

7. SLEEP: The character appears tired and is lying down, but there is no specific reference to sleep patterns like insomnia or oversleeping.

CONTEXT: This meme uses the character Gudetama, known for its laziness and apathy, combined with Hindi text to express a relatable feeling of being mentally drained by future anxieties."
TE-394.jpg,UNIVERSAL_HUMAN,"[0,1,0,0,0,0,0]",**CONTEXT:** This is an internet meme using Hindi text over a stock image to humorously comment on the extreme boredom and social isolation experienced during COVID-19 lockdowns
TE-395.jpg,UNIVERSAL_HUMAN,"[0,0,0,0,0,0,0]",1. MOOD/EM
TE-396.jpg,UNIVERSAL_HUMAN,"[0,0,0,0,0,0,0]","1. MOOD/EMOTIONAL STATE: The image expresses hopelessness and a deep sense of being trapped, indicated by the text ""Whole life imprisoned..."" and the visual of a fish confined near a vast ocean.

2. MOTIVATION/INTEREST: The metaphor of life-long imprisonment suggests an inability to pursue freedom or engage with the wider world, implying a forced restriction of interests or goals.

3. SELF-HARM/DEATH THOUGHTS: not shown

4. APPETITE/EATING: not"
TE-397.jpg,UNIVERSAL_HUMAN,"[0,0,0,0,0,0,0]","1. MOOD/EMOTIONAL STATE: The text expresses a humorous, self-deprecating tone regarding social avoidance. There are no explicit signs of sadness, anguish, or flat affect.

2. MOTIVATION/INTEREST: The person indicates a lack of interest in going out, currently blaming finances but admitting they will need a ""new excuse"" to avoid socializing even when rich.

3. EXISTENTIAL/EMOTIONAL INTENSITY: Not shown.

4. APPETITE/EATING: Not shown.

5. SELF-"
TE-398.jpg,UNIVERSAL_HUMAN,"[0,0,1,0,0,0,0]","1. MOOD/EMOTIONAL STATE: The meme expresses a sense of hopelessness or weariness with life's progression, showing a desire to skip directly to the end.
2. MOTIVATION/INTEREST: The person is shown bypassing steps labeled ""Job,"" ""Love/Marriage,"" and ""Career,"" indicating a lack of interest or motivation to engage with these typical life stages.
3. SELF-HARM/DEATH THOUGHTS: The image explicitly shows the person stretching to reach the step labeled ""मौत"" (Death), bypassing all other life stages.
4. APPETITE/EATING: not shown
5. SELF-WORTH/GUILT: not shown
6. CONCENTRATION/THINKING: not shown
7. SLEEP: not shown

CONTEXT: This is a meme using a visual metaphor of skipping stairs with Hindi labels to express a dark desire to bypass life's milestones and go straight to death."
TE-399.jpg,UNIVERSAL_HUMAN,"[0,0,0,0,0,0,0]","1. MOOD/EMOTIONAL STATE: The meme expresses a humorous, exaggerated sense of triumph (""महा विजय"" - Great Victory) over a very small accomplishment, suggesting an underlying feeling of low achievement.

2. MOTIVATION/INTEREST: The text ""मैं जब लगभग 1 (एक) productive काम कर लूँ"" (When I do almost 1 productive task) implies a significant struggle with motivation, where doing even a single task is a rare and celebrated event.

3. SELF-HARM/DEATH THOUGHTS: not shown

4. APPETITE/EATING: not shown

5. SELF-WORTH/GUILT: The meme humorously suggests a low standard for personal achievement, but does not explicitly express feelings of worthlessness or excessive guilt.

6. CONCENTRATION/THINKING: The difficulty in completing tasks could imply underlying issues with focus, but this is not explicitly stated in the text.

7. SLEEP: not shown

CONTEXT: This is a relatable internet meme using a funny animal picture and Hindi text to satirize the common struggle with procrastination and low productivity."
TE-4.jpg,UNIVERSAL_HUMAN,"[1,0,0,0,1,1,1]","1. MOOD/EMOTIONAL STATE: The puppy has a sad, troubled expression, and the text implies anxiety and distress caused by intrusive thoughts about past mistakes.

2. MOTIVATION/INTEREST: not shown

3. SELF-HARM/DEATH THOUGHTS: not shown

4. APPETITE/EATING: not shown

5. SELF-WORTH/GUILT: The meme explicitly focuses on guilt and self-blame, with the brain presenting a ""Top 50 Mistakes"" compilation, suggesting a focus on personal failures.

6. CONCENTRATION/THINKING: The image depicts racing, intrusive thoughts that the person cannot control, preventing them from relaxing.

7. SLEEP: The text states it is ""time to sleep,"" but the brain's activity of reviewing mistakes is clearly disrupting the ability to fall asleep, implying insomnia.

CONTEXT: This is a relatable meme format using a ""Me vs. My Brain"" scenario to humorously depict the common experience of bedtime rumination and anxiety."
TE-401.jpg,UNIVERSAL_HUMAN,"[0,0,1,0,0,0,0]","1. MOOD/EMOTIONAL STATE: The text ""भाड़ में जा"" (Go to hell) expresses anger, frustration, and dismissal. The central figure's body language also suggests a confrontational or dismissive attitude.

2. MOTIVATION/INTEREST: not shown

3. SELF-HARM/DEATH THOUGHTS: not shown

4. APPETITE/EATING: not shown

5. SELF-WORTH/GUILT: not shown

6. CONCENTRATION/THINKING: not shown

7. SLEEP: not shown

CONTEXT: This is a reaction image, likely from a reality show, used with Hindi text to express a strong feeling of dismissal or anger."
TE-402.jpg,UNIVERSAL_HUMAN,"[1,0,1,0,0,0,0]","1. MOOD/EMOTIONAL STATE: The text expresses a dramatic sense of hopelessness and being overwhelmed in response to a ""small problem.""

2. MOTIVATION/INTEREST: not shown

3. SELF-HARM/DEATH THOUGHTS: The text explicitly states, ""now suicide is the only way left,"" which is a direct reference to suicide.

4. APPETITE/EATING: not shown

5. SELF-WORTH/GUILT: not shown

6. CONCENTRATION/THINKING: not shown

7. SLEEP: not shown

CONTEXT: This is a meme that uses dark humor and hyperbole to depict an extreme overreaction to a minor inconvenience."
TE-403.jpg,UNIVERSAL_HUMAN,"[0,0,0,0,0,0,1]","CONTEXT: This is a two-panel internet meme using the common ""person vs. their own brain"" format to humor"
TE-404.jpg,UNIVERSAL_HUMAN,"[0,0,0,0,0,1,1]","1. MOOD/EMOTIONAL STATE: The character is shown in bed with a sad, contemplative, and distressed expression, indicating anxiety or sadness related to thinking about proposing to a crush.

2. MOTIVATION/INTEREST: The character is lying in bed, suggesting a lack of motivation, and the upcoming birthday is viewed as a distraction rather than something to enjoy.

3. SELF-HARM/DEATH THOUGHTS: not shown

4. APPETITE/EATING: not shown

5. SELF-WORTH/GUILT: not shown

6. CONCENTRATION/THINKING: The character is preoccupied with thoughts of proposing to their crush, and the upcoming birthday is seen as a distraction, suggesting difficulty focusing on other things.

7. SLEEP: The character is shown awake in bed with a distressed expression, which could imply insomnia or difficulty sleeping due to overthinking.

CONTEXT: This is a meme using the ""Squidward looking out the window"" template to express the anxiety of overthinking a romantic confession, with an upcoming birthday seen as an unwanted distraction."
TE-405.jpg,UNIVERSAL_HUMAN,"[0,0,1,0,0,0,0]","CONTEXT: This image is a melancholic meme format using a somber black and white photograph and Hindi text to express themes of deep despair and suicidal ideation.

1. MOOD/EMOTIONAL STATE: The image expresses deep anguish, hopelessness, and emotional pain, as the text describes death as the only relief from suffering.

2. MOTIVATION/INTEREST: Not shown.

3. SELF-HARM/"
TE-406.jpg,UNIVERSAL_HUMAN,"[0,0,0,0,0,0,1]","CONTEXT: This is a standard image macro meme using a SpongeBob SquarePants character and Hindi text to make a relatable joke about excessive sleeping.

1. MOOD/EMOTIONAL STATE: The character in the image (Patrick Star) is smiling and appears content or happy while preparing to go back to sleep.

2. MOTIVATION/INTEREST: The text indicates a lack of motivation to do anything other than sleep, as the subject has already slept ""all day"" and is immediately preparing to sleep again.

3. SELF-HARM/DEATH THOUGHTS: not shown

4. APPETITE/EATING: not shown

5. SELF-WORTH/GUILT"
TE-407.jpg,UNIVERSAL_HUMAN,"[0,0,0,0,0,1,0]","1. MOOD/EMOTIONAL STATE: The Hindi idiom ""दिमाग का दही"" (yogurt of the brain) expresses a state of mental confusion, frustration, irritation, or feeling overwhelmed.

2. MOTIVATION/INTEREST: not shown

3. SELF-HARM/DEATH THOUGHTS: not shown

4. APPETITE/EATING: not shown

5. SELF-WORTH/GUILT: not shown

6. CONCENTRATION/THINKING: The text directly refers to a state of mental chaos or confusion, implying a difficulty in thinking clearly or being ""brain-fried.""

7. SLEEP: not shown

CONTEXT: This is an enamel pin featuring a popular humorous Hindi idiom used to describe getting extremely confused or frustrated."
TE-408.jpg,UNIVERSAL_HUMAN,"[1,0,0,0,0,0,0]","1. MOOD/EMOTIONAL STATE: The text explicitly labels the subject as a ""दुखी आत्मा"" (sad soul), directly expressing sadness or misery.

2. MOTIVATION/INTEREST: not shown

3. SELF-HARM/DEATH THOUGHTS: The central visual element is a human skeleton, which is a universal symbol"
TE-409.jpg,UNIVERSAL_HUMAN,"[1,0,0,0,0,0,0]","1. MOOD/EMOTIONAL STATE: Disappointment and frustration are expressed because the plan to share food at the office party failed.

2. MOTIVATION/INTEREST: The person shows motivation to cook and contribute to the party, indicating an interest in the activity.

3. SELF-HARM/DEATH THOUGHTS: not shown

4. APPETITE/EATING: The text mentions cooking a large amount of food (""गाजर का हल"
TE-41.jpg,UNIVERSAL_HUMAN,"[0,0,1,0,0,0,0]","1. MOOD/EMOTIONAL STATE: The text expresses a feeling of being misunderstood by others regarding the struggle to stop a coping behavior. The visual elements suggest underlying distress or anguish that leads to self-harm.

2. MOTIVATION/INTEREST: not shown

3. SELF-HARM/DEATH THOUGHTS: The image explicitly depicts self-harm, showing"
TE-410.jpg,UNIVERSAL_HUMAN,"[0,0,0,0,0,0,1]","1. MOOD/EMOTIONAL STATE: The illustration shows a man looking stressed, anxious, and overwhelmed, with wide eyes and his hand on his head.
2. MOTIVATION/INTEREST: The text describes studying as a ""disorder,"" implying a strong aversion and lack of interest in the activity.
3. SELF-HARM/DEATH THOUGHTS: not shown
4. APPETITE/EATING: not shown
5. SELF-WORTH/GUILT: not shown
6. CONCENTRATION/THINKING: not shown
7. SLEEP: The text explicitly states the person has a ""very bad sleeping disorder"" which is caused by ""studying.""

CONTEXT: This is a ""someecards"" meme using a vintage illustration and a sarcastic Hindi caption to humorously express the stress and sleep disruption caused by academic pressure."
TE-412.jpg,UNIVERSAL_HUMAN,"[0,0,0,0,0,0,0]","Based on the image provided, here is the analysis of the 7 areas:

1.  **MOOD/EMOTIONAL STATE:** The image explicitly lists feelings of ""खालीपन"" (emptiness), ""दुख"" (sadness), ""सुन्न"" (numbness), ""गुस्सा"" (anger), ""घबराहट"" (anxiety/panic), and ""बेचैन"" (restlessness).

2.  **MOTIVATION/INTEREST:** not shown

3.  **"
TE-414.jpg,UNIVERSAL_HUMAN,"[0,0,0,0,0,0,0]","1. MOOD/EMOTIONAL STATE: The character is depicted with a sad, tired, and lethargic expression, slumped over and wrapped in a blanket.

2. MOTIVATION/INTEREST: The character's posture and being wrapped in a blanket by the bed suggest a lack of energy or motivation to start the day or engage in activities.

3. EXISTENTIAL/EMOTIONAL INTENSITY: Not shown.

4. APPETITE/EATING: Not shown.

5. SELF-WORTH/GUILT: Not shown.

6. CONCENTRATION/THINKING: Not shown.

7. SLEEP: The character is shown next to a bed, looking exhausted and wrapped in a blanket, indicating significant fatigue or a desire to sleep.

CONTEXT: This is a meme using a cartoon character and Hindi text to humorously contrast the societal expectation of high energy in youth with the creator's daily reality of fatigue."
TE-415.jpg,UNIVERSAL_HUMAN,"[0,0,0,1,0,0,0]","1. MOOD/EMOTIONAL STATE: The image uses a decaying, skeletal SpongeBob to visually represent a feeling of being emotionally dead, empty, or completely devoid of happiness and vitality.

2. MOTIVATION/INTEREST: The extreme state of physical decay shown implies a total lack of energy, motivation, or interest in engaging with life, even to the point of being unable to laugh.

3. EXISTENTIAL/EMOTIONAL INTENSITY: The visual metaphor of a decomposing corpse strongly depicts a profound sense of existential emptiness, hopelessness, and a feeling of being ""dead inside.""

4. APPETITE/EATING: not shown

5. SELF-WORTH/GUILT: Portraying oneself as a shriveled, lifeless skeleton could suggest a deep sense of worthlessness or feeling like a non-entity.

6. CONCENTRATION/THINKING: not shown

7. SLEEP: not shown

CONTEXT: This is a reaction meme using a SpongeBob SquarePants template to humorously yet darkly express a feeling of inner deadness when told by others to ""laugh a little."""
TE-416.jpg,UNIVERSAL_HUMAN,"[1,0,0,1,0,0,0]","CONTEXT: This is a meme using a graphic scene from the animated series ""Rick and Morty"" paired with Hindi text to express a metaphorical feeling of severe emotional exhaustion"
TE-417.jpg,UNIVERSAL_HUMAN,"[0,0,0,1,0,1,0]","1. MOOD/EMOTIONAL STATE: The text expresses sarcasm and a sense of hopelessness regarding life improvement. The accompanying meme depicts a grotesque, vacant expression.

2. MOTIVATION/INTEREST: The text describes a routine of ""jerking off and playing video games"" with a sarcastic hope for improvement, indicating a lack of motivation for productive activities.

3. EXISTENTIAL/EMOTIONAL INTENSITY: The post conveys a sense of hopelessness about one's life situation improving through current behaviors.

4. APPETITE/EATING: Not shown."
TE-419.jpg,UNIVERSAL_HUMAN,"[1,0,0,0,0,0,1]",CONTEXT:
TE-42.jpg,UNIVERSAL_HUMAN,"[1,0,1,0,0,0,0]","1. MOOD/EMOTIONAL STATE: The meme explicitly labels emotions as ""पैनिक"" ("
TE-420.jpg,UNIVERSAL_HUMAN,"[0,0,0,0,0,0,0]","1. MOOD/EMOTIONAL STATE: The text describes a humorous, slightly paranoid scenario of trying to trick a ghost. The image shows a man with an intense, wide-eyed stare, which in this context represents the act of staring blankly.

2. MOTIVATION/INTEREST: not shown

3. EXISTENTIAL/EMOTIONAL INTENSITY: not shown

4. APPETITE/EATING: not shown

5. SELF-WORTH/GUILT: not shown

6. CONCENTRATION/THINKING: not shown

7. SLEEP: not shown

CONTEXT: This is a meme using a reaction image of Samuel L. Jackson with Hindi text to describe a funny, relatable moment of irrational behavior."
TE-421.jpg,UNIVERSAL_HUMAN,"[0,0,0,0,0,0,1]","1. MOOD/EMOTIONAL STATE: The image expresses weariness, sadness"
TE-422.jpg,UNIVERSAL_HUMAN,"[0,0,1,1,1,0,0]",
TE-423.jpg,UNIVERSAL_HUMAN,"[0,0,0,0,0,0,0]","CONTEXT: This is a relatable internet meme using a celebrity reaction image to humorously depict the struggle of attending virtual meetings immediately after waking up.

1. MOOD/EMOTIONAL STATE: The image expresses fatigue, grogginess, and a flat affect. The subject looks unenthusiastic and tired.

2. MOTIVATION/INTEREST: The subject appears to lack motivation or interest in the impending Zoom call, showing a reluctance to engage immediately after waking.

3. SELF-HARM/DEATH THOUGHTS: not shown

4. APPETITE/EATING: not shown

5. SELF-WORTH/GUILT: not shown

6. CONCENTRATION/THINKING: The text implies a state of grogginess or ""brain fog"" due to having just woken up, suggesting potential difficulty focusing immediately.

7. SLEEP: The text explicitly states the person has just woken up from sleep. The visual depicts fatigue and grogginess associated with"
TE-424.jpg,UNIVERSAL_HUMAN,"[0,0,0,1,0,0,0]","1. MOOD/EMOTIONAL STATE: The person's strained facial expression, with bulging veins and a red face, suggests extreme physical discomfort, strain, or perhaps frustration.
2. MOTIVATION/INTEREST: not shown
3. SELF-HARM/DEATH THOUGHTS: not shown
4. APPETITE/EATING: The text explicitly mentions ""ठूस-ठूस के खा लेते हो"" which translates to ""have eaten a lot"" or ""stuffed yourself,"" indicating overeating.
5. SELF-WORTH/GUILT: not shown
6. CONCENTRATION/THINKING: not shown
7. SLEEP: not shown

CONTEXT: This is a well-known meme template featuring a strained-looking young man, paired here with Hindi text describing the discomfort of having overeaten after cleaning a toilet."
TE-426.jpg,UNIVERSAL_HUMAN,"[0,0,0,0,0,0,1]","1. MOOD/EMOTIONAL STATE: The character transitions rapidly from sleep to shock, then to visible anger and grumpy frustration. This culminates in an aggressive outburst of throwing a pillow through a window.

2. MOTIVATION/INTEREST: The text ""सुबह का सियापा"" (Morning trouble) and the subsequent angry actions indicate a strong lack of motivation or desire to face the morning.

3. SELF-HARM/DEATH THOUGHTS: Not shown.

4. APPETITE/EATING: Not shown.

5. SELF-WORTH/GUILT"
TE-427.jpg,UNIVERSAL_HUMAN,"[0,0,0,0,0,0,1]","1. MOOD/EMOTIONAL STATE: The image expresses sadness and anguish, indicated by the text about unrequited care and the character's distressed facial expression.

2. MOTIVATION/INTEREST: not shown

3. SELF-HARM/DEATH THOUGHTS: not shown

4. APPETITE/EATING: not shown

5. SELF-WORTH/GUILT: not shown

6. CONCENTRATION/THINKING: The text describes being overwhelmed by intrusive ""memories"" of a person, suggesting an inability to stop thinking about them.

7. SLEEP: The text explicitly mentions being awake at ""3 AM,"" and the visual shows the character lying in bed wide awake, indicating insomnia or disrupted sleep.

CONTEXT: This is a meme using a ""Rick and Morty"" template to humorously depict the relatable experience of late-night rumination over a past relationship."
TE-428.jpg,UNIVERSAL_HUMAN,"[0,0,0,1,0,0,0]","1. MOOD/EMOTIONAL STATE: The person on the left is crying and appears distressed and anguished, while the person on the right shows a flat or indifferent affect.

2. MOTIVATION/INTEREST: not shown

3. SELF-HARM/DEATH THOUGHTS: not shown

4. APPETITE/EATING: The text explicitly mentions having an ""eating disorder"" and receiving the dismissive advice to ""just stop and eat food.""

5. SELF-WORTH/GUILT: not shown

6. CONCENTRATION/THINKING: not shown

7. SLEEP: not shown

CONTEXT: This is a two-panel meme format using Hindi text to depict the frustration of trying to explain"
TE-429.jpg,UNIVERSAL_HUMAN,"[0,0,0,1,0,0,0]","1. MOOD/EMOTIONAL STATE: The meme expresses feelings of insecurity and disappointment, as the person's desire is blocked by their own negative self-perception.

2. MOTIVATION/INTEREST: The person shows an interest in wearing clothes that would make them look ""hot,"" but this motivation is inhibited by their body insecurity.

3. SELF-HARM/DEATH THOUGHTS: not shown

4. APPETITE/EATING: not shown

5. SELF-WORTH/GUILT: The text """
TE-43.jpg,UNIVERSAL_HUMAN,"[1,0,0,0,0,0,0]","1. MOOD/EMOTIONAL STATE: The image expresses deep anguish and sadness, initially hidden behind a statement of being ""fine"" but revealed through the evidence of self-harm.

2. MOTIVATION/INTEREST: not shown

3. SELF-HARM/DEATH THOUGHTS: The third panel clearly shows a forearm with multiple healed scars, which are indicative of past self-harm.

4. APPETITE/EATING: not shown

5. SELF-WORTH/GUILT: not shown

6. CONCENTRATION/THINKING: not shown

7. SLEEP: not shown

CONTEXT: This is a three-panel dark meme format used to reveal hidden mental health struggles, specifically self-harm, behind a facade of wellness."
TE-430.jpg,UNIVERSAL_HUMAN,"[0,0,0,0,0,0,1]",1. MOOD/EMOTIONAL STATE: The text expresses intense fear
TE-432.jpg,UNIVERSAL_HUMAN,"[1,0,0,0,0,0,0]","CONTEXT: This is a relatable image macro meme using a popular culture character to humorously depict a common late-night struggle.

1. MOOD/EMOTIONAL STATE: The image depicts a state of focused concentration and calmness, representing the effort to maintain sleepiness.

2. MOTIVATION/INTEREST: The text indicates a strong specific motivation to maintain sleep while briefly awake at 4 AM.

3. SELF-HARM/DEATH THOUGHTS: not shown

4. APPETITE/EATING: not shown

5. SELF-WORTH/GUILT: not shown

6. CONCENTRATION/THINKING: The"
TE-433.jpg,UNIVERSAL_HUMAN,"[1,1,0,0,0,0,0]","1. MOOD/EMOTIONAL STATE: The text describes a situation where ""everything is going wrong,"" implying distress, but the visual shows the man smiling broadly. This suggests a mood of resigned acceptance, ironic detachment, or numbness in the face"
TE-435.jpg,UNIVERSAL_HUMAN,"[0,0,0,0,0,0,0]","1. MOOD/EMOTIONAL STATE: The character appears calm and peaceful, with a neutral or serene expression while meditating.

2. MOTIVATION/INTEREST: The image shows the character engaged in the activity of meditation, suggesting a motivation to achieve calmness or focus.

3. SELF-HARM/DEATH THOUGHTS: not shown

4. APPETITE/EATING: not shown

5. SELF-WORTH/GUILT: not shown

6. CONCENTRATION/THINKING: The character is depicted in a meditative state, which is a practice often associated with improving concentration and mental clarity.

7. SLEEP: not shown

CONTEXT: This is a still from the cartoon SpongeBob SquarePants featuring the character Patrick Star, often used in memes to represent a state of ""zen,"" calmness, or trying to remain peaceful."
TE-436.jpg,UNIVERSAL_HUMAN,"[0,0,0,0,0,1,0]",1. MOOD/
TE-437.jpg,UNIVERSAL_HUMAN,"[1,0,0,0,0,0,0]","CONTEXT: This is an Indian meme using a black and white celebrity photo and Hindi text to express cynicism and heartbreak regarding modern romantic relationships.

1. MOOD/EMOTIONAL STATE: The person's expression is sad and somber, with eyes that appear tearful. The text expresses hopelessness, stating that this specific love story has ""no happy ending.""

2. MOTIVATION/INTEREST: Not shown.

3. SELF-HARM/DEATH THOUGHTS: Not shown.

4. APPETITE/EATING: Not shown.

5. SELF-WORTH/GUILT: Not shown.

6. CONCENTRATION/THINKING: Not shown.

7. SLEEP: Not shown."
TE-438.jpg,UNIVERSAL_HUMAN,"[0,0,0,0,0,0,0]","1. MOOD/EMOTIONAL STATE: The tiger is depicted with a grumpy or serious expression.

2. MOTIVATION/INTEREST: not shown

3. SELF-HARM/DEATH THOUGHTS: not shown

4. APPETITE/EATING: The tiger is drawn as extremely obese, implying excessive eating.

5. SELF-WORTH/GUILT: not shown

6. CONCENTRATION/THINKING: not shown

7. SLEEP: not shown

CONTEXT: This is a meme using a traditional ink painting style to depict a comically overweight tiger with the Hindi caption ""King of the Jungle""."
TE-439.jpg,UNIVERSAL_HUMAN,"[0,1,0,0,0,0,0]","1. MOOD/EMOTIONAL STATE: The text expresses a desire to overcome loneliness, but the cat's puffed-up, avoidant posture in response to a greeting suggests social anxiety, fear, or extreme reluctance to interact.

2. MOTIVATION/INTEREST: There is an initial stated motivation to socialize (""I should leave loneliness and talk to people""), but the reaction indicates a failure to follow through or a sudden loss of interest/ability to engage when faced with an actual interaction.

3. SELF-HARM/DEATH THOUGHTS: not shown

4. APPETITE/EATING: not shown

5. SELF-WORTH/GUILT: not shown

6. CONCENTRATION/THINKING: not shown

7. SLEEP: not shown

CONTEXT: This is a relatable meme format using text and a reaction image to humorously depict the conflict between the intention to be social and the immediate anxiety or avoidance that arises when an opportunity presents itself."
TE-440.jpg,UNIVERSAL_HUMAN,"[0,1,0,0,0,0,0]","1. MOOD/EMOTIONAL STATE: The image and text explicitly express boredom and a lack of enthusiasm. The character's facial expression is flat and unengaged.

2. MOTIVATION/INTEREST: The text indicates a loss of interest in relationships after a short period (""3 महीने बाद"", ""बोर हो गया हूँ""). This suggests an inability to maintain interest or enjoyment in a romantic connection.

3. SELF-HARM/DEATH THOUGHTS: not shown

4. APPETITE/EATING: not shown

5. SELF-WORTH/GUILT: not shown

6. CONCENTRATION/THINKING: not shown

7. SLEEP: not shown

CONTEXT: This is a reaction meme using a character from the TV show ""30 Rock"" to humorously express the relatable experience of quickly losing interest in new relationships."
TE-441.jpg,UNIVERSAL_HUMAN,"[0,1,0,0,0,1,0]","1. MOOD/EMOTIONAL STATE: The image explicitly labels ""Anxiety"" and ""Depression"" as present conditions. The caption describes a state of apathy where the person doesn't feel like doing anything.

2. MOTIVATION/INTEREST: The text clearly indicates a loss of motivation, stating ""पूरा दिन कुछ करने का मन न करना"" (not feeling like doing anything all day).

3. SELF"
TE-443.jpg,UNIVERSAL_HUMAN,"[0,0,0,0,0,0,1]","1. MOOD/EMOTIONAL STATE: The character's expression is weary and unamused. The text suggests a feeling of being overwhelmed or stressed by intrusive thoughts of responsibilities when trying to rest.

2. MOTIVATION/INTEREST: Not shown.

3."
TE-444.jpg,UNIVERSAL_HUMAN,"[0,0,0,0,0,0,1]","1. MOOD/EMOTIONAL STATE: The cat's wide-eyed expression and the text describe a frustrating, repetitive nightly cycle of being unable to sleep.

2. MOTIVATION/INTEREST: not shown

3. SELF-HARM/DEATH THOUGHTS: not shown

4. APPETITE/EATING: not shown

5. SELF-WORTH/GUILT: not shown

6. CONCENTRATION/THINKING: The text illustrates a self-perpetuating behavioral loop where phone use and sleeplessness reinforce each other, suggesting a difficulty in breaking the cycle.

7. SLEEP: The meme explicitly describes insomnia, stating ""sleep is not coming"" (""नींद नहीं आ रही"") and that this happens ""every night"" (""मैं हर रात"").

CONTEXT:"
TE-445.jpg,UNIVERSAL_HUMAN,"[0,0,0,1,0,0,0]","Here is the analysis of the meme image based on the provided categories:

1.  **MOOD/EMOTIONAL STATE:** The person in the image is smiling and appears neutral or content. No negative emotions such as sadness, anguish, or hopelessness are expressed.

2.  **MOTIVATION/INTEREST:** The text indicates a specific motivation for physical comfort (a ""clean stomach""). There is no sign of a general loss of interest or lack of motivation.

3.  **SELF-HARM/DEATH THOUGHTS:** Not shown.

4.  **APPETITE/EATING:** The text explicitly mentions a desire for the stomach to be ""cleaned properly,"" which is a direct reference to digestion and implies a concern with the physical aftereffects of eating, likely related to holiday indulgence.

5.  **SELF-WORTH/GUILT:** Not shown.

6.  **CONCENTRATION/THINKING:** Not shown.

7.  **SLEEP:** Not shown.

**CONTEXT:** This is a humorous meme using a stock photo of a man as Santa to make a relatable joke about digestive issues during the Christmas season."
TE-447.jpg,UNIVERSAL_HUMAN,"[1,0,0,0,0,0,0]","1. MOOD/EMOTIONAL STATE: The text explicitly mentions ""teenage depression."" The character's expression conveys skepticism or annoyance at the simplified explanation for this state.
2. MOTIVATION/INTEREST: not shown
3. SELF-HARM/DEATH THOUGHTS: not shown
4. APPETITE/EATING: not shown
5. SELF-WORTH/GUILT: not shown
6. CONCENTRATION/THINKING: not shown
7. SLEEP: not shown

CONTEXT: This is a meme using a popular cartoon reaction image to humorously comment on the perceived causes of teenage depression, specifically highlighting academic pressure in the Indian context."
TE-448.jpg,UNIVERSAL_HUMAN,"[1,0,0,0,0,0,0]","**CONTEXT:** This is a reaction meme using a popular ""sad cat"" image combined with Hindi text to humorously exaggerate the anxiety of waiting for a text message reply.

**1. MOOD/EMOTIONAL STATE:** The visual shows a"
TE-449.jpg,UNIVERSAL_HUMAN,"[1,0,1,0,0,0,0]","1. MOOD/EMOTIONAL STATE: The text explicitly mentions ""depression"" as a major theme of the person's recent activity. The visual reaction suggests awkwardness or being caught hiding their"
TE-45.jpg,UNIVERSAL_HUMAN,"[1,0,0,0,0,0,0]","1. MOOD/EMOTIONAL STATE: The image explicitly labels the presence of ""Anxiety"" and """
TE-450.jpg,UNIVERSAL_HUMAN,"[0,0,0,0,0,0,0]",
TE-451.jpg,UNIVERSAL_HUMAN,"[0,0,0,0,0,1,0]","1. MOOD/EMOTIONAL STATE: The text expresses a state of being mentally overwhelmed or distressed by overthinking. The chaotic scribble illustration visually supports a feeling of confusion or inner turmoil.

2. MOTIVATION/INTEREST: not shown

3. SELF-HARM/DEATH THOUGHTS: not shown

4. APPETITE/EATING: not shown

5. SELF-WORTH/GUILT: not shown

6. CONCENTRATION/THINKING: The Hindi text translates to ""I get tangled in my own thoughts,"" directly indicating difficulty thinking clearly or being overwhelmed by mental activity. The scribbled drawing visually"
TE-452.jpg,UNIVERSAL_HUMAN,"[0,0,0,0,0,1,0]","1. MOOD/EMOTIONAL STATE: The phrase expresses a state of mental confusion, frustration, or being overwhelmed.
2. MOTIVATION/INTEREST: not shown
3. SELF-HARM/DEATH THOUGHTS: not shown
4. APPETITE/EATING: not shown
5. SELF-WORTH/GUILT: not shown
6. CONCENTRATION/THINKING: The idiom indicates significant difficulty in thinking clearly, confusion, or a ""scrambled"" mental state.
7. SLEEP: not shown

CONTEXT: This image uses a common Hindi idiom on a sticky note to relatably express mental exhaustion or confusion."
TE-453.jpg,UNIVERSAL_HUMAN,"[0,0,0,0,0,0,0]",
TE-454.jpg,UNIVERSAL_HUMAN,"[0,0,0,0,0,1,0]","1. MOOD/EMOTIONAL STATE: The drawn face has a flat, neutral expression, while the concept of ""overthinking"" suggests a state of mental burden or anxiety.

2. MOTIVATION/INTEREST: not shown

3. SELF-HARM/DEATH THOUGHTS: not shown

4. APPETITE/EATING: not shown

5. SELF-WORTH/GUILT: not shown

6. CONCENTRATION/THINKING: The image explicitly depicts ""overthinking"" (ज़्यादा सोचना) through text and scribbled clouds in the brain area, indicating a cluttered or busy mind.

7. SLEEP: not shown

CONTEXT: This is a minimalist illustration used as a relatable meme to visually represent the concept of overthinking."
TE-455.jpg,UNIVERSAL_HUMAN,"[0,0,0,0,0,0,0]","1. MOOD/EMOTIONAL STATE: The user explicitly states they are experiencing ""depression"" (डिप्रेशन). They express frustration (""हद है"") at being overwhelmed by college assignments while trying to manage their mental state.

2. MOTIVATION/INTEREST: The user shows a lack of motivation for academic work, viewing assignments as an intrusion. They ironically claim they are trying to ""focus"" on their depression instead of schoolwork.

3. SELF-HARM/DEATH"
TE-456.jpg,UNIVERSAL_HUMAN,"[0,0,0,1,1,1,0]","1. MOOD/EMOTIONAL STATE: The text explicitly mentions being in ""deep depression"" and feeling ""anxiety."" The overall mood expressed is one of sadness, hopelessness, and internal conflict.

2. MOTIVATION/INTEREST: The person describes feeling ""not worthy of doing anything"" due to depression, indicating a complete lack of motivation. Conversely, anxiety is described as creating a pressure to act to avoid feeling useless, showing a conflicted state of motivation.

3. SELF-HARM/DEATH THOUGHTS: not shown

4. APPETITE/EATING: not shown

5. SELF-WORTH/GUILT: The text expresses severe feelings of worthlessness, with phrases like ""not worthy of doing anything"" and fearing being ""completely useless.""

6. CONCENTRATION/THINKING: not shown

7. SLEEP: not shown

CONTEXT: This meme uses a photo of musicians Robert Smith and David Bowie to personify the conflicting internal voices of depression and anxiety."
TE-458.jpg,UNIVERSAL_HUMAN,"[0,0,0,0,0,0,0]","1. MOOD/EMOTIONAL STATE: The text explicitly expresses intense fear (""डर"") regarding the potential loss of one's mind and identity. The somber, misty background reinforces"
TE-459.jpg,UNIVERSAL_HUMAN,"[1,0,0,0,1,0,0]","CONTEXT: This is a Hindi meme using a distorted ""deep-fried"" image of Mr. Krabs to describe the relatable experience of coping with a mental crisis through humor.

1. MOOD/EMOTIONAL STATE: The text explicitly describes experiencing a ""mental breakdown"" and ""crying,"" while simultaneously being able to ""laugh."" This indicates a highly unstable, overwhelmed, or contradictory emotional state.

2. MOTIVATION/INTEREST: The person retains enough interest and motivation to look at memes and finds them funny enough to laugh at, despite their distress.

3. SELF-"
TE-46.jpg,UNIVERSAL_HUMAN,"[1,0,0,0,0,0,0]",
TE-460.jpg,UNIVERSAL_HUMAN,"[1,0,0,0,0,0,0]",
TE-462.jpg,UNIVERSAL_HUMAN,"[1,1,0,0,0,0,0]","1. MOOD/EMOTIONAL STATE: The text explicitly mentions experiencing ""anxiety"" and ""stress,"" particularly related to social situations. The exaggerated imagery implies these feelings are intense or overwhelming.

2. MOTIVATION/INTEREST: not shown

3. SELF-HARM/DEATH THOUGHTS: The bottom image depicts comedic, exaggerated self-harm where the subject has pressed their forehead so hard it caved in as a coping"
TE-463.jpg,UNIVERSAL_HUMAN,"[1,0,0,0,0,0,0]","1. MOOD/EMOTIONAL STATE: The mood is humorous and lighthearted, expressing a relatable dislike for waking up early.

2. MOTIVATION/INTEREST: The text indicates a lack of motivation to be active in the early morning, presented as a joke.

3. SELF-HARM/DEATH THOUGHTS: Not shown.

4. APPETITE/EATING: Not shown.

5. SELF-WORTH/GUILT: Not shown.

6. CONCENTRATION/THINKING: Not shown.

7. SLEEP: The meme directly references sleep, stating a preference for waking up at noon instead of early in the morning.

CONTEXT: This is a ""someecards"" meme using a vintage illustration and Hindi text to make a relatable joke about not being a morning person."
TE-464.jpg,UNIVERSAL_HUMAN,"[0,1,0,0,0,0,0]","CONTEXT: This is an image macro meme using a reaction photo of Kanye West paired with Hindi text asking a relatable question about extreme boredom.

1. MOOD/EMOTIONAL STATE: The text explicitly describes a state of being so bored that it leads to anger. The subject's facial expression is flat, unsmiling, and serious, reflecting disengagement or frustration.

2. MOTIVATION/INTEREST: The central theme of extreme boredom implies a total lack of interest or engagement with the current environment or available activities.

3. SELF-HARM/DEATH THOUGHTS: not shown

4. APPETITE/EATING: not shown

5. SELF-WORTH/GUILT: not shown

6. CONCENTRATION/THINKING: not shown

7. SLEEP: not shown"
TE-465.jpg,UNIVERSAL_HUMAN,"[0,0,0,0,0,0,0]","CONTEXT: This is a quote image formatted for social media sharing, featuring a Hindi statement about mental restlessness with confusing attributions.

1. MOOD/EMOTIONAL STATE: The text expresses a state of anxiety, mental restlessness, and an inability to feel calm.

2. MOTIVATION/INTEREST: not shown

3. SELF-HARM/DEATH THOUGHTS: not shown

4. APPETITE/EATING: not shown

5. SELF-WORTH/GUILT: not shown

6. CONCENTRATION/THINKING: The text explicitly describes having racing thoughts and a mind that ""just keeps running"
TE-466.jpg,UNIVERSAL_HUMAN,"[1,0,0,0,0,0,1]","1. MOOD/EMOTIONAL STATE: The text explicitly mentions ""मेरी उदासी"" (my sadness), indicating a state of sadness.

2. MOTIVATION/INTEREST: not shown

3. SELF-HARM/DEATH THOUGHTS: not shown

4. APPETITE/EATING: not shown

5. SELF-WORTH/GUILT: not shown

6. CONCENTRATION/THINKING: not shown

7. SLEEP: The meme is set at ""रात के 2 बजे"" (2 AM) when the person is ready to sleep, but sadness arrives, implying difficulty falling asleep or disrupted sleep.

CONTEXT: This is a meme using a ""me at [time]"" format to humorously depict the relatable experience of sadness intruding late at night."
TE-468.jpg,UNIVERSAL_HUMAN,"[0,0,0,0,0,0,1]",
TE-469.jpg,UNIVERSAL_HUMAN,"[0,0,0,0,0,1,0]","1. MOOD/EMOTIONAL STATE: The image depicts a state of contemplation or mental processing, indicated by the text ""I am thinking..."" and the loading bar. It does not explicitly express sadness or anguish but could be interpreted as a humorous take on being mentally occupied or slow to respond.

2. MOTIVATION/INTEREST: not shown

3. SELF-HARM/DEATH THOUGHTS: not shown

4. APPETITE/EATING: not shown

5. SELF-WORTH/GUILT: not shown

6. CONCENTRATION/THINKING: The image directly references thinking with the text ""सोच रहा हूँ..."" (I am thinking...) and uses a loading bar to visually represent a cognitive process or a delay in processing information.

7. SLEEP: not shown

CONTEXT: This is a meme that uses the visual metaphor of a digital loading bar on a physical mug to humorously represent the act of thinking or processing information."
TE-472.jpg,UNIVERSAL_HUMAN,"[0,0,0,0,0,0,0]","1. MOOD/EMOTIONAL STATE: The text expresses a state of fatigue and the frustration of having an overactive mind that prevents rest.

2. MOTIVATION/INTEREST: The primary desire is to sleep, but this is hindered by a trivial, distracting interest in a random fact about penguins.

3. SELF-HARM/DEATH THOUGHTS: not shown

4. APPETITE/EATING: not shown

5. SELF-WORTH/GUILT: not shown

6. CONCENTRATION/THINKING: The meme describes a lack of mental quiet, with the brain focusing on a random, irrelevant question instead of shutting down for sleep.

7. SLEEP: The text explicitly states a strong desire to sleep (""3 out of 4 parts of my brain want to sleep"") that is being prevented by racing, trivial thoughts, indicating difficulty falling asleep.

CONTEXT: This is a text-based meme using humor to describe the relatable struggle of trying to fall asleep with an overactive mind."
TE-473.jpg,UNIVERSAL_HUMAN,"[1,0,0,0,0,0,0]","1. MOOD/EMOTIONAL STATE: The Hindi text ""मैं अकेला और थका हुआ हूँ।"" translates to ""I am alone and tired,"" explicitly expressing feelings of loneliness and fatigue, which can indicate sadness or a low mood.

2. MOTIVATION/INTEREST: The statement of being ""tired"" suggests a lack of energy, but there is no explicit mention of a loss of interest or inability to enjoy activities.

3. SELF-HARM/DEATH THOUGHTS: not shown

4. APPETITE/EATING: not shown

5. SELF-WORTH/GUILT: The feeling of being ""alone"" is expressed, but there is no direct mention of worthlessness, excessive guilt, or self-blame.

6. CONCENTRATION/THINKING: not shown

7. SLEEP: The text explicitly states the person is ""tired,"" which directly relates to fatigue and could imply sleep difficulties.

CONTEXT: This is a simple, hand-drawn illustration with a speech bubble, likely used as a relatable image to express feelings of exhaustion and isolation."
TE-474.jpg,UNIVERSAL_HUMAN,"[1,0,0,0,0,0,1]","1. MOOD/EMOTIONAL STATE: The text explicitly mentions suffering from ""depression"" for months. The character's beaten, bleeding, and exhausted appearance visually conveys a state of severe emotional and physical weariness and pain.

2. MOTIVATION/INTEREST: The text ""हर रोज़ उठ कर अपना best देने की कोशिश करता हूँ"" (Every day I wake up and try to give my best) shows a continued motivation and effort to fight against the depression.

3. EXISTENTIAL/EMOTIONAL INTENSITY: The subtitle ""पिक्चर अभी बाकी है"" (The picture is still remaining) suggests a resolve to continue the struggle, implying that the fight against the mental health challenge is not over.

4. APPETITE/EATING: not shown

5. SELF-WORTH/GUILT:"
TE-475.jpg,UNIVERSAL_HUMAN,"[0,0,0,0,0,0,1]",
TE-476.jpg,UNIVERSAL_HUMAN,"[0,0,0,0,0,0,0]","1. MOOD/EMOTIONAL STATE: The text expresses frustration and distress about a ruined sleep schedule.

2. MOTIVATION/INTEREST: not shown

3. SELF-HARM/DEATH THOUGHTS: not shown

4. APPETITE/EATING: not shown

5. SELF-WORTH/GUILT: not shown

6. CONCENTRATION/THINKING: not shown

7. SLEEP: The text explicitly states that the person's sleep is ruined (""मेरी नींद की वाट लग गई है""), indicating a significant sleep disturbance.

CONTEXT: This is a meme using a starry night background and Hindi text to express the relatable struggle of a messed-up sleep cycle."
TE-477.jpg,UNIVERSAL_HUMAN,"[0,0,0,1,0,0,0]","CONTEXT: This is a two-panel reaction meme using vintage professional wrestling footage to illustrate a humorous, self-deprecating anecdote about disordered eating behaviors.

1. MOOD/EMOTIONAL STATE: The text implies distress or physical discomfort resulting from the premature effect of laxatives. The visual shows a shift from a smiling expression in the first panel to a serious, stoic one in the second.

2. MOTIVATION/INTEREST: The"
TE-478.jpg,UNIVERSAL_HUMAN,"[0,0,0,0,0,0,0]","1. MOOD/EMOTIONAL STATE: The quote describes a state of mental restlessness and being overwhelmed by a constant stream of thoughts.

2. MOTIVATION/INTEREST: not shown

3. SELF-HARM/DEATH THOUGHTS: not shown

4. APPETITE/EATING: not shown

5. SELF-WORTH/GUILT: not shown

6. CONCENTRATION/THINKING: The text explicitly states the person's mind ""is not shutting down"" and is ""like a nonstop train,"" indicating racing thoughts and an inability to quiet the mind.

7. SLEEP: The description of a mind that ""won't shut down"" strongly implies potential difficulty falling or staying asleep due to overthinking.

CONTEXT: This is a quote card image, likely shared on social media, featuring a bilingual quote attributed to Richel Mead about having an overactive mind."
TE-48.jpg,UNIVERSAL_HUMAN,"[1,0,1,0,1,0,0]","1. MOOD/EMOTIONAL STATE: The image explicitly labels overwhelming emotional states surrounding the individual, including ""depression,"" ""tears,"" ""anger,"" and ""mania.""

2. MOTIVATION/INTEREST: not shown

3"
TE-480.jpg,UNIVERSAL_HUMAN,"[0,0,0,0,0,0,0]",
TE-481.jpg,UNIVERSAL_HUMAN,"[0,0,0,0,0,1,0]","1. MOOD/EMOTIONAL STATE: The character's distressed expression and the text ""losing my mind"" express a state of being overwhelmed, anxious, or mentally anguished.

2. MOTIVATION/INTEREST: not shown

3. SELF-HARM/DEATH THOUGHTS: not shown

4. APPETITE/EATING: not shown

5. SELF-WORTH/GUILT: not shown

6. CONCENTRATION/THINKING: The phrase ""losing my mind"" and its Hindi translation directly suggest a significant disruption in thinking, clarity, or mental stability.

7. SLEEP: not shown

CONTEXT: This is a thumbnail for a YouTube video featuring an animated ""meme,"" indicating it is part of online meme culture."
TE-482.jpg,UNIVERSAL_HUMAN,"[0,1,0,0,0,0,0]","1. MOOD/EMOTIONAL STATE: The image and text express extreme boredom and weariness. The man's posture and facial expression convey a lack of energy or enthusiasm.

2. MOTIVATION/INTEREST: The text indicates a complete lack of interest in anything else, to the point where work became a last resort to alleviate boredom.

3. SELF-HARM/DEATH THOUGHTS: not shown

4. APPETITE/EATING: not shown

5. SELF-WORTH/GUILT: not shown

6. CONCENTRATION/THINKING: The text implies a lack of mental stimulation or focus on anything engaging, leading to a default activity.

7. SLEEP: not shown

CONTEXT: This is a humorous meme using a stock photo and Hindi text to describe an ironic situation where intense boredom leads to productivity."
TE-483.jpg,UNIVERSAL_HUMAN,"[0,0,0,1,0,0,0]",
TE-485.jpg,UNIVERSAL_HUMAN,"[0,0,0,0,0,1,0]","1. MOOD/EMOTIONAL STATE: The text ""अरे! Overthinking से निपटना"" (Oh! Dealing with overthinking) suggests a state of mental burden, stress, or anxiety related to excessive thinking.

2. MOTIVATION/INTEREST: The person is engaged in an art project, which could indicate motivation to create or use art as a coping mechanism for overthinking.

3. SELF-HARM/DEATH THOUGHTS: not shown

4. APPETITE/EATING: not shown

5. SELF-WORTH/GUILT: not shown

6. CONCENTRATION/THINKING: The image explicitly addresses ""Overthinking,"" indicating a struggle with thought processes, potentially including racing thoughts or difficulty focusing.

7. SLEEP: not shown

CONTEXT: This appears to be a social media post or blog header combining art with a message about mental health, specifically addressing overthinking."
TE-486.jpg,UNIVERSAL_HUMAN,"[0,1,0,0,0,0,0]","1. MOOD/EMOTIONAL STATE: The character displays a flat affect and boredom while looking at her phone. The text describes a state of low energy specifically related to social interaction.

2. MOTIVATION/INTEREST: The text explicitly states a lack of motivation to socialize, leading the person to ignore messages until their ""social energy"" returns.

3. SELF-HARM/DEATH THOUGHTS: not shown

4. APPETITE/EATING: not shown

5. SELF-WORTH/GUILT: not shown

6. CONCENTRATION/THINKING: not shown

7. SLEEP: not shown

CONTEXT: This is a meme using a Simpsons reaction image and Hindi text to express the"
TE-487.jpg,UNIVERSAL_HUMAN,"[0,0,0,0,0,0,0]","CONTEXT: This is a quote-style image sharing a relatable sentiment about post-holiday stress and anxiety, attributed to Tangela Williams-Spann.

1. MOOD/EMOTIONAL STATE: The text explicitly states that ""STRESS"" has returned and the person is feeling ""ANXIETY"" again now that holidays are over. The final sentence expresses distress, stating the situation is ""not okay at all.""

2. MOTIVATION/INTEREST: Not shown.

3. SELF-HARM/DEATH THOUGHTS: Not shown"
TE-488.jpg,UNIVERSAL_HUMAN,"[0,0,0,0,0,0,1]","1. MOOD/EMOTIONAL STATE: The text expresses dread and anxiety about the approaching work week, while the image shows a forced smile masking extreme exhaustion and distress.

2. MOTIVATION/INTEREST: The dread of Monday morning implies a lack of motivation to face the upcoming week's obligations.

3. EXISTENTIAL/EMOTIONAL INTENSITY: The specific, short countdown to waking up and the exaggerated physical signs of fatigue depict a sense of being overwhelmed by the immediate future.

4. APPETITE/EATING: not shown

5. SELF-WORTH/GUILT: not shown

6. CONCENTRATION/THINKING: not shown

7. SLEEP: The text explicitly mentions having only ""3 hours 12 minutes left to wake up,"" implying severe sleep deprivation or insomnia, which is visually reinforced by the dark circles under the eyes.

CONTEXT: This is a meme using the ""Hide the Pain Harold"" template with Hindi text to humorously exaggerate the dread of the weekend ending and Monday morning beginning."
TE-489.jpg,UNIVERSAL_HUMAN,"[0,1,0,0,0,0,0]",CONTEXT: This is a Hindi meme
TE-49.jpg,UNIVERSAL_HUMAN,"[1,0,0,0,0,0,0]","1. MOOD/EMOTIONAL STATE: The text explicitly mentions ""crying"" (""रोना""), indicating sadness or emotional distress. Listing it as an ""important task"" suggests a feeling of being overwhelmed by these emotions.

2. MOTIVATION/INTEREST: not shown

3. SELF-HARM/DEATH THOUGHTS: not shown

4. APPETITE/EATING: not shown

5. SELF-WORTH/GUILT: not shown

6. CONCENTRATION/THINKING: not shown

7. SLEEP: not shown

CONTEXT: This is a meme using a cartoon to-do list format to humorously express the feeling that crying is a necessary or unavoidable ""important task""."
TE-490.jpg,UNIVERSAL_HUMAN,"[0,0,0,0,1,0,0]","1. MOOD/EMOTIONAL STATE: The cartoon character in the top panel has a neutral or slightly smiling expression.

2. MOTIVATION/INTEREST: not shown

3. EXISTENTIAL/EMOTIONAL INTENSITY: not shown

4. APPETITE/EATING: not shown

5. SELF-WORTH/GUILT: not shown

6. CONCENTRATION/THINKING: not shown

7. SLEEP: not shown

CONTEXT: This is a humorous meme where a person checks their temperature, and the thermometer absurdly reads ""भैंस"" (Hindi for ""buffalo"")."
TE-491.jpg,UNIVERSAL_HUMAN,"[1,0,1,0,0,0,0]",
TE-493.jpg,UNIVERSAL_HUMAN,"[1,0,0,0,1,0,1]",
TE-494.jpg,UNIVERSAL_HUMAN,"[0,0,0,0,1,0,0]","1. MOOD/EMOTIONAL STATE: The image expresses a feeling of being overwhelmed, stressed, or burdened by a task. The small kitten crushed under the dumbbell visually represents helplessness or defeat.

2. MOTIVATION/INTEREST: The meme shows a clear lack of motivation to complete a specific task (""that one email""), which is perceived as a heavy and difficult burden.

3. SELF-HARM/DEATH THOUGHTS: Not shown.

4. APPETITE/EATING: Not shown.

5. SELF-WORTH/GUILT: Not shown.

6. CONCENTRATION/THINKING: The image implies difficulty with executive function or procrastination, where a relatively simple mental task becomes a significant obstacle.

7. SLEEP: Not shown.

CONTEXT: This is a relatable internet meme using a visual metaphor of a small creature crushed by a heavy object to humorously depict the feeling of being overwhelmed by a procrastinated responsibility."
TE-495.jpg,UNIVERSAL_HUMAN,"[0,0,0,0,0,1,0]","Based on the image provided, here is the analysis for each area:

1.  **MOOD/EMOTIONAL STATE:** The text on the socks, ""I am overthinking,"" indicates a state of mental restlessness or anxiety.

2.  **MOTIVATION/INTEREST:** not shown.

3.  **SELF-HARM/DEATH THOUGHTS:** not shown.

4.  **APPETITE/EATING:** not shown.

5.  **SELF-WORTH/GUILT:** not shown.

6.  **CONCENTRATION/THINKING:** The text on the socks explicitly states, ""Shhhh... I am overthinking."" The sticky notes labeled ""Pros,"" ""Cons,"" and ""Middle ground"" suggest a struggle with decision-making or excessive rumination.

7.  **SLEEP:** not shown.

**CONTEXT:** This is a product photograph of novelty socks with a relatable message about overthinking, likely shared on social media as a meme or for marketing."
TE-496.jpg,UNIVERSAL_HUMAN,"[0,0,0,0,1,0,1]",
TE-498.jpg,UNIVERSAL_HUMAN,"[1,1,0,0,1,0,0]","1. MOOD/EMOTIONAL STATE: The character's expression is flat and weary, with half-closed, red eyes, conveying a sense of emptiness, sadness, or fatigue.

2. MOTIVATION/INTEREST: The text indicates a lifelong pattern of ""staying away from everyone,"" suggesting a chronic lack of interest or motivation for social interaction.

3. SELF-HARM/DEATH THOUGHTS: Not shown.

4. APPETITE/EATING: Not shown.

5. SELF-WORTH/GUILT: The text implies a deep sense of long-term isolation, but does not explicitly express feelings of worthlessness or guilt.

6. CONCENTRATION/THINKING: Not shown.

7. SLEEP: The character's tired appearance and red eyes could be interpreted as signs of fatigue or poor sleep, but this is not explicitly mentioned.

CONTEXT: This Hindi meme uses an anime illustration to humorously comment on the irony of someone who was already socially isolated long before the concept of ""social distancing"" became widespread."
TE-499.jpg,UNIVERSAL_HUMAN,"[1,0,0,0,0,0,0]","1. MOOD/EMOTIONAL STATE: The visual is dark and distorted with hollow eyes, suggesting emptiness or anguish, while the text explicitly denies depression.

2. MOTIVATION/INTEREST: Not shown.

3. EXISTENTIAL/EMOTIONAL INTENSITY: The stark contrast between the distressing visual and the reassuring text suggests a hidden, intense emotional struggle or emptiness.

4. APPETITE/EATING: Not shown.

5. SELF-WORTH/GUILT: Not shown.

6. CONCENTRATION/THINKING: Not shown.

7. SLEEP: The text explicitly mentions being ""a little tired,"" indicating fatigue.

CONTEXT: This is a ""distressed Doge"" meme format used to ironically conceal mental health struggles behind a facade of being ""fine."""
TE-5.jpg,UNIVERSAL_HUMAN,"[0,0,0,0,0,0,0]","1. MOOD/EMOTIONAL STATE: The text expresses a deep sense of loneliness and isolation, even when surrounded by other people.

2. MOTIVATION/INTEREST: not shown

3. SELF-HARM/DEATH THOUGHTS: not shown

4. APPETITE/EATING: not shown

5. SELF-WORTH/GUILT: not shown

6. CONCENTRATION/THINKING: not shown

7. SLEEP: not shown

CONTEXT: This is a text-based meme format featuring a Hindi quote about loneliness attributed to the late rapper XXXTentacion."
TE-500.jpg,UNIVERSAL_HUMAN,"[1,0,0,0,1,0,0]",CONTEXT: This is a two-panel comparison meme using popular Charlie Day reaction images to illustrate a
TE-501.jpg,UNIVERSAL_HUMAN,"[1,0,1,0,0,0,0]","1. MOOD/EMOTIONAL STATE: The meme expresses cynicism and a sense of hopelessness, where the person knowingly falls for the ""bait"" of false hope (""everything will be alright"") despite a warning.

2. MOTIVATION/INTEREST: not shown

3. SELF-HARM/DEATH THOUGHTS: not shown

4. APPETITE/EATING: not shown

5. SELF-WORTH/GUILT: The person identifies as the ""donkey"" (idiot) who falls for the obvious trap, suggesting self-deprecation or low self-worth regarding their own judgment.

6. CONCENTRATION/THINKING: The character demonstrates poor decision-making by ignoring a clear warning and falling for a known trap, indicating a lapse in judgment.

7. SLEEP: not shown

CONTEXT: This is a meme based on a comic strip template by SrGrafo, used here to humorously depict the relatable experience of knowingly accepting false comfort."
TE-502.jpg,UNIVERSAL_HUMAN,"[0,0,0,1,0,0,0]",
TE-503.jpg,UNIVERSAL_HUMAN,"[1,0,0,1,0,0,0]","CONTEXT: This is a three-panel webcomic using a common meme trope to illustrate the contrast between outwardly stating ""everything is fine"" (in Hindi) while inwardly being overwhelmed by sadness.

1. MOOD/EMOTIONAL STATE: The image depicts overwhelming sadness and distress"
TE-504.jpg,UNIVERSAL_HUMAN,"[0,0,0,0,0,0,0]","1. MOOD/EMOTIONAL STATE: The text states that overthinking destroys happiness, implying a resulting state of unhappiness or sadness. The man's serious, contemplative expression aligns with this somber tone.

2. MOTIVATION/INTEREST: The text mentions the destruction of ""happiness,"" which could suggest a loss of the ability to enjoy life, but it does not explicitly describe a lack of motivation or interest in specific activities.

3. SELF-HARM/DEATH THOUGHTS: not shown

4. APPETITE/EATING: not shown

5. SELF-WORTH/GUILT: not shown

6. CONCENTRATION/THINKING: The central theme is ""overthinking"" (ज़्यादा सोचना), which is explicitly identified as a negative cognitive process that leads to the loss of happiness.

7. SLEEP: not shown

CONTEXT: This is a quote image, a common social media format used to share philosophical thoughts or life advice, often with a moody visual backdrop."
TE-507.jpg,UNIVERSAL_HUMAN,"[0,0,0,1,1,0,0]","1. MOOD/EMOTIONAL STATE: The text describes a shift to feeling ""guilt"" and ""fear,"" and the woman in the image has a distressed expression.

2. MOTIVATION/INTEREST: Not shown.

3. EXISTENTIAL/EMOTIONAL INTENSITY: The content depicts significant emotional"
TE-508.jpg,UNIVERSAL_HUMAN,"[1,0,0,0,0,1,0]","1. MOOD/EMOTIONAL STATE: The meme describes a sudden shift from enjoyment to a ""spoiled mood"" and becoming ""completely silent (nonverbal)."" The reaction image shows a distressed and pleading expression.

2. MOTIVATION/INTEREST: The text initially states, ""I am having so much fun,"" indicating an ability to enjoy things, but this is interrupted by an intrusive thought.

3. SELF-HARM/DEATH THOUGHTS: not shown

4. APPETITE/EATING: not shown

5. SELF-WORTH/GUILT: The text expresses worry that friends will perceive the person's silence as them being ""rude,"" suggesting social anxiety or concern about others' opinions.

6. CONCENTRATION/THINKING: The meme illustrates an intrusive thought from the ""brain"" that interrupts the person's enjoyment, showing a lack of control over one's thoughts.

7. SLEEP: not shown

CONTEXT: This is a ""Me vs. My Brain"" meme format using a reaction image from ""The Office"" to depict intrusive thoughts ruining a good time."
TE-51.jpg,UNIVERSAL_HUMAN,"[1,0,0,0,0,0,0]","1. MOOD/EMOTIONAL STATE: The image expresses profound sadness, anguish, and hopelessness through the Hindi text which translates to ""When will this loneliness finally end?"". The visual of hands reaching into dark rain reinforces a feeling of despair.

2. MOTIVATION/INTEREST: not shown

3. SELF-HARM/DEATH THOUGHTS: not shown

4. APPETITE/EATING: not shown

5. SELF-WORTH/GUILT: not shown

6. CONCENTRATION/THINKING: not shown

7. SLEEP: not shown

CONTEXT: This image utilizes a dark, anime-style aesthetic common in"
TE-510.jpg,UNIVERSAL_HUMAN,"[1,1,0,0,0,0,0]","1. MOOD/EMOTIONAL STATE: The character representing ""Me"" is crying, terrified, and in a state of distress while hiding.
2. MOTIVATION/INTEREST: The image depicts a strong avoidance of ""responsibilities,"" suggesting a lack of motivation or ability to face them.
3. SELF-HARM/DEATH THOUGHTS: Not shown.
4. APPETITE/EATING: Not shown.
5. SELF-WORTH/GUILT: The person is portrayed as helpless and overwhelmed by their responsibilities, which could imply a feeling of inadequacy.
6. CONCENTRATION/THINKING: Not shown.
7. SLEEP: Not shown.

CONTEXT: This meme uses the ""Anime Girl Hiding from Terminator"" template to humorously illustrate the feeling of being overwhelmed and hunted by one's obligations."
TE-511.jpg,UNIVERSAL_HUMAN,"[1,0,0,0,0,0,1]","1. MOOD/EMOTIONAL STATE: The bottom panel depicts extreme exhaustion, distress, and a shocked or traumatized flat affect, contrasting sharply with the peacefulness shown in the top panel.

2. MOTIVATION/INTEREST: not shown

3. EXISTENTIAL/EMOTIONAL INTENSITY: The visual depiction in the bottom panel conveys intense distress and a sense of dread upon realizing morning has arrived without restorative rest.

4. APPETITE/EATING: not shown

5."
TE-513.jpg,UNIVERSAL_HUMAN,"[0,0,0,0,0,0,0]","1. MOOD/EMOTIONAL STATE: The text expresses a desire for avoidance and escape from responsibilities, suggesting a state of overwhelm or lack of energy.
2. MOTIVATION/INTEREST: The person shows a clear lack of motivation to face daily tasks, explicitly stating that sleeping late is a way to ""avoid responsibilities.""
3. SELF-HARM/DEATH THOUGHTS: not shown
4. APPETITE/EATING: not shown
5. SELF-WORTH/GUILT: not shown
6. CONCENTRATION/THINKING: not shown
7. SLEEP: The text explicitly mentions ""sleeping late"" as a primary strategy to escape responsibilities, indicating using sleep as an avoidance mechanism.

CONTEXT: This is a dark humor meme formatted as a ""life hack"" attributed to Borderline Personality Disorder, framing an unhealthy behavior as a tip."
TE-514.jpg,UNIVERSAL_HUMAN,"[1,0,0,1,0,1,1]","1. MOOD/EMOTIONAL STATE: The text explicitly mentions ""depression,"" indicating a depressed mood or state.

2. MOTIVATION/INTEREST: The mention of ""अकेले रहना"" (staying alone) suggests social withdrawal, which can be a sign of reduced interest in social activities.

3. SELF-HARM/DEATH THOUGHTS: The text explicitly lists ""खुद का नुकसान करने वाली आदतें"" (self-harming habits).

4. APPETITE/EATING: The text explicitly mentions ""खाने... की बुरी आदतें"" (bad eating habits).

5. SELF-WORTH/GUILT: not shown

6. CONCENTRATION/THINKING: not shown

7. SLEEP: The text explicitly mentions ""depression वाली नींद"" (depression sleep) and ""सोने की बुरी आदतें"" (bad sleeping habits).

CONTEXT: This uses the ""Distracted Boyfriend"" meme format to illustrate someone choosing self-destructive behaviors over caring for their mental health."
TE-515.jpg,UNIVERSAL_HUMAN,"[0,0,0,0,0,0,0]","1. MOOD/EMOTIONAL STATE: The text describes feeling ""awkward"" due to a social misunderstanding, but the overall tone is humorous and hyperbolic rather than distressed.

2. MOTIVATION/INTEREST: not shown

3. EXISTENTIAL/EMOTIONAL INTENSITY: The statement about ""starting a new life"" in Nepal is a comedic exaggeration to escape an embarrassing situation, not a genuine expression of existential crisis or withdrawal.

4. APPETITE/EATING: not shown

5. SELF-WORTH/GUILT: not shown

6. CONCENTRATION/THINKING: not shown

7. SLEEP: not shown

CONTEXT: This is a screenshot of a humorous tweet sharing a funny, exaggerated anecdote about a social faux pas."
TE-516.jpg,UNIVERSAL_HUMAN,"[0,1,0,0,0,0,0]","CONTEXT: This is a dark humor meme using a ""scientific fact vs. existential response"" format to express pessimism about the nature of life and death.

1. MOOD/EMOT"
TE-517.jpg,UNIVERSAL_HUMAN,"[1,0,0,0,0,0,0]",
TE-518.jpg,UNIVERSAL_HUMAN,"[0,0,0,0,0,0,1]","1. MOOD/EMOTIONAL STATE: The person in the image appears stressed, anxious, or frustrated, indicated by their wide, red-rimmed eyes while lying in bed. The text describes ruminating on past arguments, suggesting a state of mental unrest.

2. MOTIVATION/INTEREST: not shown

3. SELF-HARM/DEATH THOUGHTS: not shown

4. APPETITE/EATING: Icons of cake, wine, and beer are floating above the person, which could suggest thoughts of food or alcohol, potentially as a coping mechanism or late-night cravings.

5. SELF-WORTH/GUILT: The text mentions coming up with ""perfect comebacks"" for an argument that happened hours ago, implying a sense of regret or self-blame for not having performed better in the moment.

6. CONCENTRATION/THINKING: The image and text depict racing thoughts and overthinking, specifically ruminating on past events, which is a form of cognitive intrusion that can make it difficult to relax or sleep.

7. SLEEP: The text explicitly mentions thinking these things at ""4 AM,"" and the image shows a person awake in bed, clearly indicating insomnia or disrupted sleep.

CONTEXT: This is a humorous meme, likely from a parenting or lifestyle segment, that uses a relatable scenario to depict the common experience of late-night overthinking and insomnia."
TE-52.jpg,UNIVERSAL_HUMAN,"[1,0,0,0,0,0,0]","1. MOOD/EMOTIONAL STATE: The image conveys apprehension, worry, and skepticism through the boy's facial expression and the anxiety-inducing question in the text.
2. MOTIVATION/INTEREST: not shown
3. EXISTENTIAL/EMOTIONAL INTENSITY: The text suggests a sense of dread or hopelessness about the future, implying that a difficult year might be followed by an even worse one.
4. APPETITE/EATING: not shown
5. SELF-WORTH/GUILT: not shown
6. CONCENTRATION/THINKING: not shown
7. SLEEP: not shown

CONTEXT: This is an internet meme using a popular reaction image and Hindi text to express collective anxiety about the future following the events of 2020."
TE-520.jpg,UNIVERSAL_HUMAN,"[0,0,0,0,0,1,1]","1. MOOD/EMOTIONAL STATE: The text expresses anxiety and tension, with a manic or chaotic energy depicted by the character's expression as they choose what to worry about.

2. MOTIVATION/INTEREST: not shown

3. SELF-HARM/DEATH THOUGHTS: not shown

4. APPETITE/EATING: not shown

5. SELF-WORTH/GUILT: not shown

6. CONCENTRATION/THINKING: The meme depicts rumination and overthinking, as the person is shown actively choosing between dwelling on the ""past"" or the ""future"".

7. SLEEP: The text explicitly mentions the intention to ""ruin sleep"" tonight by taking on tension, indicating sleep disruption due to worry.

CONTEXT: This is a relatable meme using a SpongeBob SquarePants template to humorously comment on the common experience of nighttime anxiety and overthinking."
TE-522.jpg,UNIVERSAL_HUMAN,"[0,1,0,0,0,0,0]","1. MOOD/EMOTIONAL STATE: The text expresses a feeling of boredom and lethargy, described as a ""lazy time."" The character's expression is one of uncertainty or suspicion.
2. MOTIVATION/INTEREST: The person explicitly states they are ""getting bored,"" indicating a temporary lack of interest or engagement.
3. SELF-HARM/DEATH THOUGHTS: not shown
4. APPETITE/EATING: not shown
5. SELF-WORTH/GUILT: not shown
6. CONCENTRATION/THINKING: The person is experiencing mild confusion, unsure if their feeling is due to sleepiness or boredom.
7. SLEEP: The text mentions feeling sleepy (""नींद आ रही है"") as a possibility.

CONTEXT: This image uses the popular ""Futurama Fry"" meme format to express a relatable dilemma between feeling tired and feeling bored."
TE-523.jpg,UNIVERSAL_HUMAN,"[0,0,0,0,0,0,0]","1. MOOD/EMOTIONAL STATE: The text expresses a desire for mental peace, relaxation, and a break from mental activity.

2. MOTIVATION/INTEREST: The person indicates a lack of motivation for active thinking or mental work on Sundays,"
TE-524.jpg,UNIVERSAL_HUMAN,"[0,0,0,0,0,0,1]","1. MOOD/EMOTIONAL STATE: The image shows a sleepy animal, and the text describes someone who sleeps all the time, suggesting lethargy or passivity.
2. MOTIVATION/INTEREST: The statement that the person ""keeps sleeping his whole life"" implies a lack of engagement or activity, which could be seen as a lack of motivation.
3. SELF-HARM/DEATH THOUGHTS: not shown
4. APPETITE/EATING: not shown
5. SELF-WORTH/GUILT: The mother's introduction could be interpreted as critical, potentially implying the person is seen as lazy or inactive by others.
6. CONCENTRATION/THINKING: not shown
7. SLEEP: The text explicitly states the person ""keeps sleeping his whole life,"" and the image shows a sleeping animal, clearly indicating excessive sleep.

CONTEXT: This is a humorous meme using a mythological reference (""Kumbhakarna"") to depict a mother introducing her child who sleeps a lot."
TE-527.jpg,UNIVERSAL_HUMAN,"[0,0,0,1,0,0,0]","CONTEXT: This is a two-panel anime reaction meme using Hindi text to depict a sudden, shocking realization about having an eating disorder symptom.

1. MOOD/EMOTIONAL STATE: The anime character's wide-eyed expression conveys surprise and shock. The text indicates a shift to seriousness upon realizing the gravity of the situation.

2."
TE-528.jpg,UNIVERSAL_HUMAN,"[0,0,0,1,0,0,0]","1. MOOD/EMOTIONAL STATE: The person has a peaceful expression with eyes closed and a gentle smile, and the text ""सुकून"" (peace/relief) confirms this state of calm and contentment.
2. MOTIVATION/INTEREST: not shown
3. SELF-HARM/DEATH THOUGHTS: not shown
4. APPETITE/EATING: not shown
5. SELF-WORTH/GUILT: not shown
6. CONCENTRATION/THINKING: not shown
7. SLEEP: not shown

CONTEXT: This is a reaction image using a film still and Hindi text to express a feeling of peace or relief."
TE-529.jpg,UNIVERSAL_HUMAN,"[1,1,0,0,0,0,0]","1. MOOD/EMOTIONAL STATE: The text describes extreme social isolation (""haven't talked to any human for 6 months""), implying loneliness or a flat emotional state.
2. MOTIVATION/INTEREST: The complete lack of social interaction for six months suggests a significant withdrawal and potential loss of interest in socializing with others.
3. SELF-HARM/DEATH THOUGHTS: not shown
4. APPETITE/EATING: not shown
5. SELF-WORTH/GUILT: not shown
6. CONCENTRATION/THINKING: not shown
7. SLEEP: not shown

CONTEXT: This is a ""Meme Man"" or ""Stonks"" meme using surreal humor and intentional misspelling (""हेल्थ"") to comment on the irony of pre-existing social isolation during the pandemic."
TE-53.jpg,UNIVERSAL_HUMAN,"[1,0,0,0,0,0,0]",
TE-530.jpg,UNIVERSAL_HUMAN,"[0,0,0,0,0,0,1]","1. MOOD/EMOTIONAL STATE: The image expresses frustration and exasperation, indicated by the facepalm gesture and the text describing a chaotic morning situation. The large text ""स्यापा"" (trouble/mess) reinforces this feeling of annoyance.

2. MOTIVATION/INTEREST: not shown

3. SELF-HARM/DEATH THOUGHTS: not shown

4. APPETITE/EATING: not shown

5. SELF-WORTH/GUILT: not shown

6. CONCENTRATION/THINKING: not shown

7. SLEEP: The text explicitly mentions waking up early ""without sleeping"" (""बिना सोए""), indicating sleep deprivation or disrupted sleep.

CONTEXT: This is a Bitmoji-style meme using Hindi text to humorously vent about a frustrating and chaotic household incident."
TE-531.jpg,UNIVERSAL_HUMAN,"[0,0,0,1,0,0,0]","1. MOOD/EMOTIONAL STATE: The top panel shows a state of self-delusion or rationalization, while the bottom panel expresses disappointment, disapproval, and a feeling of being overwhelmed.
2. MOTIVATION/INTEREST: not shown
3. SELF-HARM/DEATH THOUGHTS: not shown
4. APPETITE/EATING: The text explicitly mentions ""binge"" eating a large amount of food after a ""fast,"" stating the intestines cannot digest it all. This describes a pattern of restrictive eating followed by overeating.
5. SELF-WORTH/GUILT: The need to ""explain"" or justify the binge to oneself in the top panel suggests an underlying feeling of guilt or a struggle with self-control.
6. CONCENTRATION/THINKING: The top panel illustrates a cognitive process of rationalization, where the person is trying to convince themselves that the binge was necessary.
7. SLEEP: not shown

CONTEXT: This is a two-panel meme using popular reaction images and Hindi text to humorously depict the internal conflict and physical"
TE-532.jpg,UNIVERSAL_HUMAN,"[0,0,0,0,0,0,0]",
TE-534.jpg,UNIVERSAL_HUMAN,"[0,1,0,0,0,0,0]","1. MOOD/EMOTIONAL STATE: The image shows a shift from a neutral, focused expression to one of extreme happiness, excitement, and cheering.

2. MOTIVATION/INTEREST: The text and images depict a high level of motivation and enjoyment related to work or a task, with the character celebrating a successful outcome.

3. SELF-HARM/DEATH THOUGHTS: not shown

4. APPETITE/EATING: not shown

5. SELF-WORTH/GUILT: not shown

6. CONCENTRATION/THINKING: The first panel shows the character intently focused on a computer screen, indicating a state of concentration.

7. SLEEP: not shown

CONTEXT: This is a meme using the anime character Izuku Midoriya to humorously express the intense joy one feels after completing work."
TE-535.jpg,UNIVERSAL_HUMAN,"[0,0,0,0,0,0,1]","1. MOOD/EMOTIONAL STATE: The character's wide eyes, dark circles, and strained smile convey an intense, manic state of obsessive curiosity and determination.

2. MOTIVATION/INTEREST: The person is highly motivated to continue watching anime to resolve a suspenseful plot point, showing an obsessive interest rather than a lack thereof.

3. SELF-HARM/DEATH THOUGHTS: not shown

4. APPETITE/EATING: not shown

5. SELF-WORTH/GUILT: not shown

6. CONCENTRATION/THINKING: The person is intensely hyper-focused on obtaining ""answers"" from the anime plot, indicating a single-minded obsession.

7. SLEEP: The text explicitly states it is 2 AM and the person declares, ""I don't need sleep,"" indicating a deliberate choice to stay awake.

CONTEXT: This is a relatable internet meme using an anime reaction image to depict the common experience of binge-watching a show late at night due to a cliffhanger."
TE-536.jpg,UNIVERSAL_HUMAN,"[0,0,0,0,0,0,0]","1. MOOD/EMOTIONAL STATE: The text describes a state of constant mental activity, which could imply restlessness or anxiety, but no specific emotion is explicitly stated.

2. MOTIVATION/INTEREST: not shown

3. SELF-HARM/DEATH THOUGHTS: not shown

4. APPETITE/EATING: not shown

5. SELF-WORTH/GUILT: not shown

6. CONCENTRATION/THINKING: The phrase ""My mind just keeps running"" directly describes racing thoughts or overthinking.

7. SLEEP: not shown

CONTEXT: This is a text-based meme in Hindi using a simple statement to express the relatable experience of having a busy or racing mind."
TE-537.jpg,UNIVERSAL_HUMAN,"[1,0,0,0,1,0,0]","1. MOOD/EMOTIONAL STATE: The text explicitly states the person is in ""deep depression.""

2. MOTIVATION/INTEREST: The text mentions being ""not in a condition to do anything,"" indicating a lack of motivation or ability to act.

3. SELF-HARM/DEATH THOUGHTS: not shown

4. APPETITE/EATING: not shown

5. SELF-WORTH/GUILT: The anxiety persona expresses the feeling that if nothing is done, the person is ""completely useless,"" indicating feelings of worthlessness.

6. CONCENTRATION/THINKING: not shown

7. SLEEP: not shown

CONTEXT: This is a meme using a photo of musicians Robert Smith and David Bowie to personify the conflicting internal voices of depression and anxiety."
TE-538.jpg,UNIVERSAL_HUMAN,"[1,0,0,0,0,0,1]","1. MOOD/EMOTIONAL STATE: The image depicts distress and psychological pain, represented by the character being hit by a hammer labeled ""memories of old insults.""

2. MOTIVATION/INTEREST: not shown

3. EXISTENTIAL/EMOTIONAL INTENSITY: The visual of being struck by a large hammer illustrates the intense and overwhelming nature of intrusive negative memories.

4. APPETITE/EATING: not shown

5. SELF-WORTH/GUILT: The reference to ""memories of old insults"" suggests feelings of shame, embarrassment, or diminished self-worth related to past events.

6. CONCENTRATION/THINKING: The image shows uncontrollable, intrusive thoughts (memories) disrupting the character's mental state.

7. SLEEP: The text explicitly states the character is ""trying to sleep,"" and the visual shows this attempt being violently interrupted, indicating sleep disruption or insomnia.

CONTEXT: This is a meme using a stock illustration and Hindi text to humorously depict the relatable experience of past embarrassing memories keeping a person awake."
TE-539.jpg,UNIVERSAL_HUMAN,"[1,0,0,0,1,0,0]","Based on the image provided, here is the analysis for each area:

1.  **MOOD/EMOTIONAL STATE:** The green figure initially appears smiling and avoidant, but shows fear and distress in the final panel. The character trying to help shows increasing frustration, ending in anger.
2.  **MOTIVATION/INTEREST:** The green figure actively avoids the ""solution"" (उपाय) being offered, suggesting a lack of motivation or willingness to accept help.
3.  **EXISTENTIAL/EMOTIONAL INTENSITY:** The final panel depicts a gun being held to the green figure's head to force them to accept the ""solution,"" showing extreme coercion and a threat of violence.
4.  **APPETITE/EATING:** Not shown.
5.  **SELF-WORTH/GUILT:** Not shown.
6.  **CONCENTRATION/THINKING:** Not shown.
7.  **SLEEP:** Not shown"
TE-54.jpg,UNIVERSAL_HUMAN,"[0,0,0,0,0,0,0]","1. MOOD/EMOTIONAL STATE: The text expresses a sense of being mentally overwhelmed, distressed, or exhausted, leading to a desire for relief from one's own thoughts.

2. MOTIVATION/INTEREST: Not shown.

3. EXISTENTIAL/EMOTIONAL INTENSITY: The wish for an ""off switch"" for the brain depicts a strong desire to escape or stop one's conscious mental processes due to perceived burden or intensity.

4. APPETITE/EATING: Not shown.

5. SELF-WORTH/GUILT: Not shown.

6. CONCENTRATION/THINKING: The text directly references the ""brain"" and the desire to turn it off, implying a struggle with uncontrollable, racing, or overwhelming thoughts.

7. SLEEP: Not shown.

CONTEXT: This is a text-based image, likely a social media post, sharing a relatable quote in Hindi and English about mental exhaustion."
TE-541.jpg,UNIVERSAL_HUMAN,"[0,0,0,0,1,0,0]","1. MOOD/EMOTIONAL STATE: The image of SpongeBob shows intense anger, frustration, and annoyance. The text describes a reaction to being confronted with one's own mistakes, which aligns with these expressed emotions.

2. MOTIVATION/INTEREST: not shown

3. SELF-HARM/DEATH THOUGHTS: not shown

4. APPETITE/EATING: not shown

5. SELF-WORTH/GUILT: The text mentions the therapist making the person realize their ""own mistakes,"" which implies feelings of guilt or self-blame are being triggered.

6. CONCENTRATION/THINKING: not shown

7. SLEEP: not shown

CONTEXT: This is a reaction meme using a SpongeBob SquarePants still to humorously depict the frustration of being confronted with one's own faults during therapy."
TE-542.jpg,UNIVERSAL_HUMAN,"[0,1,0,0,0,0,0]","1. MOOD/EMOTIONAL STATE: The image depicts a rapid shift from a brief burst of ""motivation"" to a state of defeat, as the subject is quickly overcome by their ""depression.""

2. MOTIVATION/INTEREST: The text describes a sudden, short-lived burst of ""motivation"" at 3 AM that dissipates after only ""5 seconds,"" highlighting a difficulty in maintaining drive.

3. EXISTENTIAL/EMOTIONAL INTENSITY: The meme visualizes an internal battle where the user is quickly defeated by their ""depression,"" suggesting a sense of being overpowered by their mental health condition.

4. APPETITE/EATING: not shown.

5. SELF-WORTH/GUILT: not shown.

6. CONCENTRATION/THINKING: not shown.

7. SLEEP: The reference to being awake and motivated at ""3 AM"" indicates an unusual sleep schedule or insomnia.

CONTEXT: This is a meme using a humorous ""before and after"" format to depict the relatable struggle of a fleeting burst of motivation at an odd hour being quickly overcome by depression."
TE-543.jpg,UNIVERSAL_HUMAN,"[0,0,0,0,0,0,0]","1. MOOD/EMOTIONAL STATE: The text describes a state of inner turmoil or distress (""storm in the heart"") that is hidden behind an outwardly happy facade (""smile on the face""). This suggests masked anguish or emotional conflict.
2. MOTIVATION/INTEREST: not shown
3. SELF-HARM/DEATH THOUGHTS: not shown
4. APPETITE/EATING: not shown
5. SELF-WORTH/GUILT: not shown
6. CONCENTRATION/THINKING: not shown
7. SLEEP: not shown

CONTEXT: This is a social media post featuring a Hindi quote that poetically captures the common experience of concealing one's inner struggles from the world."
TE-544.jpg,UNIVERSAL_HUMAN,"[0,0,0,0,0,0,0]",
TE-545.jpg,UNIVERSAL_HUMAN,"[0,0,0,1,0,0,0]",
TE-547.jpg,UNIVERSAL_HUMAN,"[1,0,0,0,0,0,0]","1. MOOD/EMOTIONAL STATE: The text explicitly mentions ""depression"". The meme expresses frustration with the emptiness of the phrase ""everything will be fine"" when someone is depressed.
2. MOTIVATION/INTEREST: not shown
3. SELF-HARM/DEATH THOUGHTS: not shown
4. APPETITE/EATING: not shown
5. SELF-WORTH/GUILT: not shown
6. CONCENTRATION/THINKING: not shown
7. SLEEP: not shown

CONTEXT: The image is a meme that uses a visual metaphor of a useless drain to comment on the unhelpfulness of common platitudes about depression."
TE-548.jpg,UNIVERSAL_HUMAN,"[1,0,0,0,1,0,1]","1. MOOD/EMOTIONAL STATE: The character Squidward is depicted with wide, red, bloodshot eyes, conveying a state of distress, anxiety, and anguish. The text suggests this is due to dwelling on a past mistake.

2. MOTIVATION/INTEREST: Not shown.

3. EXISTENTIAL/EMOTIONAL INTENSITY: The image shows intense emotional distress and rumination over a past event, keeping the person awake at night.

4. APPETITE/EATING: Not shown.

5. SELF-WORTH/GUILT: The text ""सालों पुरानी वो गलती जब मैं नासमझ बच्चा था"" (That years-old mistake when I was an ignorant child) indicates feelings of guilt and regret over a past action.

6. CONCENTRATION/THINKING: The image depicts the person's inability to stop thinking about a past mistake, showing rumination and intrusive thoughts that prevent sleep.

7. SLEEP: The text ""मैं रात के 3 बजे"" (Me at 3 AM) and the visual of the character awake in bed with tired eyes clearly indicate insomnia and disrupted sleep.

CONTEXT: The image is a SpongeBob SquarePants meme illustrating the common experience of being kept awake at night by regretful memories."
TE-55.jpg,UNIVERSAL_HUMAN,"[0,0,0,1,1,0,0]","1. MOOD/EMOTIONAL STATE: The character is depicted with tears streaming down its face, indicating sadness or distress, yet it also has a small smile, suggesting a complex or contradictory emotion like smiling through pain.

2. MOTIVATION/INTEREST: not shown

3. SELF-HARM/DEATH THOUGHTS: not shown

4. APPETITE/EATING: The character is holding its belly, which appears round or distended; this gesture could be interpreted as related to eating, fullness, or discomfort in the stomach area.

5. SELF-WORTH/GUILT: not shown

6. CONCENTRATION/THINKING: not shown

7. SLEEP: not shown

CONTEXT: This is a minimalist line-art meme format, often used as a reaction image to convey a specific, relatable mood or current situation, as indicated by the Hindi text ""फिलहाल"" (currently)."
TE-551.jpg,UNIVERSAL_HUMAN,"[0,0,0,0,0,0,0]",
TE-552.jpg,UNIVERSAL_HUMAN,"[0,0,0,0,0,1,0]","1. MOOD/EMOTIONAL STATE: The images show intense focus, concentration, and a sense of mental strain or confusion.

2. MOTIVATION/INTEREST: not shown

3. SELF-HARM/DEATH THOUGHTS: not shown

4. APPETITE/EATING: not shown

5. SELF-WORTH/GUILT: not shown

6. CONCENTRATION/THINKING: The meme humorously depicts extreme difficulty with memory and concentration, specifically the struggle to recall a name just after hearing it. The figures are shown in deep, almost desperate, thought.

7. SLEEP: not shown

CONTEXT: This is a relatable internet meme using classical art paintings to exaggerate a common memory lapse."
TE-553.jpg,UNIVERSAL_HUMAN,"[0,1,0,0,0,0,0]","1. MOOD/EMOTIONAL STATE: The image and text express extreme weariness, exhaustion, boredom, or a feeling of being completely ""fed up"" and drained.

2. MOTIVATION/INTEREST: The statement ""I am fed up"" suggests a complete loss of motivation or interest in continuing with the current situation.

3. SELF-HARM/DEATH THOUGHTS: Not shown.

4. APPETITE/EATING: Not shown.

5. SELF-WORTH/GUILT: Not shown.

6. CONCENTRATION/THINKING: Not shown.

7. SLEEP: The character's shriveled appearance and bulging, bloodshot eyes strongly imply severe fatigue or exhaustion, suggesting a lack of rest.

CONTEXT: This is a reaction meme using a distorted SpongeBob image and Hindi text to humorously express being extremely exhausted or done with something."
TE-554.jpg,UNIVERSAL_HUMAN,"[0,0,0,0,0,0,1]","1. MOOD/EMOTIONAL STATE: The person explicitly states they are feeling ""very tired."" The visuals depict stress followed by explosive anger and frustration in response to receiving advice.

2."
TE-555.jpg,UNIVERSAL_HUMAN,"[0,0,0,1,1,0,0]","CONTEXT: This is a Hindi internet meme using a humorous reaction image to comment on weight gain experienced during COVID-19 lockdowns.

1. MOOD/EMOTIONAL STATE: The creature in the image has large, sad eyes and a slumped posture, expressing dismay or resignation.

2. MOTIVATION/INTEREST: Not shown.

3. SELF-HARM/DEATH THOUGHTS: Not shown.

4. APPETITE/EATING: The text reference to a ""'lockdown body'"" and the creature's chubby appearance imply weight gain, likely due to changes in eating habits during lockdown.

5. SELF-WORTH/GUILT: The meme indicates a negative self-evaluation or feeling self-"
TE-556.jpg,UNIVERSAL_HUMAN,"[0,0,0,0,0,1,0]","1. MOOD/EMOTIONAL STATE: The text describes a state of mental absence or blankness rather than a specific emotion like sadness. The Minion character's expression is ambiguous, appearing slightly confused or blank.

2. MOTIVATION/INTEREST: not shown

3. SELF-HARM/DEATH THOUGHTS: not shown

4. APPETITE/EATING: not shown

5. SELF-WORTH/GUILT: not shown

6. CONCENTRATION/THINKING: The text explicitly highlights severe issues with focus, stating the mind doesn't just wander but sometimes ""completely disappears.""

7. SLEEP: not shown

CONTEXT: This is a common ""Minion meme"" format using the"
TE-557.jpg,UNIVERSAL_HUMAN,"[1,0,0,0,0,0,0]","1. MOOD/EMOTIONAL STATE: The text describes intense acute distress, specifically having a ""panic attack,"" ""crying,"" and ""breaking down."" The final image expresses shock or surprise that the situation improved.

2. MOTIVATION/INTEREST: not shown

3. SELF-HARM/DEATH THOUGHTS: not shown

4. APPETITE/EATING: not shown

5. SELF-WORTH/GUILT: not shown

6. CONCENTRATION/THINKING: not shown

7. SLEEP: not shown

CONTEXT: This uses the well-known ""Surprised Pikachu"" reaction image"
TE-558.jpg,UNIVERSAL_HUMAN,"[1,1,0,0,0,0,0]",
TE-559.jpg,UNIVERSAL_HUMAN,"[0,1,0,0,0,0,0]","1. MOOD/EMOTIONAL STATE: The person explicitly states they are ""getting bored"". The final panel shows a face expressing a strange sense of satisfaction or relief.

2. MOTIVATION/INTEREST: The person lacks interest in the class they are attending. They are motivated only to find a small sensory distraction from their boredom.

3. SELF-HARM/DEATH THOUGHTS: not shown

4. APPETITE/EATING: not"
TE-56.jpg,UNIVERSAL_HUMAN,"[1,0,0,0,0,0,0]","1. MOOD/EMOTIONAL STATE: The text explicitly states the person is ""very depressed"". The character shown has a sad, downcast expression.

2. MOTIVATION/INTEREST: The desire to ""hide in a blanket"" suggests a lack of motivation to face the outside world and a wish to withdraw.

3. SELF-HARM/DEATH THOUGHTS: not shown

4. APPETITE/EATING: not shown

5. SELF-WORTH/GUILT: not shown

6. CONCENTRATION/THINKING: not shown

7. SLEEP: The mention of wanting to hide in a blanket could be related to bed or rest, but no specific sleep disturbances are mentioned.

CONTEXT: This is a meme using an anime reaction image and Hindi/English text to humorously express the conflict between a depressive coping mechanism (hiding under a blanket) and the reality of hot weather."
TE-560.jpg,UNIVERSAL_HUMAN,"[0,1,0,0,0,0,0]","1. MOOD/EMOTIONAL STATE: The character's expression, head tilt, and the steam coming from its head express frustration, annoyance, and being overwhelmed or fed up.

2. MOTIVATION/INTEREST: The Hindi text ""पकाऊ"" translates to ""boring"" or ""irritating,"" indicating a clear lack of interest and a feeling of being bored by something or someone.

3. SELF-HARM/DEATH THOUGHTS: not shown

4. APPETITE/EATING: not shown

5. SELF-WORTH/GUILT: not shown

6. CONCENTRATION/THINKING: The steam rising from the character's head is a visual metaphor for mental exhaustion or having one's brain ""fried"" from boredom or irritation.

7. SLEEP: not shown

CONTEXT: This is a reaction meme using a still from the movie ""The Boss Baby"" combined with Hindi slang to express being extremely bored or annoyed."
TE-561.jpg,UNIVERSAL_HUMAN,"[1,0,0,0,0,0,0]",1. MO
TE-562.jpg,UNIVERSAL_HUMAN,"[0,0,0,0,0,0,0]","1. MOOD/EMOTIONAL STATE: The text expresses frustration and mental stress through the idiom ""दिमाग का दही होना,"" which signifies being mentally exhausted, irritated, or overwhelmed.

2. MOTIVATION/INTEREST: not shown

3. SELF-HARM/DEATH THOUGHTS: not shown

4. APPETITE/EATING: The text mentions a wish to ""lose weight,"" indicating a concern with body weight, but does not specify any eating habits.

5. SELF-WORTH/GUILT: not shown

6. CONCENTRATION/THINKING: The idiom ""दिमाग का दही होना"" implies a state of mental confusion, chaos, or an inability to think clearly due to stress.

7. SLEEP: not shown

CONTEXT: This is a text-based meme using a common Hindi idiom to humorously contrast the difficulty of weight loss with how easily one can become mentally stressed."
TE-563.jpg,UNIVERSAL_HUMAN,"[1,1,0,0,0,0,0]","1. MOOD/EMOTIONAL STATE: The text describes the feeling of being overwhelmed by a ""new emotional problem"" and explicitly uses the word ""depressing,"" suggesting weariness and a low emotional state.

2. MOTIVATION/INTEREST: The meme directly states a lack of ""energy, or motivation"" to deal with problems and mentions not being ""in the mood to do anything.""

3. SELF-HARM/DEATH THOUGHTS: not shown

4. APPETITE/EATING: not shown

5. SELF-WORTH/GUILT: not shown

6. CONCENTRATION/THINKING: not shown

7. SLEEP: not shown

CONTEXT: This is a meme format that uses relatable text over an image to express the common feeling of being emotionally drained and lacking motivation."
TE-564.jpg,UNIVERSAL_HUMAN,"[0,0,0,0,0,0,0]","CONTEXT: This is a text-based meme using Hinglish (a blend of Hindi and English) slang to express a relatable struggle with mental exhaustion and anxiety.

1. MOOD/EMOTIONAL STATE: The text expresses"
TE-565.jpg,UNIVERSAL_HUMAN,"[0,0,0,0,0,0,1]","CONTEXT: This is a reaction meme using a still of Michael Scott from *The Office* paired with Hindi text to humorously express a relatable struggle with nighttime anxiety and insomnia.

1. MOOD/EMOTIONAL STATE: The text explicitly states the person experienced ""anxiety"" for several hours during the night. The visual shows a weary, distressed, or overwhelmed expression.

2. MOTIVATION/INTEREST: not shown

3. SELF-HARM/"
TE-566.jpg,UNIVERSAL_HUMAN,"[0,0,0,0,0,0,0]","1. MOOD/EMOTIONAL STATE: The tone is humorous and sarcastic, exaggerating a hobby into a medical issue for comedic effect. It does not express genuine distress or sadness.

2. MOTIVATION/INTEREST: The image implies a very high level of interest"
TE-567.jpg,UNIVERSAL_HUMAN,"[1,0,0,0,0,0,1]","1. MOOD/EMOTIONAL STATE: The text explicitly states the person is ""बहुत परेशान"" (very troubled) and mentions ""Anxiety और Depression,"" indicating distress and a low emotional state. The desire to isolate suggests sadness or hopelessness.

2. MOTIVATION/INTEREST: The advice from anxiety and depression to ""सब से कट जा"" (cut yourself off from everyone) shows a loss of interest in social connection and a lack of motivation to seek help, despite an initial thought to do so.

3. SELF-HARM/DEATH THOUGHTS: not shown

4. APPETITE/EATING: not shown

5. SELF-WORTH/GUILT: not shown

6. CONCENTRATION/THINKING: not shown

7. SLEEP: The text explicitly mentions sleep as a coping mechanism or escape, with the advice to ""चुपचाप सो जा"" (quietly go to sleep) as a way to deal with being troubled.

CONTEXT: This meme uses the ""Evil Kermit"" format to illustrate the internal conflict between a person's rational thought to seek support and the isolating, negative inner voice of anxiety and depression."
TE-568.jpg,UNIVERSAL_HUMAN,"[0,0,0,0,0,0,0]","1. MOOD/EMOTIONAL STATE: The image conveys a sense of anguish, being trapped, and being overwhelmed by one's own mind.

2. MOTIVATION/INTEREST: Not shown.

3. EXISTENTIAL/EMOTIONAL INTENSITY: The visual of the brain forming a noose around the neck is a powerful metaphor for extreme distress, feeling trapped by one's thoughts, and potentially suicidal ideation. The text reinforces that thoughts are the biggest source of trouble.

4. APPETITE/EATING: Not shown.

5. SELF-WORTH/GUILT: The text attributes the greatest trouble to ""your own thoughts,"" which could imply an internal struggle or self-blame, but doesn't explicitly state guilt or worthlessness.

6. CONCENTRATION/THINKING: The image and text focus on the overwhelming and troubling nature of one's own thoughts, suggesting difficulty in controlling or escaping negative thinking patterns.

7. SLEEP: Not shown.

CONTEXT: This is a quote card from a mental health publication, using a powerful visual metaphor and Hindi text to illustrate the destructive power of negative thinking."
TE-569.jpg,UNIVERSAL_HUMAN,"[0,0,0,1,0,0,0]",
TE-57.jpg,UNIVERSAL_HUMAN,"[1,0,0,0,0,0,0]","1. MOOD/EMOTIONAL STATE: The text expresses sadness and loneliness (""celebrating my birthday alone""). The visual imagery shows a man with a dejected, lonely, and flat affect.
2. MOTIVATION/INTEREST: The images depict the person sitting or standing idly in various settings, suggesting a lack of motivation or interest in engaging with the environment or celebrating.
3. EXISTENTIAL/EMOTIONAL INTENSITY: The statement ""because no one cares about me"" conveys a strong feeling of social isolation and hopelessness regarding relationships.
4. APPETITE/EATING: not shown
5. SELF-WORTH/GUILT: The text explicitly states a feeling of being uncared for (""no one cares about me""), which reflects low self-worth and a sense of being unimportant to others.
6. CONCENTRATION/THINKING: not shown
7. SLEEP: not shown

CONTEXT: This is a ""Sad Pablo Escobar"" meme template used to convey loneliness, here specifically adapted with Hindi text about spending a birthday alone."
TE-570.jpg,UNIVERSAL_HUMAN,"[1,0,0,0,0,0,0]","1. MOOD/EMOTIONAL STATE: The image shows cats yawning, which can be associated with tiredness or boredom, but no clear human emotional state like sadness or anguish is depicted.

2. MOTIVATION/INTEREST: Not shown.

3. EXISTENTIAL/EMOTIONAL INTENSITY: Not shown.

4. APPETITE/EATING: Not shown.

5. SELF-WORTH/GUILT: Not shown.

6. CONCENTRATION/THINKING: Not shown.

7. SLEEP: The yawning shown in the first and third panels is a behavior directly related to sleepiness or waking up.

CONTEXT: This is a meme using cats to humorously illustrate the physics concepts of potential and kinetic energy."
TE-571.jpg,UNIVERSAL_HUMAN,"[1,0,1,1,1,0,0]",
TE-572.jpg,UNIVERSAL_HUMAN,"[1,0,0,0,0,0,1]","1. MOOD/EMOTIONAL STATE: The text explicitly states the person is experiencing ""depression"" and is ""depressed"".

2. MOTIVATION/INTEREST: The act of sleeping is described as a way to ""escape"", suggesting a lack of motivation to face reality or engage in other activities.

3. EXISTENTIAL/EMOTIONAL INTENSITY: The meme depicts a cycle of hopelessness where sleep is used as an escape, but the depression persists upon waking.

4. APPETITE/EATING: not shown

5. SELF-WORTH/GUILT: not shown

6. CONCENTRATION/THINKING: not shown

7. SLEEP: The meme centers on sleep being used as a coping mechanism to avoid depression, implying hypersomnia or using sleep to withdraw.

CONTEXT: This is a two-panel internet meme using a cat picture and Hindi text to humorously relate the experience of depression and oversleeping."
TE-573.jpg,UNIVERSAL_HUMAN,"[0,0,0,1,0,0,0]","1. MOOD/EMOTIONAL STATE: The character initially appears happy and hopeful, but in the second panel, they express distress and anxiety (sweating) while being held back.
2. MOTIVATION/INTEREST: The character shows a clear motivation to reach the ""recovery from eating disorder"" balloon, but is hindered by the pain of eating.
3. EXISTENTIAL/EMOTIONAL INTENSITY: The image depicts a significant struggle and barrier to recovery, causing visible distress.
4. APPETITE/EATING: The text explicitly mentions ""eating disorder"" and the ""pain experienced upon eating food"" as a major obstacle.
5. SELF-WORTH/GUILT: not shown
6. CONCENTRATION/THINKING: not shown
7. SLEEP: not shown

CONTEXT: This is a meme using the ""Running Away Balloon"" template to illustrate the challenge of eating disorder recovery due to physical pain upon eating."
TE-574.jpg,UNIVERSAL_HUMAN,"[0,0,0,0,0,1,0]","1. MOOD/EMOTIONAL STATE: The text expresses a state of distress or feeling overwhelmed, indicating a sense of losing mental stability.

2. MOTIVATION/INTEREST: Not shown.

3. EXISTENTIAL/EMOTIONAL INTENSITY: The phrase depicts an intense internal"
TE-575.jpg,UNIVERSAL_HUMAN,"[0,0,0,0,0,0,0]","1. MOOD/EMOTIONAL STATE: The text expresses a sense of being overwhelmed and burdened by ""problems,"" suggesting stress and a lack of peace.

2. MOTIVATION/INTEREST: Not shown.

3. EXISTENTIAL/EMOTIONAL INTENSITY: The text describes problems as intense enough to ""forcefully wake you up,"" indicating a significant level of stress or anxiety that intrudes on rest.

4. APPETITE/EATING: Not shown.

5. SELF-WORTH/GUILT: Not shown.

6. CONCENTRATION/THINKING: Not shown.

7. SLEEP: The text explicitly mentions that ""problems"" will ""forcefully wake you up,"" indicating sleep disruption or insomnia caused by worry.

CONTEXT: This is a screenshot of a tweet in Hindi, presented as a relatable meme about the stresses that come with reaching adulthood."
TE-576.jpg,UNIVERSAL_HUMAN,"[0,0,0,0,0,0,0]",
TE-577.jpg,UNIVERSAL_HUMAN,"[1,1,1,0,0,0,0]","1. MOOD/EMOTIONAL STATE: The man's facial expression is neutral and passive in both panels. The text ""निठल्ला"" (useless/lazy) implies a negative judgment of his state in the first panel.

2. MOTIVATION/INTEREST: The man is shown engaged in passive leisure (watching TV, drinking), which is labeled as ""useless"" in the first panel, suggesting a perceived lack of productive motivation.

3. EXISTENTIAL/EMOTIONAL INTENSITY: Not shown.

4. APPETITE/EATING: The man is holding a beer bottle and a bowl, indicating the consumption of alcohol and food or snacks.

5. SELF-WORTH/GUILT: The Hindi word ""निठल्ला"" in the 2019 panel is a derogatory term implying low worth or laziness.

6. CONCENTRATION/THINKING: Not shown.

7. SLEEP: Not shown.

CONTEXT: This is a meme using a before-and-after format to humorously comment on how the perception of staying home changed from being ""lazy"" in"
TE-578.jpg,UNIVERSAL_HUMAN,"[0,0,0,1,0,0,0]","1. MOOD/EMOTIONAL STATE: The image implies distress and a disregard for self-preservation through a self-destructive choice, though specific emotions are not named.
2. MOTIVATION/INTEREST: The decision to stop eating and drinking indicates a severe lack of motivation for self-care and basic life activities.
3. EXISTENTIAL/EMOTIONAL INTENSITY: The text ""खाना-पीना छोड़ देना"" (giving up eating and drinking) depicts a form of self-harm and a potential wish to withdraw from life.
4. APPETITE/EATING: The meme explicitly shows a choice to ""खाना-पीना छोड़ देना"" (give up eating and drinking), indicating severe restriction of food intake.
5. SELF-WORTH/GUILT: not shown
6. CONCENTRATION/THINKING: The car labeled ""my brain"" is shown making an irrational and self-destructive decision, suggesting impaired judgment.
7. SLEEP: not shown

CONTEXT: This is a ""Left Exit 12 Off Ramp"" meme using Hindi text to depict a person's brain choosing self-starvation over healthy eating."
TE-579.jpg,UNIVERSAL_HUMAN,"[1,1,0,0,0,0,0]","1. MOOD/EMOTIONAL STATE: The text ""I am fine, stop asking"" suggests a facade of wellness covering underlying sadness, emptiness, or a desire for isolation. The somber, black and white visual reinforces a melancholic or flat mood.

2. MOTIVATION/INTEREST: The explicit request to ""stop asking"" indicates a lack of interest in social interaction or discussing their well-being, showing social withdrawal.

3. EXISTENTIAL/EMOTIONAL INTENSITY: The content depicts a wish to withdraw from social connection and hide one's true feelings, but does not explicitly express extreme hopelessness or self-harm.

4. APPETITE/EATING: not shown.

5. SELF-WORTH/GUILT: not shown.

6. CONCENTRATION/THINKING: not shown.

7. SLEEP: not shown.

CONTEXT: This is a ""sadpost"" meme format using a black and white film still with Hindi text to express a feeling of emotional withdrawal."
TE-58.jpg,UNIVERSAL_HUMAN,"[1,0,0,0,0,0,0]",
TE-580.jpg,UNIVERSAL_HUMAN,"[0,0,0,1,0,0,0]","1. MOOD/EMOTIONAL STATE: The character in the bottom panel appears distressed and conflicted, reflecting the internal struggle described by the text.

2. MOTIVATION/INTEREST: The motivation to celebrate is presented solely as an opportunity to ""stuff myself with food,"" indicating a potential narrowing of interest towards eating.

3. EXISTENTIAL/EMOTIONAL INTENSITY: The phrase ""die of hunger"" is used hyperbolically to express a strong emotional aversion to not eating.

4. APPETITE/EATING: The meme explicitly centers on eating, contrasting the extreme options of stuffing oneself (""ठूस-ठूस के खाऊँ"") versus starving (""भूखा मरूँ"") due to a ""gluttonous mind.""

5. SELF-WORTH/GUILT: Not shown.

6. CONCENTRATION/THINKING: The image depicts a difficult decision-making process where the ""gluttonous mind"" is the primary influence.

7. SLEEP: Not shown.

CONTEXT: This is a meme using a ""Squid Game"" template to humor"
TE-581.jpg,UNIVERSAL_HUMAN,"[0,0,0,0,0,1,0]","1. MOOD/EMOTIONAL STATE: The character with the scribbled head appears overwhelmed or stunned, while the chaotic visual suggests inner turmoil or a state of being mentally overwhelmed.

2. MOTIVATION/INTEREST: not shown

3. EXISTENTIAL/EMOTIONAL INTENSITY: The image visually depicts an intense state of mental chaos or overload through the large, tangled scribble coming from the character's head.

4. APPETITE/EATING: not shown

5. SELF-WORTH/GUILT: not shown

6. CONCENTRATION/THINKING: The chaotic, colorful scribble emerging from the head is a clear visual metaphor for disorganized thinking, confusion, mental clutter, or a ""noisy"" brain.

7. SLEEP: not shown

CONTEXT: This is a cartoon meme using a visual metaphor to represent a chaotic or overwhelmed mental state, with Hindi text."
TE-582.jpg,UNIVERSAL_HUMAN,"[0,0,0,0,0,0,0]","1. MOOD/EMOTIONAL STATE: The user explicitly states they are completely ""burnt out"" at age 25. The tone conveys frustration, weariness, and a sense of being overwhelmed by mundane life prospects.

2. MOTIVATION/INTER"
TE-584.jpg,UNIVERSAL_HUMAN,"[0,0,0,0,0,0,1]","1. MOOD/EMOTIONAL STATE: The character depicts extreme lethargy, fatigue, and a flat, weary affect.
2. MOTIVATION/INTEREST: The pervasive tiredness suggests a lack of energy, which could imply a lack of motivation, but this is not explicitly stated.
3. EXISTENTIAL/EMOTIONAL INTENSITY: Not shown.
4. APPETITE/EATING: Not shown.
5. SELF-WORTH/GUILT: Not shown.
6. CONCENTRATION/THINKING: Not shown.
7. SLEEP: The text explicitly contrasts sleeping for ""2 hours"" versus ""12 hours,"" with the visual indicating that the feeling of extreme tiredness remains the same in both scenarios, pointing to non-restorative sleep.

CONTEXT: This is a meme using a cartoon character to humorously express the relatable struggle of feeling chronically tired regardless of sleep duration."
TE-585.jpg,UNIVERSAL_HUMAN,"[1,0,0,0,0,1,0]","1. MOOD/EMOTIONAL STATE: The text ""Not to fall apart"" as the primary plan suggests a struggle to maintain emotional stability and indicates underlying distress or feeling overwhelmed.

2. MOTIVATION/INTEREST: The only goal is to avoid breaking down, with the rest of the plan being unknown (""???""), showing a lack of motivation or interest in any other activities.

3. EXISTENTIAL/EMOTIONAL INTENSITY: The explicit goal of ""not falling apart"" implies a high level of emotional intensity and a struggle for psychological survival.

4. APPETITE/EATING: not shown

5. SELF-WORTH/GUILT: not shown

6. CONCENTRATION/THINKING: The inability to formulate a plan beyond the first point (""???"") suggests difficulty with planning, decision-making, or thinking clearly.

7. SLEEP: not shown

CONTEXT: This is a meme using a SpongeBob SquarePants template with Hindi text to express a daily struggle with mental health."
TE-587.jpg,UNIVERSAL_HUMAN,"[1,1,0,0,0,0,0]","1. MOOD/EMOTIONAL STATE: The text and image express social anxiety and a strong desire to avoid an awkward encounter, as the character is shown running away.
2. MOTIVATION/INTEREST: The motivation is to avoid a specific social interaction, indicating a lack of interest in engaging with the acquaintance from school.
3. EXISTENTIAL/EMOTIONAL INTENSITY: Not shown.
4. APPETITE/EATING: Not shown.
5. SELF-WORTH/GUILT: Not shown.
6. CONCENTRATION/THINKING: Not shown.
7. SLEEP: Not shown.

CONTEXT: This is a humorous meme using a cartoon character to illustrate the relatable experience of avoiding an acquaintance in public."
TE-59.jpg,UNIVERSAL_HUMAN,"[0,0,0,0,0,0,0]","1. MOOD/EMOTIONAL STATE: The text expresses a deep sense of weariness and exhaustion, with the speaker stating they are tired of ""everything.""

2. MOTIVATION/INTEREST: Being tired of ""everything"" suggests a generalized lack of interest or motivation to engage with any aspect of life.

3. EXISTENTIAL/EMOTIONAL INTENSITY: The statement of being tired from ""everything"" depicts a profound, all-encompassing weariness with life.

4. APPETITE/EATING: Not shown.

5. SELF-WORTH/GUILT: Not shown.

6. CONCENTRATION/THINKING: Not shown.

7. SLEEP: The text explicitly mentions being ""very tired,"" indicating a state of fatigue, though specific sleep patterns are not detailed.

CONTEXT: This is a photograph of a short, printed dialogue in Hindi, likely from a book, expressing a sentiment of overwhelming exhaustion."
TE-590.jpg,UNIVERSAL_HUMAN,"[0,0,0,0,0,0,0]","1. MOOD/EMOTIONAL STATE: The text describes a struggle to wake up, but does not explicitly state a specific mood like sadness or emptiness.
2. MOTIVATION/INTEREST: The repeated desire for ""just 5 minutes more"" of sleep suggests a lack of motivation to get out of bed and start the day.
3. EXISTENTIAL/EMOTIONAL INTENSITY: Not shown.
4. APPETITE/EATING: Not shown.
5. SELF-WORTH/GUILT: The final line expresses guilt or the need to apologize (""Sorry I'm late"") for the consequences of oversleeping.
6. CONCENTRATION/THINKING: Not shown.
7. SLEEP: The tweet directly depicts a struggle with waking up, repeatedly snoozing an alarm, and oversleeping, indicating difficulty with sleep-wake routines.

CONTEXT: This is a humorous, relatable tweet about the common experience of hitting the snooze button and being late."
TE-592.jpg,UNIVERSAL_HUMAN,"[0,1,0,0,0,0,0]","Here is an analysis of the image based on the specified areas:

1.  **MOOD/EMOTIONAL STATE:** The text and image convey boredom, weariness, and dissatisfaction with one's job. The subject's facial expression is pensive and unenthusiastic.
2.  **MOTIVATION/INTEREST:** The text explicitly mentions being ""Bored With Your Dead-End Job,"" indicating a clear lack of interest and motivation related to work.
3.  **EXISTENTIAL/EMOTIONAL INTENSITY:** The phrase ""Dead-End Job"" suggests a feeling of stagnation and a lack of future prospects, but it does not depict extreme hopelessness or a wish to withdraw from life.
4.  **APPETITE/EATING:** not shown
5.  **SELF-WORTH/GUILT:** not shown
6.  **CONCENTRATION/THINKING:** The implied action of constantly watching the clock suggests a difficulty in focusing on work tasks due to boredom.
7.  **SLEEP:** not shown

**CONTEXT:** This is a meme using a photo of Tupac Shakur and bilingual text to humorously express the relatable feeling of boredom and impatience at a ""dead-end job."""
TE-593.jpg,UNIVERSAL_HUMAN,"[0,0,0,1,0,0,0]",
TE-594.jpg,UNIVERSAL_HUMAN,"[0,0,0,0,0,0,0]","1. MOOD/EMOTIONAL STATE: The text describes a distressing and irreversible loss of one's mental faculties, suggesting a somber or hopeless mood.
2. MOTIVATION/INTEREST: Not shown.
3. EXISTENTIAL/EMOTIONAL INTENSITY: The quote highlights the fear of permanently losing one's mind, indicating a significant existential concern about mental decline.
4. APPETITE/EATING: Not shown.
5. SELF-WORTH/GUILT: Not shown.
6. CONCENTRATION/THINKING: The text directly addresses the loss of the ""mind,"" which implies difficulties with thinking, cognition, or maintaining sanity.
7. SLEEP: Not shown.

CONTEXT: The image is a picture quote format sharing a Hindi translation of an observation attributed to author Bill Bryson."
TE-596.jpg,UNIVERSAL_HUMAN,"[0,0,0,0,0,0,1]","1. MOOD/EMOTIONAL STATE: The image and text convey a state of extreme fatigue and lethargy, with the character yawning and stretching.

2. MOTIVATION/INTEREST: The desire for another nap immediately after a long sleep suggests a lack of energy or motivation to be active.

3. EXISTENTIAL/EMOTIONAL INTENSITY: Not shown.

4. APPETITE/EATING: Not shown.

5. SELF-WORTH/GUILT: Not shown.

6. CONCENTRATION/THINKING: Not shown.

7. SLEEP: The text explicitly mentions sleeping for 12 hours and still needing a nap, indicating excessive sleepiness or non-restorative sleep.

CONTEXT: This is a meme using a still from the Snow White movie with Hindi text to humorously express the feeling of still being tired after a long sleep."
TE-597.jpg,UNIVERSAL_HUMAN,"[0,0,0,0,0,0,0]","Based on the image provided, here is the analysis for each area:

1.  **MOOD/EMOTIONAL STATE:** The text ""बस अब सोने दो"" (Just let me sleep now) conveys a sense of exhaustion, weariness, or a strong desire to withdraw and rest.
2.  **MOTIVATION/INTEREST:** The explicit wish to just sleep suggests a lack of motivation or interest in engaging with anything else at the moment.
3.  **EXISTENTIAL/EMOTIONAL INTENSITY:** The plea to be left alone to sleep can be interpreted as a wish to withdraw from wakefulness or escape current circumstances.
4.  **APPETITE/EATING:** not shown
5.  **SELF-WORTH/GUILT:** not shown
6.  **CONCENTRATION/THINKING:** not shown
7.  **SLEEP:** The text directly references sleep, expressing a strong desire or need to sleep, which could indicate fatigue or sleep as a coping mechanism."
TE-598.jpg,UNIVERSAL_HUMAN,"[0,0,0,0,0,0,0]","1. MOOD/EMOTIONAL STATE: The image expresses a strong desire for rest and relief, suggesting a state of fatigue or tiredness.

2. MOTIVATION/INTEREST: Not shown.

3. EXISTENTIAL/EMOTIONAL INTENSITY: Not shown.

4. APPETITE/EATING: Not shown.

5. SELF-WORTH/GUILT: Not shown.

6. CONCENTRATION/THINKING: Not shown.

7. SLEEP: The text explicitly states a wish for deep, long, and carefree sleep, comparing it to that of a ""teenager"" on ""summer vacation break,"" implying their current sleep is not satisfying.

CONTEXT: This is a bilingual text-based meme format using English and Hindi to express a relatable wish for better sleep."
TE-599.jpg,UNIVERSAL_HUMAN,"[0,0,0,0,0,0,0]","1. MOOD/EMOTIONAL STATE: The text ""सुबह का पहला thought: 'नहीं यार'"" (First thought of the morning: 'No man') expresses a mood of reluctance, dread, or lack of enthusiasm for the day ahead.

2. MOTIVATION/INTEREST: The immediate negative reaction to waking up indicates a lack of motivation or willingness to start the day's activities.

3. EXISTENTIAL/EMOTIONAL INTENSITY: The content depicts a common feeling of dread about waking up, but does not show extreme hopelessness or references to self-harm.

4. APPETITE/EATING: not shown

5. SELF-WORTH/GUILT: not shown

6. CONCENTRATION/THINKING: not shown

7. SLEEP: The image depicts the struggle of waking up to an alarm, which may imply fatigue or a desire to continue sleeping, but does not explicitly mention a sleep disorder.

CONTEXT: This is a meme using a stock photo and Hindi/English text to express the relatable feeling of not wanting to wake up in the morning."
TE-6.jpg,UNIVERSAL_HUMAN,"[0,0,0,0,0,0,1]","1. MOOD/EMOTIONAL STATE: The text expresses extreme anger and aggression, culminating in a violent threat directed at an unknown person.

2. MOTIVATION/INTEREST: Not shown.

3. EXISTENTIAL/EMOTIONAL INTENSITY: The content depicts intense outward aggression and a specific threat of physical violence (""I swear I will break your face"").

4. APPETITE/EATING"
TE-60.jpg,UNIVERSAL_HUMAN,"[0,0,1,0,0,0,0]","1. MOOD/EMOTIONAL STATE: The image shows physical evidence of self-harm and the text expresses self-hatred and a feeling of inadequacy, indicating anguish and deep sadness.
2. MOTIVATION/INTEREST: not shown
3. EXISTENTIAL/EMOTIONAL INTENSITY: The image depicts recent cuts on a forearm, a clear reference to harming oneself, accompanied by text expressing strong self-hatred.
4. APPETITE/EATING: not shown
5. SELF-WORTH/GUILT: The text ""मुझे नफ़रत है कि मैं कभी 'काफ़ी' नहीं होता।"" translates to ""I hate that I am never 'enough',"" directly expressing feelings of worthlessness and self-blame.
6. CONCENTRATION/THINKING: not shown
7. SLEEP: not shown

CONTEXT: This is a photograph of self-harm with superimposed Hindi text, likely shared online to express personal distress."
TE-600.jpg,UNIVERSAL_HUMAN,"[1,0,0,0,0,0,1]","1. MOOD/EMOTIONAL STATE: The image explicitly labels ""Depression"", ""Anxiety"", ""Existential dread"", ""रोना"" (crying), and ""अकेलापन"" (loneliness), indicating a state of significant emotional distress, sadness, and isolation. The phrase ""बस थकान है"" (it's just tiredness) is presented as a mask for these deeper issues.

2. MOTIVATION/INTEREST: Not shown.

3. EXISTENTIAL/EMOTIONAL INTENSITY: The inclusion of ""Existential dread"" suggests a deep-seated questioning of life or meaning, contributing to a sense of being overwhelmed.

4. APPETITE/EATING: Not shown.

5. SELF-WORTH/GUILT: Not shown.

6. CONCENTRATION/THINKING: Not shown.

7. SLEEP: ""Insomnia"" is explicitly listed as one of the underlying issues. The main text ""बस थकान है"" (it's just tiredness) also directly refers to fatigue.

CONTEXT: This is a meme using a SpongeBob SquarePants template to illustrate how"
TE-601.jpg,UNIVERSAL_HUMAN,"[0,0,0,1,1,0,0]","1. **MOOD/EMOTIONAL STATE:** The text asks a morbid question about the weight of the user's ""corpse,"" which is a dark and potentially distressing theme.

2. **MOTIVATION/INTEREST:** Not shown.

3. **EXISTENTIAL/EMOTIONAL INTENSITY:** The image contains a direct reference to the user's own death with the question ""Exactly how much does your corpse weigh?"".

4. **APPETITE/EATING:** Not shown.

5. **SELF-WORTH/GUILT:** The label ""skeleton"" under the weight readout could imply a morbid self-perception, but it does not explicitly express guilt or worthlessness.

6. **CONCENTRATION/THINKING:** Not shown.

7. **SLEEP:** Not shown.

**CONTEXT:** This is a screenshot from a mobile game or quiz app that uses dark humor or morbid themes."
TE-603.jpg,UNIVERSAL_HUMAN,"[0,0,0,0,0,0,0]","1. MOOD/EMOTIONAL STATE: The text describes a negative emotional outcome for adults who were bullied as children, specifically having a ""messed-up"" relationship with their body.

2. MOTIVATION/INTEREST: not shown

3. EXISTENTIAL/EMOTIONAL INTENSITY: The tweet describes a significant long-term psychological struggle (""messed-up"" body relationship) resulting from childhood experiences.

4. APPETITE/EATING: The text mentions ""obesity"" and being ""thin,"" which relates to body size, but does not describe specific eating habits.

5. SELF-WORTH/GUILT: The tweet implies that adults who were taunted about their weight as children develop negative self-image and a problematic relationship with their bodies.

6. CONCENTRATION/THINKING: not shown

7. SLEEP: not shown

CONTEXT: This is a screenshot of a tweet in Hindi advocating against fat-shaming children and highlighting its long-term negative impact on mental health."
TE-604.jpg,UNIVERSAL_HUMAN,"[1,0,0,0,0,0,1]","1. MOOD/EMOTIONAL STATE: The text explicitly mentions ""उदास दिलों"" (sad hearts), indicating sadness. The dark, solitary visual setting reinforces a mood of melancholy or loneliness.

2. MOTIVATION/INTEREST: Not shown.

3. EXISTENTIAL/EMOTIONAL INTENSITY: The text links sadness to an inability to sleep, suggesting a significant emotional burden, but does not explicitly depict extreme hopelessness or self-harm.

4. APPETITE/EATING: Not shown.

5. SELF-WORTH/GUILT: Not shown.

6. CONCENTRATION/THINKING: Not shown.

7. SLEEP: The text ""नींद कहाँ"" (where is sleep) directly refers to a lack of sleep or insomnia, attributed to sadness. The visual of a person in the dark, possibly awake, supports this.

CONTEXT: This is an image with Hindi text, likely a social media post, expressing the sentiment of sleeplessness caused by sadness."
TE-605.jpg,UNIVERSAL_HUMAN,"[1,1,0,0,0,0,0]","1. MOOD/EMOTIONAL STATE: The image explicitly uses the Hindi word for ""Depression"" (""डिप्रेशन"") on one of the trains. The visual of a crash suggests a state of emotional devastation or a significant negative impact on mood.

2. MOTIVATION/INTEREST: The image shows a train labeled ""desire to achieve something"" (""कुछ"
TE-606.jpg,UNIVERSAL_HUMAN,"[0,0,0,1,0,0,0]","1. MOOD/EMOTIONAL STATE: The image uses dark humor to suggest an apathetic or stressed emotional state where basic self-care is neglected.

2. MOTIVATION/INTEREST: The person shows a lack of motivation or interest in eating a proper meal, choosing to smoke instead"
TE-607.jpg,UNIVERSAL_HUMAN,"[1,0,0,1,1,0,0]",
TE-608.jpg,UNIVERSAL_HUMAN,"[0,0,0,0,0,0,1]","1. MOOD/EMOTIONAL STATE: The adult character exhibits extreme exhaustion, stress, and desperation, indicated by her wide, bloodshot eyes with dark circles and a distressed facial expression.

2. MOTIVATION/INTEREST: not shown

3. EXISTENTIAL/EMOTIONAL INTENSITY: The character's desperate plea to her younger self to ""sleep as long as you can"" suggests a state of intense, overwhelming fatigue and distress in her current life.

4. APPETITE/EATING: not shown

5. SELF-WORTH/GUILT: not shown

6. CONCENTRATION/THINKING: not shown

7. SLEEP: The entire comic revolves around sleep deprivation; the adult character is extremely fatigued and desperately advises her younger self to prioritize sleep while she still can.

CONTEXT: This is a BuzzFeed comic using a ""talking to your younger self"" meme format to humorously highlight the exhaustion of adulthood."
TE-609.jpg,UNIVERSAL_HUMAN,"[0,0,0,0,1,1,0]","1. MOOD/EMOTIONAL STATE: The text asks about the feeling of ""losing your mind,"" suggesting distress, anxiety, or confusion.

2. MOTIVATION/INTEREST: Not shown.

3. EXISTENTIAL/EMOTIONAL INTENSITY: The phrase ""losing your mind"" depicts a state of significant mental distress or feeling overwhelmed.

4. APPETITE/EATING: Not shown.

5. SELF-WORTH/GUILT: Not shown.

6. CONCENTRATION/THINKING: The text explicitly refers to the feeling of ""losing your mind,"" indicating perceived cognitive decline or confusion.

7. SLEEP: Not shown.

CONTEXT: The image is a meme format with Hindi text overlaid on a photo, likely expressing a relatable feeling of stress or being overwhelmed."
TE-61.jpg,UNIVERSAL_HUMAN,"[0,0,0,0,1,0,0]","1. MOOD/EMOTIONAL STATE: The text uses the Hindi word 'paidal' (meaning crazy or mad) to describe the subject, suggesting a self-perception of being eccentric or different. The cat in the image has a wide-eyed, somewhat bewildered expression.

2. MOTIVATION/INTEREST:"
TE-610.jpg,UNIVERSAL_HUMAN,"[0,0,0,0,0,0,0]","1. MOOD/EMOTIONAL STATE: The text describes a shift from nighttime worry or trouble (""परेशानी"") to a sense of resolution and relief in the morning. The visual depicts a peaceful, sleeping person.

2. MOTIVATION/INTEREST: not shown

3. EXISTENTIAL/EMOTIONAL INTENSITY: The text acknowledges difficulties that feel overwhelming at night but frames them as temporary and resolvable through sleep, rather than expressing hopelessness.

4. APPETITE/EATING: not shown

5. SELF-WORTH/GUILT: not shown

6. CONCENTRATION/THINKING: The quote suggests that problems seem harder to solve at night, implying reduced cognitive clarity"
TE-612.jpg,UNIVERSAL_HUMAN,"[0,0,0,1,1,0,0]","CONTEXT: This is a meme using the popular ""This is fine"" comic strip format with Hindi text, referencing the act of deleting ""bodychecks,"" a behavior often associated with body image obsession or eating disorders.

1. MOOD/EMOTIONAL STATE: The meme ironically portrays a state of denial or forced calm (""सब ठीक है"" - Everything is fine) amidst a chaotic and stressful situation represented by the fire.

2. MOTIVATION/INTEREST: Not shown.

3. EXISTENTIAL"
TE-613.jpg,UNIVERSAL_HUMAN,"[1,1,0,0,0,0,0]","1. MOOD/EMOTIONAL STATE: The text explicitly mentions feeling ""depressed,"" ""anxious,"" ""sad"" (दुखी), and wanting to ""cry"" (रुलाता है).

2. MOTIVATION/INTEREST: The text states that school ""makes me very tired"" (बहुत थका देता है) and ""tired"" (थका देता है), suggesting a lack of energy or motivation.

3. EXISTENTIAL/EMOTIONAL INTENSITY: The search suggestions include the phrase ""suicidal feel करता है"" (makes me feel suicidal), indicating extreme distress and thoughts of self-harm.

4. APPETITE/EATING: not shown

5. SELF-WORTH/GUILT: The text includes the suggestion that school ""makes me feel stupid"" (बेवकूफ feel कराता है), indicating negative self-worth.

6. CONCENTRATION/THINKING: The text mentions school gives ""stress,"" which can affect thinking, but there is no direct mention of concentration difficulties.

7. SLEEP: The text mentions being ""very tired"" and ""tired,"" which relates to fatigue, but does not explicitly mention sleep patterns.

CONTEXT: This is a meme combining a screenshot of negative search suggestions about school with a ""Rick and Morty"" reaction image to criticize the education department."
TE-614.jpg,UNIVERSAL_HUMAN,"[0,1,0,0,0,0,1]",
TE-616.jpg,UNIVERSAL_HUMAN,"[1,0,1,0,0,0,1]","1. MOOD/EMOTIONAL STATE: The cartoon character is depicted with expressions of extreme anguish, despair, and weariness, particularly in the bottom right panel showing heavy, sad eyes.

2. MOTIVATION/INTEREST"
TE-617.jpg,UNIVERSAL_HUMAN,"[0,0,0,0,0,1,0]","1. MOOD/EMOTIONAL STATE: The man's wide-eyed, distressed expression and the text ""लगता है मैं पागल हो रहा हूँ"" (I think I am going crazy) convey a feeling of mania, instability, or severe distress.

2. MOTIVATION/INTEREST: not shown

3. EXISTENTIAL/EMOTIONAL INTENSITY: The visual of a man in a straitjacket combined with the text ""I think I am going crazy"" depicts an intense feeling of losing control over one's mind.

4. APPETITE/EATING: not shown

5. SELF-WORTH/GUILT: not shown

6. CONCENTRATION/THINKING: The text ""I think I am going crazy"" suggests a perceived breakdown in normal cognitive functioning or a loss of grip on reality.

7. SLEEP: not shown

CONTEXT: This image appears to be a meme or a stylized album cover art using a ""Parental Advisory"" label and a dramatic image to express a feeling of mental instability."
TE-618.jpg,UNIVERSAL_HUMAN,"[0,0,0,0,0,0,1]","1. MOOD/EMOTIONAL STATE: The character is shown crying with a pained facial expression, indicating sadness, distress, and anguish.

2. MOTIVATION/INTEREST: not shown

3. EXISTENTIAL/EMOTIONAL INTENSITY: The text ""I WANT TO SLEEP!"" combined with the visual distress expresses an intense desire for relief or escape through sleep.

4. APPETITE/EATING: not shown

5. SELF-WORTH/GUILT: not shown

6. CONCENTRATION/THINKING: not shown

7. SLEEP: The text explicitly states a strong desire to sleep, suggesting significant fatigue or sleep deprivation.

CONTEXT: This is a reaction meme using a still from an animated movie to express a feeling of desperation for sleep."
TE-62.jpg,UNIVERSAL_HUMAN,"[0,0,0,0,0,0,0]","1. MOOD/EMOTIONAL STATE: The text uses humor and sarcasm to deflect a question about well-being, potentially masking underlying distress or fatigue.
2. MOTIVATION/INTEREST: not shown
3. EXISTENTIAL/EMOTIONAL INTENSITY: not shown
4. APPETITE/EATING: not shown
5. SELF-WORTH/GUILT: not shown
6. CONCENTRATION/THINKING: not shown
7. SLEEP: The text directly references sleep, with the speaker implying they get extremely little sleep, only closing their eyes when they sneeze. This suggests severe sleep deprivation or insomnia.

CONTEXT: This is a Hindi text-based meme using a dialogue format to humorously highlight the speaker's lack of sleep."
TE-620.jpg,UNIVERSAL_HUMAN,"[0,0,0,1,0,0,0]","1. MOOD/EMOTIONAL STATE: The image shows a rapid progression from a smug, confident expression to intense distress, anguish, and crying.

2. MOTIVATION/INTEREST: Not shown.

3. EXISTENTIAL/EMOTIONAL INTENSITY: The final two panels depict extreme emotional distress and anguish, illustrated by exaggerated crying faces.

4. APPETITE/EATING: The text explicitly mentions a decision regarding ""counting calories,"" indicating a focus on eating habits and dietary control.

5. SELF-WORTH/GUILT: The severe distress following the decision not to count calories suggests significant guilt or anxiety related to food and self-control.

6. CONCENTRATION/THINKING: Not shown.

7. SLEEP: Not shown.

CONTEXT: This is a four-panel rage comic meme format used to express an intense emotional reaction to a specific situation."
TE-621.jpg,UNIVERSAL_HUMAN,"[1,1,0,0,0,0,0]","CONTEXT: This is a meme using a famous Bollywood movie scene to illustrate the cyclical relationship between inactivity and depression.

1. MOOD/EMOTIONAL STATE: The text explicitly states the person is ""depressed"" in both captions.

2. MOTIVATION/INTEREST: The text repeatedly mentions ""doing nothing"" (""कुछ नहीं कर रहा""), indicating a distinct lack of motivation or activity linked to the depressive state.

3. EXISTENTIAL/EMOTIONAL INTENSITY: not"
TE-622.jpg,UNIVERSAL_HUMAN,"[0,0,0,0,0,1,0]","1. MOOD/EMOTIONAL STATE: The Hindi idiom ""जब दिमाग का दही हो जाए"" (when the brain becomes yogurt) expresses a state of frustration, confusion, or being mentally overwhelmed. The visual of the hair blowing wildly complements this feeling of chaotic mental state.

2. MOTIVATION/INTEREST: Not shown.

3. EXISTENTIAL/EMOTIONAL INTENSITY: The text indicates a significant level of mental stress or frustration, but does not depict existential hopelessness or a wish to withdraw from life.

4. APPETITE/EATING: Not shown.

5. SELF-WORTH/GUILT: Not shown.

6. CONCENTRATION/THINKING: The phrase ""दिमाग का दही"" (brain yogurt) directly implies a state of confusion, inability to think clearly, or being mentally ""frazzled.""

7. SLEEP: Not shown.

CONTEXT: This is a meme using a humorous image and a common Hindi idiom to depict a state of mental chaos or frustration."
TE-623.jpg,UNIVERSAL_HUMAN,"[0,0,0,1,0,0,0]",1. MOOD/EMOTIONAL STATE: The image uses self-deprecating humor to express negative feelings or anxiety related to
TE-624.jpg,UNIVERSAL_HUMAN,"[0,0,0,0,0,1,0]","1. MOOD/EMOTIONAL STATE: The image explicitly includes Hindi words for anxiety (""घबराहट""), stress (""तनाव""), and negativity (""नकारात्मक""), indicating a distressed and overwhelmed emotional state.

2. MOTIVATION/INTEREST: Not shown.

3. EXISTENTIAL/EMOTIONAL INTENSITY: The visual of tangled lines combined with words like ""anxiety"" and ""stress"" suggests a state of mental overwhelm and turmoil.

4. APPETITE/EATING: Not shown.

5. SELF-WORTH/GUILT: Not shown.

6. CONCENTRATION/THINKING: The word ""उलझन"" (confusion) and the chaotic scribbles above the head visually represent mental confusion, clutter, and difficulty thinking clearly.

7. SLEEP: Not shown.

CONTEXT: This is a conceptual illustration using a felt cutout and handwritten Hindi text to represent a mind burdened by various negative mental states."
TE-625.jpg,UNIVERSAL_HUMAN,"[0,0,0,1,0,0,0]","1. MOOD/EMOTIONAL STATE: The person's expression is distressed and sad, and the text conveys a feeling of hopelessness and defeat (""losing the battle"").
2. MOTIVATION/INTEREST: not shown
3. EXISTENTIAL/EMOTIONAL INTENSITY: The phrase ""I.. am losing the battle"" suggests a deep sense of struggle and hopelessness regarding her condition.
4. APPETITE/EATING: The text explicitly mentions an ""eating disorder"" and the stigma of being perceived as ""too fat"" to have one.
5. SELF-WORTH/GUILT: The text reflects negative self-perception related to body image (""so fat"") and the anticipation of invalidation from others.
6. CONCENTRATION/THINKING: not shown
7. SLEEP: not shown

CONTEXT: This is a captioned still from a BBC Three program, used as a meme to express the personal struggle and stigma surrounding eating disorders."
TE-626.jpg,UNIVERSAL_HUMAN,"[0,0,0,1,0,0,0]","1. MOOD/EMOTIONAL STATE: The image depicts a rapid shift from a state of defiant determination to enjoy a meal (""to hell with everything"") to immediate, intense regret.

2. MOTIVATION/"
TE-627.jpg,UNIVERSAL_HUMAN,"[1,1,0,0,0,0,0]","1. MOOD/EMOTIONAL STATE: The image depicts a state of internal conflict and emotional turbulence, showing a struggle between opposing desires for connection and isolation.

2. MOTIVATION/INTEREST: The person indicates conflicting motivations, explicitly stating a need for ""Attention"" while simultaneously wanting to """
TE-628.jpg,UNIVERSAL_HUMAN,"[0,0,0,1,0,0,0]","1. MOOD/EMOTIONAL STATE: The text and reaction image convey incredulity, defensiveness, and disbelief in response to being labeled.

2. MOTIVATION/INTEREST: not shown

3. EXISTENTIAL/EM"
TE-63.jpg,UNIVERSAL_HUMAN,"[0,0,0,0,0,1,0]","1. MOOD/EMOTIONAL STATE: The Hindi idiom ""दिमाग का दही"" expresses frustration, irritation, or being mentally ""fried"" or exhausted.

2. MOTIVATION/INTEREST: not shown

3. EXISTENTIAL/EMOTIONAL INTENSITY: The phrase conveys a state of being mentally overwhelmed or ""driven crazy,"" indicating a degree of emotional or mental intensity.

4. APPETITE/EATING: not shown

5. SELF-WORTH/GUILT: not shown

6. CONCENTRATION/THINKING: The idiom literally translates to ""yogurt of the brain,"" implying confusion, brain fog, or an inability to think clearly due to being overwhelmed.

7. SLEEP: not shown

CONTEXT: This is a graphic on a hoodie using a popular Hindi idiom and a skull illustration to express mental exhaustion or frustration."
TE-630.jpg,UNIVERSAL_HUMAN,"[0,0,0,1,0,0,0]",
TE-631.jpg,UNIVERSAL_HUMAN,"[0,0,0,1,0,0,0]","1. MOOD/EMOTIONAL STATE: The blurred motion in the images conveys a sense of frantic urgency, anxiety, or panic.

2. MOTIVATION/INTEREST: The person shows an intense, obsessive motivation to immediately check their BMI following a trivial weight change.

3. EXISTENTIAL/EMOTIONAL INTENSITY: Not shown.

4. APPETITE/EATING: Not shown.

5. SELF-WORTH/GUILT: The immediate need to verify BMI suggests that the person's self-worth is tied to their weight and body metrics.

6. CONCENTRATION/THINKING: The behavior depicts a hyper-focus or obsession with weight-related numbers.

7. SLEEP: Not shown.

CONTEXT: This"
TE-633.jpg,UNIVERSAL_HUMAN,"[0,0,0,0,0,0,0]","1. MOOD/EMOTIONAL STATE: The text expresses a sense of being ""fed up"" with the world, indicating weariness, sadness, and a desire for withdrawal.

2. MOTIVATION/INTEREST: The statement ""fed up with the world"" suggests a complete loss of interest in external activities and a lack of motivation to engage with anything outside of one's bed.

3. EXISTENTIAL/EMOTIONAL INTENSITY: The content depicts a strong wish to withdraw from life and find comfort only in bed, suggesting a significant degree of hopelessness or world-weariness.

4. APPETITE/EATING: Not shown.

5. SELF-WORTH/GUILT: Not shown.

6. CONCENTRATION/THINKING: Not shown.

7. SLEEP: The explicit statement that ""only the bed is dear"" strongly implies a desire for sleep, rest, or remaining in bed as a primary coping mechanism or escape.

CONTEXT: This is a simple text-based image, likely a social media post or meme, expressing a relatable feeling of exhaustion and a desire to retreat to bed."
TE-634.jpg,UNIVERSAL_HUMAN,"[0,0,0,0,0,1,0]","1. MOOD/EMOTIONAL STATE: The image suggests anxiety or distress through the visual of a tangled brain and text describing a cycle of worry.
2. MOTIVATION/INTEREST: not shown
3. EXISTENTIAL/EMOTIONAL INTENSITY: The visual of tangled lines inside the head depicts mental turmoil or overwhelmed thinking.
4. APPETITE/EATING: not shown
5. SELF-WORTH/GUILT: not shown
6. CONCENTRATION/THINKING: The text explicitly mentions ""overthinking"" and the visual represents confused, tangled thoughts, indicating difficulty with clear thinking or rumination.
7. SLEEP: not shown

CONTEXT: This is a sticker-style graphic with Hindi text, likely a meme or relatable post about the common experience of overthinking."
TE-635.jpg,UNIVERSAL_HUMAN,"[0,0,0,0,0,1,0]","1. MOOD/EMOTIONAL STATE: The rabbit's furrowed brow, sweat drop, and the text indicate anxiety, worry, or stress.

2. MOTIVATION/INTEREST: not shown

3. EXISTENTIAL/EMOTIONAL INTENSITY: not shown

4. APPETITE/EATING: not shown

5. SELF-WORTH/GUILT: not shown

6. CONCENTRATION/THINKING: The Hindi text ""मैं ज्यादा सोच रहा हूँ..."" translates to ""I am thinking too much..."", explicitly indicating overthinking or rumination.

7. SLEEP: not shown

CONTEXT: This is a meme using a cartoon character and text to express the relatable feeling of being caught in a loop of overthinking."
TE-636.jpg,UNIVERSAL_HUMAN,"[1,1,0,0,0,0,0]","1. MOOD/EMOTIONAL STATE: The ""Sad Keanu"" meme format and his dejected posture express sadness, loneliness, and a sense of resignation.

2. MOTIVATION/INTEREST: The figure is holding food but not eating, looking down apathetically, suggesting a lack of interest or motivation.

3. EXISTENTIAL/EMOTIONAL INTENSITY: The text describes living under ""heavy pressure and darkness,"" which the user identifies with, indicating a feeling of enduring significant life struggles.

4. APPETITE/EATING: The person is holding a sandwich but not eating it, which may imply a lack of appetite or interest in food.

5. SELF-WORTH/GUILT: Not shown.

6. CONCENTRATION/THINKING: Not shown.

7. SLEEP: Not shown.

CONTEXT: This is a meme using the well-known ""Sad Keanu"" photo and Hindi text to compare the user's own difficult life circumstances to a creature living under extreme pressure."
TE-637.jpg,UNIVERSAL_HUMAN,"[0,0,0,0,0,1,0]","1. MOOD/EMOTIONAL STATE: The person's physical actions (pulling hair, gritted teeth) and the accompanying text express intense frustration, anguish, or a feeling of being completely overwhelmed.

2. MOTIVATION/INTEREST: Not shown.

3. EXISTENTIAL/EMOTIONAL INTENSITY: The visual depiction of hair-pulling combined with text translating roughly to ""I am losing my mind"" indicates a moment of acute, high-intensity emotional or mental distress.

4. APPETITE/EATING: Not shown.

5. SELF"
TE-638.jpg,UNIVERSAL_HUMAN,"[0,0,0,0,0,0,0]","1. MOOD/EMOTIONAL STATE: The text describes the state of ""overthinking,"" which is often associated with anxiety, worry, or a busy mind.
2. MOTIVATION/INTEREST: not shown
3. EXISTENTIAL/EMOTIONAL INTENSITY: not shown
4. APPETITE/EATING: not shown
5. SELF-WORTH/GUILT: not shown
6. CONCENTRATION/THINKING: The image explicitly centers on the cognitive process of ""overthinking,"" suggesting a state of excessive or repetitive thought.
7. SLEEP: not shown

CONTEXT: The image is a bilingual text-based graphic, likely a meme or relatable quote, acknowledging the common experience of overthinking."
TE-639.jpg,UNIVERSAL_HUMAN,"[0,0,0,0,1,0,1]","1. MOOD/EMOTIONAL STATE: The person's expression is blank or contemplative, while the text describes a state of rumination and regret about a past event.

2. MOTIVATION/INTEREST: not shown

3. EXISTENTIAL/EMOTIONAL INTENSITY: not shown

4. APPETITE/EATING: not shown

5. SELF-WORTH/GUILT: not shown

6. CONCENTRATION/THINKING: The text describes intrusive thoughts and overthinking about a past argument (""suddenly remember what I should have said"").

7. SLEEP: The text explicitly mentions being awake at ""3 AM,"" indicating disrupted sleep or insomnia caused by overthinking.

CONTEXT: This is a meme using a still from the show ""Stranger Things"" to humorously depict the relatable experience of late-night rumination over past events."
TE-64.jpg,UNIVERSAL_HUMAN,"[1,0,0,0,0,0,0]","1. MOOD/EMOTIONAL STATE: The image conveys cynicism and hostility through a ""bait and switch"" joke that starts with a loving message and ends with a harsh insult.

2. MOTIVATION/INTEREST: Not shown.

3. EXISTENTIAL/EMOTIONAL INTENSITY: Not shown.

4. APPETITE/EATING: Not shown.

5. SELF-WORTH/GUILT: The content is an attack on the recipient's self-worth by calling them an idiot (""चूतिया""), but it does not depict the subject's own internal feelings of worthlessness or guilt.

6. CONCENTRATION/THINKING: Not shown.

7. SLEEP: Not shown.

CONTEXT: This is a two"
TE-640.jpg,UNIVERSAL_HUMAN,"[0,1,0,0,0,0,0]","1. MOOD/EMOTIONAL STATE: The person's expression is serious and stoic, and the text explicitly states a lack of caring, indicating apathy or emotional detachment.

2. MOTIVATION/INTEREST: The text ""I stopped caring a long time ago"" directly expresses a complete loss of interest and motivation.

3. EXISTENTIAL/EMOTIONAL INTENSITY: The content depicts a profound sense of detachment and withdrawal from emotional engagement with life.

4. APPETITE/EATING: not shown.

5. SELF-WORTH/GUILT: not shown.

6. CONCENTRATION/THINKING: not shown.

7. SLEEP: not shown.

CONTEXT: This is a reaction image meme featuring the character Creed from the TV show ""The Office"" with superimposed Hindi text."
TE-641.jpg,UNIVERSAL_HUMAN,"[0,0,0,0,0,0,0]","1. MOOD/EMOTIONAL STATE: The text explicitly mentions struggling with ""emotional problems"" and seeking a way to distract from them, indicating significant emotional distress.

2. MOTIVATION/INTEREST: not shown

3. EXISTENTIAL/EMOTIONAL INTENSITY: The text suggests using ""physical pain"" as a coping mechanism to distract from emotional pain, which is a clear reference to self-harm.

4. APPETITE/EATING: not shown

5. SELF-WORTH/GUILT: not shown

6. CONCENTRATION/THINKING: not shown

7. SLEEP: not shown

CONTEXT: This is a quote card image with text in Hindi and English, attributed to John E. Sarno, likely created for sharing on social media."
TE-642.jpg,UNIVERSAL_HUMAN,"[0,0,0,0,0,0,0]",
TE-643.jpg,UNIVERSAL_HUMAN,"[0,0,0,0,0,0,0]",1. MOOD/EMOTIONAL STATE: The
TE-645.jpg,UNIVERSAL_HUMAN,"[1,1,0,0,0,0,0]","Based on the image provided, here is the analysis for the 7 areas:

1.  **MOOD/EMOTIONAL STATE:** The character shows an intense, almost manic smile, which contrasts sharply with the destructive message in the text. The overall impression is one of high-energy aggression or mania masked by a cheerful facade"
TE-646.jpg,UNIVERSAL_HUMAN,"[0,0,0,0,0,1,0]","1. MOOD/EMOTIONAL STATE: The text addresses the state of ""overthinking"" and being trapped in a ""world of constant thinking,"" suggesting mental restlessness or anxiety.
2. MOTIVATION/INTEREST: The advice to ""live in the real world"" implies a potential disconnection from reality due to excessive thinking, but doesn't explicitly state a loss of interest.
3. EXISTENTIAL/EMOTIONAL INTENSITY: not shown
4. APPETITE/EATING: not shown
5. SELF-WORTH/GUILT: not shown
6. CONCENTRATION/THINKING: The image directly addresses the issue of ""overthinking"" and ""constant thinking,"" indicating a struggle with controlling one's thoughts.
7. SLEEP: not shown

CONTEXT: This is a motivational quote card with text in Hindi and English, offering advice on overcoming overthinking."
TE-647.jpg,UNIVERSAL_HUMAN,"[0,0,0,0,0,1,0]","1. MOOD/EMOTIONAL STATE: The person's posture, with hands clasped behind their head, combined with the background of numerous questions, conveys a sense of being overwhelmed, stressed, or anxious.

2. MOTIVATION/INTEREST: not shown

3. EXISTENTIAL/EMOTIONAL INTENSITY: The visual of being surrounded by fundamental questions like ""why"" and ""what"" suggests a state of being mentally overwhelmed or confused, but does not explicitly depict hopelessness or self-harm.

4. APPETITE/EATING: not shown

5. SELF-WORTH/GUILT: not shown

6. CONCENTRATION/THINKING: The background filled with question marks and interrogative words indicates a state of confusion, mental overload, and difficulty in finding answers or thinking clearly.

7. SLEEP: not shown

CONTEXT: This is a stock photo-style image visually representing the feeling of being overwhelmed by questions and uncertainty."
TE-648.jpg,UNIVERSAL_HUMAN,"[0,0,0,0,0,0,0]","1. MOOD/EMOTIONAL STATE: The text expresses confusion about one's own feelings and a deep sense of loneliness, with a desire for silent companionship to alleviate the feeling of being alone.

2. MOTIVATION/INTEREST: not shown

3. EXISTENTIAL/EMOTIONAL INTENSITY: The content depicts a significant sense of loneliness and a need for someone to understand the user's silence, but does not show extreme hopelessness or self-harm references.

4. APPETITE/EATING: not shown

5. SELF-WORTH/GUILT: not shown

6. CONCENTRATION/THINKING: The person explicitly states difficulty in understanding their own feelings and why they feel a certain way, indicating confusion about their internal state.

7. SLEEP: not shown

CONTEXT: The image is a screenshot of a Hindi tweet shared on TikTok, presented in a quote format common on social media."
TE-649.jpg,UNIVERSAL_HUMAN,"[1,1,0,0,0,0,0]","1. MOOD/EMOTIONAL STATE: The text explicitly mentions the person ""always looks so sad"" (""हमेशा इतने उदास"") and is hiding this emotion.
2. MOTIVATION/INTEREST: not shown
3. EXISTENTIAL/EMOTIONAL INTENSITY: The meme illustrates a deliberate effort to mask deep-seated sadness from others by offering a socially acceptable excuse.
4. APPETITE/EATING: not shown
5. SELF-WORTH/GUILT: not shown
6. CONCENTRATION/THINKING: not shown
7. SLEEP: The person uses being ""tired"" (""थका हुआ हूँ"") as a cover for their sadness, which is a reference to fatigue or sleep.

CONTEXT: This is a Hindi meme using a Bob Ross template to joke about successfully hiding depression or sadness by claiming to be just tired."
TE-65.jpg,UNIVERSAL_HUMAN,"[0,0,0,0,0,1,0]","1. MOOD/EMOTIONAL STATE: The text expresses sadness, hopelessness, and a feeling of being useless (""मैं तो बिल्कुल बेकार हूँ""). The image of a person looking out a window reinforces a contemplative or melancholy mood.

2. MOTIVATION/INTEREST: The text questions the purpose of the person's existence (""तो फिर मेरा इस दुनिया में होने का आखिर क्या मकसद है?""), suggesting a lack of motivation or interest in life.

3. EXISTENTIAL/EMOTIONAL INTENSITY: The text directly questions the person's existence and purpose (""मैं अक्सर अपने अस्तित्व पर सवाल उठाती हूँ"", ""मेरा इस दुनिया में होने का आखिर क्या मकसद है?""), indicating existential questioning and a feeling of being useless.

4. APPETITE/EATING: not shown

5. SELF-WORTH/GUILT: The person explicitly states they feel completely useless (""मैं तो बिल्कुल बेकार हूँ""), indicating a severe lack of self-worth.

6. CONCENTRATION/THINKING: The text shows the person is deeply contemplating their existence and purpose, which could indicate a preoccupation with negative thoughts, but it doesn't explicitly mention difficulty focusing or confusion.

7. SLEEP: not shown

CONTEXT: This is a black and white image with Hindi text, likely a social media post or meme expressing feelings of existential crisis and worthlessness."
TE-651.jpg,UNIVERSAL_HUMAN,"[0,0,0,0,0,1,1]","1. MOOD/EMOTIONAL STATE: The person in the illustration has a distressed, anxious, and sad expression, with furrowed brows and a downturned mouth. Swirling lines above their head suggest mental turmoil or worry.

2. MOTIVATION/INTEREST: not shown

3. EXISTENTIAL/EMOTIONAL INTENSITY: The image depicts significant distress and anxiety related to overthinking, but does not show extreme hopelessness or self-harm.

4. APPETITE/EATING: not shown

5. SELF-WORTH/GUILT: not shown

6. CONCENTRATION/THINKING: The Hindi text ""ज़्यादा सोचना कैसे बंद करें"" translates to ""How to stop overthinking,"" directly addressing the issue of excessive thinking. The swirls above the character's head visually represent racing or uncontrollable thoughts.

7. SLEEP: The digital clock on the bedside table reads ""03:48,"" indicating the middle of the night. The person is awake and sitting up in bed, suggesting insomnia or sleep disruption due to overthinking.

CONTEXT: This is an informational graphic, likely for social media, using a cartoon illustration and Hindi text to address the topic of overthinking."
TE-652.jpg,UNIVERSAL_HUMAN,"[0,0,0,0,0,0,0]","1. MOOD/EMOTIONAL STATE: The text ""Overthinking का बादशाह"" (King of Overthinking) and ""फ़ालतू सोच, फ़ालतू खोज, फ़ालतू शोर"" (Useless thinking, useless search, useless noise) suggests a state of mental burden, anxiety, or stress related to excessive thinking.

2. MOTIVATION/INTEREST: The phrase ""फ़ालतू खोज"" (useless search) might imply a feeling of futility in one's pursuits, but it doesn't directly state a loss of interest or motivation.

3. EXISTENTIAL/EMOTIONAL INTENSITY: The content describes a persistent mental state of ""overthinking"" and ""useless noise,"" but does not explicitly depict extreme hopelessness, withdrawal, or self-harm.

4. APPETITE/EATING: not shown

5. SELF-WORTH/GUILT: Labeling oneself as the ""King of Overthinking"" could be seen as a form of self-labeling or self-deprecation regarding one's mental habits.

6. CONCENTRATION/THINKING: The central theme is ""Overthinking"" and ""useless thinking,"" directly indicating difficulty with thought processes, potentially including racing thoughts or inability to quiet the mind.

7. SLEEP: not shown

CONTEXT: This is a product photograph of a sweatshirt featuring text in Hindi and English that uses the relatable concept of ""overthinking"" as a fashion statement."
TE-653.jpg,UNIVERSAL_HUMAN,"[0,0,0,0,0,1,0]","1. MOOD/EMOTIONAL STATE: The text ""Overthinking"" suggests a state of mental preoccupation, worry, or anxiety. The person's upward gaze appears contemplative or lost in thought.
2. MOTIVATION/INTEREST: Not shown.
3. EXISTENTIAL/EMOTIONAL INTENSITY: Not shown.
4. APPETITE/EATING: Not shown.
5. SELF-WORTH/GUILT: Not shown.
6. CONCENTRATION/THINKING: The image explicitly identifies ""Overthinking,"" which relates to repetitive, excessive, or intrusive thoughts that can interfere with clear thinking.
7. SLEEP: Not shown.

CONTEXT: This is a social media-style image using a scenic photograph and superimposed text to define a mental state."
TE-654.jpg,UNIVERSAL_HUMAN,"[0,0,0,0,0,0,0]","1. **MOOD/EMOTIONAL STATE:** The text expresses a feeling of being overwhelmed and a resigned acceptance of the inability to function, with the brain's response (""To hell with everything"") indicating complete disengagement.
2. **MOTIVATION/INTEREST:** The image clearly depicts a severe lack of motivation, where the person's brain refuses to do any task, whether urgent or fun, for a prolonged period (""next 72 hours"").
3. **EXISTENTIAL/EMOTIONAL INTENSITY:** The phrase ""भाड़ में जाए सब"" (To hell with everything) shows a strong desire to completely withdraw from all activities and responsibilities"
TE-655.jpg,UNIVERSAL_HUMAN,"[0,0,0,0,0,1,0]",1. MOOD/EMOTIONAL STATE: The text expresses anxiety or distress about academic
TE-656.jpg,UNIVERSAL_HUMAN,"[1,1,0,0,0,1,1]","1. MOOD/EMOTIONAL STATE: The character is depicted crying with a pained facial expression, indicating sadness and anguish.
2. MOTIVATION/INTEREST: The contrast between the ""adventures, opportunities"" outside and the character remaining in bed crying suggests a lack of motivation or ability to engage with life's activities.
3. EXISTENTIAL/EMOTIONAL INTENSITY: The image depicts a withdrawal from the world's possibilities due to intense emotional distress, shown by the crying character hiding in bed.
4. APPETITE/EATING: not shown
5. SELF-WORTH/GUILT: not shown
6. CONCENTRATION/THINKING: not shown
7. SLEEP: The character is in bed at 10:00 AM on a Saturday, which may indicate sleeping too much (hypersomnia) or difficulty getting out of bed due to distress.

CONTEXT: This is a meme using a variant of the ""Wojak"" character to contrast the exciting possibilities of the world with the subject's personal state of distress and inaction."
TE-657.jpg,UNIVERSAL_HUMAN,"[0,0,0,0,0,0,0]","1. MOOD/EMOTIONAL STATE: The user explicitly states that they are currently ""depressed और"
TE-658.jpg,UNIVERSAL_HUMAN,"[0,0,0,0,0,1,0]","1. MOOD/EMOTIONAL STATE: The visual shows apprehension regarding a medical injection, while the text describes a doctor reassuring a patient that distraction will make the physical pain unnoticeable.

2. MOTIVATION/INTEREST: Not shown.

3. EXISTENTIAL/EMOTIONAL INTENSITY: The text mentions ""pain"" (दर्द), but it refers specifically to the physical sensation of a needle stick during a medical procedure, not emotional or existential distress.

4. APPETITE/EATING: Not shown.

5. SELF-WORTH/GUILT: Not shown.

6. CONCENTRATION/THINKING: Not shown.

7. SLEEP: Not shown."
TE-659.jpg,UNIVERSAL_HUMAN,"[0,0,0,0,0,1,0]","1. MOOD/EMOTIONAL STATE: The text and graphic suggest a state of mental unrest or anxiety associated with ""overthinking about everything.""

2. MOTIVATION/INTEREST: not shown

3. EXISTENTIAL/EMOTIONAL INTENSITY: not shown

4. APPETITE/EATING: not shown

5. SELF-WORTH/GUILT: not shown

6. CONCENTRATION/THINKING: The image explicitly depicts ""overthinking about everything,"" and the cluttered thought bubble visually represents a busy, unfocused mind.

7. SLEEP: not shown

CONTEXT: This is a meme using Hindi text and a graphic to humorously or relatably depict the concept of overthinking."
TE-66.jpg,UNIVERSAL_HUMAN,"[0,0,0,0,0,0,0]","1. MOOD/EMOTIONAL STATE: The text expresses frustration and a sense of weariness upon realizing that childhood survival habits have become adult problems that need fixing. The intense, close-up gaze of the cat adds a somber and serious tone to the message.

2. MOTIVATION/INTEREST: The text describes the daunting task of addressing deep-seated childhood habits, implying a heavy burden that could make the process feel overwhelming.

3. EXISTENTIAL/EMOTIONAL INTENSITY: The content depicts a significant realization about the long-term impact of childhood trauma responses, indicating a deep emotional and existential weight.

4. APPETITE/EATING: not shown

5."
TE-660.jpg,UNIVERSAL_HUMAN,"[0,0,0,0,0,1,0]","1. MOOD/EMOTIONAL STATE: The Hindi idiom ""दिमाग का दही"" (Dimaag ka dahi) expresses a state of extreme mental confusion, irritation, or frustration, suggesting a chaotic or overwhelmed emotional state.

2. MOTIVATION/INTEREST: not shown

3. EXISTENTIAL/EMOTIONAL INTENSITY: The phrase indicates a high degree of mental turmoil or being mentally overwhelmed, but does not explicitly depict hopelessness or self-harm.

4. APPETITE/EATING: not shown

5. SELF-WORTH/GUILT: not shown

6. CONCENTRATION/THINKING: The core message, ""दिमाग का दही,"" directly refers to a state of mental chaos, confusion, and an inability to think clearly.

7. SLEEP: not shown

CONTEXT: This image uses a popular Hindi idiom alongside abstract art to visually represent the feeling of being mentally overwhelmed or confused."
TE-661.jpg,UNIVERSAL_HUMAN,"[0,0,0,0,0,1,0]","1. MOOD/EMOTIONAL STATE: The Hindi idiom ""दिमाग का दही हो गया है"" expresses a state of being mentally overwhelmed, frustrated, and confused.

2. MOTIVATION/INTEREST: not shown

3. EXISTENTIAL/EMOTIONAL INTENSITY: The phrase indicates a high degree of mental stress and being overwhelmed, but does not depict existential hopelessness or self-harm.

4. APPETITE/EATING: not shown

5. SELF-WORTH/GUILT: not shown

6. CONCENTRATION/THINKING: The idiom literally translates to ""the brain has become yogurt,"" which is a metaphor for extreme confusion, inability to think clearly, and a cluttered mind, further suggested by the jumble of icons inside the head silhouette.

7. SLEEP: not shown

CONTEXT: This image uses a popular Hindi idiom and a graphic to create a meme depicting a state of mental confusion or being overwhelmed."
TE-662.jpg,UNIVERSAL_HUMAN,"[0,0,0,0,0,0,0]","1. MOOD/EMOTIONAL STATE: The text expresses a state of being overwhelmed by ""the world's tension"" and feeling a need for emotional support or relief.

2. MOTIVATION/INTEREST: By stating that ""sometimes only Music is the support,"" the text"
TE-67.jpg,UNIVERSAL_HUMAN,"[0,0,1,0,0,0,0]","1. MOOD/EMOTIONAL STATE: The image and text express deep anguish and distress, with the text referring to a ""secret"" that is difficult to hide.
2. MOTIVATION/INTEREST: Not shown.
3. EXISTENTIAL/EMOTIONAL INTENSITY: The image visually depicts self-harm (cuts on the arm), and the text refers to this as a ""secret written on the body,"" indicating extreme emotional pain.
4. APPETITE/EATING: Not shown.
5. SELF-WORTH/GUILT: Not shown.
6. CONCENTRATION/THINKING: Not shown.
7. SLEEP: Not shown.

CONTEXT: The image is a photograph with overlaid Hindi text, likely shared on social media to express personal distress."
TE-68.jpg,UNIVERSAL_HUMAN,"[0,0,0,0,0,0,0]","1. MOOD/EMOTIONAL STATE: The text ""खुश 🙂 था"" (was happy) combined with the large, emphasized ""था"" (was) suggests a feeling of sadness or nostalgia for a past state of happiness that is no longer present.

2. MOTIVATION/INTEREST: Not shown.

3. EXISTENTIAL/EMOTIONAL INTENSITY: The image highlights a significant loss of past happiness through the emphasis on the past tense ""was,"" implying a current negative emotional state, but does not explicitly show extreme hopelessness or self-harm.

4. APPETITE/EATING: Not shown.

5. SELF-WORTH/GUILT: Not shown.

6. CONCENTRATION/THINKING: Not shown.

7. SLEEP: Not shown.

CONTEXT: This is a minimalist text-based meme format using Hindi and an emoji to convey a sense of lost happiness by emphasizing the past tense."
TE-69.jpg,UNIVERSAL_HUMAN,"[1,0,0,0,0,0,0]","1. MOOD/EMOTIONAL STATE: The text explicitly identifies ""depression"" as the subject. The meme"
TE-7.jpg,UNIVERSAL_HUMAN,"[0,0,1,0,0,0,0]","Here is the analysis of the image based on the provided categories:

1.  **MOOD/EMOTIONAL STATE:** The character's expression changes from surprised denial in the first panel to nervous avoidance and discomfort in the second, suggesting underlying distress or anxiety.
2.  **MOTIVATION/INTEREST:** Not shown.
3.  **EXISTENTIAL/EMOTIONAL INTENSITY:** The text explicitly mentions ""suicidal thoughts,"" and the character's hesitant reaction implies the presence of these thoughts, indicating a reference to harming oneself.
4.  **APPETITE/EATING:** Not shown.
5.  **SELF-WORTH/GUILT:** Not shown.
6.  **CONCENTRATION/THINKING:** Not shown.
7.  **SLEEP:** The character is depicted in bed, but there is no specific mention of sleep habits or disorders.

**CONTEXT:** This is a meme using an anime template to humorously depict the relatable experience of readily denying homicidal thoughts but feeling called out when asked about suicidal thoughts by a doctor."
TE-71.jpg,UNIVERSAL_HUMAN,"[1,0,0,0,0,0,0]","CONTEXT: This is a two-panel internet meme using a film still with Hindi text overlays to express a relatable feeling of persistent emotional pain.

1. MOOD/EMOTIONAL STATE: The image expresses deep anguish and distress through the text ""Everything hurts. All the time."" The person's posture, with a hand clutching their head, visually reinforces this suffering.

2. MOTIVATION/INTEREST: not shown

3. EXISTENTIAL/EMOTIONAL INTENSITY: The text depicts intense, overwhelming suffering by stating that pain is pervasive (""everything"") and unceasing (""all the time"").

4. APPETITE/EATING: not shown

5. SELF-WORTH/GUILT"
TE-72.jpg,UNIVERSAL_HUMAN,"[0,1,0,0,1,0,0]","CONTEXT: This is an internet meme using Hindi text and reaction images of Barack Obama to humorously depict a relatable moment of digital social awkwardness and avoidance.

1. MOOD/EMOTIONAL STATE: The image expresses panic, awkwardness, or acute social anxiety prompted by an accidental digital interaction.

2. MOTIVATION/INTEREST: Not shown.

3. EXISTENTIAL/EMOTIONAL INTENSITY: Not shown.

4. APPETITE/EATING: Not shown.

5. SELF-WORTH/GUILT: Not shown.

6. CONCENTR"
TE-73.jpg,UNIVERSAL_HUMAN,"[0,1,0,0,0,0,0]","1. MOOD/EMOTIONAL STATE: The image explicitly labels the largest area as ""अकेलापन"" (loneliness), indicating a dominant emotional state of isolation and emptiness.

2. MOTIVATION/INTEREST: Not shown.

3. EXISTENTIAL/EMOTIONAL INTENSITY: The visual representation of ""loneliness"" as a vast, empty space that dwarfs the functional rooms suggests an intense and overwhelming feeling of isolation.

4. APPETITE/EATING: Not shown.

5. SELF-WORTH/GUILT: Not shown.

6. CONCENTRATION/THINKING: Not shown.

7. SLEEP: Not shown.

CONTEXT: This image is a meme that uses a floor plan as a metaphor to show loneliness as the most significant part of a person's life."
TE-75.jpg,UNIVERSAL_HUMAN,"[0,0,0,0,1,0,1]","1. MOOD/EMOTIONAL STATE: The image depicts sadness, exhaustion, and defeat through the withered"
TE-76.jpg,UNIVERSAL_HUMAN,"[0,0,0,0,0,0,0]","Based on the image provided, here is the analysis for each area:

1.  **MOOD/EMOTIONAL STATE:** The text describes a frustrating cycle of sleep problems, but does not explicitly name a specific emotion like sadness or anguish.
2.  **MOTIVATION/INTEREST:** The statement ""सुबह उठा नहीं जाता"" (can't wake up in the morning) may imply a lack of energy or motivation to start the day.
3.  **EXISTENTIAL/EMOTIONAL INTENSITY:** Not shown.
4.  **APPETITE/EATING:** Not shown.
5.  **SELF-WORTH/GUILT:** Not shown.
6.  **CONCENTRATION/THINKING:** Not shown.
7.  **SLEEP:** The text explicitly describes sleep disturbances, specifically insomnia at night (""रात को नींद नहीं आती"") and difficulty waking up in the morning (""सुबह उठा नहीं जाता"").

**CONTEXT:** This is a text-based meme in Hindi, likely from Tumblr, sharing a common and relatable struggle with a disrupted sleep cycle."
TE-77.jpg,UNIVERSAL_HUMAN,"[0,0,0,0,0,0,0]","1. MOOD/EMOTIONAL STATE: The person's slumped posture with their head down conveys sadness and despair, and the large Hindi text ""अकेलापन"" translates to ""loneliness,"" directly stating the primary emotion.

2. MOTIVATION/INTEREST: The person is sitting passively in a barren landscape, which could suggest a lack of motivation or interest in their surroundings, but this is not explicitly stated.

3. EXISTENTIAL/EMOTIONAL INTENSITY: The image depicts a profound sense of isolation and emotional heaviness through the solitary figure and the explicit text about loneliness.

4. APPETITE/EATING: not shown

5. SELF-WORTH/GUILT: not shown

6. CONCENTRATION/THINKING: not shown

7. SLEEP: not shown

CONTEXT: This is a social media graphic from a mental health organization, using a poignant image and Hindi text to raise awareness about the feeling of loneliness."
TE-79.jpg,UNIVERSAL_HUMAN,"[1,0,0,0,0,0,0]","1. MOOD/EMOTIONAL STATE: The text explicitly mentions experiencing an ""anxiety attack."" The child's intense, wide-eyed expression visually represents a state of being overwhelmed or panicked.
2. MOTIVATION/INTEREST: Not shown.
3. EXISTENTIAL/EMOTIONAL INTENSITY: The content depicts the intense emotional state of being in the middle of an anxiety attack.
4. APPETITE/EATING: Not shown.
5. SELF-WORTH/GUILT: Not shown.
6. CONCENTRATION/THINKING: Not shown.
7. SLEEP: Not shown.

CONTEXT: This is a meme using a reaction image to humorously illustrate the internal feeling during an anxiety attack when asked a casual question."
TE-80.jpg,UNIVERSAL_HUMAN,"[0,0,0,0,0,0,0]","1. MOOD/EMOTIONAL STATE: The image shows a forearm with multiple scars, which are often associated with past emotional distress or anguish. The tattoo ""अकेला"" (Akela) translates to ""alone,"" suggesting feelings of loneliness or isolation.

2. MOTIVATION/INTEREST: Not shown.

3. EXISTENTIAL/EMOTIONAL INTENSITY: The image visually depicts evidence of past self-harm through numerous scars on the wrist and forearm. The tattoo ""alone"" reinforces a theme of deep emotional distress or isolation.

4. APPETITE/EATING: Not shown.

5. SELF-WORTH/GUILT: The presence of self-harm scars can be associated with feelings of worthlessness or guilt. The tattoo ""alone"" may also reflect a sense of isolation related to self-perception.

6. CONCENTRATION/THINKING: Not shown.

7. SLEEP: Not shown.

CONTEXT: This is a black and white photograph of a person's arm, likely a personal picture shared in an online context related to mental health or"
TE-81.jpg,UNIVERSAL_HUMAN,"[1,0,0,0,0,0,0]","1. MOOD/EMOTIONAL STATE: The image explicitly mentions ""depression"" and ""anxiety,"" and depicts distress through the woman's defensive posture and the cartoon character's sad"
TE-82.jpg,UNIVERSAL_HUMAN,"[0,0,0,0,0,0,0]","1. MOOD/EMOTIONAL STATE: The text uses dark humor to convey the negative event of losing a job, suggesting underlying disappointment or sadness masked by a joke.

2. MOTIVATION/INTEREST: not shown

3. EXISTENTIAL/EMOTIONAL INTENSITY: not shown

4. APPETITE/EATING: not shown

5. SELF-WORTH/GUILT: not shown

6. CONCENTRATION/THINKING: not shown

7. SLEEP: not shown

CONTEXT: This is a humorous tweet using a dark joke to announce a job loss."
TE-83.jpg,UNIVERSAL_HUMAN,"[1,1,0,0,0,0,0]","1. MOOD/EMOTIONAL STATE: The text describes a lack of energy for socializing, and the character's expression is flat and disengaged, indicating social withdrawal and potential weariness.

2. MOTIVATION/INTEREST: The text explicitly states the person is ignoring messages because they lack the ""energy to be social again,"" showing a clear lack of motivation for social interaction.

3. EXISTENTIAL/EMOTIONAL INTENSITY: The content depicts a wish to withdraw from social life until energy is restored.

4. APPETITE/EATING: not shown

5. SELF-WORTH/GUILT: not shown

6. CONCENTRATION/THINKING: not shown

7. SLEEP: not shown

CONTEXT: This is a meme using a cartoon character and Hindi text to humorously express the common feeling of being socially drained and needing to recharge."
TE-84.jpg,UNIVERSAL_HUMAN,"[0,0,0,0,0,0,1]","1. MOOD/EMOTIONAL STATE: The text expresses distress and anxiety (""प्लीज, नहीं!!!!!!!"") over unwanted intrusive thoughts about past events.

2. MOTIVATION/INTEREST: not shown

3. EXISTENTIAL/EMOTIONAL INTENSITY: The multiple exclamation marks and the plea ""प्लीज, नहीं!!!!!!!"" show a strong emotional aversion and intensity in response to the brain's proposed ""rewind"" of past deeds.

4. APPETITE/EATING: not shown

5. SELF-WORTH/GUILT: The reference to a ""collection of your deeds/scandals"" (""कांडों"") from the past 5 years implies feelings of guilt, regret, or embarrassment about past actions.

6. CONCENTRATION/THINKING: The meme illustrates a lack of cognitive control, where intrusive thoughts overpower the person's intention to sleep"
TE-85.jpg,UNIVERSAL_HUMAN,"[1,0,0,0,0,0,0]","Based on the image provided, here are the observations for each area:

1.  **MOOD/EMOTIONAL STATE:** The image depicts a rapid shift from laughter and amusement in the top panel to sadness and dejection in the bottom panel, as explicitly stated by the text ""चलो अब वापस दुःख में"" (Let's go back to sadness now).

2.  **MOTIVATION/INTEREST:** The text implies that the enjoyment from seeing a meme was only temporary, and the person is resigning themselves back to a baseline state of sadness, suggesting an inability to sustain pleasure.

3.  **EXISTENTIAL/EMOTIONAL INTENSITY:** The phrase ""चलो अब वापस दुःख में"" (Let's go back to sadness now) indicates a resignation to a persistent state of sadness, conveying a sense of hopelessness.

4.  **APPETITE/EATING:** not shown

5.  **SELF-WORTH/GUILT:** not shown

6.  **CONCENTRATION/THINKING:** not shown

7.  **SLEEP:** not shown

**CONTEXT:** The image is a two-panel meme"
TE-86.jpg,UNIVERSAL_HUMAN,"[0,0,0,0,0,0,0]","1. MOOD/EMOTIONAL STATE: The text explicitly states the person has ""depression"" and looks ""depressed"". The profile picture depicts a sad cartoon character.

2. MOTIVATION/INTEREST: not shown

3. EXISTENTIAL/EMOTIONAL INTENSITY: The content acknowledges depression but does not depict extreme hopelessness or a wish to withdraw from life.

4. APPETITE/EATING: not shown

5. SELF-WORTH/GUILT: not shown

6. CONCENTRATION/THINKING: not shown

7. SLEEP: not shown

CONTEXT: The image is a screenshot of a tweet that utilizes a ""sad Simpson"" meme format to express feelings of depression."
TE-89.jpg,UNIVERSAL_HUMAN,"[0,0,0,0,0,0,0]","Based on the image provided, here is the analysis for each area:

1.  **MOOD/EMOTIONAL STATE:** The text describes a specific feeling of disappointment and sadness (""वो feeling कितनी बुरी होती है"
TE-91.jpg,UNIVERSAL_HUMAN,"[0,0,1,0,1,0,0]",
TE-92.jpg,UNIVERSAL_HUMAN,"[1,0,0,0,0,0,0]","1. MOOD/EMOTIONAL STATE: The text explicitly mentions crying, indicating sadness or distress. The visual shows a feigned shrug and smile, suggesting an attempt to hide this emotion.

2. MOTIVATION/INTEREST: Not shown.

3. EXISTENTIAL/EMOTIONAL INTENSITY: The text describes crying alone in the bathroom at night, implying significant emotional distress and a desire for privacy or withdrawal.

4. APPETITE/EATING: Not shown.

5. SELF-WORTH/GUILT: Not shown.

6. CONCENTRATION/THINKING: Not shown.

7. SLEEP: The text mentions the event happened ""last night,"" suggesting the person was awake and crying during hours typically meant for sleep.

CONTEXT: This is a meme using a popular reaction image to humorously depict the act of hiding one's emotional distress from a parent."
TE-93.jpg,UNIVERSAL_HUMAN,"[1,0,0,0,0,0,0]","1. MOOD/EMOTIONAL STATE: The text describes the distress of ""overthinking for hours,"" while the character's expression appears tired or resigned.
2. MOTIVATION/INTEREST: not shown
3. EXISTENTIAL/EMOTIONAL INTENSITY: The text depicts a significant mental burden of spending hours dwelling on uncontrollable events.
4. APPETITE/EATING: not shown
5. SELF-WORTH/GUILT: not shown
6. CONCENTRATION/THINKING: The image explicitly mentions the cognitive symptom of ""overthinking"" for extended periods about things beyond one's control.
7. SLEEP: not shown

CONTEXT: This is a meme using a still from The Simpsons to humorously depict the relatable experience of excessive worrying."
TE-94.jpg,UNIVERSAL_HUMAN,"[0,0,0,0,0,0,0]","Based on the image provided, here is the analysis for each area:

1.  **MOOD/EMOTIONAL STATE:** The text expresses deep sadness and hopelessness. The source URL explicitly mentions ""depressed"".
2.  **MOTIVATION/INTEREST:** not shown
3.  **EXISTENTIAL/EMOTIONAL INTENSITY:** The Hindi text ""काश मेरा वजूद ही न होता।"" translates to ""I wish I did not exist,"" depicting extreme hopelessness and a wish to withdraw from life.
4.  **APPETITE/EATING:** not shown
5.  **SELF-WORTH/GUILT:** The wish not to exist implies a profound sense of worthlessness."
TE-95.jpg,UNIVERSAL_HUMAN,"[0,1,0,0,0,0,0]","1. MOOD/EMOTIONAL STATE: The character expresses extreme fear, anxiety, and terror in the final panel when presented with the concept of socializing.
2. MOTIVATION/INTEREST: There is a clear aversion and lack of interest in ""meeting and mixing with people,"" which is depicted as a source of intense fear.
3. EXISTENTIAL/EMOTIONAL INTENSITY: The meme humorously portrays the fear of socializing as far more intense and terrifying than ghosts, zombies, or even nuclear war.
4. APPETITE/EATING: Not shown.
5. SELF-WORTH/GUILT: Not shown.
6. CONCENTRATION/THINKING: Not shown.
7. SLEEP: Not shown.

CONTEXT: This is a meme using a ""therapist showing flashcards"" template to exaggerate social anxiety for comedic effect."
TE-96.jpg,UNIVERSAL_HUMAN,"[0,0,0,0,0,0,0]","1. MOOD/EMOTIONAL STATE: The tweet explicitly mentions ""anxiety"" and ""depression"" as the subject. The tone is one of relatable struggle with the daily tasks affected by these conditions.
2. MOTIVATION/INTEREST: The tweet implies a lack of motivation or ability to handle everyday tasks like ""phone calls and appointments,"" suggesting these activities feel burdensome.
3. EXISTENTIAL/EMOTIONAL INTENSITY: Not shown.
4. APPETITE/EATING: Not shown.
5. SELF-WORTH/GUILT: Not shown.
6. CONCENTRATION/THINKING: The difficulty with organizing ""phone calls and appointments"" could be related to executive dysfunction or anxiety, but it is not explicitly described as a thinking problem.
7. SLEEP: Not shown.

CONTEXT: This is a tweet sharing a relatable and slightly humorous idea for an app to assist people with the practical challenges of anxiety and depression."
TE-97.jpg,UNIVERSAL_HUMAN,"[0,0,0,0,0,0,1]","1. MOOD/EMOTIONAL STATE: The visual shows a calm, meditative state, while the text expresses a desire to be free from ""worry"" and ""fear,"" ending with a plea for rest.

2. MOTIVATION/INTEREST: Not shown.

3. EXISTENTIAL/EMOTIONAL INTENSITY: The text expresses a strong desire for relief and rest (""Just let me sleep tonight!""), but does not depict extreme hopelessness or self-harm.

4. APPETITE/EATING: Not shown.

5. SELF-WORTH/GUILT: Not shown.

6. CONCENTRATION/THINKING: The text ""No worry, no fear"" suggests a desire for a clear and peaceful state of mind.

7. SLEEP: The text explicitly mentions a strong desire for sleep with the phrase ""बस आज रात सोने दे!"" (""Just let me sleep tonight!"").

CONTEXT: This is a meme using the character Rafiki in a meditative pose combined with Hindi text to express a relatable desire for peace and sleep."
TE-205.jpg,VISUAL_SYMBOL_DEPENDENT,"[0,0,0,0,0,0,1]",1. MOOD/EMOTIONAL STATE: The text implies a desire for avoidance or comfort through staying in bed. The visual shows a skeptical expression on the child's face and a manipulative expression on the
TE-276.jpg,VISUAL_SYMBOL_DEPENDENT,"[0,0,0,0,0,0,0]","1. MOOD/EMOTIONAL STATE: The figure's facial expression remains generally neutral or stoic across the different settings. No specific emotions such as sadness or anguish are visibly expressed.

2. MOTIVATION/INTER"
TE-461.jpg,VISUAL_SYMBOL_DEPENDENT,"[1,0,0,0,0,0,0]","1. MOOD/EMOTIONAL STATE: The text explicitly mentions ""anxiety"" and ""depression,"" and the girl's facial expression is sad and downcast, contrasting with the thumbs-up gesture.
2. MOTIVATION/INTEREST: The text describes being ""surrounded"" by problems, suggesting a state of being overwhelmed, which could imply a lack of energy or motivation to engage truthfully.
3. EXISTENTIAL/EMOTIONAL INTENSITY: The content depicts a feeling of being overwhelmed by significant stressors (""anxiety, depression, and bills"") and the difficulty of expressing this distress to others.
4. APPETITE/EATING: not shown.
5. SELF-WORTH/GUILT: not shown.
6. CONCENTRATION/THINKING: not shown.
7. SLEEP: not shown.

CONTEXT: This is a meme using a Hindi caption and a reaction image to depict the relatable experience of hiding one's true mental and financial struggles behind a facade of being ""okay."""
TE-512.jpg,VISUAL_SYMBOL_DEPENDENT,"[1,0,0,0,1,0,1]","1. MOOD/EMOTIONAL STATE: The text on the candles explicitly mentions ""डिप्रेशन"" (depression) and ""चिंता"" (anxiety). The woman's expression is serious and determined rather than happy.

2. MOTIVATION/INTEREST: The meme illustrates a proactive approach, with ""तुम"" (you) using ""इलाज"" (treatment) to tackle health issues, suggesting a motivation to get better.

3. EXISTENTIAL/EMOTIONAL INTENSITY: The image visually represents the struggle against multiple significant burdens, including depression, anxiety, and ""पुराना दर्द"" (chronic pain).

4. APPETITE/EATING: Not shown.

5. SELF-WORTH/GUILT: Not shown.

6. CONCENTRATION/THINKING: Not shown.

7. SLEEP:"
TE-87.jpg,VISUAL_SYMBOL_DEPENDENT,"[1,0,1,0,0,0,0]","1. MOOD/EMOTIONAL STATE: The text expresses deep distress and anguish, describing past actions as an ignored ""cry for help."" The visual scene of a funeral conveys a somber, grieving atmosphere associated"
